{"type":"FeatureCollection","features":[{"type":"Feature","properties":{"name":"Dhekelia","iso":"-99","pop":7850},"geometry":{"type":"Polygon","coordinates":[[[33.780935,34.976345],[33.701508,34.972886],[33.71544,34.997296],[33.699731,35.002722],[33.702211,35.022256],[33.675649,35.037036],[33.678853,35.055794],[33.719368,35.06277],[33.707585,35.029284],[33.739677,35.047216],[33.766135,35.03161],[33.79435,35.040188],[33.798278,35.052642],[33.824012,35.06675],[33.853571,35.058171],[33.876929,35.076826],[33.876206,35.118994],[33.889435,35.118994],[33.921474,35.080702],[33.898116,35.061272],[33.880133,35.073054],[33.855122,35.053417],[33.827113,35.061272],[33.799001,35.038534],[33.830214,35.023031],[33.829387,35.001172],[33.859049,34.991819],[33.859049,34.974662],[33.838068,34.963707],[33.891841,34.958139],[33.874522,34.94123],[33.847423,34.94245],[33.78183,34.976223],[33.79435,34.977763],[33.786495,34.984687],[33.761484,34.990268],[33.780935,34.976345]],[[33.741314,35.013729],[33.752063,35.004323],[33.752063,35.0144],[33.741314,35.013729]]]}},{"type":"Feature","properties":{"name":"Cyprus","iso":"CY","pop":1198575},"geometry":{"type":"MultiPolygon","coordinates":[[[[33.79435,34.977763],[33.780191,34.979313],[33.75921,34.988666],[33.79435,34.977763]]],[[[33.739702,35.002576],[33.741314,35.013729],[33.752063,35.0144],[33.752063,35.004323],[33.739702,35.002576]]],[[[33.701508,34.972886],[33.654063,34.944729],[33.634776,34.89765],[33.632579,34.852484],[33.605642,34.821763],[33.5442,34.815009],[33.513194,34.785468],[33.43865,34.762763],[33.415212,34.75845],[33.400157,34.773383],[33.399181,34.745307],[33.260102,34.700507],[33.086436,34.69481],[33.015635,34.634425],[32.962515,34.625019],[32.95404,34.642951],[32.9898,34.646103],[32.987526,34.673389],[32.954712,34.677316],[32.936056,34.657731],[32.913667,34.66028],[32.865613,34.678735],[32.85969,34.700578],[32.832294,34.700948],[32.798604,34.670961],[32.766766,34.676144],[32.760671,34.653225],[32.707367,34.645413],[32.458995,34.721869],[32.413341,34.753485],[32.379161,34.849066],[32.329438,34.88642],[32.331391,34.924221],[32.312185,34.950263],[32.305919,35.00141],[32.271739,35.072821],[32.286632,35.097154],[32.353363,35.047919],[32.413829,35.043036],[32.479666,35.082953],[32.548188,35.175971],[32.584809,35.172512],[32.622225,35.151809],[32.646462,35.161111],[32.659813,35.187082],[32.691549,35.183705],[32.712711,35.133774],[32.7956,35.102613],[32.825986,35.058946],[32.861022,35.065096],[32.890788,35.091658],[32.93523,35.072279],[33.037342,35.136099],[33.123073,35.130673],[33.173871,35.162661],[33.228545,35.153359],[33.301202,35.113568],[33.348021,35.15491],[33.415924,35.160336],[33.424502,35.129898],[33.458815,35.09481],[33.446309,35.001172],[33.458815,34.977763],[33.486204,34.981638],[33.497004,35.02608],[33.519587,35.044115],[33.533643,34.99957],[33.564132,35.001172],[33.580565,35.019931],[33.619529,35.01683],[33.702935,34.987943],[33.701508,34.972886]]],[[[33.910519,35.057396],[34.001986,35.047216],[34.021961,35.057009],[34.099132,34.965155],[34.034516,34.97248],[34.011567,34.987616],[33.891841,34.958139],[33.838068,34.963707],[33.859049,34.974662],[33.859049,34.991819],[33.829387,35.001172],[33.830214,35.023031],[33.799001,35.038534],[33.804375,35.049541],[33.827113,35.061272],[33.855122,35.053417],[33.880133,35.073054],[33.910519,35.057396]]]]}},{"type":"Feature","properties":{"name":"Israel","iso":"IL","pop":9053300},"geometry":{"type":"Polygon","coordinates":[[[34.248351,31.211449],[34.350905,31.289254],[34.345841,31.357725],[34.367339,31.392814],[34.556032,31.539825],[34.481204,31.583141],[34.60963,31.76553],[34.711925,31.951606],[34.743337,32.06037],[34.757009,32.066596],[34.837657,32.280707],[34.942068,32.724514],[34.94752,32.814154],[34.97047,32.841376],[35.02768,32.826606],[35.062755,32.858344],[35.0796,32.905829],[35.06544,32.923082],[35.092133,33.067694],[35.106456,33.080756],[35.09962,33.087592],[35.185273,33.083977],[35.283665,33.101185],[35.34516,33.05558],[35.480139,33.087387],[35.512282,33.147409],[35.520033,33.222185],[35.549489,33.281019],[35.603852,33.240091],[35.620065,33.269536],[35.652143,33.27666],[35.698523,33.32267],[35.769423,33.342643],[35.8211,33.406722],[35.809938,33.360032],[35.763842,33.334401],[35.802083,33.31249],[35.768597,33.272699],[35.803633,33.248463],[35.807664,33.201721],[35.830195,33.189991],[35.833399,33.161129],[35.811488,33.111908],[35.848902,33.098678],[35.85903,32.99021],[35.888073,32.944941],[35.849729,32.895823],[35.834226,32.827946],[35.75759,32.744347],[35.635995,32.679143],[35.611758,32.6819],[35.560547,32.640903],[35.579978,32.560391],[35.565612,32.546102],[35.55941,32.55295],[35.565612,32.525587],[35.551969,32.525587],[35.579978,32.497733],[35.55941,32.470396],[35.572536,32.456728],[35.551969,32.436212],[35.5591,32.413966],[35.545148,32.409573],[35.560961,32.384717],[35.406862,32.414793],[35.392909,32.494478],[35.363143,32.51011],[35.270436,32.510471],[35.190751,32.54171],[35.151683,32.507914],[35.06435,32.463136],[35.044713,32.43412],[35.021562,32.34459],[34.996551,32.323041],[34.989936,32.27847],[35.009366,32.267644],[35.007609,32.24439],[34.958223,32.186454],[34.986943,32.123991],[34.984217,32.089584],[35.007245,32.020772],[34.986695,31.967228],[35.005424,31.933769],[35.039006,31.908637],[35.034323,31.861114],[34.99854,31.853835],[34.977433,31.833366],[35.012939,31.82934],[35.07632,31.854158],[35.112472,31.823963],[35.186167,31.80874],[35.183587,31.825116],[35.215764,31.82011],[35.205255,31.877254],[35.222023,31.879178],[35.233353,31.842611],[35.24998,31.844368],[35.264935,31.826272],[35.252699,31.76965],[35.262811,31.748625],[35.23797,31.709332],[35.148952,31.737349],[35.125742,31.733103],[35.059226,31.676797],[34.973606,31.63037],[34.93733,31.582001],[34.926788,31.494409],[34.867153,31.396431],[34.878832,31.362841],[34.927408,31.34491],[35.040166,31.363203],[35.164913,31.362273],[35.223307,31.381031],[35.390118,31.487071],[35.458125,31.491929],[35.452854,31.400823],[35.416473,31.331835],[35.422261,31.303],[35.3957,31.25768],[35.443242,31.132209],[35.38632853484641,31.0],[34.3274510221157,31.0],[34.248351,31.211449]]]}},{"type":"Feature","properties":{"name":"Palestine","iso":"PS","pop":4685306},"geometry":{"type":"MultiPolygon","coordinates":[[[[34.481204,31.583141],[34.556032,31.539825],[34.367339,31.392814],[34.345841,31.357725],[34.350905,31.289254],[34.248351,31.211449],[34.200269,31.314267],[34.348399,31.437649],[34.481204,31.583141]]],[[[34.997837,31.978779],[34.996775,32.011102],[35.007245,32.020772],[34.984217,32.089584],[34.986943,32.123991],[34.958223,32.186454],[35.007609,32.24439],[35.009366,32.267644],[34.989936,32.27847],[34.996551,32.323041],[35.021562,32.34459],[35.044713,32.43412],[35.06435,32.463136],[35.208631,32.54264],[35.270436,32.510471],[35.363143,32.51011],[35.392909,32.494478],[35.406862,32.414793],[35.560961,32.384717],[35.565612,32.367948],[35.551969,32.367948],[35.572536,32.251908],[35.55941,32.237594],[35.572536,32.237594],[35.55941,32.155093],[35.535226,32.110806],[35.545148,32.086828],[35.522824,32.057838],[35.545871,31.944563],[35.524684,31.919241],[35.549075,31.839195],[35.538326,31.819299],[35.55941,31.765349],[35.527578,31.735067],[35.480139,31.641119],[35.458745,31.491567],[35.390118,31.487071],[35.223307,31.381031],[35.164913,31.362273],[35.040166,31.363203],[34.927408,31.34491],[34.878832,31.362841],[34.867153,31.396431],[34.926788,31.494409],[34.93733,31.582001],[34.973606,31.63037],[35.059226,31.676797],[35.125742,31.733103],[35.148952,31.737349],[35.23797,31.709332],[35.262811,31.748625],[35.252699,31.76965],[35.264935,31.826272],[35.24998,31.844368],[35.233353,31.842611],[35.222023,31.879178],[35.205255,31.877254],[35.215764,31.82011],[35.183587,31.825116],[35.186167,31.80874],[35.112472,31.823963],[35.07632,31.854158],[35.012939,31.82934],[34.977433,31.833366],[34.99854,31.853835],[35.034323,31.861114],[35.039006,31.908637],[35.005424,31.933769],[34.986695,31.967228],[34.997837,31.978779]]]]}},{"type":"Feature","properties":{"name":"Lebanon","iso":"LB","pop":6855713},"geometry":{"type":"Polygon","coordinates":[[[35.105235,33.090644],[35.105805,33.112454],[35.147634,33.140326],[35.167817,33.170152],[35.161794,33.176947],[35.174653,33.170152],[35.204763,33.224799],[35.209158,33.254625],[35.188324,33.280015],[35.224783,33.311998],[35.271007,33.457506],[35.349132,33.513861],[35.400645,33.643134],[35.394379,33.64997],[35.409923,33.661282],[35.421641,33.702338],[35.438487,33.711371],[35.481293,33.823676],[35.483246,33.872463],[35.47047,33.902086],[35.486583,33.912991],[35.517345,33.902533],[35.572032,33.90998],[35.613536,33.99315],[35.64088,33.999416],[35.626964,34.044257],[35.647716,34.119127],[35.630382,34.152818],[35.627208,34.201117],[35.647716,34.222154],[35.665212,34.311347],[35.688731,34.328315],[35.705821,34.316596],[35.750743,34.389797],[35.806163,34.414984],[35.823578,34.434516],[35.805431,34.464911],[35.903331,34.477973],[35.983165,34.538642],[35.989594,34.599677],[35.9699,34.649849],[36.037934,34.62843],[36.26159,34.627242],[36.28071,34.639127],[36.288151,34.675559],[36.308925,34.687548],[36.367526,34.629205],[36.440184,34.62936],[36.436256,34.597838],[36.388921,34.596236],[36.383546,34.553809],[36.319881,34.514122],[36.335384,34.493477],[36.433466,34.49433],[36.449795,34.464538],[36.52514,34.422939],[36.518628,34.353641],[36.555835,34.311085],[36.581984,34.299897],[36.56276,34.262949],[36.574026,34.229746],[36.604101,34.199102],[36.488449,34.088644],[36.47522,34.053504],[36.391091,34.044719],[36.288565,33.946508],[36.267171,33.910386],[36.275336,33.897209],[36.311096,33.87199],[36.36763,33.857547],[36.369594,33.837006],[36.338278,33.821193],[36.231824,33.852534],[36.165678,33.829797],[36.13829,33.850622],[36.05044,33.816438],[35.948431,33.70921],[35.94719,33.673088],[35.925383,33.661667],[35.921559,33.640299],[36.029666,33.59764],[36.035247,33.567797],[35.99928,33.541261],[35.933238,33.527825],[35.921869,33.51457],[35.935408,33.494262],[35.919492,33.462351],[35.8211,33.406722],[35.769423,33.342643],[35.698523,33.32267],[35.652143,33.27666],[35.620065,33.269536],[35.603852,33.240091],[35.549489,33.281019],[35.520033,33.222185],[35.512282,33.147409],[35.480139,33.087387],[35.34516,33.05558],[35.283665,33.101185],[35.185273,33.083977],[35.105235,33.090644]]]}},{"type":"Feature","properties":{"name":"Syria","iso":"SY","pop":17070135},"geometry":{"type":"Polygon","coordinates":[[[35.75759,32.744347],[35.834226,32.827946],[35.849729,32.895823],[35.888073,32.944941],[35.85903,32.99021],[35.848902,33.098678],[35.811488,33.111908],[35.833399,33.161129],[35.830195,33.189991],[35.807664,33.201721],[35.803633,33.248463],[35.768597,33.272699],[35.802083,33.31249],[35.763842,33.334401],[35.809938,33.360032],[35.8211,33.406722],[35.919492,33.462351],[35.935408,33.494262],[35.921869,33.51457],[35.933238,33.527825],[35.99928,33.541261],[36.035247,33.567797],[36.029666,33.59764],[35.921559,33.640299],[35.925383,33.661667],[35.94719,33.673088],[35.948431,33.70921],[36.05044,33.816438],[36.13829,33.850622],[36.165678,33.829797],[36.231824,33.852534],[36.357501,33.823776],[36.36763,33.857547],[36.311096,33.87199],[36.268928,33.906769],[36.288565,33.946508],[36.391091,34.044719],[36.47522,34.053504],[36.488449,34.088644],[36.604101,34.199102],[36.574026,34.229746],[36.56276,34.262949],[36.581984,34.299897],[36.555835,34.311085],[36.518628,34.353641],[36.52514,34.422939],[36.449795,34.464538],[36.433466,34.49433],[36.335384,34.493477],[36.319881,34.514122],[36.383546,34.553809],[36.388921,34.596236],[36.436256,34.597838],[36.440184,34.62936],[36.367526,34.629205],[36.308925,34.687548],[36.288151,34.675559],[36.28071,34.639127],[36.26159,34.627242],[36.037934,34.62843],[35.9699,34.649849],[35.931163,34.740953],[35.928966,34.790717],[35.866873,34.924221],[35.881358,34.944973],[35.873546,34.978827],[35.900564,35.021918],[35.887869,35.109198],[35.962413,35.197943],[35.915294,35.287909],[35.928966,35.321479],[35.918956,35.41767],[35.81837,35.508938],[35.770518,35.504218],[35.778087,35.541164],[35.737071,35.561672],[35.743337,35.582099],[35.723399,35.582099],[35.778494,35.612738],[35.784353,35.630561],[35.771169,35.667792],[35.800059,35.681464],[35.840343,35.747463],[35.835948,35.789984],[35.798595,35.849677],[35.87086,35.851793],[35.911305,35.91775],[35.980263,35.926852],[36.003931,35.869181],[36.05075,35.865409],[36.138497,35.819779],[36.157617,35.822569],[36.174877,35.922666],[36.196891,35.951708],[36.269031,35.958736],[36.277506,35.994187],[36.29735,36.000749],[36.336727,35.988244],[36.358018,35.99398],[36.358638,36.166992],[36.375795,36.20451],[36.361429,36.218152],[36.373004,36.227609],[36.398119,36.20823],[36.450726,36.19991],[36.480181,36.225542],[36.593456,36.2181],[36.664253,36.229004],[36.66911,36.259855],[36.648646,36.305899],[36.577643,36.332874],[36.593352,36.373492],[36.552735,36.408166],[36.531237,36.479015],[36.565344,36.5325],[36.569271,36.620143],[36.603274,36.746957],[36.643272,36.803646],[36.639861,36.828089],[36.964699,36.75383],[37.018443,36.706649],[37.014515,36.642261],[37.053066,36.619936],[37.104432,36.650994],[37.156109,36.643914],[37.241892,36.65859],[37.446117,36.634199],[37.654063,36.732126],[37.819738,36.760548],[38.007943,36.825764],[38.122975,36.884623],[38.224261,36.908394],[38.479956,36.855736],[38.529358,36.833722],[38.66413,36.719517],[38.725005,36.693937],[38.795389,36.686651],[39.03217,36.701172],[39.185856,36.659521],[39.239599,36.661278],[39.765252,36.742151],[40.190136,36.884416],[40.413894,37.004022],[40.525722,37.025881],[40.708967,37.100476],[40.896449,37.122696],[41.20134,37.064974],[41.479773,37.075568],[42.009249,37.175613],[42.052968,37.196645],[42.211201,37.324906],[42.22319,37.288139],[42.267218,37.274522],[42.292023,37.285064],[42.346696,37.239769],[42.353208,37.227031],[42.335328,37.171169],[42.354551,37.15241],[42.377186,37.062235],[42.281584,36.99397],[41.843781,36.617869],[41.789935,36.589292],[41.385411,36.516377],[41.276994,36.354785],[41.236687,36.060332],[41.354509,35.825566],[41.363501,35.655241],[41.34221,35.593694],[41.261078,35.494165],[41.243095,35.366525],[41.20134,35.243018],[41.191521,35.182143],[41.204234,34.793123],[40.965282,34.401855],[40.936033,34.386068],[40.690467,34.331497],[38.774511,33.371685],[38.056726,32.994344],[36.819385,32.316788],[36.706937,32.328338],[36.689574,32.319656],[36.653504,32.342859],[36.387887,32.379317],[36.177357,32.527318],[36.15586,32.5152],[36.066253,32.517319],[36.005998,32.607907],[36.003621,32.655088],[35.955355,32.657439],[35.937475,32.674002],[35.944193,32.690771],[35.895721,32.713276],[35.75759,32.744347]]]}},{"type":"Feature","properties":{"name":"France","iso":"FR","pop":67059887},"geometry":{"type":"MultiPolygon","coordinates":[[[[2.5218,51.087541],[2.55698,51.001177],[2.60845,50.961128],[2.611654,50.941233],[2.576928,50.911519],[2.596668,50.867646],[2.586746,50.845425],[2.620439,50.816486],[2.691856,50.808838],[2.786734,50.723365],[2.886883,50.696648],[2.971425,50.757833],[3.103304,50.784085],[3.129245,50.779072],[3.188983,50.715097],[3.232391,50.695925],[3.24376,50.672102],[3.229808,50.65541],[3.271045,50.526943],[3.361066,50.489787],[3.477131,50.519863],[3.498008,50.511853],[3.486743,50.492681],[3.499145,50.48679],[3.608286,50.476507],[3.644356,50.445501],[3.661719,50.319307],[3.696859,50.298223],[3.755047,50.346334],[3.84021,50.345197],[3.895917,50.325301],[4.0033,50.34406],[4.097868,50.294812],[4.125257,50.25714],[4.143654,50.251611],[4.162774,50.272953],[4.197604,50.258484],[4.201325,50.241534],[4.152749,50.204534],[4.125774,50.128156],[4.180551,50.127226],[4.210006,50.06015],[4.137349,50.025061],[4.131665,49.974987],[4.201118,49.953024],[4.277599,49.960156],[4.435109,49.93225],[4.645845,49.984495],[4.672924,50.01638],[4.681915,50.083921],[4.815551,50.161332],[4.820098,50.146449],[4.871878,50.139783],[4.862886,50.084076],[4.84604,50.09069],[4.827229,50.064077],[4.826713,50.036017],[4.783925,49.958295],[4.860199,49.913337],[4.834878,49.85303],[4.849244,49.831585],[4.849037,49.794171],[4.884177,49.784146],[4.970993,49.797065],[5.081891,49.752727],[5.169431,49.687201],[5.259244,49.691335],[5.299449,49.662499],[5.297898,49.613252],[5.32167,49.61258],[5.334899,49.625809],[5.402078,49.602451],[5.450241,49.545762],[5.456132,49.498944],[5.477732,49.495223],[5.547599,49.523438],[5.602273,49.513723],[5.644647,49.543799],[5.710276,49.531086],[5.746346,49.549431],[5.790685,49.537753],[5.839571,49.499874],[5.928144,49.482304],[5.9607,49.441324],[6.078006,49.452021],[6.107255,49.48251],[6.142601,49.486076],[6.13609,49.495275],[6.193554,49.499409],[6.249365,49.490314],[6.325329,49.456724],[6.402741,49.465457],[6.511674,49.424736],[6.518806,49.402154],[6.577717,49.3558],[6.555599,49.34717],[6.556426,49.326396],[6.639677,49.271154],[6.640297,49.252757],[6.663758,49.243869],[6.680605,49.207489],[6.702516,49.213638],[6.700965,49.172865],[6.713781,49.158861],[6.821785,49.147751],[6.839045,49.162788],[6.833464,49.209452],[6.914389,49.206662],[7.009474,49.181702],[7.020532,49.118967],[7.042546,49.107598],[7.073242,49.12031],[7.079857,49.142014],[7.154994,49.114419],[7.274367,49.105014],[7.297105,49.128114],[7.334002,49.13416],[7.350951,49.159171],[7.410483,49.168938],[7.414823,49.157776],[7.476112,49.151523],[7.482726,49.137054],[7.471047,49.12832],[7.520863,49.083672],[7.60861,49.061968],[7.634965,49.037783],[7.726949,49.035664],[7.773665,49.048118],[7.856864,49.032254],[7.931898,49.034838],[8.090441,48.979182],[8.200305,48.958563],[8.148112,48.903734],[8.090338,48.807513],[8.038765,48.79077],[8.017267,48.761831],[7.970138,48.757283],[7.959183,48.721368],[7.852419,48.658685],[7.810252,48.615018],[7.801673,48.54758],[7.813455,48.519468],[7.776455,48.498178],[7.738318,48.406607],[7.75072,48.341366],[7.702454,48.311187],[7.687158,48.252921],[7.613364,48.179205],[7.585666,48.129725],[7.572643,48.094972],[7.575744,48.053709],[7.618945,48.002652],[7.621116,47.97144],[7.584942,47.940408],[7.578948,47.906328],[7.559001,47.882711],[7.561998,47.839226],[7.542878,47.829433],[7.525928,47.783157],[7.537813,47.731816],[7.511872,47.707322],[7.517866,47.675024],[7.590317,47.607948],[7.586028,47.584619],[7.482726,47.542267],[7.505154,47.533017],[7.501123,47.517307],[7.476939,47.514879],[7.484483,47.492942],[7.46743,47.481909],[7.414307,47.490177],[7.426089,47.455761],[7.378547,47.430646],[7.309093,47.432661],[7.23809,47.416797],[7.168327,47.443565],[7.162642,47.459895],[7.180833,47.488265],[7.009784,47.499247],[6.9733,47.489092],[6.990973,47.452221],[6.926068,47.424858],[6.924517,47.405996],[6.884003,47.382587],[6.86664,47.354165],[7.003996,47.368143],[7.044303,47.340497],[7.036552,47.329515],[6.958624,47.290551],[6.956247,47.245231],[6.888344,47.211305],[6.774759,47.128184],[6.744787,47.121053],[6.746027,47.103948],[6.6897,47.07829],[6.676264,47.0624],[6.688253,47.043848],[6.665412,47.021291],[6.598698,46.986539],[6.442635,46.944164],[6.427752,46.909076],[6.446769,46.857709],[6.417107,46.802157],[6.432609,46.785983],[6.429199,46.760816],[6.266315,46.680356],[6.118417,46.583463],[6.145702,46.55163],[6.064157,46.471118],[6.067567,46.433601],[6.054235,46.419416],[6.108185,46.396497],[6.135057,46.370401],[6.100743,46.301413],[6.094026,46.253044],[5.982921,46.222709],[5.954809,46.19992],[5.982921,46.170826],[5.95884,46.130467],[6.028293,46.147934],[6.107875,46.138632],[6.140328,46.150207],[6.281198,46.240073],[6.27603,46.26312],[6.237583,46.267926],[6.214122,46.315469],[6.269105,46.375026],[6.301558,46.394482],[6.397676,46.408176],[6.482942,46.448587],[6.613684,46.455899],[6.762667,46.42926],[6.787058,46.414171],[6.782097,46.378462],[6.750368,46.345518],[6.827676,46.269477],[6.792226,46.221676],[6.765664,46.151603],[6.774346,46.134808],[6.869224,46.112329],[6.848553,46.085043],[6.85093,46.049645],[6.915112,46.048612],[6.987666,45.993111],[7.022083,45.92526],[6.949012,45.857822],[6.873461,45.8448],[6.864441,45.826891],[6.843356,45.838643],[6.800804,45.826455],[6.782717,45.795294],[6.795946,45.718141],[6.843075,45.682742],[6.963378,45.640729],[6.969476,45.625847],[6.952939,45.594272],[6.982808,45.511125],[7.072002,45.470042],[7.096807,45.435419],[7.160679,45.410924],[7.150757,45.383226],[7.092569,45.323953],[7.108382,45.259202],[7.055466,45.213675],[7.029731,45.228197],[6.958727,45.2098],[6.913769,45.170164],[6.873461,45.165926],[6.876665,45.141225],[6.844109,45.130115],[6.736415,45.157348],[6.667376,45.139623],[6.602728,45.10345],[6.636576,45.074459],[6.651666,45.03565],[6.723496,45.013378],[6.72794,44.928732],[6.745407,44.907803],[6.847106,44.859072],[6.932682,44.861656],[6.982808,44.846979],[7.007096,44.822071],[6.998415,44.793753],[7.055155,44.684871],[6.982808,44.692157],[6.959864,44.683165],[6.934336,44.646682],[6.945601,44.625443],[6.835737,44.534027],[6.838838,44.502918],[6.861266,44.474909],[6.9178,44.436307],[6.877182,44.414396],[6.866123,44.372125],[6.982808,44.241745],[7.04606,44.240298],[7.144969,44.207225],[7.251319,44.160045],[7.3093,44.147487],[7.331004,44.125266],[7.38082,44.122941],[7.583599,44.160716],[7.624733,44.180095],[7.655636,44.176064],[7.64189,44.14356],[7.691912,44.084649],[7.689949,44.067337],[7.653362,44.03969],[7.630934,43.993543],[7.556934,43.944089],[7.477869,43.865515],[7.502289,43.792222],[7.47641,43.784491],[7.47641,43.764635],[7.437454,43.743361],[7.406969,43.763506],[7.387538,43.757899],[7.330533,43.686424],[7.257273,43.691648],[7.203791,43.64436],[7.196677,43.656917],[7.151622,43.654771],[7.126154,43.605833],[7.138916,43.55402],[7.125511,43.547768],[7.112941,43.564544],[7.088427,43.568674],[7.037202,43.536264],[7.030634,43.547889],[6.962087,43.540107],[6.940888,43.51246],[6.954299,43.500106],[6.894028,43.427628],[6.871072,43.426093],[6.862957,43.439362],[6.860136,43.415868],[6.846672,43.412577],[6.78305,43.408635],[6.757086,43.422687],[6.731146,43.407847],[6.717838,43.350604],[6.674571,43.346381],[6.661306,43.322333],[6.597243,43.284007],[6.590892,43.268898],[6.693374,43.272973],[6.685395,43.248037],[6.668356,43.239536],[6.665403,43.22129],[6.679801,43.201553],[6.609874,43.173407],[6.593272,43.18773],[6.539912,43.182204],[6.505683,43.150971],[6.401679,43.146938],[6.36608,43.118635],[6.375371,43.090841],[6.342258,43.090763],[6.280374,43.118666],[6.193198,43.108773],[6.162934,43.092597],[6.153168,43.071967],[6.152768,43.048107],[6.18542,43.045444],[6.180072,43.035922],[6.088517,43.034849],[6.132066,43.052638],[6.129088,43.071362],[6.109662,43.084316],[6.027008,43.078195],[6.01652,43.098936],[5.934093,43.113593],[5.940929,43.134019],[5.879405,43.120429],[5.91061,43.093204],[5.951379,43.079978],[5.875336,43.068793],[5.856605,43.044829],[5.781873,43.079118],[5.818085,43.09909],[5.811465,43.106725],[5.783407,43.114598],[5.776127,43.130811],[5.696299,43.146875],[5.673919,43.179889],[5.634213,43.187229],[5.61242,43.160429],[5.572706,43.169148],[5.524952,43.212629],[5.34698,43.215899],[5.369151,43.270413],[5.338883,43.334289],[5.294173,43.355472],[5.238279,43.328041],[5.034022,43.335476],[5.005572,43.381628],[5.026134,43.409329],[5.05714,43.422065],[5.173839,43.42829],[5.226329,43.480292],[5.22283,43.503974],[5.165538,43.482489],[5.139985,43.485785],[5.105724,43.533026],[5.053722,43.538153],[5.029145,43.55858],[5.009288,43.517646],[5.062266,43.451646],[5.051117,43.429267],[4.998466,43.414699],[4.928477,43.440131],[4.868175,43.421454],[4.850271,43.401435],[4.867532,43.365112],[4.901005,43.366965],[4.855778,43.341779],[4.833263,43.381985],[4.757823,43.422349],[4.742442,43.448717],[4.742442,43.524482],[4.725841,43.556789],[4.694591,43.579088],[4.72877,43.527899],[4.72877,43.456204],[4.742524,43.422553],[4.823019,43.367169],[4.820279,43.346356],[4.592336,43.359889],[4.566289,43.371094],[4.565544,43.387949],[4.585704,43.404242],[4.579594,43.430066],[4.513031,43.455797],[4.409419,43.447741],[4.181651,43.463772],[4.132823,43.487047],[4.117198,43.510484],[4.132823,43.532782],[4.105317,43.551866],[4.047455,43.556138],[3.952973,43.539944],[3.739919,43.412828],[3.622162,43.374905],[3.513357,43.281073],[3.385427,43.283922],[3.317719,43.263088],[3.244314,43.219428],[3.114024,43.106309],[3.038992,42.942776],[3.056082,42.907131],[3.040457,42.790188],[3.04184,42.629055],[3.05185,42.554877],[3.13738,42.524929],[3.143077,42.492133],[3.175873,42.456488],[3.18097,42.431484],[3.086147,42.427179],[3.053591,42.437643],[3.029613,42.465652],[2.933702,42.470225],[2.900835,42.45126],[2.850813,42.448366],[2.788594,42.412012],[2.690409,42.406172],[2.640283,42.372841],[2.662194,42.339019],[2.548092,42.352248],[2.514812,42.325661],[2.445566,42.351964],[2.422518,42.383693],[2.375493,42.389326],[2.277411,42.428626],[2.184187,42.411805],[2.136954,42.416223],[2.051688,42.352351],[1.995671,42.348682],[1.963735,42.367234],[1.927458,42.436894],[1.869787,42.44679],[1.792686,42.481723],[1.712174,42.493712],[1.721683,42.548515],[1.765091,42.563372],[1.713311,42.589546],[1.721993,42.609855],[1.608304,42.618123],[1.543089,42.649362],[1.466814,42.641455],[1.451415,42.602052],[1.429297,42.595386],[1.361084,42.686724],[1.338243,42.694449],[1.342584,42.70866],[1.151485,42.706723],[1.08906,42.771318],[0.982916,42.780361],[0.950257,42.796123],[0.921111,42.784366],[0.812901,42.831624],[0.706757,42.846585],[0.656321,42.83842],[0.639681,42.774677],[0.65074,42.763386],[0.63348,42.744782],[0.659629,42.729899],[0.665416,42.698661],[0.643609,42.684476],[0.409282,42.682254],[0.389283,42.685148],[0.354169,42.717497],[0.275388,42.668689],[0.238362,42.710366],[0.169168,42.726463],[-0.038933,42.685148],[-0.119032,42.716851],[-0.157789,42.760699],[-0.161407,42.795348],[-0.235149,42.786227],[-0.247034,42.80483],[-0.322792,42.842502],[-0.335169,42.824958],[-0.351679,42.829247],[-0.423923,42.790671],[-0.53389,42.808008],[-0.535647,42.784211],[-0.56903,42.772636],[-0.582931,42.795839],[-0.610165,42.799094],[-0.648302,42.849789],[-0.740286,42.884799],[-0.759665,42.946501],[-0.943219,42.947896],[-1.028485,42.986705],[-1.112408,43.008254],[-1.149925,43.005722],[-1.216898,43.03926],[-1.293689,43.055203],[-1.315083,43.082875],[-1.286041,43.109179],[-1.308623,43.113571],[-1.348259,43.093081],[-1.366139,43.033318],[-1.410529,43.030915],[-1.457141,43.045074],[-1.487837,43.081816],[-1.425774,43.135275],[-1.399677,43.206744],[-1.403501,43.243331],[-1.432233,43.265009],[-1.466392,43.260771],[-1.559047,43.284077],[-1.587573,43.251599],[-1.621886,43.247],[-1.639043,43.255681],[-1.654907,43.297539],[-1.683019,43.304929],[-1.747356,43.291002],[-1.75578,43.318546],[-1.796914,43.341128],[-1.796449,43.374382],[-1.794075,43.386015],[-1.775502,43.376166],[-1.661,43.399685],[-1.59675,43.442532],[-1.476877,43.580064],[-1.346099,44.019192],[-1.281565,44.302191],[-1.247304,44.504543],[-1.257232,44.556057],[-1.186513,44.665473],[-1.100209,44.655341],[-1.044749,44.66942],[-1.044423,44.684638],[-1.069163,44.703192],[-1.055491,44.703192],[-1.065297,44.717475],[-1.172231,44.778266],[-1.233632,44.706855],[-1.260365,44.627427],[-1.199452,45.120836],[-1.157867,45.27912],[-1.139963,45.490058],[-1.085276,45.569037],[-1.058583,45.569648],[-1.062327,45.532416],[-1.039947,45.50727],[-0.915273,45.450426],[-0.766184,45.326077],[-0.715972,45.134508],[-0.6822,45.076483],[-0.568959,44.997992],[-0.556508,44.918524],[-0.534657,44.894965],[-0.548451,44.94953],[-0.538971,44.976508],[-0.550364,44.998196],[-0.596181,45.024644],[-0.539418,45.019517],[-0.493764,44.997992],[-0.518951,45.029446],[-0.602162,45.053453],[-0.637766,45.073065],[-0.655995,45.099107],[-0.719716,45.36107],[-0.795481,45.477118],[-0.841786,45.514553],[-0.98351,45.586982],[-0.990875,45.610053],[-1.083811,45.660386],[-1.149322,45.6789],[-1.194203,45.710191],[-1.247304,45.709906],[-1.230295,45.792426],[-1.163808,45.806708],[-1.144276,45.806098],[-1.05724,45.74022],[-0.987172,45.717353],[-1.125356,45.807685],[-1.151723,45.86815],[-1.112538,45.895657],[-1.073354,45.904364],[-1.070424,45.926337],[-1.089752,45.950751],[-1.069163,45.964342],[-1.096588,45.985419],[-1.110748,46.018378],[-1.072987,46.007473],[-1.048695,46.038804],[-1.084218,46.056545],[-1.097035,46.101549],[-1.129018,46.11579],[-1.117014,46.128241],[-1.152089,46.143866],[-1.151723,46.156195],[-1.200185,46.159125],[-1.210805,46.174547],[-1.18517,46.19717],[-1.190541,46.216295],[-1.179596,46.229478],[-1.110748,46.259223],[-1.102651,46.271959],[-1.110748,46.30268],[-1.132476,46.324123],[-1.177235,46.326158],[-1.214345,46.310696],[-1.213206,46.27912],[-1.240102,46.284247],[-1.277415,46.319525],[-1.370229,46.354193],[-1.44872,46.343411],[-1.481435,46.408189],[-1.62564,46.431138],[-1.617177,46.443549],[-1.633453,46.454291],[-1.686757,46.460883],[-1.761138,46.492011],[-1.789174,46.532945],[-1.781728,46.495429],[-1.7954,46.494534],[-1.827056,46.576972],[-1.822662,46.594387],[-1.89977,46.666246],[-1.909901,46.691799],[-1.956451,46.704291],[-1.994618,46.752021],[-2.050282,46.79206],[-2.118764,46.819973],[-2.128774,46.893459],[-2.096344,46.91649],[-2.102162,46.93065],[-2.049224,46.957465],[-2.00829,47.026353],[-1.990712,47.035386],[-2.003774,47.070014],[-2.030019,47.092108],[-2.090159,47.11518],[-2.241119,47.142483],[-2.165191,47.167873],[-2.158681,47.204495],[-2.172109,47.235256],[-2.160553,47.271186],[-2.127675,47.286811],[-2.014556,47.300116],[-1.947865,47.279364],[-1.917063,47.284166],[-1.898427,47.273424],[-1.918853,47.266018],[-1.803944,47.21898],[-1.72704,47.210761],[-1.788238,47.225572],[-1.905629,47.293931],[-2.010121,47.319729],[-2.148101,47.313218],[-2.206288,47.273424],[-2.278391,47.246405],[-2.31607,47.251654],[-2.371409,47.286444],[-2.404897,47.286444],[-2.419179,47.266018],[-2.448394,47.266588],[-2.541982,47.300116],[-2.476064,47.290676],[-2.436187,47.307034],[-2.480621,47.347886],[-2.501698,47.320624],[-2.514801,47.364936],[-2.556386,47.383246],[-2.476796,47.415676],[-2.439036,47.40998],[-2.439036,47.396308],[-2.391835,47.423651],[-2.44815,47.430609],[-2.439036,47.44477],[-2.488922,47.459174],[-2.480621,47.478217],[-2.49474,47.491197],[-2.363922,47.506171],[-2.425364,47.506171],[-2.517486,47.528388],[-2.631988,47.519843],[-2.599355,47.52912],[-2.576812,47.553941],[-2.638254,47.540269],[-2.617787,47.526679],[-2.665517,47.533515],[-2.667104,47.509589],[-2.680735,47.504218],[-2.714019,47.512397],[-2.817128,47.499213],[-2.868967,47.542182],[-2.90925,47.558417],[-2.865305,47.566636],[-2.850575,47.546536],[-2.816396,47.546536],[-2.80956,47.567613],[-2.794016,47.555121],[-2.741444,47.551337],[-2.720204,47.560777],[-2.727651,47.567613],[-2.688629,47.604397],[-2.68399,47.622992],[-2.706532,47.642727],[-2.695627,47.623358],[-2.714019,47.616034],[-2.699778,47.609198],[-2.708608,47.602281],[-2.77538,47.629096],[-2.734486,47.62226],[-2.746327,47.633857],[-2.789133,47.642727],[-2.77538,47.636542],[-2.847727,47.626166],[-2.86677,47.607164],[-2.919423,47.595526],[-2.912668,47.609198],[-2.939931,47.601752],[-2.944814,47.624091],[-2.933095,47.636542],[-2.957997,47.642157],[-2.97468,47.663804],[-2.963612,47.602607],[-2.933095,47.574449],[-2.939931,47.560777],[-2.994496,47.595526],[-2.988596,47.582261],[-3.003407,47.578681],[-3.01179,47.607164],[-3.015696,47.581244],[-3.042388,47.58808],[-3.073842,47.576483],[-3.12328,47.598782],[-3.131703,47.58808],[-3.118031,47.581244],[-3.12328,47.518988],[-3.084543,47.478217],[-3.131703,47.478217],[-3.145375,47.516099],[-3.131703,47.55744],[-3.141184,47.598049],[-3.200592,47.639594],[-3.18635,47.680609],[-3.111195,47.704169],[-3.118031,47.732123],[-3.13915,47.724677],[-3.13915,47.75259],[-3.153188,47.742011],[-3.193186,47.746405],[-3.169667,47.735419],[-3.159088,47.711005],[-3.207387,47.697333],[-3.193186,47.683743],[-3.224192,47.656399],[-3.262074,47.683743],[-3.358266,47.697333],[-3.282623,47.691148],[-3.298451,47.703843],[-3.358266,47.711005],[-3.340566,47.739488],[-3.317291,47.738959],[-3.282623,47.78734],[-3.331776,47.752509],[-3.383168,47.737047],[-3.364491,47.718451],[-3.446441,47.704576],[-3.52831,47.779934],[-3.625152,47.779934],[-3.649037,47.793606],[-3.706166,47.796942],[-3.723215,47.813381],[-3.77538,47.793606],[-3.789906,47.803209],[-3.851715,47.801011],[-3.886464,47.83747],[-3.885854,47.855048],[-3.961822,47.89997],[-3.988271,47.903469],[-3.979237,47.883002],[-4.008901,47.851264],[-4.029205,47.855048],[-4.001943,47.869289],[-4.036692,47.855048],[-4.106557,47.880113],[-4.132192,47.923896],[-4.14273,47.912014],[-4.111195,47.869289],[-4.15274,47.855048],[-4.17162,47.877021],[-4.185618,47.874416],[-4.188466,47.862128],[-4.173899,47.855048],[-4.180043,47.841986],[-4.15274,47.841986],[-4.185211,47.813381],[-4.225168,47.802436],[-4.371816,47.807196],[-4.371816,47.834459],[-4.347646,47.838324],[-4.34732,47.862942],[-4.371978,47.915839],[-4.434641,47.975653],[-4.533274,48.026313],[-4.572011,48.005927],[-4.601959,48.02558],[-4.728139,48.040595],[-4.700795,48.074774],[-4.683705,48.067328],[-4.361928,48.115709],[-4.304758,48.104071],[-4.28539,48.115383],[-4.275706,48.143622],[-4.302358,48.196357],[-4.366119,48.215155],[-4.379262,48.232367],[-4.404368,48.226142],[-4.457631,48.248969],[-4.485463,48.242621],[-4.531646,48.183092],[-4.557485,48.177191],[-4.543772,48.205064],[-4.563629,48.232367],[-4.54719,48.25259],[-4.554067,48.262763],[-4.626332,48.266547],[-4.626332,48.287055],[-4.575185,48.290025],[-4.57726,48.307522],[-4.546702,48.346829],[-4.530141,48.34162],[-4.543202,48.304674],[-4.515533,48.295844],[-4.426503,48.300035],[-4.388987,48.287055],[-4.262603,48.300035],[-4.289906,48.29385],[-4.269358,48.288398],[-4.187489,48.307522],[-4.218821,48.306057],[-4.234731,48.321723],[-4.257721,48.311347],[-4.275706,48.324856],[-4.324696,48.321723],[-4.269399,48.362738],[-4.324696,48.348456],[-4.324696,48.362738],[-4.337717,48.348456],[-4.384185,48.338121],[-4.406606,48.335395],[-4.406606,48.348456],[-4.453725,48.335395],[-4.396596,48.387763],[-4.289906,48.431586],[-4.599355,48.350165],[-4.690541,48.362738],[-4.704498,48.34162],[-4.768381,48.345404],[-4.783355,48.37641],[-4.76476,48.377631],[-4.766347,48.390448],[-4.784901,48.436184],[-4.768056,48.468655],[-4.749257,48.472602],[-4.774648,48.491278],[-4.764556,48.520209],[-4.721995,48.568183],[-4.700795,48.560736],[-4.708241,48.568183],[-4.692291,48.575507],[-4.642486,48.581855],[-4.57726,48.568183],[-4.607737,48.603013],[-4.530141,48.601711],[-4.557485,48.609117],[-4.563629,48.629625],[-4.406606,48.643256],[-4.426503,48.657538],[-4.343251,48.67886],[-4.299143,48.663642],[-4.306508,48.641547],[-4.242055,48.657538],[-4.193756,48.650092],[-4.213002,48.6612],[-4.173899,48.691107],[-4.079254,48.696926],[-4.064036,48.684882],[-4.056549,48.712144],[-3.973988,48.732815],[-3.972727,48.707709],[-3.961008,48.704739],[-3.967763,48.691107],[-3.951039,48.679389],[-3.954742,48.657538],[-3.911936,48.68122],[-3.891998,48.678046],[-3.906321,48.664374],[-3.851715,48.629625],[-3.844309,48.650092],[-3.8579,48.684882],[-3.837473,48.6706],[-3.837148,48.707261],[-3.829254,48.718451],[-3.816965,48.712144],[-3.810129,48.733222],[-3.797109,48.721177],[-3.731923,48.71898],[-3.686635,48.698554],[-3.638173,48.704739],[-3.638539,48.687812],[-3.584788,48.682807],[-3.570546,48.687974],[-3.580474,48.733222],[-3.52831,48.739488],[-3.577382,48.774237],[-3.581532,48.790595],[-3.542592,48.807807],[-3.515289,48.841946],[-3.419749,48.821438],[-3.433339,48.807807],[-3.397613,48.807318],[-3.259511,48.847724],[-3.229726,48.87226],[-3.207143,48.855414],[-3.227895,48.807807],[-3.22053,48.794135],[-3.20873,48.816352],[-3.145375,48.862372],[-3.091461,48.871283],[-3.090728,48.835679],[-3.077056,48.828274],[-3.125478,48.759955],[-3.0655,48.823961],[-3.008168,48.821438],[-3.008168,48.807807],[-3.042388,48.787909],[-2.933095,48.767401],[-2.946685,48.733222],[-2.826975,48.657538],[-2.812978,48.598578],[-2.714019,48.560736],[-2.734486,48.534003],[-2.682362,48.509019],[-2.676137,48.540229],[-2.620025,48.543606],[-2.569407,48.58869],[-2.459543,48.636461],[-2.487457,48.650092],[-2.44286,48.659084],[-2.421051,48.656968],[-2.412262,48.643256],[-2.38622,48.650092],[-2.31607,48.698554],[-2.281972,48.6706],[-2.330312,48.629625],[-2.312652,48.620185],[-2.250966,48.650092],[-2.213694,48.581855],[-2.195546,48.593451],[-2.192616,48.615912],[-2.174062,48.582953],[-2.159088,48.58869],[-2.172109,48.601711],[-2.161041,48.613023],[-2.124338,48.609117],[-2.144846,48.636461],[-2.052358,48.650092],[-2.022043,48.598944],[-2.000885,48.58869],[-2.00829,48.575019],[-1.976389,48.535631],[-1.980295,48.513577],[-1.939361,48.534003],[-1.967275,48.547065],[-1.980295,48.58869],[-1.952952,48.575019],[-2.000478,48.601304],[-2.028717,48.643256],[-1.987701,48.673774],[-1.985911,48.687893],[-1.939361,48.691107],[-1.945627,48.698554],[-1.843739,48.712144],[-1.836334,48.691107],[-1.861195,48.664211],[-1.860951,48.640855],[-1.79601,48.615912],[-1.643951,48.62344],[-1.579701,48.643256],[-1.500559,48.636461],[-1.393137,48.652411],[-1.356557,48.643256],[-1.394602,48.66828],[-1.443267,48.662828],[-1.4558,48.683417],[-1.502675,48.695502],[-1.516469,48.725165],[-1.553619,48.747138],[-1.566762,48.82217],[-1.602935,48.849351],[-1.578521,48.862616],[-1.56371,48.922105],[-1.542795,48.935248],[-1.563059,48.957587],[-1.545766,49.030341],[-1.507965,49.033677],[-1.549713,49.039781],[-1.579457,49.01317],[-1.593577,49.028998],[-1.589345,49.082099],[-1.603424,49.08397],[-1.607737,49.102729],[-1.595937,49.128485],[-1.569488,49.143541],[-1.589345,49.143541],[-1.610422,49.215888],[-1.602651,49.225409],[-1.548411,49.225491],[-1.616851,49.238227],[-1.624664,49.219306],[-1.671864,49.280097],[-1.658193,49.287543],[-1.699086,49.313544],[-1.706654,49.329169],[-1.686187,49.335354],[-1.699127,49.355862],[-1.714752,49.338528],[-1.775502,49.370103],[-1.767974,49.383734],[-1.816477,49.383734],[-1.819407,49.452053],[-1.884674,49.530911],[-1.843739,49.571845],[-1.839508,49.619778],[-1.869496,49.661689],[-1.945627,49.677965],[-1.935211,49.724107],[-1.839426,49.715399],[-1.816477,49.691636],[-1.617177,49.664293],[-1.606679,49.650051],[-1.572865,49.664293],[-1.511464,49.662543],[-1.455719,49.702216],[-1.409495,49.711575],[-1.263051,49.695502],[-1.227773,49.624091],[-1.253326,49.61225],[-1.264027,49.58926],[-1.301422,49.581773],[-1.306264,49.558092],[-1.261586,49.49315],[-1.175689,49.415229],[-1.181996,49.356187],[-1.151723,49.362698],[-1.122874,49.345445],[-1.103424,49.349026],[-1.113759,49.36579],[-1.106353,49.379462],[-1.072255,49.396796],[-0.940419,49.392279],[-0.822133,49.362698],[-0.583363,49.345893],[-0.546946,49.358954],[-0.479482,49.34276],[-0.411122,49.34276],[-0.219472,49.280097],[-0.194081,49.295233],[0.012869,49.334621],[0.162364,49.415188],[0.411306,49.452053],[0.493175,49.493598],[0.42213,49.464423],[0.256847,49.464057],[0.104421,49.493598],[0.078624,49.51553],[0.076589,49.53498],[0.13087,49.603502],[0.170909,49.691636],[0.23585,49.729315],[0.59669,49.857245],[0.674815,49.8758],[0.760916,49.875067],[1.221202,49.97899],[1.455821,50.123603],[1.486827,50.185045],[1.521007,50.214667],[1.555349,50.217719],[1.654307,50.186591],[1.672537,50.192532],[1.644542,50.212388],[1.66505,50.219794],[1.625499,50.224311],[1.593923,50.256293],[1.541515,50.277899],[1.551524,50.349066],[1.572032,50.375678],[1.610362,50.370673],[1.555186,50.404771],[1.573497,50.44538],[1.579275,50.533149],[1.610362,50.548163],[1.577891,50.588609],[1.563162,50.67829],[1.567638,50.716742],[1.605642,50.790025],[1.580577,50.868801],[1.653331,50.889106],[1.729828,50.943915],[1.921397,50.996772],[2.134044,51.019965],[2.316091,51.059027],[2.384451,51.055325],[2.5218,51.087541]],[[1.947509,42.451234],[1.999495,42.443896],[1.967972,42.485702],[1.956604,42.481775],[1.947509,42.451234]]],[[[9.482107,42.620103],[9.476817,42.619086],[9.456554,42.647406],[9.482107,42.620103]]],[[[8.574067,42.219916],[8.545258,42.232856],[8.54949,42.242255],[8.687755,42.272935],[8.625173,42.319159],[8.605317,42.310452],[8.599864,42.321926],[8.634776,42.338935],[8.612804,42.352444],[8.552094,42.338935],[8.559581,42.346381],[8.549083,42.377102],[8.552094,42.386705],[8.598643,42.3876],[8.618663,42.419582],[8.659516,42.429877],[8.676768,42.47248],[8.657074,42.480048],[8.667491,42.509711],[8.716563,42.530707],[8.709158,42.579169],[8.723481,42.565497],[8.786957,42.561998],[8.807465,42.58511],[8.805431,42.606431],[9.049978,42.662177],[9.052989,42.681586],[9.117849,42.732001],[9.236827,42.722561],[9.292166,42.67475],[9.34254,42.749091],[9.33546,42.807603],[9.305675,42.83926],[9.333018,42.867133],[9.330251,42.903551],[9.360199,42.928616],[9.343435,42.97309],[9.34669,43.00373],[9.422374,43.017401],[9.464041,42.990058],[9.453868,42.963813],[9.470063,42.942288],[9.482758,42.802314],[9.450369,42.708889],[9.442882,42.64057],[9.456554,42.634426],[9.456554,42.606431],[9.476899,42.579169],[9.511892,42.565497],[9.489594,42.612616],[9.528087,42.563544],[9.533376,42.456244],[9.545909,42.435126],[9.532237,42.373725],[9.559581,42.294582],[9.559581,42.146552],[9.545584,42.10399],[9.403168,41.952948],[9.394298,41.847968],[9.401622,41.706448],[9.372244,41.683905],[9.37794,41.65644],[9.363617,41.640041],[9.345225,41.640326],[9.34669,41.619574],[9.292166,41.62641],[9.278575,41.598375],[9.345063,41.604478],[9.350597,41.581204],[9.264659,41.530829],[9.264659,41.502875],[9.279145,41.491645],[9.264659,41.476142],[9.270844,41.468736],[9.210704,41.448228],[9.223318,41.427314],[9.210704,41.407294],[9.250336,41.427802],[9.223155,41.372504],[9.206716,41.365912],[9.096446,41.40351],[9.121349,41.434638],[9.06658,41.4619],[9.079845,41.482367],[9.038748,41.4619],[9.038748,41.476142],[9.018321,41.468736],[9.000987,41.483059],[8.93572,41.489203],[8.83961,41.530829],[8.853282,41.54385],[8.791759,41.561225],[8.796397,41.580552],[8.778087,41.59162],[8.801768,41.639065],[8.819021,41.632636],[8.872569,41.651068],[8.922699,41.694648],[8.788829,41.712551],[8.776134,41.722398],[8.784923,41.742499],[8.695567,41.729438],[8.702973,41.742499],[8.655121,41.749905],[8.71754,41.77204],[8.709158,41.804511],[8.784923,41.824408],[8.750824,41.845526],[8.791759,41.859117],[8.778087,41.872789],[8.805431,41.906928],[8.764415,41.934272],[8.614268,41.900784],[8.614431,41.944078],[8.586274,41.96898],[8.65504,41.978705],[8.668793,41.996324],[8.656098,42.002875],[8.664561,42.014472],[8.743419,42.044135],[8.744965,42.056586],[8.699229,42.10932],[8.660899,42.105455],[8.647716,42.122016],[8.586274,42.13349],[8.593761,42.146552],[8.559581,42.153998],[8.593761,42.16706],[8.565766,42.174506],[8.581798,42.194525],[8.565766,42.208564],[8.574067,42.219916]]],[[[-1.224355,45.935045],[-1.18517,45.915961],[-1.176096,45.898749],[-1.209218,45.814154],[-1.226877,45.81977],[-1.260365,45.881822],[-1.378326,45.975979],[-1.371653,45.995307],[-1.404937,46.053168],[-1.339915,46.037828],[-1.273834,45.997626],[-1.247629,46.001776],[-1.233632,45.991685],[-1.224355,45.935045]]],[[[-1.25414,46.162421],[-1.33609,46.167222],[-1.432851,46.210842],[-1.504262,46.207668],[-1.555816,46.251776],[-1.480092,46.259223],[-1.467885,46.249905],[-1.473866,46.238105],[-1.507965,46.245551],[-1.490549,46.224433],[-1.411122,46.238105],[-1.425364,46.223822],[-1.308095,46.206936],[-1.25414,46.162421]]],[[[-2.298207,46.72016],[-2.268951,46.697414],[-2.371409,46.704291],[-2.382924,46.722642],[-2.356801,46.733791],[-2.298207,46.72016]]],[[[-2.200103,46.985419],[-2.144846,46.957465],[-2.142568,46.909857],[-2.194814,46.961859],[-2.220204,46.973863],[-2.247304,46.964301],[-2.295644,47.033189],[-2.200022,47.024359],[-2.200103,46.985419]]],[[[-3.102691,47.327338],[-3.072743,47.328315],[-3.062815,47.320624],[-3.067006,47.301947],[-3.223459,47.312161],[-3.240956,47.320624],[-3.23762,47.336371],[-3.262074,47.383246],[-3.242991,47.395331],[-3.102691,47.327338]]],[[[-5.091786,48.48078],[-5.03661,48.465155],[-5.087961,48.447211],[-5.10554,48.444648],[-5.091868,48.451483],[-5.097768,48.46133],[-5.132802,48.458319],[-5.091786,48.48078]]],[[[6.241885,43.02565],[6.252209,43.002632],[6.202485,42.987128],[6.166189,42.999661],[6.241885,43.02565]]]]}},{"type":"Feature","properties":{"name":"Morocco","iso":"MA","pop":36471769},"geometry":{"type":"Polygon","coordinates":[[[-9.827707,31.06745],[-9.847524,31.121283],[-9.808949,31.2862],[-9.80663,31.343451],[-9.810902,31.366848],[-9.847524,31.402411],[-9.792958,31.47134],[-9.769643,31.53148],[-9.694203,31.625718],[-9.667307,31.731147],[-9.504954,31.888414],[-9.483795,31.922553],[-9.366119,32.026313],[-9.328114,32.130439],[-9.27774,32.196601],[-9.26476,32.330634],[-9.291982,32.350816],[-9.24885,32.452541],[-9.246938,32.472317],[-9.27831,32.529527],[-9.259918,32.57689],[-9.112172,32.682847],[-8.998525,32.797105],[-8.867787,32.881903],[-8.754709,33.010647],[-8.62914,33.127631],[-8.621002,33.173529],[-8.529164,33.268704],[-8.45165,33.264228],[-8.378774,33.304674],[-8.284657,33.389838],[-8.106557,33.430854],[-7.891428,33.503363],[-7.86974,33.526557],[-7.700999,33.58275],[-7.667551,33.612698],[-7.606191,33.608344],[-7.529124,33.632636],[-7.406361,33.726996],[-7.35261,33.724677],[-7.229319,33.80093],[-7.099477,33.840277],[-7.031809,33.874254],[-6.927358,33.944159],[-6.822092,34.039618],[-6.733754,34.162584],[-6.667795,34.280504],[-6.557932,34.417711],[-6.292104,34.880805],[-6.205393,35.124579],[-6.023915,35.501166],[-5.927235,35.780748],[-5.90803,35.797349],[-5.873402,35.801988],[-5.769276,35.792792],[-5.693512,35.834296],[-5.639719,35.836371],[-5.598988,35.822333],[-5.540028,35.850979],[-5.468861,35.910346],[-5.44811,35.918524],[-5.414198,35.909398],[-5.40549,35.926519],[-5.340728,35.847357],[-5.318756,35.701728],[-5.304799,35.685207],[-5.276763,35.685207],[-5.24942,35.584621],[-5.150787,35.516099],[-5.066274,35.417467],[-4.988515,35.387885],[-4.909332,35.314521],[-4.86498,35.301988],[-4.770497,35.241034],[-4.347646,35.150133],[-4.269399,35.184882],[-4.130605,35.204779],[-3.919342,35.266832],[-3.909413,35.255276],[-3.929529,35.24382],[-3.903901,35.214173],[-3.787465,35.209215],[-3.764801,35.218451],[-3.747141,35.263658],[-3.699574,35.290839],[-3.673573,35.287909],[-3.590972,35.233303],[-3.36205,35.194525],[-3.195139,35.238227],[-3.118031,35.294135],[-3.077056,35.287909],[-3.0454,35.314439],[-2.968577,35.446438],[-2.952219,35.433051],[-2.963043,35.373481],[-2.947825,35.329779],[-2.96692,35.313866],[-2.963768,35.286219],[-2.943046,35.267874],[-2.912913,35.276923],[-2.899037,35.259996],[-2.912343,35.235785],[-2.90982,35.186713],[-2.856068,35.131293],[-2.748118,35.115953],[-2.868276,35.217353],[-2.878407,35.246324],[-2.761098,35.143256],[-2.666737,35.108222],[-2.517486,35.099351],[-2.416737,35.149156],[-2.275258,35.109565],[-2.222564,35.089301],[-2.221126,35.049955],[-2.193789,35.003601],[-2.061239,34.929704],[-2.01628,34.926241],[-1.979745,34.865263],[-1.787716,34.756691],[-1.773143,34.734057],[-1.871121,34.596649],[-1.750664,34.494175],[-1.702966,34.479679],[-1.809626,34.372451],[-1.746064,34.290311],[-1.669635,34.079213],[-1.718728,33.898087],[-1.722087,33.851165],[-1.703225,33.761816],[-1.746788,33.702388],[-1.740742,33.686601],[-1.6624,33.644692],[-1.617338,33.554439],[-1.612739,33.521469],[-1.683226,33.36923],[-1.674234,33.237972],[-1.623591,33.196605],[-1.571398,33.111985],[-1.499516,33.060205],[-1.502978,32.974629],[-1.558789,32.93365],[-1.423345,32.742395],[-1.390531,32.718779],[-1.32702,32.69891],[-1.047502,32.517009],[-1.031999,32.4944],[-1.123157,32.417945],[-1.217983,32.392623],[-1.244131,32.356915],[-1.276636,32.200852],[-1.309554,32.167443],[-1.305161,32.151165],[-1.232711,32.163723],[-1.195607,32.146049],[-1.190594,32.125224],[-1.210335,32.08967],[-1.249557,32.08166],[-2.516147,32.1322],[-2.695567,32.08967],[-2.881189,32.076286],[-2.938731,32.048639],[-2.827836,31.794586],[-3.002556,31.77362],[-3.21921,31.717709],[-3.511564,31.672745],[-3.591378,31.678274],[-3.659507,31.647821],[-3.673484,31.389234],[-3.747467,31.385166],[-3.815189,31.337158],[-3.814982,31.220524],[-3.842836,31.170192],[-3.839322,31.152828],[-3.810796,31.142906],[-3.748862,31.180217],[-3.731421,31.176341],[-3.689718,31.125595],[-3.624141,31.086527],[-3.608741,31.030872],[-3.586469248395491,31.0],[-9.82513567698732,31.0],[-9.827707,31.06745]]]}},{"type":"Feature","properties":{"name":"Ukraine","iso":"UA","pop":44385155},"geometry":{"type":"MultiPolygon","coordinates":[[[[31.82584,52.104056],[31.882064,52.086408],[31.892037,52.036179],[31.910383,52.029073],[31.980559,52.047625],[32.095591,52.040726],[32.233309,52.080853],[32.277699,52.102661],[32.306741,52.141185],[32.328238,52.219165],[32.366995,52.2472],[32.339504,52.287249],[32.35356,52.321588],[32.394281,52.326807],[32.48058,52.307144],[32.528433,52.316213],[32.725423,52.252083],[32.844176,52.262341],[32.908978,52.241102],[33.030107,52.303604],[33.079613,52.305594],[33.182863,52.367296],[33.358976,52.357555],[33.419334,52.338331],[33.480519,52.357761],[33.499433,52.340992],[33.493025,52.303139],[33.510078,52.287533],[33.531679,52.288825],[33.600202,52.330786],[33.687948,52.355823],[33.804065,52.354609],[33.839102,52.313914],[33.9007,52.285854],[33.957751,52.224695],[34.021933,52.1979],[34.065341,52.158626],[34.07392,52.128318],[34.05666,52.105813],[34.062551,52.050209],[34.101102,51.992512],[34.096244,51.951817],[34.146163,51.95161],[34.228432,51.899262],[34.23422,51.878282],[34.294578,51.873889],[34.385735,51.817665],[34.41271,51.777693],[34.414157,51.736456],[34.37633,51.708602],[34.298195,51.706147],[34.089113,51.666615],[34.079501,51.643102],[34.140066,51.621191],[34.152985,51.583984],[34.223678,51.514764],[34.217063,51.417069],[34.186988,51.40831],[34.185851,51.394151],[34.247346,51.363429],[34.300159,51.36839],[34.308737,51.33462],[34.283623,51.301237],[34.185954,51.248914],[34.281762,51.226435],[34.371783,51.256847],[34.513479,51.229561],[34.608357,51.234006],[34.642774,51.180624],[34.674917,51.167679],[34.817544,51.174733],[34.946115,51.214291],[34.999445,51.202095],[35.078716,51.207625],[35.09918,51.183182],[35.143622,51.058487],[35.172561,51.040632],[35.308676,51.047325],[35.355082,51.025595],[35.332551,50.999937],[35.278084,50.992651],[35.284802,50.944333],[35.341749,50.91586],[35.341439,50.876482],[35.377716,50.833746],[35.37906,50.797211],[35.438488,50.762381],[35.445412,50.687502],[35.468873,50.668536],[35.391565,50.646367],[35.377716,50.621821],[35.425258,50.500485],[35.446446,50.476042],[35.540807,50.450048],[35.570159,50.376461],[35.611397,50.351708],[35.69687,50.345145],[35.737694,50.381577],[35.774384,50.3869],[35.83743,50.423228],[36.105837,50.42111],[36.169296,50.383696],[36.269031,50.281376],[36.31585,50.274865],[36.38799,50.30644],[36.410005,50.304579],[36.536405,50.267527],[36.534648,50.219933],[36.594386,50.20443],[36.635831,50.214042],[36.682649,50.260654],[36.848634,50.323699],[36.914056,50.339099],[37.051722,50.335327],[37.197037,50.362405],[37.285197,50.41527],[37.415214,50.431858],[37.435265,50.424934],[37.480017,50.340029],[37.568177,50.312537],[37.599183,50.290885],[37.60156,50.249027],[37.588641,50.21461],[37.597116,50.196937],[37.72765,50.078701],[37.915856,50.003306],[37.979004,49.941449],[38.000398,49.899798],[38.066544,49.927238],[38.119047,49.919176],[38.166176,49.94057],[38.173928,50.06015],[38.299915,50.060511],[38.356036,49.980568],[38.497526,49.948167],[38.619482,49.950751],[38.664647,49.965168],[38.687282,49.913802],[38.747846,49.885432],[38.852233,49.865795],[38.937395,49.803473],[39.04912,49.810552],[39.117126,49.864399],[39.15578,49.873598],[39.182755,49.858508],[39.26089,49.74451],[39.327656,49.72632],[39.443618,49.749523],[39.499118,49.728129],[39.557513,49.723994],[39.622935,49.613459],[39.729182,49.580799],[39.801529,49.542197],[39.889379,49.553256],[39.998106,49.608239],[40.115515,49.590566],[40.130708,49.579817],[40.126057,49.559095],[40.05433,49.519769],[40.0349,49.487058],[40.061978,49.425821],[40.159543,49.333579],[40.141663,49.245781],[40.038414,49.168524],[39.952114,49.124548],[39.930927,49.10057],[39.918731,49.047808],[39.698279,49.028378],[39.681123,49.020316],[39.673991,48.970139],[39.725978,48.937014],[39.758741,48.895415],[39.908189,48.878413],[39.950357,48.852781],[40.008855,48.887818],[40.034279,48.885596],[40.053813,48.869215],[40.05278,48.849733],[40.019603,48.813146],[39.975265,48.789685],[39.934957,48.786687],[39.824163,48.815626],[39.779411,48.80772],[39.736313,48.761521],[39.70293,48.746586],[39.63172,48.586906],[39.809177,48.583754],[39.855066,48.556107],[39.869535,48.509908],[39.842146,48.499056],[39.84473,48.483502],[39.924105,48.376118],[39.815895,48.308164],[39.884831,48.278992],[39.978882,48.290077],[39.993248,48.27323],[39.990665,48.253748],[39.89372,48.182977],[39.843077,48.119751],[39.829021,48.076782],[39.842973,48.036397],[39.778791,48.029214],[39.759878,48.014951],[39.796154,47.961363],[39.777034,47.913743],[39.775587,47.85801],[39.733833,47.815997],[39.570018,47.830932],[39.391631,47.822612],[39.319698,47.846021],[39.113509,47.828555],[39.039095,47.856925],[38.877244,47.86124],[38.830942,47.848243],[38.796215,47.819925],[38.734514,47.677143],[38.662167,47.683292],[38.562225,47.626629],[38.352935,47.607095],[38.319035,47.591308],[38.260331,47.492942],[38.257954,47.393232],[38.203383,47.334631],[38.188707,47.30099],[38.201006,47.290629],[38.291853,47.287037],[38.298158,47.256031],[38.222504,47.215233],[38.203487,47.192314],[38.20142,47.130742],[38.216645,47.103258],[38.142263,47.037665],[38.108084,47.026353],[38.130056,47.074652],[38.071544,47.099799],[38.026215,47.08161],[37.861095,47.101508],[37.753266,47.075263],[37.58074,47.090399],[37.546397,47.08161],[37.482921,47.035956],[37.335216,46.882473],[37.312999,46.875556],[37.317393,46.900824],[37.295421,46.920233],[37.227061,46.936998],[37.028819,46.875556],[36.938813,46.839504],[36.886241,46.804023],[36.853689,46.800482],[36.862478,46.776923],[36.8296,46.731879],[36.812266,46.680569],[36.769298,46.637397],[36.743826,46.649604],[36.771658,46.643459],[36.802501,46.724758],[36.758067,46.758857],[36.696056,46.779975],[36.633962,46.779975],[36.590017,46.758857],[36.524099,46.758857],[36.400157,46.723944],[36.303477,46.659247],[36.278331,46.607408],[36.267589,46.625556],[36.245779,46.610826],[36.244314,46.635321],[36.189464,46.669013],[36.062022,46.670111],[35.901622,46.652737],[35.771169,46.601264],[35.628673,46.498481],[35.491466,46.447984],[35.380138,46.368476],[35.161794,46.128241],[35.000011,46.073635],[34.982107,46.077826],[35.051931,46.128241],[35.044444,46.141913],[35.20045,46.18301],[35.291352,46.293362],[35.342133,46.335761],[35.346039,46.361029],[35.311534,46.337633],[35.267589,46.35106],[35.258556,46.373358],[35.284516,46.437405],[35.21461,46.462633],[35.188324,46.512437],[35.166677,46.49315],[35.201996,46.440497],[35.209483,46.39643],[35.108409,46.297756],[35.030772,46.251776],[34.926524,46.235053],[34.904796,46.255683],[34.893565,46.251776],[34.882172,46.221747],[34.838878,46.207668],[34.812266,46.176663],[34.824229,46.077948],[34.87436,45.926093],[35.001891,45.729003],[34.975667,45.717322],[34.870656,45.773328],[34.809983,45.784996],[34.788981,45.803664],[34.784314,45.899341],[34.763312,45.932011],[34.688637,45.974015],[34.529954,45.981016],[34.504285,45.95068],[34.464614,45.955347],[34.410942,45.988017],[34.361937,46.055691],[34.333934,46.069692],[34.301264,46.069692],[34.235923,46.097695],[34.161249,46.090694],[34.067906,46.104696],[33.846216,46.195705],[33.715726,46.195743],[33.67028,46.218106],[33.660449,46.148184],[33.628517,46.124935],[33.596528,46.155748],[33.549815,46.13642],[33.531261,46.106879],[33.557872,46.087307],[33.505626,46.080268],[33.495779,46.067857],[33.516287,46.046332],[33.423839,46.05329],[33.357758,46.103827],[33.331065,46.107489],[33.310802,46.087307],[33.290294,46.094713],[33.317719,46.119696],[33.315684,46.131008],[33.21461,46.128241],[33.235118,46.223822],[33.175059,46.153144],[33.122895,46.135891],[33.023448,46.169867],[33.032481,46.141018],[33.01824,46.127672],[32.899262,46.11522],[32.766287,46.135688],[32.588227,46.104397],[32.543712,46.080471],[32.503429,46.076117],[32.262462,46.128241],[32.241954,46.176663],[32.269298,46.204576],[32.213145,46.193061],[32.128673,46.209703],[32.050141,46.266059],[32.018077,46.257514],[31.885753,46.320014],[31.882335,46.27912],[31.801117,46.285061],[31.767345,46.318183],[31.799815,46.342231],[31.968272,46.35106],[32.029633,46.388983],[32.06186,46.393785],[32.007823,46.448961],[31.910655,46.455878],[31.748546,46.499945],[31.710704,46.495429],[31.690278,46.478583],[31.686534,46.429877],[31.663585,46.472113],[31.524425,46.564195],[31.508311,46.587592],[31.581554,46.545233],[31.756358,46.554267],[31.861827,46.519273],[32.033458,46.506293],[32.111664,46.512437],[32.221528,46.495429],[32.317556,46.464342],[32.399669,46.478339],[32.427013,46.498847],[32.408376,46.517279],[32.43572,46.543158],[32.52475,46.592719],[32.58839,46.604315],[32.645518,46.649604],[32.409028,46.568915],[32.335785,46.562161],[32.24822,46.607408],[32.169932,46.580756],[32.146332,46.560248],[32.117931,46.606879],[32.022797,46.629136],[31.979828,46.677069],[31.940278,46.758857],[31.936209,46.80036],[32.007498,46.915229],[31.995942,46.940375],[31.935883,46.95482],[31.976899,47.009345],[31.881114,47.015041],[31.865245,47.026353],[31.896821,47.092719],[31.882335,47.118598],[31.845551,47.134019],[31.830577,47.186754],[31.75766,47.216213],[31.752126,47.255845],[31.74171,47.259101],[31.720551,47.231879],[31.726817,47.220526],[31.806163,47.192694],[31.816254,47.180854],[31.815603,47.122626],[31.874278,47.093817],[31.844737,47.053697],[31.837413,47.00845],[31.947113,46.999091],[31.899425,46.943834],[31.907725,46.926459],[31.925629,46.922919],[31.968272,46.936998],[31.97283,46.915351],[31.945079,46.859524],[31.898611,46.842922],[31.864757,46.806586],[31.865245,46.779975],[31.906749,46.738227],[31.899425,46.693996],[31.908539,46.662746],[31.899425,46.649604],[31.814708,46.623033],[31.674083,46.653225],[31.597179,46.643215],[31.578868,46.617336],[31.493012,46.62873],[31.480968,46.64643],[31.490896,46.663398],[31.559825,46.758857],[31.618175,46.813463],[31.60613,46.826402],[31.583995,46.793647],[31.508311,46.745185],[31.440684,46.800482],[31.455821,46.754584],[31.50587,46.720404],[31.416189,46.629136],[31.337657,46.601264],[31.159516,46.628974],[30.991384,46.601264],[30.866954,46.555813],[30.790701,46.552924],[30.754893,46.515855],[30.798188,46.446438],[30.772472,46.39643],[30.714529,46.347968],[30.651866,46.34455],[30.686534,46.320014],[30.682384,46.299547],[30.56186,46.161689],[30.523285,46.133775],[30.494151,46.080471],[30.371267,45.997952],[30.261404,45.895494],[30.138438,45.81977],[30.127452,45.891343],[30.110606,45.875067],[30.094574,45.814846],[30.061209,45.813463],[29.990733,45.847073],[29.968516,45.838935],[29.952891,45.771959],[29.932384,45.792426],[29.939138,45.810452],[29.92628,45.813788],[29.917735,45.782904],[29.939301,45.751532],[29.932384,45.724189],[29.887706,45.765123],[29.874034,45.751532],[29.802419,45.737494],[29.803233,45.704169],[29.843028,45.69066],[29.860118,45.668931],[29.809581,45.648586],[29.789073,45.65526],[29.789073,45.635443],[29.733735,45.614325],[29.723969,45.667426],[29.682628,45.696845],[29.67921,45.751532],[29.693858,45.781317],[29.638194,45.826321],[29.631358,45.813544],[29.651866,45.789008],[29.622732,45.736233],[29.637543,45.709906],[29.603201,45.691311],[29.589692,45.559068],[29.648448,45.545396],[29.707042,45.57331],[29.605724,45.478176],[29.640798,45.441799],[29.651866,45.44302],[29.656016,45.474189],[29.672374,45.477118],[29.675304,45.449612],[29.702159,45.45661],[29.713227,45.436225],[29.73227,45.475735],[29.747406,45.463446],[29.75587,45.427883],[29.747813,45.414293],[29.727712,45.415676],[29.750173,45.38581],[29.756196,45.321234],[29.729747,45.237738],[29.67449,45.213568],[29.659028,45.215888],[29.672276,45.272948],[29.650262,45.346122],[29.569699,45.394956],[29.430637,45.430406],[29.322117,45.443842],[29.281809,45.422293],[29.228169,45.42374],[29.174322,45.388962],[28.973663,45.323695],[28.952837,45.285092],[28.929893,45.279098],[28.831811,45.322299],[28.789746,45.321421],[28.79016,45.292069],[28.75967,45.274189],[28.767267,45.257755],[28.802665,45.244165],[28.778687,45.23109],[28.710061,45.226956],[28.577046,45.248092],[28.330239,45.322919],[28.281198,45.401829],[28.286418,45.421725],[28.266884,45.440483],[28.199498,45.461774],[28.217275,45.493348],[28.270501,45.521512],[28.416849,45.503787],[28.502012,45.508748],[28.498239,45.558719],[28.536893,45.579803],[28.511314,45.635045],[28.474003,45.657938],[28.515241,45.702018],[28.56144,45.71659],[28.560613,45.743204],[28.576684,45.761911],[28.669753,45.77731],[28.669753,45.812037],[28.738276,45.837565],[28.746441,45.870586],[28.728406,45.921953],[28.74024,45.953217],[28.956868,46.001379],[28.938781,46.089281],[29.015365,46.182609],[29.009836,46.204364],[28.93351,46.258986],[28.944879,46.32074],[28.919247,46.404662],[28.945809,46.454788],[29.020326,46.489515],[29.184244,46.538039],[29.206775,46.502511],[29.205638,46.406109],[29.183417,46.37761],[29.200677,46.35712],[29.283256,46.397427],[29.289147,46.451636],[29.306717,46.471997],[29.362114,46.415928],[29.374723,46.416186],[29.457612,46.484709],[29.486448,46.475872],[29.473322,46.439802],[29.480867,46.425152],[29.541432,46.413034],[29.582979,46.369651],[29.615639,46.361822],[29.645508,46.375594],[29.654396,46.422697],[29.702869,46.42833],[29.714134,46.47117],[29.80033,46.398358],[29.808185,46.354691],[29.828132,46.339395],[29.918669,46.373656],[30.08114,46.374199],[30.131576,46.422826],[30.077006,46.422826],[30.014064,46.462023],[30.021712,46.470653],[30.00285,46.494217],[29.970553,46.491737],[29.901926,46.53083],[29.898826,46.553129],[29.9381,46.55734],[29.949675,46.578863],[29.931279,46.619171],[29.951122,46.743117],[29.931795,46.772443],[29.928178,46.809754],[29.889627,46.80717],[29.872212,46.837711],[29.843635,46.854144],[29.754132,46.85802],[29.696151,46.904683],[29.631865,46.914398],[29.558691,46.94574],[29.572489,47.011757],[29.595433,47.032143],[29.6021,47.061005],[29.570164,47.091442],[29.551353,47.090202],[29.520141,47.059919],[29.47787,47.111544],[29.544842,47.135574],[29.544015,47.23425],[29.580189,47.26045],[29.556573,47.324038],[29.520968,47.33892],[29.480867,47.338274],[29.459163,47.293497],[29.409553,47.279751],[29.367592,47.308225],[29.345836,47.365844],[29.300826,47.378194],[29.281396,47.411474],[29.232613,47.44633],[29.201866,47.446588],[29.182074,47.429871],[29.155615,47.449999],[29.117426,47.533327],[29.182074,47.613219],[29.196956,47.717502],[29.238608,47.756001],[29.221968,47.774811],[29.177836,47.78972],[29.186724,47.818219],[29.236024,47.870723],[29.172565,47.891006],[29.147967,47.955369],[29.123989,47.975987],[29.061047,47.96976],[29.017226,47.931081],[28.950356,47.934801],[28.832534,48.024822],[28.799255,48.111793],[28.573635,48.154969],[28.519323,48.149129],[28.490023,48.065491],[28.479584,48.064923],[28.447441,48.082751],[28.419019,48.122232],[28.436899,48.149853],[28.411578,48.170704],[28.388634,48.168586],[28.349566,48.129725],[28.317424,48.135358],[28.322178,48.163211],[28.363364,48.191013],[28.36817,48.230623],[28.357731,48.238607],[28.294479,48.236488],[28.216965,48.208144],[28.189369,48.223052],[28.178517,48.258864],[28.093251,48.237444],[28.078678,48.244912],[28.098315,48.284108],[28.076405,48.314933],[27.92644,48.339428],[27.864841,48.398907],[27.78526,48.441566],[27.751773,48.451979],[27.627026,48.451256],[27.606873,48.457819],[27.604806,48.484122],[27.582998,48.486034],[27.50383,48.472365],[27.403474,48.411491],[27.342186,48.436114],[27.208551,48.360615],[27.037398,48.399683],[27.025409,48.389864],[27.033057,48.360202],[26.943244,48.351262],[26.831933,48.391363],[26.816947,48.371726],[26.78806,48.375963],[26.777518,48.36617],[26.790075,48.307053],[26.774365,48.287183],[26.735918,48.291834],[26.679797,48.330178],[26.6691,48.30881],[26.625124,48.282894],[26.617889,48.258968],[26.5874,48.249356],[26.30349,48.212045],[26.297495,48.156338],[26.270727,48.093603],[26.204788,48.037379],[26.173058,47.993144],[26.125723,47.978416],[25.90124,47.965962],[25.752516,47.934595],[25.261744,47.898576],[25.218956,47.878474],[25.121908,47.770315],[25.079947,47.742927],[24.896599,47.710061],[24.808232,47.79574],[24.679144,47.84013],[24.633669,47.908291],[24.542098,47.943819],[24.409187,47.952061],[24.347175,47.920875],[24.297876,47.919789],[24.231006,47.897026],[24.131167,47.914544],[24.094787,47.937928],[24.008798,47.961208],[23.855215,47.934233],[23.848394,47.949658],[23.780078,47.987511],[23.710521,47.985083],[23.563243,48.005753],[23.514461,47.998983],[23.481595,47.972163],[23.460821,47.971337],[23.360052,47.993144],[23.231377,48.079728],[23.139083,48.098125],[23.098982,48.071227],[23.063119,48.007458],[23.004415,47.983067],[22.924109,48.004823],[22.915841,47.959193],[22.877601,47.946739],[22.832435,47.978933],[22.861581,48.028387],[22.85476,48.047301],[22.801429,48.090968],[22.745722,48.116289],[22.605472,48.097039],[22.55576,48.177164],[22.481449,48.242586],[22.357116,48.243103],[22.308126,48.293694],[22.298721,48.349143],[22.25676,48.357282],[22.271849,48.403455],[22.201983,48.418157],[22.13284,48.404798],[22.13377,48.476835],[22.148343,48.508823],[22.138731,48.569595],[22.219036,48.620935],[22.243221,48.651192],[22.310297,48.681681],[22.330761,48.756405],[22.365694,48.794387],[22.368898,48.856451],[22.411789,48.887766],[22.448996,48.971431],[22.520516,48.992928],[22.539637,49.0722],[22.560721,49.085532],[22.642886,49.043157],[22.755334,49.044708],[22.855276,48.994013],[22.866955,49.009981],[22.843184,49.043106],[22.853416,49.084757],[22.841324,49.094886],[22.705725,49.168835],[22.681747,49.161238],[22.737764,49.275391],[22.719781,49.382982],[22.679576,49.418948],[22.640922,49.528761],[22.665831,49.567363],[22.741692,49.633664],[22.766186,49.67423],[22.826648,49.697381],[22.888246,49.769728],[22.933101,49.79107],[22.951188,49.826624],[23.101463,49.957107],[23.436429,50.193475],[23.565311,50.257812],[23.644169,50.312692],[23.682203,50.368245],[23.747522,50.38938],[23.928699,50.390827],[23.981306,50.40478],[24.007764,50.448498],[24.010658,50.492785],[24.075047,50.514282],[24.107706,50.540844],[24.085279,50.604406],[24.10843,50.629882],[24.074943,50.690189],[24.081041,50.712978],[24.026884,50.728016],[24.012828,50.743312],[24.025851,50.767032],[23.974278,50.776178],[23.957638,50.808011],[23.992881,50.836226],[24.046935,50.829095],[24.130857,50.839069],[24.143156,50.856432],[23.979342,50.937512],[23.955054,50.983556],[23.911749,51.00681],[23.904205,51.062724],[23.854492,51.121532],[23.874749,51.13613],[23.863587,51.148274],[23.742664,51.216255],[23.687267,51.2924],[23.635177,51.304699],[23.63404,51.339296],[23.683856,51.370276],[23.678895,51.394073],[23.697602,51.404435],[23.648716,51.453966],[23.662772,51.480192],[23.614817,51.49722],[23.608099,51.511224],[23.628666,51.531223],[23.593319,51.596955],[23.616677,51.624783],[23.749692,51.644472],[23.884878,51.619874],[23.941308,51.581917],[23.981306,51.586],[24.244132,51.718214],[24.272347,51.742889],[24.311518,51.827561],[24.39079,51.880013],[24.639767,51.892131],[24.721829,51.882338],[25.002742,51.910476],[25.138031,51.948949],[25.351971,51.921483],[25.683476,51.918021],[25.767915,51.928511],[26.080764,51.900657],[26.175332,51.856707],[26.407773,51.850609],[26.419762,51.846862],[26.419245,51.820921],[26.4456,51.805599],[26.665741,51.801387],[26.854774,51.749349],[26.920816,51.742528],[27.021585,51.764542],[27.151086,51.756764],[27.177855,51.747075],[27.189017,51.663773],[27.277487,51.651138],[27.254026,51.595379],[27.267462,51.587498],[27.409004,51.59171],[27.477268,51.623672],[27.692655,51.589229],[27.705161,51.568352],[27.66413,51.492853],[27.714256,51.463707],[27.74056,51.471407],[27.792546,51.517296],[27.799522,51.585199],[27.831252,51.612923],[27.87559,51.60804],[27.954758,51.560782],[28.070824,51.557629],[28.114232,51.575613],[28.166218,51.633103],[28.21004,51.651965],[28.245128,51.640622],[28.257789,51.601761],[28.310912,51.57445],[28.333857,51.52838],[28.461239,51.571659],[28.603918,51.553547],[28.637301,51.449626],[28.663552,51.433993],[28.703963,51.442623],[28.728768,51.401256],[28.751609,51.428748],[28.752229,51.483706],[28.799875,51.532618],[28.863643,51.558921],[28.980846,51.569463],[29.023634,51.614034],[29.063218,51.630596],[29.123886,51.625041],[29.160421,51.603311],[29.226515,51.519053],[29.227756,51.45562],[29.264859,51.432908],[29.297002,51.373713],[29.319946,51.365574],[29.402732,51.39614],[29.466294,51.385056],[29.505465,51.437456],[29.5682,51.449626],[29.637756,51.490889],[29.699975,51.483706],[29.737905,51.439497],[29.828649,51.429963],[29.886268,51.464793],[29.925077,51.457868],[30.00869,51.482078],[30.14863,51.48443],[30.20537,51.466498],[30.256892,51.425053],[30.320195,51.402083],[30.330014,51.370354],[30.317095,51.340588],[30.355129,51.305267],[30.428096,51.291754],[30.465044,51.261937],[30.508091,51.257673],[30.539613,51.235168],[30.555323,51.243462],[30.579921,51.303665],[30.638315,51.33586],[30.632424,51.364101],[30.64555,51.36746],[30.618162,51.418723],[30.587879,51.427353],[30.586019,51.451848],[30.618162,51.467144],[30.588913,51.48182],[30.585399,51.509389],[30.562868,51.521766],[30.584004,51.542256],[30.52256,51.562719],[30.543127,51.582589],[30.515119,51.603673],[30.556615,51.62362],[30.549949,51.637185],[30.570309,51.6515],[30.570309,51.69992],[30.624983,51.706096],[30.64617,51.754542],[30.618162,51.761338],[30.670562,51.790535],[30.661983,51.819422],[30.734537,51.873734],[30.741668,51.897919],[30.788177,51.900606],[30.810605,51.918382],[30.80306,51.939131],[30.858044,51.957631],[30.896904,51.998326],[30.941243,51.993804],[30.950131,52.006775],[30.940519,52.020082],[30.91127,52.022562],[30.924706,52.042277],[30.918815,52.059175],[30.959329,52.074678],[31.096324,52.079613],[31.134823,52.076667],[31.228977,52.03822],[31.252438,52.044499],[31.304425,52.097493],[31.383076,52.117492],[31.649933,52.096847],[31.82584,52.104056]]],[[[30.075694,45.792426],[30.125987,45.811469],[29.908051,45.666449],[29.807465,45.614325],[29.730968,45.591376],[29.801443,45.621894],[29.814789,45.641059],[29.872732,45.658271],[30.075694,45.792426]]],[[[32.99936,46.035305],[33.045095,46.037909],[33.057465,46.025214],[33.04005,46.012152],[32.619395,46.060004],[32.783214,46.046332],[32.881684,46.055406],[32.913585,46.038804],[32.978689,46.05329],[32.99936,46.035305]]],[[[32.070811,46.18244],[32.16627,46.149359],[31.737153,46.220771],[31.580333,46.262763],[31.521983,46.313218],[31.504405,46.373358],[31.521983,46.368476],[31.554373,46.296332],[31.618175,46.259223],[32.070811,46.18244]]]]}},{"type":"Feature","properties":{"name":"Belarus","iso":"BY","pop":9466856},"geometry":{"type":"Polygon","coordinates":[[[23.606238,51.517399],[23.56035,51.555304],[23.573992,51.555304],[23.5434,51.592743],[23.543813,51.6438],[23.532444,51.658967],[23.56035,51.671963],[23.546087,51.689637],[23.559213,51.695166],[23.546604,51.713589],[23.56035,51.754542],[23.617504,51.786504],[23.628666,51.809759],[23.594559,51.843297],[23.621845,51.877429],[23.628666,51.946339],[23.676415,51.994088],[23.637451,52.084471],[23.579366,52.121548],[23.512497,52.124442],[23.484695,52.158626],[23.487693,52.181622],[23.470949,52.171623],[23.450485,52.185911],[23.43674,52.175679],[23.391368,52.182501],[23.395812,52.19958],[23.189726,52.240533],[23.19448,52.271462],[23.165645,52.289393],[23.21205,52.347504],[23.392298,52.509638],[23.569031,52.585887],[23.736153,52.614903],[23.868961,52.670042],[23.908752,52.699859],[23.922498,52.742596],[23.901104,52.923257],[23.91795,52.9508],[23.911336,53.00506],[23.859349,53.067976],[23.893663,53.151951],[23.848084,53.183809],[23.800645,53.242462],[23.742974,53.365478],[23.675795,53.455705],[23.590942,53.611251],[23.567068,53.681014],[23.564794,53.742405],[23.52986,53.78416],[23.485625,53.939293],[23.627116,53.89821],[23.787209,53.927924],[23.828344,53.920069],[23.919811,53.947768],[23.981306,53.930404],[24.045385,53.930869],[24.169615,53.95893],[24.229146,53.932368],[24.257051,53.894024],[24.377871,53.886841],[24.528663,53.958361],[24.666845,53.993863],[24.705603,53.964201],[24.806372,53.975311],[24.821358,54.019908],[24.782497,54.092875],[24.818154,54.110135],[24.821565,54.134526],[24.902283,54.149771],[25.027133,54.12786],[25.071989,54.132201],[25.156531,54.175712],[25.206244,54.256793],[25.369748,54.247904],[25.459355,54.298909],[25.553975,54.231265],[25.501678,54.221756],[25.499301,54.211834],[25.528963,54.195659],[25.485762,54.175402],[25.516044,54.144758],[25.653503,54.128739],[25.690607,54.148221],[25.763057,54.156437],[25.771946,54.21788],[25.789206,54.236225],[25.739286,54.282579],[25.719236,54.281546],[25.695981,54.320975],[25.564,54.303146],[25.528653,54.320975],[25.529997,54.346141],[25.612576,54.421796],[25.630869,54.508354],[25.740423,54.568505],[25.739906,54.607727],[25.708384,54.663021],[25.72461,54.715679],[25.7212,54.766736],[25.734946,54.78906],[25.778457,54.805286],[25.772256,54.850865],[25.782695,54.869675],[25.84667,54.90621],[25.870234,54.938818],[25.981132,54.942694],[26.138642,54.968946],[26.224631,55.054884],[26.233003,55.111624],[26.264422,55.140098],[26.428753,55.128212],[26.473402,55.145679],[26.600939,55.120823],[26.633909,55.192188],[26.656956,55.215339],[26.701088,55.236836],[26.76558,55.246706],[26.80072,55.27332],[26.768629,55.300243],[26.602696,55.316883],[26.525388,55.308098],[26.450044,55.327063],[26.445496,55.337502],[26.49924,55.428091],[26.543268,55.459613],[26.527662,55.492169],[26.532106,55.516251],[26.595565,55.56803],[26.607657,55.616451],[26.594531,55.666991],[26.615615,55.687971],[26.64011,55.695568],[26.743049,55.682856],[26.822838,55.70611],[26.900146,55.778715],[26.981071,55.826878],[27.151448,55.832459],[27.263018,55.787216],[27.349627,55.831219],[27.438821,55.79874],[27.592713,55.794244],[27.617156,55.878554],[27.64501,55.922841],[27.744435,55.959738],[27.776991,55.992397],[27.781229,56.016375],[27.880654,56.063866],[27.92706,56.109367],[28.110976,56.156806],[28.310912,56.042679],[28.389771,56.088567],[28.537824,56.097714],[28.611462,56.088464],[28.680606,56.027382],[28.706392,55.959841],[28.73192,55.946793],[28.830881,55.937672],[28.833051,55.960978],[28.859716,55.976455],[29.030765,56.024178],[29.145435,56.012034],[29.224035,55.978186],[29.395601,55.947723],[29.444435,55.906925],[29.384128,55.879949],[29.343614,55.786984],[29.363406,55.751482],[29.480867,55.681099],[29.5081,55.685491],[29.585356,55.73802],[29.684162,55.770602],[29.805705,55.771455],[29.869474,55.830547],[29.907817,55.843208],[29.988226,55.846799],[30.106255,55.821917],[30.200254,55.857987],[30.270793,55.83065],[30.468817,55.793521],[30.477808,55.779129],[30.469282,55.762644],[30.480702,55.753962],[30.587466,55.718306],[30.583745,55.679135],[30.596354,55.665286],[30.693713,55.65216],[30.742185,55.594385],[30.847657,55.611025],[30.886156,55.600483],[30.912821,55.571596],[30.919745,55.534492],[30.899385,55.499146],[30.919435,55.492325],[30.881298,55.451448],[30.918608,55.407627],[30.918298,55.387783],[30.811225,55.323084],[30.794275,55.285515],[30.856803,55.253476],[30.886517,55.204538],[30.959795,55.162577],[30.958813,55.144439],[30.984031,55.1309],[30.970285,55.101444],[31.006407,55.04243],[31.005632,55.022999],[30.913234,55.024601],[30.90662,55.012561],[30.936075,54.973235],[30.917368,54.953959],[30.814842,54.928018],[30.826108,54.877478],[30.768127,54.829936],[30.770607,54.786011],[30.98062,54.705654],[30.999017,54.671341],[31.10516,54.668292],[31.128621,54.640387],[31.167947,54.621577],[31.064646,54.492282],[31.20903,54.448047],[31.248717,54.376785],[31.284788,54.347381],[31.299154,54.272606],[31.324682,54.229249],[31.506376,54.143931],[31.73675,54.094167],[31.77127,54.048537],[31.822636,54.053446],[31.84651,53.992313],[31.837932,53.962134],[31.81013,53.882604],[31.744656,53.794857],[31.873175,53.777132],[32.083602,53.809637],[32.164837,53.78168],[32.290411,53.760854],[32.371801,53.714397],[32.442133,53.713932],[32.490192,53.677138],[32.48058,53.66241],[32.399087,53.635384],[32.411489,53.582364],[32.429421,53.56159],[32.554271,53.510792],[32.576802,53.486039],[32.650286,53.487641],[32.646772,53.457978],[32.701239,53.462113],[32.719532,53.439478],[32.704443,53.366408],[32.717465,53.334937],[32.579954,53.324369],[32.595922,53.308272],[32.569154,53.298841],[32.454845,53.300443],[32.447197,53.288764],[32.455982,53.277783],[32.479133,53.274915],[32.423633,53.204402],[32.352836,53.18045],[32.267983,53.124769],[32.215687,53.125518],[32.201114,53.097561],[32.152332,53.096347],[32.117295,53.081102],[32.009911,53.099964],[31.930743,53.088337],[31.855502,53.110248],[31.796281,53.112392],[31.756283,53.186574],[31.614018,53.209751],[31.535935,53.194868],[31.416356,53.199984],[31.378529,53.182026],[31.359925,53.133838],[31.363698,53.088776],[31.319204,53.076374],[31.247064,53.014388],[31.322615,52.977129],[31.387934,52.887987],[31.450979,52.857214],[31.505136,52.848894],[31.523946,52.811661],[31.560843,52.787063],[31.570248,52.725258],[31.547924,52.705699],[31.480641,52.68247],[31.579033,52.577825],[31.628643,52.54806],[31.610763,52.535993],[31.559293,52.540541],[31.575933,52.524728],[31.55056,52.511886],[31.587922,52.482612],[31.582857,52.402772],[31.608075,52.372463],[31.602753,52.340915],[31.567354,52.311382],[31.631433,52.26477],[31.699439,52.251463],[31.681921,52.230456],[31.682386,52.201931],[31.762588,52.149841],[31.764345,52.100568],[31.649933,52.096847],[31.383076,52.117492],[31.304425,52.097493],[31.252438,52.044499],[31.228977,52.03822],[31.134823,52.076667],[31.096324,52.079613],[30.959329,52.074678],[30.918815,52.059175],[30.924706,52.042277],[30.91127,52.022562],[30.940519,52.020082],[30.950131,52.006775],[30.941243,51.993804],[30.896904,51.998326],[30.858044,51.957631],[30.80306,51.939131],[30.810605,51.918382],[30.788177,51.900606],[30.741668,51.897919],[30.734537,51.873734],[30.661983,51.819422],[30.670562,51.790535],[30.618162,51.761338],[30.64617,51.754542],[30.624983,51.706096],[30.570309,51.69992],[30.570309,51.6515],[30.549949,51.637185],[30.556615,51.62362],[30.515119,51.603673],[30.543127,51.582589],[30.52256,51.562719],[30.584004,51.542256],[30.562868,51.521766],[30.585399,51.509389],[30.588913,51.48182],[30.618162,51.467144],[30.586019,51.451848],[30.587879,51.427353],[30.618162,51.418723],[30.64555,51.36746],[30.632424,51.364101],[30.638315,51.33586],[30.579921,51.303665],[30.550672,51.236796],[30.508091,51.257673],[30.465044,51.261937],[30.428096,51.291754],[30.355129,51.305267],[30.317095,51.340588],[30.330014,51.370354],[30.320195,51.402083],[30.256892,51.425053],[30.20537,51.466498],[30.14863,51.48443],[30.00869,51.482078],[29.925077,51.457868],[29.886268,51.464793],[29.828649,51.429963],[29.737905,51.439497],[29.699975,51.483706],[29.637756,51.490889],[29.5682,51.449626],[29.505465,51.437456],[29.466294,51.385056],[29.402732,51.39614],[29.319946,51.365574],[29.297002,51.373713],[29.264859,51.432908],[29.227756,51.45562],[29.226515,51.519053],[29.160421,51.603311],[29.123886,51.625041],[29.063218,51.630596],[29.023634,51.614034],[28.980846,51.569463],[28.863643,51.558921],[28.799875,51.532618],[28.752229,51.483706],[28.751609,51.428748],[28.728768,51.401256],[28.703963,51.442623],[28.663552,51.433993],[28.637301,51.449626],[28.603918,51.553547],[28.461239,51.571659],[28.333857,51.52838],[28.310912,51.57445],[28.257789,51.601761],[28.245128,51.640622],[28.21004,51.651965],[28.166218,51.633103],[28.114232,51.575613],[28.070824,51.557629],[27.954758,51.560782],[27.87559,51.60804],[27.831252,51.612923],[27.799522,51.585199],[27.792546,51.517296],[27.74056,51.471407],[27.714256,51.463707],[27.66413,51.492853],[27.705161,51.568352],[27.692655,51.589229],[27.477268,51.623672],[27.409004,51.59171],[27.267462,51.587498],[27.254026,51.595379],[27.277487,51.651138],[27.189017,51.663773],[27.177855,51.747075],[27.151086,51.756764],[27.021585,51.764542],[26.920816,51.742528],[26.854774,51.749349],[26.665741,51.801387],[26.4456,51.805599],[26.419245,51.820921],[26.419762,51.846862],[26.407773,51.850609],[26.175332,51.856707],[26.080764,51.900657],[25.767915,51.928511],[25.683476,51.918021],[25.351971,51.921483],[25.138031,51.948949],[25.002742,51.910476],[24.721829,51.882338],[24.639767,51.892131],[24.39079,51.880013],[24.311518,51.827561],[24.272347,51.742889],[24.244132,51.718214],[23.981306,51.586],[23.941308,51.581917],[23.884878,51.619874],[23.726231,51.644859],[23.606445,51.618117],[23.593319,51.596955],[23.626289,51.540886],[23.624118,51.515901],[23.606238,51.517399]]]}},{"type":"Feature","properties":{"name":"Uzbekistan","iso":"UZ","pop":33580650},"geometry":{"type":"Polygon","coordinates":[[[64.0,39.02889966860758],[63.709268,39.190891],[63.54101,39.3561],[63.477551,39.402919],[62.593161,39.890228],[62.452808,40.009239],[62.421595,40.115072],[62.435754,40.194189],[62.405059,40.245245],[62.396532,40.312011],[62.362581,40.369682],[62.353279,40.430402],[62.191842,40.499028],[62.134171,40.577834],[62.100064,40.660413],[62.036812,40.736326],[61.982707,40.885671],[61.979297,40.998842],[61.877907,41.124984],[61.654355,41.249421],[61.567332,41.277792],[61.43318,41.300323],[61.410752,41.292003],[61.387498,41.235779],[61.363003,41.225185],[61.343986,41.193817],[61.281355,41.157282],[61.2026,41.168806],[61.09966,41.2241],[61.022766,41.216865],[61.01026,41.237226],[60.978014,41.202809],[60.930265,41.240223],[60.860295,41.252987],[60.65886,41.243789],[60.538144,41.213248],[60.478096,41.212111],[60.414534,41.235262],[60.299916,41.309831],[60.094244,41.389516],[60.066132,41.410497],[60.059207,41.434165],[60.071713,41.514366],[60.09259,41.545476],[60.16473,41.584956],[60.058277,41.718592],[60.049182,41.753499],[60.102408,41.795279],[60.171345,41.788406],[60.225398,41.765462],[60.252684,41.780061],[60.228912,41.819619],[60.167521,41.849591],[60.088766,41.919355],[59.983656,41.949043],[59.931773,41.947647],[59.906451,41.966613],[59.919267,41.98966],[59.997195,42.010615],[59.974458,42.09924],[59.983656,42.145594],[60.036986,42.169701],[60.040397,42.18647],[60.028201,42.199518],[59.960712,42.222721],[59.866351,42.304215],[59.689514,42.309796],[59.426481,42.286774],[59.361575,42.32579],[59.258429,42.347545],[59.223806,42.460872],[59.146084,42.526759],[59.122003,42.537999],[59.009245,42.518465],[58.89442,42.547843],[58.587876,42.791188],[58.569375,42.768502],[58.555733,42.683597],[58.534546,42.654503],[58.441838,42.647837],[58.258283,42.689514],[58.148833,42.649],[58.121341,42.624247],[58.145732,42.592569],[58.306239,42.528671],[58.437911,42.3577],[58.489587,42.314524],[58.490621,42.297574],[58.397603,42.287859],[58.385821,42.301321],[58.394916,42.352248],[58.384684,42.387827],[58.325049,42.431856],[58.203816,42.469502],[58.133226,42.454567],[58.079896,42.497304],[58.016024,42.499707],[57.908641,42.430434],[57.937476,42.354238],[57.888073,42.261582],[57.827302,42.227372],[57.850453,42.191431],[57.619769,42.148178],[57.478279,42.166523],[57.382264,42.163629],[57.288213,42.129419],[57.207805,42.07056],[57.115511,41.952092],[56.978361,41.895118],[56.950146,41.86605],[56.971954,41.748538],[56.960481,41.647201],[57.012054,41.557826],[57.019599,41.465946],[57.07417,41.394994],[57.161399,41.367967],[57.147964,41.351069],[57.080061,41.322027],[57.029521,41.262599],[57.010194,41.254124],[56.793463,41.288334],[55.978422,41.321717],[55.976149,44.995084],[57.478279,45.336924],[58.554906,45.557169],[61.036305,44.382822],[61.08023,44.335486],[61.102864,44.236061],[61.161672,44.168106],[61.985704,43.493341],[62.026115,43.480629],[63.208007,43.627467],[64.0,43.575159076727374],[64.0,39.02889966860758]]]}},{"type":"Feature","properties":{"name":"Kazakhstan","iso":"KZ","pop":18513930},"geometry":{"type":"MultiPolygon","coordinates":[[[[64.0,43.575159076727374],[63.208007,43.627467],[62.026115,43.480629],[61.985704,43.493341],[61.161672,44.168106],[61.102864,44.236061],[61.08023,44.335486],[61.036305,44.382822],[58.582191,45.548694],[58.531445,45.558719],[57.478279,45.336924],[55.976149,44.995084],[55.978422,41.321717],[55.87662,41.324507],[55.787323,41.291693],[55.635498,41.264356],[55.509304,41.258878],[55.450289,41.278877],[55.412669,41.307919],[55.372568,41.375563],[55.228391,41.472819],[55.100026,41.644152],[54.950682,41.795564],[54.934972,41.833727],[54.94076,41.889615],[54.907067,41.932144],[54.738291,42.04821],[54.195276,42.318064],[54.122618,42.337598],[54.047171,42.345401],[53.412274,42.258171],[52.978709,42.126629],[52.764665,41.993769],[52.437671,41.748876],[52.435802,41.768541],[52.490977,41.902045],[52.474132,41.962592],[52.433767,42.000434],[52.436778,42.057807],[52.402029,42.092515],[52.43629,42.179877],[52.484548,42.201728],[52.594086,42.335273],[52.601085,42.388617],[52.642833,42.42829],[52.67628,42.538479],[52.663341,42.612698],[52.6185,42.678412],[52.575694,42.698635],[52.563813,42.742255],[52.574474,42.749823],[52.600434,42.697659],[52.663341,42.667914],[52.71046,42.585395],[52.741222,42.637885],[52.736339,42.701361],[52.712901,42.73078],[52.629161,42.749823],[52.625011,42.774726],[52.470876,42.826239],[52.357432,42.831732],[52.320649,42.818752],[52.299571,42.790839],[52.27296,42.798774],[52.206309,42.866116],[52.1692,42.88703],[52.05836,42.878485],[51.932791,42.834947],[51.912446,42.842353],[51.802582,42.958686],[51.771983,43.030992],[51.711436,43.090888],[51.675792,43.099921],[51.679373,43.159735],[51.651052,43.191392],[51.612315,43.177069],[51.539806,43.174994],[51.508556,43.154486],[51.460297,43.16885],[51.275727,43.154486],[51.262706,43.164618],[51.266287,43.187567],[51.312836,43.311184],[51.314708,43.46247],[51.278575,43.517646],[51.27296,43.55858],[51.21811,43.593329],[51.206879,43.624457],[51.156016,43.624823],[51.115001,43.660834],[51.023123,43.800971],[50.991059,43.867092],[50.991059,43.908108],[50.953298,43.938788],[50.901703,44.011054],[50.86085,44.025377],[50.847179,44.189276],[50.781261,44.235907],[50.6963,44.26435],[50.344574,44.311265],[50.27768,44.336493],[50.237478,44.36933],[50.230154,44.390937],[50.237559,44.484076],[50.22462,44.567694],[50.237559,44.586493],[50.25408,44.557522],[50.268321,44.570543],[50.299083,44.655341],[50.311209,44.66234],[50.340017,44.647895],[50.497813,44.6258],[50.616954,44.639716],[50.627452,44.62401],[50.730479,44.620551],[50.756847,44.605048],[50.78419,44.632717],[50.872895,44.628852],[50.96046,44.569729],[51.004731,44.565985],[51.008637,44.551459],[50.991059,44.545478],[51.007335,44.528795],[51.143321,44.484768],[51.225271,44.499742],[51.292247,44.552314],[51.366222,44.560207],[51.381521,44.55976],[51.37379,44.527737],[51.470958,44.531887],[51.560313,44.511379],[51.573904,44.523912],[51.554373,44.550482],[51.438975,44.610053],[51.319347,44.596381],[51.29184,44.614488],[51.234386,44.719062],[51.096039,44.796861],[51.049571,44.803453],[50.970714,44.847154],[50.962413,44.863674],[50.965505,44.906684],[50.989757,44.918931],[50.993988,44.936469],[50.954356,44.952216],[50.959321,44.978827],[51.008556,44.995836],[51.065196,44.997016],[51.107188,45.032172],[51.196544,45.065619],[51.25115,45.026068],[51.27296,45.024644],[51.274913,45.05683],[51.243419,45.10106],[51.257986,45.134508],[51.244395,45.161811],[51.309255,45.25731],[51.397227,45.332587],[51.415701,45.38996],[51.456716,45.347398],[51.543712,45.334906],[51.592947,45.344713],[51.667735,45.389553],[51.699962,45.392076],[51.758311,45.457261],[51.792491,45.405463],[51.878429,45.395209],[51.940115,45.367336],[52.0088,45.395209],[52.094086,45.381537],[52.519298,45.408881],[52.909679,45.31269],[53.002208,45.320136],[53.108246,45.299628],[53.21811,45.340562],[53.245453,45.333808],[53.261241,45.342841],[53.26588,45.36107],[53.247569,45.369696],[53.142914,45.383979],[53.112071,45.406155],[53.035655,45.418769],[52.875743,45.471137],[52.850108,45.494208],[52.755219,45.516791],[52.738455,45.52558],[52.731944,45.554145],[52.745616,45.639146],[52.792247,45.662909],[52.858735,45.764838],[52.919932,45.796129],[52.954356,45.830308],[53.081798,46.005113],[53.076996,46.047838],[53.11378,46.097846],[53.156749,46.272284],[53.156749,46.341702],[53.128266,46.393948],[53.032563,46.470893],[53.102061,46.443549],[53.07545,46.475653],[53.081716,46.512437],[53.017833,46.478664],[52.998383,46.484565],[52.996593,46.504788],[53.04005,46.57392],[53.05421,46.5456],[53.087901,46.553412],[53.108246,46.621731],[53.117686,46.601508],[53.142426,46.635321],[53.200531,46.643297],[53.207774,46.695014],[53.188162,46.718004],[53.105805,46.73725],[53.083507,46.853258],[53.060395,46.89232],[52.992198,46.895453],[52.919932,46.957465],[52.782725,46.943834],[52.614757,46.950019],[52.519379,46.994208],[52.436778,46.999091],[52.419281,46.943996],[52.357188,46.893622],[52.262218,46.870103],[52.188813,46.883775],[52.182872,46.861884],[52.224376,46.848293],[52.244884,46.810045],[52.112559,46.81273],[52.071788,46.830024],[52.067393,46.851386],[52.000011,46.89057],[52.018891,46.936998],[51.999034,46.940985],[51.960704,46.88581],[51.941417,46.87995],[51.853852,46.895453],[51.895518,46.930813],[51.874034,46.935614],[51.806,46.909084],[51.743907,46.926825],[51.675792,46.978583],[51.696056,47.021186],[51.680186,47.057034],[51.635753,47.048774],[51.611013,46.988837],[51.592296,46.98725],[51.527192,47.052965],[51.253591,47.102973],[51.212576,47.120917],[51.102712,47.080471],[50.970714,47.059882],[50.905447,47.018948],[50.846528,47.03677],[50.838145,47.009914],[50.740571,46.906155],[50.730479,46.923326],[50.753184,46.955064],[50.752126,46.974677],[50.678233,46.932685],[50.616059,46.935614],[50.606944,46.868109],[50.569102,46.829047],[50.551606,46.834621],[50.578136,46.878363],[50.555431,46.882392],[50.502778,46.863593],[50.430186,46.896715],[50.383637,46.817776],[50.367361,46.806627],[50.374278,46.854438],[50.340017,46.813463],[50.298676,46.801947],[50.230968,46.72602],[50.213145,46.728176],[50.223155,46.761054],[50.213145,46.765692],[50.168793,46.749091],[50.034028,46.635159],[49.962657,46.629136],[49.882335,46.575873],[49.839692,46.580756],[49.817393,46.540432],[49.771332,46.567084],[49.760916,46.563381],[49.757498,46.531684],[49.702647,46.560248],[49.702647,46.519273],[49.622569,46.582831],[49.626801,46.519273],[49.608084,46.527004],[49.578949,46.498847],[49.557872,46.534369],[49.480805,46.560614],[49.469086,46.594387],[49.472341,46.546617],[49.50408,46.498847],[49.492849,46.499579],[49.456798,46.509589],[49.46225,46.532945],[49.428966,46.554877],[49.421397,46.53974],[49.389496,46.544013],[49.323009,46.568061],[49.305349,46.587592],[49.312999,46.562079],[49.378591,46.510199],[49.394216,46.478339],[49.333263,46.484565],[49.297862,46.523749],[49.278087,46.519273],[49.294688,46.508002],[49.303559,46.466457],[49.366873,46.429877],[49.37143,46.399359],[49.366873,46.388983],[49.325694,46.410346],[49.266287,46.464057],[49.223399,46.470893],[49.243175,46.458564],[49.255382,46.42414],[49.291759,46.39643],[49.278087,46.388983],[49.168224,46.40941],[49.178396,46.392808],[49.215831,46.380316],[49.227131,46.327879],[49.033162,46.404895],[48.897046,46.482177],[48.819635,46.479257],[48.705016,46.550441],[48.539393,46.56796],[48.563009,46.591317],[48.546886,46.599276],[48.53004,46.638188],[48.455109,46.660796],[48.505752,46.732601],[48.556705,46.761746],[48.6182,46.770428],[48.676594,46.758026],[48.739536,46.690562],[48.764031,46.682836],[48.91689,46.702577],[49.00629,46.76911],[48.697265,47.100976],[48.525079,47.410234],[48.411081,47.445761],[48.174351,47.712851],[48.044488,47.769695],[47.649732,47.765587],[47.412175,47.835867],[47.388818,47.811915],[47.382926,47.705358],[47.374245,47.685824],[47.359672,47.683344],[47.174464,47.770522],[47.11948,47.81977],[47.156739,47.863178],[47.155343,47.87744],[47.044239,47.986219],[47.13705,48.02725],[47.192034,48.071796],[47.103564,48.101199],[47.116483,48.153858],[47.075245,48.205121],[47.112142,48.241553],[47.098913,48.265375],[46.478279,48.41056],[46.753818,48.91407],[46.778002,48.936032],[46.930034,49.004038],[47.020881,49.096849],[47.040002,49.150334],[47.028633,49.201494],[46.97923,49.244282],[46.830712,49.318334],[46.775108,49.332545],[46.899907,49.820319],[46.922593,49.86135],[46.95856,49.88414],[47.177358,49.947185],[47.308719,50.044802],[47.328563,50.072965],[47.327633,50.109294],[47.273062,50.158438],[47.265104,50.186343],[47.32231,50.2374],[47.294766,50.275434],[47.30567,50.294864],[47.392228,50.323234],[47.469795,50.411756],[47.556921,50.45258],[47.624669,50.440798],[47.993225,50.181796],[48.012242,50.142108],[48.074564,50.105263],[48.096371,50.078546],[48.142363,49.963773],[48.200448,49.925016],[48.239308,49.864761],[48.30287,49.866725],[48.429891,49.809674],[48.479087,49.84316],[48.784598,49.933387],[48.885677,50.019894],[48.874102,50.069813],[48.851829,50.097253],[48.782841,50.111464],[48.789042,50.173011],[48.728891,50.265408],[48.701296,50.334603],[48.674424,50.47847],[48.67339,50.579549],[48.648482,50.601564],[48.572931,50.61686],[48.56828,50.636549],[48.58399,50.649623],[48.608795,50.647917],[48.739588,50.597533],[48.830435,50.596034],[49.012698,50.683419],[49.144059,50.781708],[49.36942,50.82677],[49.408436,50.848267],[49.423732,50.882063],[49.40549,50.913534],[49.347354,50.96428],[49.410606,51.085539],[49.436548,51.112333],[49.539746,51.100784],[49.779059,51.102179],[49.98685,51.22982],[50.207457,51.265942],[50.325383,51.303459],[50.348947,51.322605],[50.337578,51.372033],[50.376232,51.397019],[50.359592,51.413323],[50.457467,51.426888],[50.478965,51.453734],[50.527231,51.470089],[50.52537,51.565587],[50.575703,51.588428],[50.581698,51.635299],[50.694197,51.611166],[50.658696,51.576181],[50.670891,51.567525],[50.719984,51.567422],[50.790677,51.597291],[50.794501,51.625971],[50.747372,51.709041],[50.744168,51.742373],[50.767009,51.7594],[50.839253,51.745525],[50.900748,51.68713],[50.925449,51.679689],[51.169775,51.669483],[51.233854,51.685477],[51.288425,51.64287],[51.371934,51.629589],[51.381132,51.587059],[51.358963,51.561479],[51.236541,51.535899],[51.304238,51.47164],[51.461851,51.475283],[51.514974,51.492698],[51.559829,51.534582],[51.584324,51.534918],[51.620497,51.518691],[51.624425,51.481019],[51.647369,51.451228],[51.693309,51.454096],[51.782296,51.492853],[51.764726,51.593312],[51.869164,51.673074],[51.924768,51.678268],[52.035252,51.652404],[52.091786,51.658708],[52.14801,51.716069],[52.258184,51.724208],[52.307794,51.774541],[52.334872,51.763715],[52.37766,51.660104],[52.44453,51.580186],[52.478843,51.504868],[52.545815,51.459522],[52.575064,51.467144],[52.668547,51.455129],[52.779755,51.508123],[52.820682,51.487013],[52.896543,51.485282],[52.882797,51.467144],[52.944292,51.452881],[53.037103,51.489726],[53.157199,51.487013],[53.148621,51.504764],[53.165778,51.514557],[53.214147,51.494765],[53.346335,51.503033],[53.407313,51.484171],[53.453409,51.4419],[53.610298,51.388415],[53.617946,51.372137],[53.574435,51.353223],[53.593245,51.339115],[53.594072,51.289429],[53.67386,51.219872],[53.857725,51.184603],[53.93586,51.185611],[53.994047,51.15339],[54.017612,51.119077],[54.11156,51.096004],[54.149077,51.009652],[54.145356,50.992651],[54.233516,50.943093],[54.275787,50.904284],[54.478566,50.853486],[54.485284,50.825426],[54.421928,50.768685],[54.407149,50.684814],[54.37976,50.619444],[54.399501,50.578671],[54.435778,50.54751],[54.499443,50.523274],[54.591427,50.542342],[54.67628,50.602545],[54.673593,50.634326],[54.639073,50.706984],[54.650235,50.786307],[54.626877,50.811577],[54.651785,50.846252],[54.638246,50.885732],[54.502957,50.928262],[54.545952,50.953273],[54.525281,50.991101],[54.533756,51.003245],[54.638246,51.027687],[54.685788,51.023553],[54.811672,50.972394],[54.894251,50.912397],[55.04773,50.884234],[55.063233,50.862168],[55.061373,50.822687],[55.084007,50.796901],[55.305389,50.664971],[55.347763,50.65138],[55.467756,50.656961],[55.491114,50.64585],[55.52429,50.600685],[55.570385,50.588334],[55.659992,50.530043],[55.694305,50.538777],[55.764895,50.586836],[55.932327,50.646522],[56.078881,50.72476],[56.100069,50.74786],[56.15836,50.905524],[56.315456,50.88382],[56.335713,50.895861],[56.350493,50.948002],[56.432038,50.976218],[56.421186,51.033527],[56.47834,51.073034],[56.508003,51.066264],[56.596576,50.984021],[56.688353,50.969138],[56.707474,50.97043],[56.709644,50.981592],[56.680292,51.049779],[56.716052,51.072465],[56.76008,51.080242],[56.813617,51.05704],[56.865087,51.051769],[56.941051,51.068331],[57.072413,51.069726],[57.154475,51.099957],[57.181243,51.073499],[57.19747,51.017352],[57.272917,50.997457],[57.334309,50.897411],[57.418128,50.862375],[57.467634,50.858499],[57.555897,50.918754],[57.689222,50.896739],[57.722399,50.908728],[57.737282,50.938236],[57.734388,51.073886],[57.768804,51.119672],[57.912258,51.103393],[57.960214,51.077478],[58.077312,51.097942],[58.113693,51.065179],[58.167643,51.055179],[58.190587,51.06554],[58.223763,51.123134],[58.308409,51.150031],[58.365977,51.108923],[58.377966,51.070656],[58.52049,51.061949],[58.563484,51.049262],[58.595007,51.023372],[58.596351,50.962472],[58.554389,50.92542],[58.550152,50.893277],[58.571443,50.863511],[58.640999,50.863408],[58.651231,50.85328],[58.646683,50.801293],[58.664357,50.789924],[58.747762,50.795092],[58.811531,50.725484],[58.925943,50.678148],[59.197451,50.662749],[59.273312,50.615981],[59.437643,50.631123],[59.563423,50.57986],[59.560426,50.553815],[59.478157,50.552419],[59.451699,50.537278],[59.466272,50.507357],[59.522806,50.474646],[59.622231,50.524101],[59.774677,50.533712],[59.815708,50.56291],[59.915133,50.673807],[59.914616,50.745896],[59.962159,50.829508],[60.021276,50.854055],[60.083288,50.857155],[60.136205,50.844495],[60.154808,50.770907],[60.176719,50.742175],[60.300433,50.684659],[60.718495,50.652672],[60.818334,50.662904],[61.372098,50.782483],[61.426875,50.833074],[61.534156,51.206075],[61.567332,51.233876],[61.663657,51.258397],[61.562991,51.295526],[61.473798,51.425803],[61.356182,51.459651],[61.304919,51.452881],[61.232985,51.470555],[61.02938,51.482673],[60.944631,51.544374],[60.937396,51.611166],[60.515096,51.61791],[60.484711,51.651034],[60.37588,51.662532],[60.355106,51.671421],[60.356036,51.692272],[60.437375,51.728394],[60.440166,51.753948],[60.475512,51.776195],[60.47975,51.784256],[60.452051,51.805469],[60.274491,51.832832],[60.138065,51.888875],[60.117808,51.863554],[60.060757,51.85867],[60.040087,51.871202],[59.985723,51.952282],[60.00319,51.992512],[60.202764,51.992745],[60.4258,52.129584],[60.506518,52.15165],[60.672193,52.144338],[60.722836,52.169582],[60.78123,52.220612],[60.896675,52.254693],[61.039922,52.334998],[60.961374,52.401971],[60.936466,52.48858],[60.814923,52.521912],[60.803141,52.627745],[60.724489,52.62622],[60.672606,52.672161],[60.696171,52.734922],[60.829082,52.771638],[60.884893,52.825252],[61.058422,52.922171],[60.974603,52.971238],[61.088602,52.978059],[61.190301,53.013148],[61.287349,52.985165],[61.349361,52.984907],[61.448269,53.021416],[61.605573,52.94832],[61.675336,52.973615],[61.819823,52.97824],[61.959246,52.934935],[62.034849,52.952712],[62.094173,52.992477],[62.116032,53.064592],[62.083218,53.113297],[62.050662,53.124769],[61.764219,53.169469],[61.64309,53.24334],[61.514312,53.208665],[61.37985,53.261866],[61.20291,53.276439],[61.162706,53.299151],[61.133663,53.34814],[61.137177,53.373126],[61.200946,53.436223],[61.218206,53.492653],[61.235259,53.50304],[61.287659,53.503195],[61.353495,53.449814],[61.412303,53.435758],[61.555343,53.505727],[61.528368,53.571667],[61.503047,53.588978],[61.361246,53.58257],[61.316081,53.545208],[61.280734,53.542418],[61.140381,53.562727],[61.096353,53.59921],[60.907321,53.613628],[60.880242,53.6328],[60.904737,53.657088],[61.007573,53.635745],[61.042713,53.654246],[61.052221,53.703286],[61.106895,53.712433],[61.127462,53.74716],[61.199086,53.797131],[61.20198,53.81961],[61.084984,53.875317],[60.978014,53.882604],[60.969436,53.904256],[60.978014,53.926684],[61.017391,53.948956],[61.096353,53.956243],[61.145239,53.950145],[61.176245,53.916503],[61.210765,53.907667],[61.230505,53.943065],[61.193505,54.018254],[61.249832,54.020735],[61.311534,54.059854],[61.337682,54.063161],[61.417677,54.055978],[61.478552,54.002906],[61.552759,53.992519],[61.55617,53.960945],[61.581801,53.947664],[61.61105,53.95955],[61.619939,53.992571],[61.715333,53.992571],[61.742102,53.981564],[61.791298,54.000788],[61.820547,53.992571],[61.836153,53.951127],[61.85641,53.942703],[62.003636,53.932006],[62.002603,54.017376],[62.412707,54.026626],[62.446141,54.014534],[62.444023,53.992313],[62.399581,53.974484],[62.38661,53.961307],[62.389969,53.941566],[62.525258,53.871855],[62.545102,53.883689],[62.531769,53.930353],[62.586546,53.969833],[62.550579,54.026833],[62.580965,54.053601],[62.629128,54.071171],[62.812062,54.094994],[62.902393,54.078457],[62.985488,54.092875],[63.084655,54.08564],[63.127443,54.110445],[63.110029,54.157987],[63.123774,54.17411],[63.216275,54.17871],[63.368307,54.162845],[63.477551,54.203979],[63.544937,54.20646],[63.708648,54.250437],[63.743995,54.248731],[63.897474,54.194161],[63.908016,54.207493],[64.0,54.22620997046103],[64.0,43.575159076727374]],[[63.443548,45.567969],[63.557391,45.584376],[63.70994,45.636285],[63.796343,45.686644],[63.896699,45.781703],[63.9553,45.895184],[63.967134,45.978332],[63.9553,46.061427],[63.921297,46.13889],[63.867553,46.208964],[63.754899,46.296658],[63.610928,46.358412],[63.501477,46.382441],[63.383914,46.390839],[63.26635,46.382441],[63.156899,46.358412],[63.012929,46.296658],[62.933864,46.240719],[62.871025,46.17496],[62.812527,46.061427],[62.803639,45.936164],[62.846479,45.817773],[62.933864,45.715945],[63.012929,45.660005],[63.105946,45.615615],[63.26635,45.574222],[63.443548,45.567969]]],[[[64.0,54.27540875517665],[63.978968,54.29648],[64.0,54.31750044529143],[64.0,54.27540875517665]]],[[[50.256602,44.985989],[50.27711,45.071519],[50.348399,45.084906],[50.353689,45.073065],[50.326345,45.033108],[50.333181,44.994574],[50.304454,44.959418],[50.264415,44.963813],[50.256602,44.985989]]],[[[50.143077,44.817857],[50.063975,44.844143],[50.04184,44.894924],[49.986095,44.946763],[49.986176,44.968004],[50.04184,45.057522],[50.067638,45.071479],[50.113455,45.079901],[50.112153,45.062486],[50.053559,45.038764],[50.021007,44.975775],[50.021169,44.944037],[50.042817,44.924465],[50.058279,44.929104],[50.073416,44.861762],[50.141368,44.840277],[50.18922,44.861477],[50.170258,44.830146],[50.143077,44.817857]]],[[[50.757823,44.870551],[50.697765,44.857856],[50.701915,44.880561],[50.688731,44.889146],[50.686534,44.911689],[50.640798,44.933295],[50.62794,44.967027],[50.677989,44.935614],[50.713715,44.953803],[50.757823,44.870551]]],[[[52.699067,45.441474],[52.702485,45.405219],[52.677094,45.396959],[52.588552,45.432807],[52.552013,45.478339],[52.593516,45.508979],[52.599946,45.527493],[52.65504,45.521389],[52.699067,45.441474]]],[[[49.83839,46.285875],[49.841319,46.262844],[49.821544,46.217515],[49.804698,46.210517],[49.766938,46.247789],[49.719981,46.356757],[49.792166,46.339057],[49.83839,46.285875]]]]}},{"type":"Feature","properties":{"name":"Lithuania","iso":"LT","pop":2786844},"geometry":{"type":"MultiPolygon","coordinates":[[[[26.603833,55.643271],[26.595565,55.56803],[26.532106,55.516251],[26.527662,55.492169],[26.543268,55.459613],[26.49924,55.428091],[26.445496,55.337502],[26.450044,55.327063],[26.525388,55.308098],[26.602696,55.316883],[26.768629,55.300243],[26.80072,55.27332],[26.76558,55.246706],[26.701088,55.236836],[26.656956,55.215339],[26.633909,55.192188],[26.600939,55.120823],[26.473402,55.145679],[26.428753,55.128212],[26.264422,55.140098],[26.233003,55.111624],[26.224631,55.054884],[26.138642,54.968946],[25.981132,54.942694],[25.870234,54.938818],[25.84667,54.90621],[25.782695,54.869675],[25.772256,54.850865],[25.778457,54.805286],[25.734946,54.78906],[25.7212,54.766736],[25.72461,54.715679],[25.708384,54.663021],[25.739906,54.607727],[25.740423,54.568505],[25.630869,54.508354],[25.612576,54.421796],[25.529997,54.346141],[25.528653,54.320975],[25.564,54.303146],[25.695981,54.320975],[25.719236,54.281546],[25.739286,54.282579],[25.789206,54.236225],[25.771946,54.21788],[25.763057,54.156437],[25.690607,54.148221],[25.653503,54.128739],[25.516044,54.144758],[25.485762,54.175402],[25.528963,54.195659],[25.499301,54.211834],[25.501678,54.221756],[25.553975,54.231265],[25.459355,54.298909],[25.369748,54.247904],[25.206244,54.256793],[25.156531,54.175712],[25.071989,54.132201],[25.027133,54.12786],[24.902283,54.149771],[24.821565,54.134526],[24.818154,54.110135],[24.782497,54.092875],[24.821358,54.019908],[24.819394,53.992571],[24.788698,53.969678],[24.705603,53.964201],[24.666845,53.993863],[24.528663,53.958361],[24.377871,53.886841],[24.257051,53.894024],[24.229146,53.932368],[24.169615,53.95893],[24.045385,53.930869],[23.981306,53.930404],[23.919811,53.947768],[23.828344,53.920069],[23.787209,53.927924],[23.627116,53.89821],[23.485625,53.939293],[23.487486,53.955622],[23.45865,53.981616],[23.496477,54.021975],[23.473947,54.112564],[23.449039,54.154938],[23.391471,54.180105],[23.354471,54.217054],[23.117069,54.303457],[23.050096,54.294827],[23.032113,54.309554],[23.041622,54.340974],[22.989738,54.353376],[22.96266,54.381695],[22.837603,54.400918],[22.76722,54.35627],[22.706965,54.418747],[22.680403,54.453215],[22.674616,54.492282],[22.681747,54.5699],[22.708102,54.635633],[22.700867,54.679558],[22.727015,54.705344],[22.724845,54.723379],[22.832849,54.778673],[22.848352,54.813813],[22.821273,54.885488],[22.749236,54.909879],[22.740968,54.917631],[22.75213,54.931118],[22.715543,54.951376],[22.633481,54.957939],[22.565475,55.067803],[22.541084,55.075761],[22.436284,55.057777],[22.251282,55.070852],[22.142658,55.054625],[22.076823,55.02858],[22.02773,55.044393],[22.015431,55.088422],[22.003442,55.093486],[21.942774,55.078293],[21.819887,55.119324],[21.750641,55.127954],[21.60512,55.192498],[21.503938,55.19441],[21.467661,55.211153],[21.37485,55.28996],[21.267589,55.248684],[21.264415,55.284003],[21.291189,55.297065],[21.259451,55.336249],[21.257091,55.369371],[21.188813,55.338609],[21.18336,55.346177],[21.248302,55.417873],[21.222911,55.520209],[21.199392,55.537665],[21.195079,55.58511],[21.147227,55.678168],[21.074392,55.74494],[21.060557,55.789252],[21.044688,55.873725],[21.05836,55.95185],[21.053396,56.072618],[21.190365,56.084459],[21.229639,56.163188],[21.327618,56.224373],[21.419292,56.237395],[21.596025,56.307882],[21.684495,56.310104],[22.094082,56.41741],[22.139144,56.415705],[22.214902,56.390383],[22.511731,56.395964],[22.604749,56.379092],[22.666347,56.349094],[22.924523,56.412113],[22.956976,56.401985],[23.016714,56.32385],[23.062292,56.304161],[23.112728,56.310879],[23.17257,56.357956],[23.288428,56.373046],[23.481595,56.330103],[23.609856,56.353822],[23.706697,56.354442],[23.723544,56.345812],[23.724991,56.328811],[23.858109,56.334392],[23.981306,56.312404],[24.07515,56.271192],[24.138919,56.257446],[24.318546,56.29858],[24.414354,56.265507],[24.481327,56.26884],[24.538998,56.287625],[24.678628,56.377283],[24.805545,56.408548],[24.845852,56.40493],[24.870967,56.442602],[24.910138,56.421958],[24.973183,56.300751],[25.026203,56.260185],[25.073125,56.197811],[25.109196,56.183083],[25.661875,56.140812],[25.696602,56.087895],[25.871268,55.992139],[26.017616,55.937362],[26.178639,55.84959],[26.279718,55.743239],[26.48105,55.678308],[26.594531,55.666991],[26.603833,55.643271]]],[[[20.924569,55.282658],[20.999522,55.357001],[21.082367,55.497626],[21.099376,55.5987],[21.085216,55.722846],[21.117442,55.699774],[21.131521,55.655585],[21.133556,55.568305],[21.119884,55.489447],[21.087169,55.441067],[21.106212,55.42121],[21.073497,55.391791],[21.037852,55.328599],[20.988943,55.291327],[20.989431,55.273116],[20.924569,55.282658]]]]}},{"type":"Feature","properties":{"name":"Russia","iso":"RU","pop":144373535},"geometry":{"type":"MultiPolygon","coordinates":[[[[63.995969,54.315497],[63.978968,54.29648],[64.0,54.27540875517665],[64.0,54.22620997046103],[63.908016,54.207493],[63.897474,54.194161],[63.743995,54.248731],[63.708648,54.250437],[63.544937,54.20646],[63.477551,54.203979],[63.368307,54.162845],[63.216275,54.17871],[63.123774,54.17411],[63.110029,54.157987],[63.127443,54.110445],[63.084655,54.08564],[62.985488,54.092875],[62.902393,54.078457],[62.812062,54.094994],[62.629128,54.071171],[62.580965,54.053601],[62.550579,54.026833],[62.586546,53.969833],[62.531769,53.930353],[62.545102,53.883689],[62.525258,53.871855],[62.389969,53.941566],[62.38661,53.961307],[62.399581,53.974484],[62.444023,53.992313],[62.446141,54.014534],[62.412707,54.026626],[62.002603,54.017376],[62.003636,53.932006],[61.85641,53.942703],[61.836153,53.951127],[61.820547,53.992571],[61.791298,54.000788],[61.742102,53.981564],[61.715333,53.992571],[61.619939,53.992571],[61.61105,53.95955],[61.581801,53.947664],[61.55617,53.960945],[61.552759,53.992519],[61.478552,54.002906],[61.417677,54.055978],[61.337682,54.063161],[61.311534,54.059854],[61.249832,54.020735],[61.193505,54.018254],[61.230505,53.943065],[61.210765,53.907667],[61.176245,53.916503],[61.145239,53.950145],[61.096353,53.956243],[61.017391,53.948956],[60.978014,53.926684],[60.969436,53.904256],[60.978014,53.882604],[61.084984,53.875317],[61.20198,53.81961],[61.199086,53.797131],[61.127462,53.74716],[61.106895,53.712433],[61.052221,53.703286],[61.042713,53.654246],[61.007573,53.635745],[60.904737,53.657088],[60.880242,53.6328],[60.907321,53.613628],[61.096353,53.59921],[61.140381,53.562727],[61.280734,53.542418],[61.316081,53.545208],[61.361246,53.58257],[61.503047,53.588978],[61.528368,53.571667],[61.555343,53.505727],[61.412303,53.435758],[61.353495,53.449814],[61.287659,53.503195],[61.235259,53.50304],[61.218206,53.492653],[61.200946,53.436223],[61.137177,53.373126],[61.133663,53.34814],[61.162706,53.299151],[61.20291,53.276439],[61.37985,53.261866],[61.514312,53.208665],[61.64309,53.24334],[61.764219,53.169469],[62.050662,53.124769],[62.083218,53.113297],[62.116032,53.064592],[62.094173,52.992477],[62.034849,52.952712],[61.959246,52.934935],[61.819823,52.97824],[61.675336,52.973615],[61.605573,52.94832],[61.448269,53.021416],[61.349361,52.984907],[61.287349,52.985165],[61.190301,53.013148],[61.088602,52.978059],[60.974603,52.971238],[61.058422,52.922171],[60.884893,52.825252],[60.829082,52.771638],[60.696171,52.734922],[60.672606,52.672161],[60.724489,52.62622],[60.803141,52.627745],[60.814923,52.521912],[60.936466,52.48858],[60.961374,52.401971],[61.039922,52.334998],[60.896675,52.254693],[60.78123,52.220612],[60.722836,52.169582],[60.672193,52.144338],[60.506518,52.15165],[60.4258,52.129584],[60.202764,51.992745],[60.00319,51.992512],[59.985723,51.952282],[60.040087,51.871202],[60.060757,51.85867],[60.117808,51.863554],[60.138065,51.888875],[60.274491,51.832832],[60.452051,51.805469],[60.47975,51.784256],[60.475512,51.776195],[60.440166,51.753948],[60.437375,51.728394],[60.356036,51.692272],[60.355106,51.671421],[60.37588,51.662532],[60.484711,51.651034],[60.515096,51.61791],[60.937396,51.611166],[60.944631,51.544374],[61.02938,51.482673],[61.232985,51.470555],[61.304919,51.452881],[61.356182,51.459651],[61.473798,51.425803],[61.562991,51.295526],[61.663657,51.258397],[61.567332,51.233876],[61.534156,51.206075],[61.426875,50.833074],[61.372098,50.782483],[60.818334,50.662904],[60.718495,50.652672],[60.300433,50.684659],[60.176719,50.742175],[60.154808,50.770907],[60.136205,50.844495],[60.083288,50.857155],[60.021276,50.854055],[59.962159,50.829508],[59.914616,50.745896],[59.915133,50.673807],[59.815708,50.56291],[59.774677,50.533712],[59.622231,50.524101],[59.522806,50.474646],[59.466272,50.507357],[59.451699,50.537278],[59.478157,50.552419],[59.560426,50.553815],[59.563423,50.57986],[59.437643,50.631123],[59.273312,50.615981],[59.197451,50.662749],[58.925943,50.678148],[58.811531,50.725484],[58.747762,50.795092],[58.664357,50.789924],[58.646683,50.801293],[58.651231,50.85328],[58.640999,50.863408],[58.571443,50.863511],[58.550152,50.893277],[58.554389,50.92542],[58.596351,50.962472],[58.595007,51.023372],[58.563484,51.049262],[58.52049,51.061949],[58.377966,51.070656],[58.365977,51.108923],[58.308409,51.150031],[58.223763,51.123134],[58.190587,51.06554],[58.167643,51.055179],[58.113693,51.065179],[58.077312,51.097942],[57.960214,51.077478],[57.912258,51.103393],[57.768804,51.119672],[57.734388,51.073886],[57.737282,50.938236],[57.722399,50.908728],[57.689222,50.896739],[57.555897,50.918754],[57.467634,50.858499],[57.418128,50.862375],[57.334309,50.897411],[57.272917,50.997457],[57.19747,51.017352],[57.181243,51.073499],[57.154475,51.099957],[57.072413,51.069726],[56.941051,51.068331],[56.865087,51.051769],[56.813617,51.05704],[56.76008,51.080242],[56.716052,51.072465],[56.680292,51.049779],[56.709644,50.981592],[56.707474,50.97043],[56.688353,50.969138],[56.596576,50.984021],[56.508003,51.066264],[56.47834,51.073034],[56.421186,51.033527],[56.432038,50.976218],[56.350493,50.948002],[56.335713,50.895861],[56.315456,50.88382],[56.15836,50.905524],[56.100069,50.74786],[56.078881,50.72476],[55.932327,50.646522],[55.764895,50.586836],[55.694305,50.538777],[55.659992,50.530043],[55.570385,50.588334],[55.52429,50.600685],[55.491114,50.64585],[55.467756,50.656961],[55.347763,50.65138],[55.305389,50.664971],[55.084007,50.796901],[55.061373,50.822687],[55.063233,50.862168],[55.04773,50.884234],[54.894251,50.912397],[54.811672,50.972394],[54.685788,51.023553],[54.638246,51.027687],[54.533756,51.003245],[54.525281,50.991101],[54.545952,50.953273],[54.502957,50.928262],[54.638246,50.885732],[54.651785,50.846252],[54.626877,50.811577],[54.650235,50.786307],[54.639073,50.706984],[54.673593,50.634326],[54.67628,50.602545],[54.591427,50.542342],[54.499443,50.523274],[54.435778,50.54751],[54.399501,50.578671],[54.37976,50.619444],[54.407149,50.684814],[54.421928,50.768685],[54.485284,50.825426],[54.478566,50.853486],[54.275787,50.904284],[54.233516,50.943093],[54.145356,50.992651],[54.149077,51.009652],[54.11156,51.096004],[54.017612,51.119077],[53.994047,51.15339],[53.93586,51.185611],[53.857725,51.184603],[53.67386,51.219872],[53.594072,51.289429],[53.593245,51.339115],[53.574435,51.353223],[53.617946,51.372137],[53.610298,51.388415],[53.453409,51.4419],[53.407313,51.484171],[53.346335,51.503033],[53.214147,51.494765],[53.165778,51.514557],[53.148621,51.504764],[53.157199,51.487013],[53.037103,51.489726],[52.944292,51.452881],[52.882797,51.467144],[52.896543,51.485282],[52.820682,51.487013],[52.779755,51.508123],[52.668547,51.455129],[52.575064,51.467144],[52.545815,51.459522],[52.478843,51.504868],[52.44453,51.580186],[52.37766,51.660104],[52.334872,51.763715],[52.307794,51.774541],[52.258184,51.724208],[52.14801,51.716069],[52.091786,51.658708],[52.035252,51.652404],[51.924768,51.678268],[51.869164,51.673074],[51.764726,51.593312],[51.782296,51.492853],[51.693309,51.454096],[51.647369,51.451228],[51.624425,51.481019],[51.620497,51.518691],[51.584324,51.534918],[51.559829,51.534582],[51.514974,51.492698],[51.461851,51.475283],[51.304238,51.47164],[51.236541,51.535899],[51.358963,51.561479],[51.381132,51.587059],[51.371934,51.629589],[51.288425,51.64287],[51.233854,51.685477],[51.169775,51.669483],[50.925449,51.679689],[50.900748,51.68713],[50.839253,51.745525],[50.767009,51.7594],[50.744168,51.742373],[50.747372,51.709041],[50.794501,51.625971],[50.790677,51.597291],[50.719984,51.567422],[50.670891,51.567525],[50.658696,51.576181],[50.694197,51.611166],[50.581698,51.635299],[50.575703,51.588428],[50.52537,51.565587],[50.527231,51.470089],[50.478965,51.453734],[50.457467,51.426888],[50.359592,51.413323],[50.376232,51.397019],[50.337578,51.372033],[50.348947,51.322605],[50.325383,51.303459],[50.207457,51.265942],[49.98685,51.22982],[49.779059,51.102179],[49.539746,51.100784],[49.436548,51.112333],[49.410606,51.085539],[49.347354,50.96428],[49.40549,50.913534],[49.423732,50.882063],[49.408436,50.848267],[49.36942,50.82677],[49.144059,50.781708],[49.012698,50.683419],[48.830435,50.596034],[48.739588,50.597533],[48.608795,50.647917],[48.58399,50.649623],[48.56828,50.636549],[48.572931,50.61686],[48.648482,50.601564],[48.67339,50.579549],[48.674424,50.47847],[48.701296,50.334603],[48.728891,50.265408],[48.789042,50.173011],[48.782841,50.111464],[48.851829,50.097253],[48.874102,50.069813],[48.885677,50.019894],[48.784598,49.933387],[48.479087,49.84316],[48.429891,49.809674],[48.30287,49.866725],[48.239308,49.864761],[48.200448,49.925016],[48.142363,49.963773],[48.096371,50.078546],[48.074564,50.105263],[48.012242,50.142108],[47.993225,50.181796],[47.808224,50.319927],[47.776494,50.329797],[47.749106,50.360235],[47.689988,50.386331],[47.599296,50.452684],[47.511497,50.436923],[47.438892,50.383179],[47.392228,50.323234],[47.30567,50.294864],[47.294766,50.275434],[47.32231,50.2374],[47.265104,50.186343],[47.273062,50.158438],[47.327633,50.109294],[47.328563,50.072965],[47.308719,50.044802],[47.177358,49.947185],[46.95856,49.88414],[46.922593,49.86135],[46.899907,49.820319],[46.775108,49.332545],[46.830712,49.318334],[46.97923,49.244282],[47.028633,49.201494],[47.040002,49.150334],[47.020881,49.096849],[46.930034,49.004038],[46.778002,48.936032],[46.753818,48.91407],[46.478279,48.41056],[47.098913,48.265375],[47.112142,48.241553],[47.075245,48.205121],[47.116483,48.153858],[47.103564,48.101199],[47.192034,48.071796],[47.13705,48.02725],[47.044239,47.986219],[47.158651,47.871549],[47.125164,47.832094],[47.123821,47.808039],[47.174464,47.770522],[47.359672,47.683344],[47.374245,47.685824],[47.382926,47.705358],[47.388818,47.811915],[47.412175,47.835867],[47.649732,47.765587],[48.044488,47.769695],[48.174351,47.712851],[48.411081,47.445761],[48.525079,47.410234],[48.697265,47.100976],[49.00629,46.76911],[48.91689,46.702577],[48.764031,46.682836],[48.739536,46.690562],[48.676594,46.758026],[48.6182,46.770428],[48.556705,46.761746],[48.505752,46.732601],[48.455109,46.660796],[48.53004,46.638188],[48.546886,46.599276],[48.563009,46.591317],[48.539393,46.56796],[48.705016,46.550441],[48.819635,46.479257],[48.917975,46.474322],[49.033162,46.404895],[49.227131,46.327879],[49.306,46.263129],[49.281993,46.249905],[49.159679,46.291938],[49.1421,46.309963],[49.168224,46.327541],[49.150157,46.335761],[49.119802,46.305732],[49.076182,46.2862],[49.079356,46.272284],[49.05893,46.251776],[49.104747,46.240668],[49.114513,46.151272],[49.069021,46.191962],[49.042247,46.196234],[48.934825,46.141913],[48.955333,46.107815],[48.931814,46.085273],[48.899262,46.148383],[48.880138,46.156195],[48.886974,46.107815],[48.839203,46.149359],[48.831798,46.141913],[48.874197,46.078192],[48.85963,46.073635],[48.818533,46.124701],[48.791352,46.128241],[48.827647,46.087714],[48.817882,46.05622],[48.781749,46.096666],[48.714122,46.129584],[48.701996,46.11522],[48.678559,46.120307],[48.664236,46.089789],[48.626964,46.087307],[48.688487,46.066799],[48.729015,46.019965],[48.709972,45.996975],[48.647309,45.970608],[48.654796,45.956936],[48.699067,45.972602],[48.752208,45.965562],[48.742442,45.91413],[48.791352,45.840888],[48.765473,45.8522],[48.721446,45.838324],[48.716319,45.813544],[48.686697,45.848578],[48.710134,45.881822],[48.630382,45.909735],[48.593761,45.958197],[48.554942,45.967475],[48.509532,45.940619],[48.465587,45.940172],[48.393565,45.86815],[48.356944,45.869371],[48.362804,45.857611],[48.407237,45.851874],[48.414073,45.84394],[48.399425,45.835395],[48.288748,45.837348],[48.277192,45.7862],[48.220876,45.765204],[48.242849,45.709906],[48.179861,45.739691],[48.147797,45.743354],[48.133556,45.724189],[48.078868,45.751532],[48.007498,45.700507],[47.969005,45.731635],[47.930431,45.721747],[47.896983,45.693793],[47.875824,45.722602],[47.859141,45.724189],[47.834727,45.659857],[47.852306,45.642279],[47.818207,45.6081],[47.75172,45.690863],[47.704926,45.709906],[47.665212,45.707506],[47.619477,45.758938],[47.560069,45.771552],[47.555349,45.743598],[47.592296,45.744615],[47.604747,45.718817],[47.62615,45.709052],[47.625824,45.67182],[47.608084,45.667467],[47.608735,45.638821],[47.661143,45.621772],[47.645518,45.59219],[47.653656,45.559068],[47.615001,45.570217],[47.585948,45.6258],[47.540701,45.665839],[47.482432,45.668931],[47.432628,45.694485],[47.455089,45.717353],[47.503429,45.717353],[47.384776,45.75019],[47.383149,45.733954],[47.410655,45.713609],[47.427745,45.676418],[47.448253,45.676418],[47.468761,45.65526],[47.534841,45.643866],[47.55128,45.627997],[47.572113,45.566962],[47.542328,45.537055],[47.5088,45.571112],[47.509613,45.593899],[47.494314,45.58515],[47.500173,45.557685],[47.538259,45.506496],[47.501475,45.480455],[47.496755,45.429999],[47.393565,45.422553],[47.381358,45.411038],[47.460134,45.390815],[47.427745,45.367336],[47.384044,45.299465],[47.370128,45.185614],[47.314464,45.196601],[47.29713,45.187445],[47.261241,45.085028],[47.201182,44.970038],[47.180675,44.976711],[47.165782,44.966986],[47.146007,44.929104],[47.12672,44.950263],[47.098806,44.956366],[47.111664,44.869574],[47.078298,44.785102],[47.023611,44.842963],[47.003184,44.921576],[46.988943,44.915432],[46.983897,44.893378],[47.01002,44.830064],[46.961599,44.765204],[46.923839,44.77204],[46.867931,44.740465],[46.831309,44.696357],[46.791677,44.706041],[46.746267,44.654039],[46.722016,44.655341],[46.707774,44.569729],[46.723155,44.549465],[46.680431,44.528469],[46.700938,44.446194],[46.758962,44.40058],[46.851899,44.39761],[47.025645,44.359605],[47.055431,44.327704],[47.078298,44.26435],[47.122244,44.222724],[47.180024,44.202867],[47.22169,44.23078],[47.245942,44.211982],[47.289887,44.093004],[47.357921,44.020575],[47.432628,43.876166],[47.461925,43.860297],[47.441417,43.819281],[47.482758,43.824897],[47.502778,43.780992],[47.495453,43.764838],[47.444591,43.738471],[47.43393,43.716254],[47.455089,43.688951],[47.427745,43.668443],[47.393565,43.606391],[47.365733,43.620673],[47.379893,43.559719],[47.404959,43.543769],[47.404307,43.511379],[47.424327,43.503974],[47.448497,43.518134],[47.465343,43.552151],[47.477794,43.643744],[47.507335,43.685736],[47.502696,43.715033],[47.533865,43.775946],[47.544444,43.86522],[47.595714,43.90119],[47.652843,43.896674],[47.701508,43.874498],[47.643809,43.829901],[47.601573,43.765692],[47.490896,43.462836],[47.482188,43.42178],[47.493419,43.296332],[47.509613,43.291693],[47.534353,43.320624],[47.570323,43.333726],[47.585704,43.299547],[47.564952,43.268052],[47.48585,43.212836],[47.482432,43.127265],[47.455089,43.099921],[47.461925,43.020819],[47.530121,42.962104],[47.589854,42.942694],[47.621593,42.905097],[47.69809,42.867133],[47.711681,42.832424],[47.715587,42.696682],[47.727306,42.662787],[47.751801,42.636664],[47.867686,42.584662],[47.992931,42.419664],[48.095958,42.349799],[48.222341,42.175116],[48.304047,42.102729],[48.324962,42.038764],[48.386729,41.937201],[48.416352,41.915025],[48.552908,41.875556],[48.578949,41.845282],[48.455419,41.714406],[48.413251,41.627615],[48.370153,41.58015],[48.201843,41.493489],[48.053532,41.461295],[48.001648,41.362076],[47.953228,41.355771],[47.929456,41.313552],[47.892146,41.283269],[47.898864,41.229061],[47.871114,41.208183],[47.743731,41.192681],[47.622498,41.229061],[47.547309,41.205651],[47.500955,41.246321],[47.375588,41.259447],[47.268411,41.302803],[47.24092,41.338925],[47.239059,41.415716],[47.187073,41.485634],[47.159323,41.503514],[47.141391,41.5524],[47.107491,41.569919],[47.027031,41.556948],[47.003932,41.60542],[46.915978,41.680945],[46.902232,41.712752],[46.834795,41.730245],[46.769114,41.77572],[46.740795,41.851245],[46.567576,41.786675],[46.544321,41.814761],[46.543546,41.874293],[46.525511,41.882303],[46.430892,41.890442],[46.382057,41.925246],[46.294156,41.93863],[46.224341,41.993484],[46.099181,41.985061],[46.074996,41.993484],[46.05846,42.02033],[46.02673,42.01679],[45.995156,42.033456],[45.966372,42.022061],[45.934126,42.028495],[45.881364,42.102031],[45.811601,42.115492],[45.631405,42.201172],[45.62138,42.224478],[45.736412,42.447539],[45.739616,42.471466],[45.698688,42.507587],[45.536838,42.541358],[45.35597,42.519964],[45.32269,42.530118],[45.282693,42.586394],[45.184198,42.674838],[45.122961,42.702278],[45.029788,42.688765],[44.902974,42.753076],[44.85936,42.75951],[44.833676,42.734085],[44.773473,42.609648],[44.73637,42.677551],[44.679422,42.723672],[44.600977,42.749123],[44.508115,42.750286],[44.360682,42.703751],[44.272005,42.702382],[44.197384,42.629105],[44.055068,42.615307],[43.939726,42.55221],[43.885362,42.579211],[43.751107,42.598745],[43.722581,42.624867],[43.725682,42.6544],[43.811775,42.717265],[43.800613,42.746462],[43.662843,42.779845],[43.586259,42.835629],[43.517426,42.86046],[43.155588,42.942393],[42.998853,43.042206],[42.989758,43.05267],[43.000093,43.098662],[42.914827,43.121943],[42.829768,43.168761],[42.75153,43.176952],[42.673602,43.165893],[42.615207,43.13698],[42.534902,43.165067],[42.422867,43.22899],[42.354551,43.236018],[42.185363,43.225476],[42.043356,43.18057],[41.919332,43.205943],[41.577544,43.215296],[41.506128,43.25979],[41.41311,43.291286],[41.380657,43.334772],[41.350271,43.34335],[41.278751,43.333196],[41.146666,43.37986],[41.011791,43.375416],[40.874952,43.455643],[40.740179,43.495279],[40.651916,43.538971],[40.519624,43.505175],[40.23313,43.575765],[40.164297,43.575843],[40.07283,43.551064],[39.985976,43.38899],[39.962576,43.392646],[39.91033,43.426418],[39.867931,43.495673],[39.718272,43.567776],[39.690766,43.613837],[39.618907,43.644599],[39.45753,43.770901],[39.329356,43.896226],[39.116384,44.023505],[39.061209,44.076117],[39.011567,44.100287],[38.978282,44.148261],[38.855642,44.184516],[38.758311,44.273627],[38.595063,44.331936],[38.309825,44.366156],[38.288422,44.385159],[38.217296,44.387193],[38.177745,44.405992],[38.108084,44.497056],[38.062836,44.524237],[38.056163,44.558987],[38.011892,44.552314],[37.984548,44.564276],[37.928071,44.605943],[37.936209,44.634263],[37.874848,44.689399],[37.778494,44.729804],[37.822439,44.668158],[37.82016,44.647895],[37.800059,44.63524],[37.736501,44.635688],[37.631847,44.669013],[37.577159,44.655341],[37.508962,44.675279],[37.498709,44.668402],[37.436534,44.716783],[37.371104,44.74787],[37.317882,44.846177],[37.292491,44.867621],[37.31129,44.890855],[37.306,44.909654],[37.191905,44.991034],[36.840099,45.109361],[36.701671,45.103827],[36.641368,45.128363],[36.59311,45.164781],[36.577322,45.194159],[36.594737,45.20482],[36.729666,45.206285],[36.785411,45.230699],[36.840831,45.232856],[36.961681,45.282945],[36.970388,45.303046],[36.947276,45.320217],[36.788829,45.292182],[36.758067,45.354234],[36.775727,45.364814],[36.802501,45.31269],[36.812185,45.316392],[36.812185,45.347398],[36.847504,45.367336],[36.805919,45.370754],[36.781586,45.387641],[36.727794,45.371772],[36.668142,45.326361],[36.666515,45.340399],[36.705089,45.391018],[36.833263,45.44302],[36.895274,45.429999],[37.066661,45.353827],[37.139415,45.335517],[37.11378,45.31269],[37.106944,45.271674],[37.065929,45.261461],[37.07838,45.238959],[37.236501,45.255316],[37.254405,45.276923],[37.319184,45.271674],[37.274262,45.294135],[37.173676,45.300116],[37.158946,45.326077],[37.347667,45.327704],[37.381358,45.306464],[37.519298,45.369289],[37.504731,45.333808],[37.542654,45.347398],[37.600841,45.331366],[37.607921,45.31269],[37.566742,45.299628],[37.591075,45.289374],[37.635102,45.333808],[37.651622,45.31269],[37.729259,45.301663],[37.738292,45.310696],[37.69988,45.339179],[37.758067,45.402045],[37.717052,45.388983],[37.723481,45.414618],[37.702891,45.457261],[37.744395,45.450426],[37.686046,45.484036],[37.699718,45.562812],[37.649425,45.584947],[37.635102,45.6081],[37.623302,45.585883],[37.662446,45.566555],[37.635102,45.552883],[37.65504,45.508205],[37.641938,45.504462],[37.640798,45.455959],[37.619151,45.418402],[37.586274,45.43244],[37.595063,45.635321],[37.607921,45.662746],[37.626475,45.66828],[37.631114,45.648993],[37.614594,45.642279],[37.670909,45.609687],[37.682302,45.627997],[37.702891,45.621772],[37.66684,45.669013],[37.829438,45.75316],[37.861095,45.806098],[37.902029,45.950751],[37.940115,46.020331],[38.037852,46.056545],[38.097504,46.057807],[38.032481,46.025214],[38.073985,46.025214],[38.04184,45.961086],[38.080333,45.946357],[38.073009,45.908759],[38.001231,45.832587],[38.039561,45.816067],[38.060313,45.826606],[38.049815,45.854885],[38.073985,45.881822],[38.097504,45.950751],[38.121104,45.97134],[38.138927,46.030097],[38.162771,46.060004],[38.167491,46.12051],[38.24879,46.141547],[38.427419,46.038275],[38.559906,46.03266],[38.573497,46.064195],[38.570811,46.104682],[38.300059,46.218655],[38.271251,46.274156],[38.122895,46.377509],[38.067882,46.401435],[37.980642,46.400336],[37.977794,46.382148],[38.018728,46.368476],[37.995372,46.354438],[37.90504,46.411038],[37.827322,46.476508],[37.755138,46.645941],[37.730724,46.670111],[37.737559,46.676337],[37.852224,46.622504],[37.98227,46.617499],[38.036794,46.629462],[38.123302,46.686469],[38.213878,46.696194],[38.271739,46.732367],[38.31365,46.676337],[38.46225,46.646959],[38.57545,46.653795],[38.591645,46.659247],[38.598155,46.677924],[38.585785,46.695868],[38.513438,46.732489],[38.427989,46.744859],[38.389334,46.731594],[38.378184,46.708157],[38.368175,46.755439],[38.403005,46.779975],[38.403005,46.82095],[38.414724,46.833319],[38.47462,46.861884],[38.553071,46.848293],[38.690929,46.863837],[38.803722,46.893541],[38.865733,46.942939],[38.937348,46.947455],[39.075206,47.03266],[39.114919,47.012763],[39.153087,47.026353],[39.28004,47.012763],[39.303559,47.084703],[39.388682,47.11518],[39.354666,47.131049],[39.329356,47.128363],[39.28004,47.087836],[39.261974,47.107611],[39.273204,47.135647],[39.249197,47.148139],[39.256033,47.189765],[39.281586,47.205268],[39.264008,47.26081],[39.088145,47.286444],[39.013438,47.254462],[38.944591,47.252753],[38.930512,47.221625],[38.937755,47.189765],[38.847423,47.16356],[38.553071,47.135647],[38.568044,47.11518],[38.517426,47.119045],[38.478038,47.142483],[38.559906,47.218207],[38.775645,47.24551],[38.821137,47.276313],[38.810395,47.287828],[38.782888,47.259101],[38.553396,47.229804],[38.427908,47.133531],[38.265391,47.118801],[38.216645,47.103258],[38.20142,47.130742],[38.203487,47.192314],[38.222504,47.215233],[38.284722,47.241149],[38.300949,47.27603],[38.27573,47.291817],[38.201006,47.290629],[38.190568,47.316906],[38.257954,47.393232],[38.260331,47.492942],[38.319035,47.591308],[38.352935,47.607095],[38.562225,47.626629],[38.662167,47.683292],[38.734514,47.677143],[38.770997,47.780831],[38.830942,47.848243],[38.877244,47.86124],[39.039095,47.856925],[39.113509,47.828555],[39.319698,47.846021],[39.391631,47.822612],[39.570018,47.830932],[39.70076,47.811527],[39.759051,47.832947],[39.775587,47.85801],[39.777034,47.913743],[39.796154,47.961363],[39.759878,48.014951],[39.778791,48.029214],[39.842973,48.036397],[39.829021,48.076782],[39.843077,48.119751],[39.89372,48.182977],[39.977642,48.235455],[39.993248,48.27323],[39.957385,48.293384],[39.884831,48.278992],[39.815895,48.308164],[39.924105,48.376118],[39.84473,48.483502],[39.842146,48.499056],[39.869535,48.509908],[39.855066,48.556107],[39.835325,48.57347],[39.690114,48.593676],[39.63172,48.586906],[39.70293,48.746586],[39.736313,48.761521],[39.779411,48.80772],[39.824163,48.815626],[39.934957,48.786687],[39.975265,48.789685],[40.038724,48.829992],[40.053813,48.869215],[40.008855,48.887818],[39.950357,48.852781],[39.908189,48.878413],[39.758741,48.895415],[39.725978,48.937014],[39.673991,48.970139],[39.681123,49.020316],[39.918731,49.047808],[39.930927,49.10057],[39.952114,49.124548],[40.038414,49.168524],[40.141663,49.245781],[40.159543,49.333579],[40.061978,49.425821],[40.0349,49.487058],[40.05433,49.519769],[40.126057,49.559095],[40.130708,49.579817],[39.998106,49.608239],[39.889379,49.553256],[39.801529,49.542197],[39.729182,49.580799],[39.622935,49.613459],[39.557513,49.723994],[39.499118,49.728129],[39.443618,49.749523],[39.327656,49.72632],[39.26089,49.74451],[39.182755,49.858508],[39.15578,49.873598],[39.117126,49.864399],[39.04912,49.810552],[38.937395,49.803473],[38.852233,49.865795],[38.747846,49.885432],[38.687282,49.913802],[38.664647,49.965168],[38.619482,49.950751],[38.497526,49.948167],[38.356036,49.980568],[38.299915,50.060511],[38.173928,50.06015],[38.166176,49.94057],[38.119047,49.919176],[38.066544,49.927238],[38.000398,49.899798],[37.979004,49.941449],[37.915856,50.003306],[37.72765,50.078701],[37.597116,50.196937],[37.588641,50.21461],[37.60156,50.249027],[37.599183,50.290885],[37.568177,50.312537],[37.480017,50.340029],[37.435265,50.424934],[37.415214,50.431858],[37.285197,50.41527],[37.197037,50.362405],[37.051722,50.335327],[36.914056,50.339099],[36.848634,50.323699],[36.682649,50.260654],[36.635831,50.214042],[36.594386,50.20443],[36.534648,50.219933],[36.536405,50.267527],[36.410005,50.304579],[36.38799,50.30644],[36.31585,50.274865],[36.269031,50.281376],[36.169296,50.383696],[36.105837,50.42111],[35.83743,50.423228],[35.774384,50.3869],[35.737694,50.381577],[35.69687,50.345145],[35.611397,50.351708],[35.570159,50.376461],[35.540807,50.450048],[35.446446,50.476042],[35.425258,50.500485],[35.377716,50.621821],[35.391565,50.646367],[35.468873,50.668536],[35.445412,50.687502],[35.438488,50.762381],[35.37906,50.797211],[35.377716,50.833746],[35.341439,50.876482],[35.341749,50.91586],[35.284802,50.944333],[35.278084,50.992651],[35.332551,50.999937],[35.355082,51.025595],[35.308676,51.047325],[35.172561,51.040632],[35.143622,51.058487],[35.09918,51.183182],[35.078716,51.207625],[34.999445,51.202095],[34.946115,51.214291],[34.817544,51.174733],[34.674917,51.167679],[34.642774,51.180624],[34.608357,51.234006],[34.513479,51.229561],[34.371783,51.256847],[34.281762,51.226435],[34.185954,51.248914],[34.283623,51.301237],[34.308737,51.33462],[34.300159,51.36839],[34.247346,51.363429],[34.185851,51.394151],[34.186988,51.40831],[34.217063,51.417069],[34.223678,51.514764],[34.152985,51.583984],[34.140066,51.621191],[34.079501,51.643102],[34.089113,51.666615],[34.298195,51.706147],[34.37633,51.708602],[34.414157,51.736456],[34.41271,51.777693],[34.385735,51.817665],[34.294578,51.873889],[34.23422,51.878282],[34.228432,51.899262],[34.146163,51.95161],[34.096244,51.951817],[34.101102,51.992512],[34.062551,52.050209],[34.05666,52.105813],[34.07392,52.128318],[34.065341,52.158626],[34.021933,52.1979],[33.957751,52.224695],[33.9007,52.285854],[33.839102,52.313914],[33.804065,52.354609],[33.687948,52.355823],[33.600202,52.330786],[33.531679,52.288825],[33.510078,52.287533],[33.493025,52.303139],[33.499433,52.340992],[33.480519,52.357761],[33.419334,52.338331],[33.358976,52.357555],[33.182863,52.367296],[33.079613,52.305594],[33.030107,52.303604],[32.908978,52.241102],[32.844176,52.262341],[32.725423,52.252083],[32.528433,52.316213],[32.48058,52.307144],[32.394281,52.326807],[32.35356,52.321588],[32.339504,52.287249],[32.366995,52.2472],[32.328238,52.219165],[32.306741,52.141185],[32.277699,52.102661],[32.233309,52.080853],[32.095591,52.040726],[31.980559,52.047625],[31.910383,52.029073],[31.892037,52.036179],[31.882064,52.086408],[31.858706,52.09987],[31.764345,52.100568],[31.762588,52.149841],[31.682386,52.201931],[31.681921,52.230456],[31.699439,52.251463],[31.631433,52.26477],[31.567354,52.311382],[31.602753,52.340915],[31.608075,52.372463],[31.582857,52.402772],[31.587922,52.482612],[31.55056,52.511886],[31.575933,52.524728],[31.559293,52.540541],[31.610763,52.535993],[31.628643,52.54806],[31.579033,52.577825],[31.480641,52.68247],[31.547924,52.705699],[31.570248,52.725258],[31.560843,52.787063],[31.523946,52.811661],[31.505136,52.848894],[31.450979,52.857214],[31.387934,52.887987],[31.322615,52.977129],[31.247064,53.014388],[31.319204,53.076374],[31.363698,53.088776],[31.359925,53.133838],[31.378529,53.182026],[31.416356,53.199984],[31.535935,53.194868],[31.593606,53.210681],[31.738558,53.192542],[31.769719,53.169262],[31.796281,53.112392],[31.855502,53.110248],[31.930743,53.088337],[32.009911,53.099964],[32.117295,53.081102],[32.152332,53.096347],[32.201114,53.097561],[32.215687,53.125518],[32.267983,53.124769],[32.352836,53.18045],[32.423633,53.204402],[32.479133,53.274915],[32.455982,53.277783],[32.447197,53.288764],[32.454845,53.300443],[32.569154,53.298841],[32.595922,53.308272],[32.579954,53.324369],[32.717465,53.334937],[32.704443,53.366408],[32.719532,53.439478],[32.701239,53.462113],[32.646772,53.457978],[32.650286,53.487641],[32.576802,53.486039],[32.554271,53.510792],[32.429421,53.56159],[32.411489,53.582364],[32.399087,53.635384],[32.48058,53.66241],[32.490192,53.677138],[32.442133,53.713932],[32.371801,53.714397],[32.290411,53.760854],[32.164837,53.78168],[32.083602,53.809637],[31.873175,53.777132],[31.744656,53.794857],[31.81013,53.882604],[31.837932,53.962134],[31.84651,53.992313],[31.822636,54.053446],[31.77127,54.048537],[31.73675,54.094167],[31.506376,54.143931],[31.324682,54.229249],[31.299154,54.272606],[31.284788,54.347381],[31.248717,54.376785],[31.20903,54.448047],[31.064646,54.492282],[31.167947,54.621577],[31.128621,54.640387],[31.10516,54.668292],[30.999017,54.671341],[30.98062,54.705654],[30.770607,54.786011],[30.768127,54.829936],[30.826108,54.877478],[30.814842,54.928018],[30.917368,54.953959],[30.936075,54.973235],[30.90662,55.012561],[30.913234,55.024601],[31.005632,55.022999],[31.006407,55.04243],[30.970285,55.101444],[30.984031,55.1309],[30.958813,55.144439],[30.959795,55.162577],[30.886517,55.204538],[30.856803,55.253476],[30.794275,55.285515],[30.811225,55.323084],[30.918298,55.387783],[30.918608,55.407627],[30.881298,55.451448],[30.919435,55.492325],[30.899385,55.499146],[30.919745,55.534492],[30.912821,55.571596],[30.886156,55.600483],[30.847657,55.611025],[30.742185,55.594385],[30.693713,55.65216],[30.596354,55.665286],[30.583745,55.679135],[30.587466,55.718306],[30.480702,55.753962],[30.469282,55.762644],[30.477808,55.779129],[30.468817,55.793521],[30.270793,55.83065],[30.217773,55.855145],[30.106255,55.821917],[29.988226,55.846799],[29.907817,55.843208],[29.869474,55.830547],[29.805705,55.771455],[29.684162,55.770602],[29.585356,55.73802],[29.5081,55.685491],[29.480867,55.681099],[29.350745,55.766055],[29.348162,55.802848],[29.384128,55.879949],[29.444435,55.906925],[29.377411,55.954028],[29.224035,55.978186],[29.145435,56.012034],[29.030765,56.024178],[28.859716,55.976455],[28.833051,55.960978],[28.830881,55.937672],[28.73192,55.946793],[28.706392,55.959841],[28.680606,56.027382],[28.620713,56.082986],[28.537824,56.097714],[28.389771,56.088567],[28.333443,56.050249],[28.289828,56.046606],[28.148907,56.142414],[28.169112,56.161741],[28.217275,56.270727],[28.167148,56.369868],[28.164255,56.437952],[28.093251,56.501591],[28.132215,56.535982],[28.126117,56.547764],[28.010982,56.587555],[27.997443,56.603833],[27.98101,56.687006],[27.882618,56.725479],[27.865461,56.742687],[27.918895,56.805888],[27.913521,56.82015],[27.830838,56.864282],[27.786397,56.871258],[27.661185,56.839271],[27.62837,56.844154],[27.715135,56.957403],[27.723351,56.998796],[27.75074,57.042359],[27.745469,57.067991],[27.696066,57.085457],[27.682217,57.103699],[27.824327,57.15907],[27.841174,57.211212],[27.840295,57.290639],[27.640824,57.389005],[27.511323,57.430397],[27.528169,57.528479],[27.352935,57.527601],[27.328027,57.583153],[27.38208,57.602687],[27.377016,57.656714],[27.391434,57.680201],[27.507757,57.714773],[27.502435,57.772547],[27.553853,57.794768],[27.524604,57.8073],[27.700717,57.824844],[27.763452,57.838667],[27.799316,57.861069],[27.774408,57.890705],[27.664957,57.918404],[27.659376,57.93246],[27.675189,57.967806],[27.669091,57.991965],[27.631574,58.004161],[27.630437,58.08829],[27.579691,58.125859],[27.495355,58.22146],[27.482849,58.268641],[27.494115,58.319542],[27.554886,58.395248],[27.410606,58.754864],[27.477785,58.875426],[27.713326,58.991904],[27.842414,59.161196],[27.890783,59.258038],[27.882308,59.275659],[27.959719,59.306459],[28.076611,59.30527],[28.096869,59.319429],[28.000647,59.333744],[28.11356,59.345423],[28.157537,59.364026],[28.181825,59.356068],[28.186475,59.37493],[28.137796,59.400355],[28.104827,59.439215],[28.038578,59.462987],[28.019054,59.481757],[28.055349,59.527899],[28.072602,59.57803],[28.051768,59.624823],[28.000173,59.681383],[27.993419,59.703315],[28.007009,59.758246],[28.086925,59.799384],[28.123871,59.792304],[28.185232,59.758612],[28.223888,59.691107],[28.375255,59.666327],[28.404959,59.682847],[28.417735,59.708401],[28.427501,59.813422],[28.476085,59.851752],[28.535818,59.859565],[28.581879,59.834052],[28.678559,59.813178],[28.718028,59.786811],[28.766775,59.799547],[28.83253,59.786526],[28.8838,59.816596],[28.919119,59.813951],[28.976329,59.831285],[29.034434,59.886705],[29.030772,59.901109],[28.980235,59.929877],[29.014415,59.929877],[29.089366,59.979926],[29.161388,60.002631],[29.80421,59.94009],[29.862804,59.917955],[30.161957,59.868476],[30.216319,59.907213],[30.224294,59.933254],[30.206798,59.943549],[30.246104,59.974921],[30.209972,60.001125],[30.000824,60.011949],[29.948253,60.02969],[29.932384,60.066474],[29.89088,60.101223],[29.899669,60.133612],[29.848969,60.166938],[29.70102,60.200507],[29.525401,60.200873],[29.417898,60.16885],[29.052013,60.184272],[28.986501,60.217231],[28.922374,60.279853],[28.860199,60.295356],[28.79949,60.368842],[28.787852,60.341376],[28.746349,60.342108],[28.616954,60.381985],[28.438975,60.559882],[28.507335,60.559882],[28.524425,60.522366],[28.543793,60.510403],[28.683604,60.455878],[28.70281,60.461168],[28.699067,60.499823],[28.661388,60.534613],[28.663829,60.614447],[28.685395,60.615139],[28.644542,60.669745],[28.654633,60.681871],[28.712738,60.669745],[28.734548,60.692816],[28.721934,60.721177],[28.69044,60.738471],[28.573904,60.682685],[28.400564,60.665269],[28.382986,60.624254],[28.321625,60.621324],[28.343435,60.594062],[28.286469,60.598334],[28.215831,60.547553],[28.158458,60.553046],[28.13738,60.533189],[28.096446,60.539374],[28.034434,60.525784],[27.900401,60.528469],[27.870942,60.540473],[27.863048,60.567328],[27.816417,60.528225],[27.794119,60.533189],[27.807872,60.553046],[28.148132,60.757714],[28.24394,60.791588],[28.335924,60.859387],[28.526403,60.950234],[28.614563,60.961939],[28.688977,61.027387],[28.797601,61.09684],[29.203158,61.245901],[29.318396,61.338428],[29.4634,61.413824],[29.51704,61.47506],[29.635121,61.511104],[29.779143,61.593115],[29.84224,61.660165],[29.977684,61.728171],[30.339574,61.991669],[30.607206,62.151272],[30.647721,62.192768],[30.925636,62.302116],[30.98062,62.358805],[31.12335,62.434821],[31.168619,62.476007],[31.243757,62.503344],[31.284064,62.572978],[31.363336,62.651577],[31.441264,62.788701],[31.569525,62.905929],[31.535832,62.91952],[31.480641,62.986337],[31.262773,63.100594],[31.22567,63.19604],[31.203966,63.21268],[30.974936,63.289161],[30.82094,63.375668],[30.461065,63.472871],[30.38045,63.532454],[30.242474,63.581805],[30.001145,63.715337],[29.980785,63.741537],[30.201546,63.792645],[30.265573,63.830679],[30.328567,63.895998],[30.552326,64.021726],[30.58049,64.051079],[30.586432,64.084668],[30.532792,64.162545],[30.558475,64.219699],[30.50344,64.24378],[30.445976,64.250756],[30.370477,64.300831],[30.321126,64.317677],[30.093129,64.361241],[30.032461,64.396949],[30.070391,64.47188],[29.9905,64.504178],[29.968486,64.56283],[29.954843,64.56898],[30.136434,64.615385],[30.180824,64.642774],[30.1878,64.662359],[30.17054,64.681686],[30.109149,64.720082],[30.118864,64.767934],[30.062537,64.78416],[29.78028,64.795581],[29.698321,64.839144],[29.633622,64.90715],[29.588147,64.991435],[29.598379,65.034378],[29.627318,65.062231],[29.667832,65.077941],[29.820484,65.093651],[29.850198,65.121504],[29.808185,65.135302],[29.839294,65.166902],[29.833197,65.205013],[29.766844,65.217364],[29.626698,65.215219],[29.580085,65.235399],[29.615122,65.269402],[29.720129,65.329088],[29.730567,65.365365],[29.718165,65.454171],[29.72633,65.491507],[29.838571,65.564888],[29.702869,65.62938],[29.76426,65.648087],[30.003005,65.678137],[30.098503,65.656381],[30.113903,65.665502],[30.111733,65.712011],[30.075146,65.822805],[29.95846,65.973881],[29.900169,66.108059],[29.650882,66.287893],[29.569699,66.378172],[29.524482,66.491214],[29.40945,66.56847],[29.392397,66.60529],[29.32222,66.680065],[29.089159,66.837549],[29.051539,66.907803],[29.099908,66.991132],[29.429397,67.232771],[29.490685,67.262976],[29.519831,67.298167],[29.916241,67.508129],[29.959907,67.571587],[29.977684,67.662228],[30.009413,67.685844],[29.651192,67.823562],[29.33085,68.072694],[28.690321,68.183178],[28.663759,68.204003],[28.460981,68.491066],[28.447907,68.52972],[28.716366,68.727951],[28.801477,68.835489],[28.728251,68.865048],[28.444238,68.865823],[28.413128,68.880086],[28.410234,68.898535],[28.833464,68.984473],[28.973663,69.034237],[29.120269,69.046846],[29.240468,69.115059],[29.302273,69.200842],[29.334519,69.277375],[29.37679,69.301611],[29.60427,69.315202],[29.751393,69.357163],[29.900686,69.358248],[29.967142,69.373493],[30.123411,69.441912],[30.154831,69.506094],[30.224697,69.540821],[30.231622,69.558339],[30.22015,69.600249],[30.119071,69.634562],[30.230692,69.637301],[30.511657,69.536325],[30.755311,69.521494],[30.852979,69.527437],[30.898248,69.544232],[30.927032,69.57839],[30.927703,69.672131],[30.884295,69.702362],[30.877061,69.737605],[30.843988,69.766234],[30.840954,69.805842],[31.032237,69.777086],[31.133311,69.775702],[31.214122,69.756008],[31.283458,69.760321],[31.409028,69.715806],[31.401378,69.68769],[31.367931,69.671373],[31.361583,69.650458],[31.296723,69.612616],[31.353852,69.626899],[31.477794,69.697659],[31.810557,69.68773],[31.797618,69.704495],[31.700857,69.736558],[31.728038,69.77025],[31.710948,69.827379],[31.753673,69.854071],[31.848155,69.852851],[31.964041,69.816596],[32.029063,69.781968],[32.056977,69.777086],[32.098888,69.791897],[32.091807,69.815619],[31.981293,69.873277],[31.981293,69.900621],[31.913341,69.936184],[31.962413,69.969916],[32.054454,69.963772],[32.267263,69.876288],[32.358084,69.879543],[32.488292,69.850898],[32.523204,69.832343],[32.503591,69.820868],[32.523204,69.803168],[32.624685,69.782782],[32.727306,69.791897],[32.919607,69.780015],[33.049083,69.740058],[33.120291,69.744208],[33.133311,69.728664],[33.1067,69.648912],[33.035818,69.617743],[32.871755,69.582506],[32.437266,69.650092],[32.370616,69.640082],[32.169688,69.654853],[32.159679,69.667711],[32.180186,69.704983],[32.173676,69.728664],[32.147472,69.75141],[32.111664,69.752875],[32.119151,69.708482],[32.101573,69.673977],[32.059825,69.659491],[31.968272,69.654202],[32.055919,69.636542],[32.063813,69.619452],[32.016124,69.580227],[32.016124,69.564195],[32.074718,69.590766],[32.133311,69.598212],[32.288259,69.574286],[32.399099,69.584215],[32.433849,69.564195],[32.3921,69.536851],[32.501964,69.517035],[32.48585,69.503485],[32.420177,69.502753],[32.365245,69.468655],[32.193614,69.434516],[32.238048,69.422309],[32.289399,69.430732],[32.420095,69.464586],[32.4546,69.492865],[32.527599,69.489325],[32.536876,69.509589],[32.60377,69.484198],[32.687022,69.502753],[32.899262,69.482245],[32.792491,69.442532],[32.769542,69.414008],[32.893077,69.461819],[33.084972,69.47606],[32.861827,69.36522],[32.803722,69.304145],[32.823497,69.301215],[32.895356,69.314927],[32.953136,69.377509],[32.989268,69.393541],[33.317638,69.451239],[33.362071,69.434516],[33.447927,69.447211],[33.523692,69.42829],[33.505382,69.403551],[33.413829,69.372992],[33.496349,69.379869],[33.375987,69.307563],[33.261241,69.291002],[33.235118,69.270006],[33.447765,69.288398],[33.475922,69.270006],[33.29656,69.229071],[33.406016,69.229682],[33.406423,69.208564],[33.511567,69.225491],[33.5442,69.208564],[33.511892,69.184231],[33.317638,69.119208],[33.060557,69.083319],[33.023448,69.057766],[33.016368,69.038723],[33.01238,68.975653],[33.023448,68.954739],[33.064301,69.057766],[33.112641,69.075385],[33.225597,69.076117],[33.426606,69.104682],[33.455414,69.141059],[33.562836,69.182074],[33.576182,69.199205],[33.564708,69.242662],[33.57838,69.256334],[33.564708,69.270006],[33.571544,69.304145],[33.620453,69.327704],[33.723969,69.336819],[33.740245,69.32274],[33.722341,69.304145],[33.779063,69.317288],[33.87322,69.310981],[33.852061,69.338935],[34.420584,69.310981],[34.413748,69.29267],[34.447032,69.283677],[34.606212,69.270006],[34.661794,69.249498],[34.98227,69.229071],[34.955577,69.194892],[34.972667,69.193345],[35.030772,69.222154],[35.087169,69.225979],[35.140636,69.215399],[35.144054,69.191474],[35.1692,69.181057],[35.264171,69.215399],[35.246918,69.236396],[35.147472,69.270006],[35.182628,69.279934],[35.330333,69.276068],[35.873546,69.194892],[35.995291,69.166815],[36.054698,69.128079],[36.096446,69.132799],[36.249522,69.110989],[36.273611,69.098456],[36.264659,69.078192],[36.312348,69.057766],[36.517914,69.029771],[36.72877,68.979682],[36.764334,68.954739],[36.842052,68.945258],[37.01238,68.894477],[37.043712,68.874457],[37.209972,68.845445],[37.242686,68.80858],[37.355235,68.790229],[37.453868,68.744574],[37.680512,68.713446],[37.9463,68.600816],[38.039887,68.543769],[38.06658,68.50967],[38.176443,68.495429],[38.206798,68.482367],[38.217052,68.461249],[38.329845,68.442206],[38.347667,68.41885],[38.391287,68.399482],[38.388682,68.343166],[38.423513,68.337714],[38.443614,68.358832],[38.715831,68.291571],[38.765391,68.290595],[38.510102,68.365465],[38.512218,68.375881],[38.536632,68.377916],[38.588634,68.359931],[38.615245,68.365058],[38.597911,68.381985],[38.639171,68.384955],[38.79363,68.328681],[38.925629,68.311103],[38.951834,68.287055],[38.930512,68.276923],[38.953868,68.266303],[39.034923,68.251207],[39.253184,68.170233],[39.358735,68.149644],[39.520763,68.075995],[39.739106,68.048],[39.859548,68.046617],[39.862153,68.057196],[39.79477,68.118354],[39.709809,68.168769],[39.793224,68.16474],[39.870128,68.129299],[39.912852,68.12287],[39.944591,68.067328],[40.004405,68.019843],[40.058116,68.010077],[40.148611,67.957953],[40.303559,67.901923],[40.352061,67.906317],[40.410655,67.875067],[40.417735,67.865424],[40.403575,67.852932],[40.321544,67.844916],[40.466807,67.761176],[40.538341,67.754706],[40.567882,67.782864],[40.564464,67.807034],[40.654633,67.814602],[40.670746,67.810289],[40.684093,67.781195],[40.800629,67.728217],[40.923188,67.734524],[40.965831,67.725084],[41.039887,67.677802],[41.053966,67.653144],[41.052257,67.619127],[40.989431,67.563707],[41.01352,67.535793],[40.999278,67.467475],[41.08725,67.459906],[41.150076,67.423489],[41.132986,67.309149],[41.108897,67.253811],[41.140473,67.235338],[41.242849,67.213446],[41.307791,67.234768],[41.339692,67.223822],[41.363048,67.203762],[41.335704,67.159654],[41.390391,67.124905],[41.384532,67.110012],[41.34254,67.087348],[41.34254,67.046373],[41.360037,67.013617],[41.329845,66.998236],[41.279796,67.002102],[41.267345,66.988349],[41.304698,66.962063],[41.304698,66.949897],[41.178071,66.809556],[40.917979,66.672431],[40.744965,66.597357],[40.718761,66.570014],[40.719249,66.541938],[40.705089,66.528469],[40.602061,66.496527],[40.565603,66.455756],[40.506521,66.440253],[40.444347,66.405504],[40.308604,66.381985],[40.158376,66.329332],[40.084972,66.288764],[39.704438,66.206936],[39.46518,66.179592],[39.343598,66.134711],[39.063975,66.103909],[38.972179,66.111314],[38.554373,66.054999],[37.927094,66.088772],[37.821462,66.112209],[37.655528,66.123114],[37.546397,66.144843],[37.438487,66.192857],[37.273123,66.230455],[36.88738,66.285224],[36.406261,66.294745],[36.274669,66.320868],[35.770274,66.361151],[35.671072,66.387397],[35.557791,66.38703],[35.380626,66.417873],[35.31422,66.456936],[35.181488,66.481269],[34.887706,66.599758],[34.803559,66.613511],[34.564708,66.542711],[34.480154,66.537584],[34.434337,66.547268],[34.355968,66.629788],[34.393321,66.645738],[34.503184,66.638251],[34.525157,66.648179],[34.521658,66.657172],[34.489513,66.658759],[34.496349,66.651923],[34.470225,66.646064],[34.212413,66.672431],[34.174815,66.686713],[34.129649,66.668524],[34.092296,66.672431],[34.132498,66.698188],[34.161143,66.735093],[34.156505,66.763495],[34.141368,66.77383],[34.109386,66.728258],[34.069021,66.70185],[33.947276,66.684882],[33.886241,66.714016],[33.869802,66.715033],[33.858897,66.693549],[33.832693,66.695543],[33.763845,66.766547],[33.669607,66.805487],[33.641775,66.801011],[33.592052,66.830715],[33.605642,66.78974],[33.523692,66.830715],[33.519542,66.802191],[33.62615,66.748114],[33.523692,66.782294],[33.571544,66.741929],[33.488943,66.768622],[33.557872,66.727688],[33.5171,66.724189],[33.100597,66.85814],[32.843272,66.976264],[32.804861,67.010321],[32.802257,67.049058],[32.817393,67.063422],[32.968761,67.090766],[32.929942,67.100002],[32.772227,67.093004],[32.635509,67.13288],[32.454438,67.134955],[32.382579,67.159654],[32.074067,67.141588],[31.910492,67.16828],[31.850922,67.152818],[31.926606,67.152818],[31.912934,67.124905],[32.092784,67.120347],[32.204845,67.134467],[32.261974,67.124986],[32.358084,67.070258],[32.289806,67.077704],[32.314138,67.060248],[32.41863,67.054389],[32.503266,67.030463],[32.549815,67.000067],[32.551524,66.976508],[32.506684,66.94892],[32.3921,66.953559],[32.49586,66.933092],[32.475352,66.926947],[32.478282,66.90998],[32.420177,66.885932],[32.545421,66.883002],[32.676036,66.828355],[32.666515,66.809556],[32.705089,66.796373],[32.890961,66.781562],[32.934744,66.741929],[32.769542,66.741929],[32.97462,66.691107],[33.183442,66.69245],[33.324474,66.645738],[33.318614,66.62934],[33.120779,66.650214],[33.093598,66.611233],[33.066173,66.597724],[32.865245,66.597968],[32.901378,66.574774],[33.105317,66.57685],[33.091807,66.584296],[33.105724,66.594428],[33.206309,66.598863],[33.221446,66.604804],[33.219737,66.616116],[33.259613,66.618394],[33.422862,66.592231],[33.468923,66.55565],[33.536794,66.535875],[33.499197,66.522854],[33.192719,66.578803],[33.153087,66.570014],[33.187266,66.556342],[33.073253,66.556871],[32.940929,66.528469],[33.046886,66.506049],[33.228689,66.532864],[33.29713,66.518785],[33.307465,66.497992],[33.354828,66.480211],[33.508637,66.463813],[33.602224,66.501654],[33.633637,66.474066],[33.585216,66.46015],[33.7046,66.443834],[33.735362,66.426011],[33.684744,66.413479],[33.565684,66.419867],[33.516287,66.405504],[33.64324,66.378241],[33.674571,66.357123],[33.62908,66.344306],[33.388438,66.344387],[33.310802,66.316799],[33.48113,66.315172],[33.598806,66.33039],[33.639008,66.314439],[33.619884,66.309312],[33.871104,66.266669],[33.889171,66.258246],[33.882823,66.237616],[33.899669,66.228909],[33.972341,66.251044],[34.102794,66.246894],[34.167328,66.221177],[34.149262,66.197008],[34.161388,66.185492],[34.329926,66.164618],[34.496837,66.116156],[34.537283,66.090237],[34.530447,66.103909],[34.552989,66.093695],[34.57016,66.068061],[34.610362,66.057685],[34.722911,65.987779],[34.717296,65.975084],[34.660899,65.95303],[34.716075,65.932563],[34.695079,65.909491],[34.777599,65.919582],[34.852387,65.900336],[34.866222,65.877916],[34.825369,65.843207],[34.838552,65.828111],[34.899669,65.823717],[34.892833,65.7956],[34.868988,65.784735],[34.870616,65.774482],[34.968598,65.727729],[34.925304,65.70185],[34.900401,65.706],[34.688731,65.809719],[34.688731,65.727729],[34.757009,65.713446],[34.750743,65.701117],[34.694998,65.686184],[34.739919,65.661933],[34.776622,65.596584],[34.736583,65.583157],[34.740082,65.543647],[34.633474,65.487494],[34.668712,65.479397],[34.681895,65.453355],[34.635427,65.444159],[34.510916,65.455512],[34.492198,65.441148],[34.51059,65.411811],[34.365977,65.418647],[34.393321,65.398139],[34.317882,65.397447],[34.297048,65.385077],[34.462901,65.364407],[34.478038,65.349066],[34.479991,65.330959],[34.461599,65.31623],[34.479747,65.281073],[34.527192,65.278551],[34.535899,65.275702],[34.524181,65.260972],[34.615245,65.254584],[34.64031,65.241156],[34.606212,65.226874],[34.647227,65.22427],[34.681895,65.200141],[34.681977,65.182522],[34.62672,65.172187],[34.674571,65.15176],[34.663097,65.126776],[34.773692,65.100246],[34.746755,65.065741],[34.754405,65.054877],[34.816091,65.043402],[34.798595,65.02143],[34.719005,64.997626],[34.702403,64.980414],[34.778331,64.966783],[34.841319,64.918606],[34.872813,64.917548],[34.8921,64.874905],[34.942068,64.857571],[34.872406,64.802314],[34.757009,64.774359],[34.812022,64.753852],[34.975304,64.770501],[35.009031,64.743184],[34.970355,64.727606],[34.854846,64.714402],[34.832286,64.697943],[34.912848,64.662429],[34.977592,64.611917],[34.846558,64.559917],[34.743337,64.555854],[34.773204,64.556301],[34.849457,64.527981],[34.927745,64.524563],[35.008964,64.493906],[34.997386,64.471909],[34.955577,64.452216],[35.013989,64.423321],[35.121104,64.401597],[35.161469,64.380276],[35.307302,64.372219],[35.321544,64.361884],[35.305675,64.342963],[35.330577,64.328681],[35.328537,64.314132],[35.348752,64.296073],[35.410504,64.286755],[35.536451,64.321543],[35.58907,64.322313],[35.618158,64.340429],[35.565684,64.406317],[35.58253,64.411282],[35.638647,64.383664],[35.810802,64.342027],[35.894867,64.295844],[35.887869,64.26789],[35.949392,64.239936],[35.976736,64.198961],[36.006033,64.193264],[36.05979,64.218133],[36.227211,64.136206],[36.23525,64.124823],[36.209972,64.10342],[36.222139,64.075299],[36.284434,64.04621],[36.264659,64.024237],[36.292166,64.009711],[36.420095,63.995673],[36.479828,63.97248],[36.578461,63.96894],[36.703461,63.924628],[36.792247,63.9383],[36.857432,63.910956],[36.93629,63.932074],[37.011404,63.897366],[37.194184,63.890815],[37.278982,63.822211],[37.437811,63.792281],[37.608423,63.815586],[37.618987,63.840945],[37.614346,63.881169],[37.657391,63.898637],[37.828557,63.901991],[37.98463,63.945746],[38.073741,64.017401],[38.088064,64.034898],[38.085785,64.059027],[38.045665,64.148342],[37.914236,64.220404],[37.902029,64.239936],[37.923025,64.257758],[38.005382,64.275377],[38.026215,64.295233],[38.020193,64.308539],[37.908865,64.342963],[37.956716,64.364081],[37.832525,64.358334],[37.796845,64.37718],[37.806488,64.424872],[37.749027,64.441714],[37.687061,64.430867],[37.629893,64.377021],[37.473155,64.381822],[37.339434,64.340442],[37.121501,64.39474],[36.834634,64.593017],[36.744116,64.681046],[36.644104,64.718943],[36.559761,64.717423],[36.516462,64.769026],[36.528087,64.791734],[36.504242,64.835842],[36.57252,64.829576],[36.494858,64.851032],[36.439952,64.91706],[36.466033,64.934128],[36.53719,64.928133],[36.568604,64.902452],[36.631017,64.904163],[36.654946,64.927826],[36.807444,64.959052],[36.814147,64.975716],[36.802746,64.993569],[36.867361,65.075995],[36.86378,65.113105],[36.817926,65.131337],[36.820002,65.147141],[37.007677,65.172977],[37.217388,65.140221],[37.398549,65.101977],[37.5651,65.048012],[37.67266,65.035663],[37.705972,65.017382],[37.715394,64.998076],[37.704312,64.977221],[37.718317,64.958802],[37.794595,64.920615],[38.046434,64.853672],[38.385021,64.844627],[38.368175,64.809149],[38.403005,64.774359],[38.294119,64.803941],[38.24464,64.781195],[38.06658,64.781195],[38.036306,64.761908],[38.045421,64.74372],[38.125743,64.69595],[38.108084,64.678778],[38.039887,64.658271],[38.048106,64.645941],[38.162771,64.671942],[38.166759,64.704006],[38.186371,64.723212],[38.274669,64.732327],[38.339041,64.758368],[38.472504,64.743476],[38.49171,64.767524],[38.416026,64.802314],[38.418712,64.818549],[38.448031,64.817878],[38.511692,64.787749],[38.737775,64.747922],[38.922202,64.732742],[39.14216,64.662222],[39.330821,64.639716],[39.341747,64.622541],[39.566524,64.545268],[39.736095,64.555487],[39.759776,64.562079],[39.746837,64.576158],[39.766775,64.581366],[39.923595,64.603013],[39.902843,64.624416],[39.786388,64.596869],[39.809906,64.659329],[39.850352,64.675971],[40.062755,64.621894],[40.181651,64.558661],[40.35906,64.562079],[40.5171,64.541449],[40.533214,64.558987],[40.528494,64.577948],[40.472423,64.63642],[40.410899,64.736802],[40.414806,64.755113],[40.451427,64.768134],[40.520193,64.753852],[40.517345,64.774115],[40.43686,64.809149],[40.365896,64.938788],[40.297374,64.983547],[40.273123,65.02143],[40.114024,65.074693],[39.872244,65.276923],[39.780935,65.322455],[39.740896,65.356513],[39.712087,65.401842],[39.709483,65.447699],[39.718272,65.49494],[39.749278,65.552069],[39.826915,65.607001],[40.279796,65.729967],[40.47169,65.812812],[40.636241,65.932563],[40.710134,65.972317],[40.795909,65.991685],[41.018077,66.007758],[41.34254,66.062893],[41.554861,66.152289],[41.643565,66.172756],[41.642751,66.18891],[41.857595,66.296332],[42.020844,66.41234],[42.119884,66.504828],[42.155935,66.526353],[42.200938,66.532172],[42.365245,66.511217],[42.661469,66.443345],[42.660004,66.425727],[42.548595,66.385077],[43.252208,66.436754],[43.302094,66.426011],[43.367198,66.347154],[43.406098,66.33218],[43.555349,66.323635],[43.654796,66.284857],[43.682872,66.265286],[43.692638,66.237209],[43.665375,66.217678],[43.467052,66.170111],[43.389415,66.117377],[43.288341,66.090237],[43.335948,66.067206],[43.352794,66.04149],[43.450857,66.037055],[43.514903,65.974189],[43.52589,66.018541],[43.500987,66.05268],[43.382335,66.071926],[43.479828,66.131171],[43.635997,66.151842],[43.71461,66.186184],[43.759288,66.177436],[43.836436,66.185777],[43.946788,66.140082],[44.045665,66.081041],[44.049327,66.056098],[44.027843,66.029446],[44.040538,65.993598],[44.179698,65.864325],[44.190766,65.904934],[44.124522,65.987779],[44.12322,66.013251],[44.158539,66.086819],[44.083507,66.158515],[44.079356,66.206692],[44.096365,66.261949],[44.151703,66.357123],[44.210216,66.402411],[44.236095,66.447089],[44.360199,66.508246],[44.394786,66.621812],[44.430431,66.643866],[44.563243,66.666205],[44.551117,66.677965],[44.487804,66.676174],[44.451508,66.700995],[44.434581,66.733466],[44.364024,66.782294],[44.376638,66.804918],[44.466075,66.819729],[44.487559,66.844387],[44.481619,66.893622],[44.521658,66.91942],[44.499278,66.921454],[44.480724,66.953559],[44.432465,66.982367],[44.409679,67.011908],[44.302501,67.055976],[44.315115,67.074612],[44.377696,67.104438],[44.286957,67.087836],[44.095539,67.158662],[44.039646,67.167438],[43.916909,67.160953],[43.815329,67.177453],[43.761404,67.221137],[43.766699,67.277689],[43.793036,67.343394],[44.003015,67.576027],[44.04184,67.680406],[44.083507,67.687201],[44.097179,67.666734],[44.144542,67.679429],[44.143321,67.706936],[44.069509,67.714423],[44.130626,67.792182],[44.125011,67.816636],[44.086925,67.841498],[44.087413,67.885077],[44.200206,67.892727],[44.268403,67.926825],[44.234711,67.938056],[44.148611,67.925238],[44.124522,67.934272],[44.138031,67.975287],[44.213878,67.988959],[44.138031,67.995103],[44.162283,68.012112],[44.334727,68.057115],[44.411794,68.063422],[44.307872,68.065863],[44.180837,68.036078],[44.174653,68.086005],[44.244395,68.255683],[44.22755,68.29678],[44.160167,68.336249],[43.325694,68.613674],[43.273673,68.658176],[43.477293,68.669066],[43.746996,68.616431],[43.984548,68.551337],[44.239024,68.537177],[44.510265,68.554023],[45.306373,68.545291],[45.582137,68.514198],[45.943858,68.446234],[45.971528,68.389228],[46.015798,68.365058],[46.029307,68.324042],[46.080189,68.310696],[46.276378,68.21426],[46.366222,68.210435],[46.534923,68.132554],[46.461436,68.111802],[46.540212,68.108385],[46.557628,68.016181],[46.638845,67.968411],[46.702647,67.891669],[46.722016,67.844916],[46.698253,67.816474],[46.661143,67.80744],[46.375433,67.819075],[46.004117,67.767746],[45.350434,67.730414],[45.309906,67.712795],[45.303071,67.694037],[45.34669,67.685004],[45.350922,67.663031],[45.337901,67.61522],[45.314626,67.592108],[45.165863,67.584215],[45.028168,67.531928],[44.918956,67.440863],[44.927257,67.422349],[44.91212,67.371975],[44.951687,67.320717],[45.055048,67.283797],[45.309349,67.211624],[45.509372,67.185883],[45.593893,67.15824],[45.665863,67.062649],[45.784679,66.968004],[45.824474,66.899075],[45.964366,66.866523],[46.025157,66.833401],[46.301036,66.840155],[46.489024,66.878485],[46.578461,66.87287],[46.597911,66.857978],[46.598888,66.837714],[46.533539,66.826972],[46.481293,66.784329],[46.379405,66.748114],[46.406749,66.746161],[46.489024,66.769029],[46.583344,66.815497],[46.827891,66.844957],[46.926931,66.844957],[46.981944,66.863511],[47.024262,66.859565],[47.409841,66.929267],[47.558767,66.904975],[47.575938,66.891506],[47.571788,66.864203],[47.581391,66.869859],[47.606619,66.892157],[47.590668,66.919379],[47.606619,66.946112],[47.725597,67.000922],[47.742035,67.030707],[47.749766,67.121324],[47.689464,67.196438],[47.78712,67.251532],[47.770356,67.337836],[47.793142,67.360582],[47.907563,67.40233],[47.947927,67.444322],[47.920665,67.488674],[47.824718,67.560289],[47.814626,67.581366],[47.845714,67.600898],[48.008311,67.65058],[48.052257,67.651923],[48.099376,67.639472],[48.071462,67.590399],[48.092947,67.592231],[48.255707,67.682685],[48.35963,67.688544],[48.486501,67.664293],[48.699962,67.715888],[48.743663,67.700263],[48.701996,67.694037],[48.924978,67.68769],[48.996837,67.666734],[48.962169,67.653144],[48.994314,67.642768],[49.076671,67.631578],[49.1067,67.639472],[49.044688,67.653144],[49.05893,67.67357],[48.922048,67.70539],[48.85963,67.735053],[48.777843,67.727362],[48.770844,67.741889],[48.805431,67.773993],[48.79363,67.831244],[48.585948,67.934272],[48.623302,67.943793],[48.669281,67.935248],[48.842784,67.865058],[48.970714,67.850775],[49.133311,67.862616],[49.654633,67.981024],[49.794607,68.036689],[50.017833,68.091295],[49.982758,68.061428],[49.881521,68.039618],[49.846528,68.016181],[50.00115,68.058051],[50.098888,68.124457],[50.200531,68.168891],[50.434744,68.220526],[50.641775,68.300482],[50.778819,68.379299],[50.895763,68.341986],[51.058849,68.351386],[51.125336,68.375637],[51.336111,68.401435],[51.423106,68.430854],[51.510509,68.422268],[51.568858,68.435858],[51.586925,68.447577],[51.5324,68.454413],[51.560557,68.483059],[51.702973,68.488593],[52.060069,68.543769],[52.177094,68.582424],[52.217052,68.584784],[52.181814,68.542426],[52.059581,68.515611],[52.046235,68.50967],[52.051768,68.492418],[52.066742,68.482367],[52.176524,68.503974],[52.294281,68.499701],[52.361013,68.474921],[52.299571,68.474026],[52.286469,68.461249],[52.302257,68.437201],[52.296153,68.424018],[52.258311,68.408026],[52.158865,68.398627],[52.13559,68.379299],[52.248546,68.317694],[52.402029,68.337714],[52.573904,68.409735],[52.677419,68.423163],[52.71046,68.440823],[52.731293,68.474189],[52.703624,68.502875],[52.567068,68.537014],[52.534679,68.575873],[52.491384,68.591539],[52.49879,68.619534],[52.623871,68.629055],[52.647716,68.647935],[52.634451,68.658515],[52.495453,68.640082],[52.410655,68.586493],[52.299327,68.590522],[52.279063,68.597805],[52.288748,68.615424],[52.806488,68.768012],[52.943696,68.790229],[53.250011,68.878404],[53.437022,68.918158],[54.10377,69.000678],[54.297862,69.000474],[54.347667,69.012274],[54.527354,69.009955],[54.56129,68.999701],[54.528982,68.978461],[54.426036,68.976711],[54.355968,68.95897],[53.5949,68.906928],[53.665538,68.866278],[53.732107,68.865912],[53.691173,68.88581],[53.728038,68.897447],[53.957693,68.876614],[54.00115,68.866848],[54.026215,68.845445],[53.865001,68.797919],[53.828949,68.763617],[53.841319,68.742418],[53.838064,68.713284],[53.817719,68.689154],[53.72047,68.656928],[53.755138,68.610419],[53.90447,68.50731],[53.944347,68.405992],[53.931895,68.391018],[53.863048,68.385565],[53.803722,68.34455],[53.655935,68.407538],[53.608897,68.413479],[53.574474,68.399807],[53.631684,68.385688],[53.691173,68.34455],[53.661469,68.33218],[53.44044,68.372504],[53.375499,68.341132],[53.327403,68.351386],[53.231781,68.29678],[53.210704,68.269355],[53.238943,68.253485],[53.327403,68.242133],[53.471528,68.260321],[53.808442,68.250678],[53.875173,68.224066],[53.992524,68.221381],[54.08839,68.245836],[54.184906,68.320543],[54.218761,68.317857],[54.173106,68.261786],[54.177094,68.235907],[54.203298,68.20954],[54.239757,68.21133],[54.504405,68.312201],[54.563324,68.288153],[54.650157,68.194322],[54.691091,68.175971],[54.831879,68.173285],[54.864024,68.185126],[54.92449,68.252672],[54.917166,68.28266],[54.85613,68.324042],[54.908051,68.329495],[54.903982,68.34455],[54.936697,68.398424],[54.996755,68.439154],[55.067556,68.446194],[55.109386,68.482367],[55.189464,68.491034],[55.229259,68.524359],[55.392914,68.564276],[55.699555,68.576565],[55.997081,68.660468],[56.201996,68.619534],[56.504405,68.627834],[56.520844,68.619086],[56.4935,68.584784],[56.569347,68.635688],[56.629649,68.642035],[56.848399,68.571601],[57.092459,68.548],[57.329845,68.564765],[57.414073,68.597154],[57.44809,68.644477],[57.536632,68.6883],[57.604015,68.742418],[57.929535,68.751044],[57.980724,68.793647],[57.94988,68.817572],[57.956716,68.845526],[58.171153,68.88935],[58.245128,68.888414],[58.203624,68.832099],[58.264171,68.781195],[58.37794,68.756049],[58.336925,68.735582],[58.424083,68.742743],[58.439301,68.762885],[58.285411,68.800482],[58.286876,68.824652],[58.25408,68.842027],[58.275564,68.865912],[58.270518,68.893704],[58.300792,68.909857],[58.878754,69.003119],[59.223888,68.999701],[59.241954,68.988837],[58.969981,68.965155],[58.891856,68.934231],[59.105479,68.903306],[59.423025,68.757025],[59.419444,68.718492],[59.398448,68.701117],[59.269298,68.715074],[59.201508,68.705959],[59.145763,68.67414],[59.118419,68.642483],[59.056407,68.619534],[59.069509,68.569281],[59.118826,68.531684],[59.090505,68.502875],[59.072113,68.459377],[59.087087,68.416897],[59.109548,68.404731],[59.674815,68.336168],[59.857432,68.381293],[59.963878,68.46601],[59.929047,68.537787],[59.870128,68.583564],[59.762706,68.638739],[59.773611,68.668199],[59.811209,68.687934],[59.910981,68.720282],[60.084239,68.687201],[60.466645,68.722317],[60.556326,68.744696],[60.701508,68.815009],[60.755219,68.8664],[60.818858,68.894355],[60.968761,68.906928],[60.907237,68.927395],[60.938324,68.963284],[60.948253,69.003119],[60.93393,69.078192],[60.90268,69.12226],[60.843761,69.157538],[60.776703,69.177191],[60.72169,69.174465],[60.72169,69.132799],[60.742198,69.119208],[60.710948,69.106269],[60.665782,69.106431],[60.591319,69.132799],[60.582286,69.149644],[60.589692,69.256415],[60.542491,69.315579],[60.434337,69.366197],[60.430675,69.392971],[60.414236,69.407904],[60.311371,69.454332],[60.21461,69.530707],[60.214854,69.554592],[60.138845,69.577867],[60.155772,69.601264],[60.152599,69.626288],[60.232595,69.664781],[60.667328,69.678168],[60.667003,69.694525],[60.633474,69.724921],[60.64796,69.734198],[60.708832,69.729397],[60.72169,69.742987],[60.689952,69.763983],[60.687511,69.804389],[60.705577,69.823676],[60.770274,69.849107],[60.926606,69.867499],[61.043793,69.845404],[61.105235,69.865871],[61.158702,69.832913],[61.301931,69.825426],[61.409353,69.791246],[62.161143,69.746161],[62.631196,69.742133],[63.410492,69.671291],[64.0,69.56751808357154],[63.995969,54.315497]]],[[[22.698387,54.342937],[19.680276,54.436678],[19.609548,54.456732],[19.73406,54.525702],[19.831879,54.598131],[19.900157,54.66706],[19.900157,54.687567],[19.961681,54.773179],[19.920665,54.889594],[19.940766,54.934394],[19.976736,54.964586],[19.99586,54.968085],[20.033702,54.948188],[20.205821,54.958441],[20.365571,54.946194],[20.482432,54.975531],[20.634044,55.048774],[20.822276,55.180976],[20.924569,55.282658],[20.989513,55.270413],[20.913097,55.233222],[20.834809,55.152045],[20.687836,55.050686],[20.530935,54.964667],[20.558116,54.940823],[20.763682,54.947699],[20.805186,54.940823],[20.860362,54.911322],[20.969086,54.899807],[21.055919,54.914455],[21.090668,54.901557],[21.230154,54.93891],[21.243419,54.961249],[21.219412,55.013251],[21.183442,55.201728],[21.201671,55.214423],[21.222911,55.201483],[21.259044,55.204983],[21.271332,55.220282],[21.267589,55.248684],[21.37485,55.28996],[21.467661,55.211153],[21.503938,55.19441],[21.60512,55.192498],[21.750641,55.127954],[21.819887,55.119324],[21.942774,55.078293],[22.003442,55.093486],[22.015431,55.088422],[22.02773,55.044393],[22.076823,55.02858],[22.142658,55.054625],[22.251282,55.070852],[22.436284,55.057777],[22.541084,55.075761],[22.580668,55.057622],[22.633481,54.957939],[22.715543,54.951376],[22.75213,54.931118],[22.740968,54.917631],[22.749236,54.909879],[22.821273,54.885488],[22.844321,54.832261],[22.845768,54.79614],[22.764843,54.737125],[22.724845,54.723379],[22.727015,54.705344],[22.700867,54.679558],[22.708102,54.635633],[22.681747,54.5699],[22.680403,54.453215],[22.76722,54.35627],[22.698387,54.342937]]],[[[33.660449,46.148184],[33.67028,46.218106],[33.715726,46.195743],[33.846216,46.195705],[34.067906,46.104696],[34.161249,46.090694],[34.235923,46.097695],[34.301264,46.069692],[34.333934,46.069692],[34.361937,46.055691],[34.410942,45.988017],[34.464614,45.955347],[34.504285,45.95068],[34.529954,45.981016],[34.641966,45.981016],[34.735309,45.953013],[34.784314,45.899341],[34.788981,45.803664],[34.809983,45.784996],[34.870656,45.773328],[34.952331,45.721989],[35.001891,45.729003],[35.044444,45.670071],[35.332205,45.371243],[35.480724,45.297797],[35.517833,45.295478],[35.715994,45.340562],[35.743337,45.36107],[35.75294,45.38642],[35.788422,45.407457],[35.803966,45.449164],[35.833263,45.470893],[35.857677,45.469428],[35.854015,45.414008],[35.986013,45.362738],[36.022309,45.368109],[36.068858,45.429999],[36.117931,45.457099],[36.252452,45.461493],[36.284028,45.47663],[36.307384,45.460924],[36.298839,45.44302],[36.340505,45.457261],[36.411794,45.436225],[36.490571,45.44302],[36.53297,45.408922],[36.583263,45.427395],[36.613536,45.408881],[36.638357,45.351264],[36.586192,45.333808],[36.502452,45.346869],[36.484386,45.316392],[36.497244,45.300727],[36.490571,45.292182],[36.437266,45.27204],[36.417979,45.229926],[36.408865,45.149482],[36.414806,45.128363],[36.455333,45.09162],[36.440115,45.06745],[36.367849,45.048774],[36.267751,45.043687],[36.244314,45.010972],[36.22462,45.007514],[36.047862,45.048774],[35.993419,44.997992],[35.847992,44.992418],[35.82781,44.999213],[35.783214,45.057522],[35.706391,45.094672],[35.590587,45.119859],[35.506196,45.113511],[35.408051,45.062486],[35.400645,45.024644],[35.435395,45.004828],[35.374034,44.997992],[35.362153,44.986558],[35.367198,44.943345],[35.319347,44.970038],[35.298188,44.956366],[35.273204,44.966986],[35.256033,44.958686],[35.215099,44.914374],[35.154307,44.901109],[35.080821,44.793769],[35.037608,44.798774],[35.005707,44.835191],[34.986013,44.840277],[34.942068,44.840277],[34.889903,44.818101],[34.720958,44.810981],[34.650645,44.777289],[34.469005,44.729804],[34.380219,44.631334],[34.331309,44.545478],[34.271007,44.545478],[34.242931,44.507473],[34.182465,44.492825],[34.147472,44.449897],[34.10255,44.425116],[33.937755,44.381049],[33.852061,44.401516],[33.720958,44.399644],[33.631684,44.434312],[33.620128,44.462226],[33.57838,44.497056],[33.517589,44.490546],[33.372325,44.576483],[33.371104,44.588446],[33.435883,44.605292],[33.571544,44.620551],[33.516287,44.634263],[33.54835,44.698676],[33.516287,44.785102],[33.559581,44.849758],[33.609223,44.871731],[33.61964,44.931464],[33.562511,45.09394],[33.537446,45.117377],[33.396495,45.189765],[33.259613,45.156073],[33.240082,45.179633],[33.173595,45.196601],[33.078624,45.271674],[32.899262,45.354234],[32.728526,45.36107],[32.663097,45.320136],[32.591482,45.320136],[32.512869,45.340562],[32.481619,45.408881],[32.525157,45.458157],[32.643565,45.521674],[32.704845,45.531073],[32.757823,45.564643],[32.827891,45.562405],[32.826996,45.595526],[32.868175,45.630072],[33.176117,45.743109],[33.181,45.755194],[33.15919,45.7685],[33.1692,45.78441],[33.230154,45.750922],[33.265391,45.753811],[33.482188,45.854478],[33.530121,45.841864],[33.619884,45.881822],[33.658946,45.85932],[33.691661,45.860745],[33.693533,45.914496],[33.777029,45.929633],[33.682465,45.958441],[33.619884,45.950751],[33.646821,45.979722],[33.632009,45.988267],[33.643565,46.01496],[33.62794,46.067816],[33.648448,46.090033],[33.628517,46.124935],[33.660449,46.148184]]],[[[28.599457,60.576646],[28.561697,60.594468],[28.561046,60.629462],[28.575531,60.643052],[28.617849,60.639228],[28.631033,60.617621],[28.634613,60.601386],[28.599457,60.576646]]],[[[51.498302,68.488593],[51.459809,68.473944],[51.172374,68.457099],[51.097423,68.425238],[50.99879,68.42536],[50.937266,68.39647],[50.792491,68.379299],[50.871837,68.42829],[51.171723,68.501451],[51.498302,68.488593]]],[[[55.442393,68.940375],[55.506602,68.913764],[55.36671,68.927395],[55.225434,68.913764],[55.239757,68.927395],[55.338552,68.946357],[55.442393,68.940375]]],[[[54.628917,69.005845],[54.694835,68.99726],[54.68572,68.968695],[54.60255,68.954576],[54.570811,68.964057],[54.628917,69.005845]]],[[[51.401378,71.87051],[51.439626,71.942206],[51.500255,72.005683],[51.560313,72.045111],[51.552908,72.052558],[51.610037,72.091702],[51.865733,72.158677],[51.97283,72.109442],[52.053071,72.107815],[52.048676,72.084662],[52.066742,72.074286],[52.090017,72.076077],[52.11671,72.107652],[52.187755,72.129218],[52.210785,72.127631],[52.191254,72.101711],[52.200369,72.08275],[52.238943,72.091498],[52.297048,72.07453],[52.368419,72.075344],[52.409434,72.086086],[52.382579,72.105211],[52.409434,72.127631],[52.368419,72.162421],[52.383149,72.171698],[52.46461,72.154975],[52.490082,72.164211],[52.402029,72.223212],[52.444835,72.228583],[52.484548,72.209621],[52.46461,72.230658],[52.491384,72.24433],[52.413585,72.269517],[52.416515,72.289293],[52.587576,72.264228],[52.567068,72.277899],[52.668793,72.306383],[52.684337,72.322577],[52.669281,72.345364],[52.600108,72.355414],[52.58074,72.374091],[52.722911,72.34516],[52.868175,72.346747],[52.689952,72.367174],[52.703624,72.386176],[52.663341,72.428697],[52.684093,72.446926],[52.820323,72.450385],[52.761078,72.474351],[52.680024,72.478746],[52.730154,72.510932],[52.758311,72.504381],[52.868907,72.518744],[52.868175,72.53856],[52.881847,72.548245],[52.930186,72.559027],[52.909679,72.57331],[53.102061,72.600653],[52.914236,72.596991],[52.723969,72.559027],[52.752126,72.592597],[52.811778,72.613918],[52.798188,72.626044],[52.738455,72.62051],[52.754893,72.638373],[52.980235,72.675849],[53.110118,72.649807],[53.21811,72.648424],[53.00587,72.683173],[52.575043,72.67064],[52.500011,72.703437],[52.375255,72.730373],[52.394054,72.752021],[52.467784,72.761705],[52.484548,72.79857],[52.553477,72.823188],[52.61671,72.863227],[53.026866,72.924994],[53.308442,72.877631],[53.382009,72.888617],[53.293305,72.908433],[53.389415,72.908433],[53.383556,72.920233],[53.395681,72.929633],[53.360118,72.939927],[53.231781,72.936428],[53.141938,72.96247],[53.136892,73.003485],[53.152843,73.014228],[53.382009,73.011542],[53.300141,73.03266],[53.269298,73.062323],[53.183604,73.069892],[53.121918,73.100898],[53.161306,73.112006],[53.154796,73.146796],[53.170258,73.16234],[53.32252,73.220852],[53.433849,73.244289],[53.532725,73.22956],[53.753184,73.298896],[53.861827,73.302151],[54.0796,73.272935],[54.190766,73.272203],[54.396983,73.315619],[54.531993,73.37641],[54.934825,73.42536],[55.125499,73.393785],[55.30421,73.339342],[55.489757,73.320624],[55.758067,73.327948],[55.80836,73.313178],[55.80836,73.29267],[55.818044,73.290351],[56.435232,73.230129],[56.559906,73.166205],[56.579438,73.151801],[56.582042,73.129584],[55.80836,73.066107],[55.843923,73.056789],[56.387055,73.068549],[56.466156,73.052476],[56.377208,73.006659],[56.321951,72.996731],[56.225434,73.008979],[55.616466,72.96369],[55.972667,72.941107],[56.115977,72.96955],[56.251801,72.972357],[56.255056,72.958319],[56.2199,72.908433],[56.238129,72.898017],[56.2199,72.826565],[56.177745,72.817125],[56.13795,72.782294],[56.062673,72.777777],[55.867361,72.802069],[55.738536,72.784247],[55.480724,72.805813],[55.431651,72.78559],[55.602794,72.78559],[55.716807,72.753648],[55.81072,72.758368],[55.859548,72.735785],[55.946056,72.668891],[55.763927,72.675727],[55.648774,72.704088],[55.616466,72.696845],[55.719249,72.651842],[55.723481,72.638332],[55.622732,72.62051],[55.684825,72.57331],[55.618175,72.542182],[55.551606,72.54267],[55.456879,72.582221],[55.2671,72.586982],[55.448985,72.5633],[55.465668,72.53856],[55.542735,72.526842],[55.552257,72.512844],[55.536143,72.47248],[55.377696,72.458319],[55.15211,72.462795],[55.115571,72.450385],[55.465668,72.436184],[55.469493,72.400865],[55.486827,72.395168],[55.475597,72.370551],[55.376964,72.30268],[55.512462,72.259345],[55.520274,72.236884],[55.574962,72.199652],[55.564952,72.181708],[55.389659,72.107733],[55.342784,72.065579],[55.452647,72.058783],[55.383637,72.017768],[55.34962,71.976264],[55.390473,71.942694],[55.246593,71.955715],[55.260265,71.942694],[55.225434,71.929023],[55.397634,71.922268],[55.506358,71.898017],[55.528005,71.863715],[55.528656,71.785142],[55.67213,71.611029],[55.80836,71.531195],[55.916026,71.431708],[56.014415,71.387152],[56.070567,71.280219],[56.105724,71.258979],[56.580414,71.056545],[56.648204,71.012885],[56.86378,70.952704],[56.918712,70.914252],[57.038748,70.869818],[57.227712,70.837795],[57.311534,70.80976],[57.466807,70.81802],[57.479747,70.789252],[57.638682,70.729885],[57.554535,70.72724],[57.457042,70.748481],[57.432628,70.743557],[57.458344,70.725328],[57.539317,70.704779],[57.527599,70.681464],[57.487966,70.667792],[57.458344,70.637437],[57.397797,70.626207],[57.452485,70.60635],[57.258962,70.628119],[57.069672,70.672838],[57.021169,70.674628],[56.969574,70.659166],[56.90504,70.667792],[56.776378,70.710639],[56.740489,70.702582],[56.853526,70.647935],[57.038829,70.626207],[57.139822,70.640041],[57.164561,70.633694],[57.171886,70.613186],[57.343272,70.571601],[57.295746,70.564683],[56.720876,70.64057],[56.596528,70.674628],[56.611827,70.658881],[56.698985,70.633694],[56.585297,70.64232],[56.524587,70.66592],[56.4935,70.695136],[56.520763,70.729885],[56.581309,70.737738],[56.552094,70.753974],[56.459239,70.745795],[56.431977,70.715562],[56.411632,70.713609],[56.224132,70.741604],[56.215831,70.736518],[56.23878,70.721137],[56.322276,70.702582],[56.199229,70.709377],[56.213634,70.695868],[56.301768,70.681464],[56.2199,70.667792],[56.237966,70.653144],[56.361827,70.647203],[56.383637,70.660956],[56.329112,70.681464],[56.433604,70.676215],[56.527599,70.64053],[56.464854,70.638495],[56.453298,70.626207],[56.582856,70.613186],[56.654552,70.589993],[56.644786,70.574449],[56.514008,70.544867],[56.400645,70.56387],[56.500987,70.558539],[56.466156,70.579047],[56.514822,70.569729],[56.562511,70.579047],[56.534923,70.596869],[56.354259,70.597968],[56.090017,70.668524],[56.041026,70.647935],[56.159353,70.629136],[56.178233,70.609768],[56.164236,70.594631],[56.131521,70.595893],[55.965994,70.660956],[55.80836,70.695136],[55.85141,70.650946],[55.993826,70.617865],[56.047862,70.585273],[56.020518,70.573798],[55.946056,70.599514],[55.884044,70.585273],[55.817556,70.613349],[55.719249,70.611396],[55.625255,70.633734],[55.602794,70.647935],[55.698741,70.62051],[55.726329,70.626207],[55.698741,70.647162],[55.791515,70.633694],[55.800059,70.644517],[55.783458,70.668769],[55.738048,70.707587],[55.670909,70.716376],[55.630138,70.73725],[55.599376,70.721422],[55.693696,70.698676],[55.728038,70.677558],[55.746837,70.647935],[55.662852,70.689154],[55.495291,70.712877],[55.444591,70.743598],[55.404796,70.750393],[55.405284,70.736396],[55.34962,70.702582],[55.420665,70.696234],[55.452647,70.68065],[55.472504,70.65412],[55.404796,70.68891],[55.250011,70.678534],[55.232677,70.666571],[55.236339,70.651068],[55.295584,70.60635],[55.275157,70.612047],[55.2671,70.585273],[55.207367,70.580634],[55.213145,70.565375],[55.162608,70.553127],[54.99464,70.616034],[54.986013,70.633694],[54.911388,70.64053],[54.869884,70.660956],[54.76059,70.680609],[54.707286,70.722154],[54.712169,70.757799],[54.590099,70.778998],[54.513438,70.825426],[54.568126,70.777045],[54.492442,70.784491],[54.47877,70.736029],[54.650157,70.695136],[54.622732,70.68891],[54.660167,70.678534],[54.734141,70.669867],[54.767426,70.647935],[54.570811,70.674791],[54.544444,70.68651],[54.547699,70.702582],[54.452973,70.717515],[54.286957,70.777045],[54.269542,70.763617],[54.294444,70.743557],[54.225108,70.72956],[54.140961,70.756903],[54.084972,70.743557],[54.045095,70.74787],[53.854828,70.822211],[53.834483,70.815172],[53.889822,70.784491],[53.797537,70.806098],[53.719005,70.798774],[53.638031,70.829657],[53.585297,70.831855],[53.560802,70.839748],[53.567638,70.852769],[53.544607,70.854315],[53.539724,70.804999],[53.518565,70.819037],[53.459239,70.823554],[53.407481,70.850328],[53.300141,70.8664],[53.520518,70.869574],[53.576834,70.888739],[53.669444,70.837348],[53.690603,70.834215],[53.704763,70.845933],[53.684337,70.857123],[53.673595,70.890367],[53.738129,70.947943],[53.72462,70.968817],[53.672618,71.004828],[53.491873,71.072455],[53.50172,71.094428],[53.677501,71.078681],[53.663829,71.092963],[53.695486,71.098619],[53.801036,71.086127],[53.904307,71.054633],[53.93686,71.059475],[53.80714,71.133979],[54.0088,71.140204],[54.067882,71.119696],[53.938975,71.130316],[53.917003,71.106024],[53.935883,71.101304],[54.078136,71.099799],[54.243988,71.12287],[54.211925,71.140774],[54.139903,71.127102],[54.063243,71.136176],[53.992198,71.16059],[54.033458,71.185452],[54.095225,71.188544],[54.056651,71.20893],[54.164073,71.209662],[54.064464,71.237006],[53.943044,71.176418],[53.917003,71.17414],[53.850108,71.206529],[53.801036,71.209662],[53.832286,71.170111],[53.795909,71.155341],[53.704763,71.174872],[53.72462,71.188544],[53.708018,71.19538],[53.62794,71.208686],[53.576996,71.199286],[53.509776,71.224595],[53.450938,71.264309],[53.5949,71.301825],[53.605724,71.322943],[53.653005,71.348456],[53.682384,71.398342],[53.888682,71.422309],[53.951182,71.462226],[53.89975,71.471015],[53.830821,71.435696],[53.576345,71.390815],[53.539724,71.3605],[53.54363,71.31684],[53.487641,71.303412],[53.413341,71.311754],[53.361583,71.333197],[53.347911,71.367336],[53.25172,71.456041],[53.320567,71.473131],[53.358165,71.514879],[53.444102,71.545478],[53.34783,71.567532],[53.20574,71.509833],[53.142426,71.462226],[53.150076,71.440375],[53.113048,71.422431],[53.097179,71.452786],[53.046886,71.484036],[53.05714,71.498236],[53.029633,71.499579],[53.007009,71.483466],[53.046886,71.456041],[53.038748,71.442776],[52.971853,71.442369],[52.96811,71.405219],[52.928233,71.409898],[52.882335,71.393988],[52.860362,71.413886],[52.855479,71.456977],[52.8213,71.469916],[52.797699,71.464789],[52.820323,71.428778],[52.739919,71.442125],[52.71811,71.489732],[52.635427,71.462226],[52.609874,71.468695],[52.649669,71.52497],[52.643809,71.546088],[52.573904,71.575873],[52.56129,71.592353],[52.561371,71.627997],[52.547211,71.634833],[52.520681,71.62816],[52.49879,71.565904],[52.38559,71.549547],[52.368419,71.534898],[52.374766,71.513332],[52.41627,71.476549],[52.280447,71.513739],[52.258556,71.538642],[52.268809,71.587958],[52.141856,71.545478],[52.163259,71.518378],[52.279063,71.476549],[51.962087,71.479641],[51.840343,71.456041],[51.709809,71.517524],[51.600841,71.536689],[51.5324,71.565904],[51.549653,71.613511],[51.46754,71.692532],[51.471853,71.710598],[51.41627,71.750922],[51.401378,71.87051]]],[[[58.15999930423728,74.0],[58.108409,73.986151],[58.04997674389653,74.0],[58.15999930423728,74.0]]],[[[57.69444668187237,74.0],[57.911876,73.915839],[57.809418,73.895413],[57.90504,73.875474],[57.909923,73.843207],[57.932872,73.841376],[57.929454,73.822577],[57.945974,73.806586],[57.748709,73.72602],[57.71461,73.723334],[57.627696,73.745185],[57.592296,73.778957],[57.395356,73.845526],[56.555675,73.888577],[56.634613,73.863349],[56.931651,73.85399],[57.095551,73.830146],[57.349864,73.827582],[57.383067,73.794989],[57.489919,73.75434],[57.508149,73.727688],[57.590587,73.703843],[57.586436,73.685452],[57.617524,73.66885],[57.590343,73.635321],[57.607188,73.630927],[57.585785,73.613674],[57.3296,73.573879],[57.350108,73.553412],[57.020193,73.584215],[56.788341,73.676256],[56.735118,73.680243],[56.719493,73.66885],[56.74643,73.648383],[56.850352,73.614814],[56.746755,73.607367],[56.788341,73.595526],[56.920258,73.595933],[57.080251,73.536566],[57.237559,73.509589],[57.253917,73.49136],[57.242686,73.468655],[57.253917,73.45718],[57.200206,73.45307],[57.178722,73.442043],[57.178722,73.423041],[56.908458,73.314683],[56.89088,73.313178],[56.814138,73.357367],[56.749278,73.361518],[56.746267,73.333808],[56.795177,73.320624],[56.723155,73.282416],[56.720958,73.272854],[56.760997,73.251695],[56.729828,73.244534],[56.12086,73.290025],[56.07781,73.304023],[56.046235,73.330268],[56.015798,73.412299],[55.971446,73.439276],[55.917491,73.448391],[55.870372,73.436103],[55.936209,73.419013],[55.986501,73.385199],[55.97283,73.347317],[55.980235,73.329657],[55.924001,73.311998],[55.772309,73.348049],[55.434906,73.332099],[55.020681,73.443549],[54.900076,73.448391],[54.780528,73.436103],[54.659434,73.406806],[54.568126,73.408759],[54.250011,73.328274],[54.033051,73.374661],[54.068044,73.397854],[54.130219,73.410102],[54.29363,73.417711],[54.314952,73.449693],[54.417328,73.477688],[54.314952,73.468817],[54.184581,73.49136],[54.541515,73.610989],[54.680919,73.629869],[54.784923,73.659329],[54.940766,73.665473],[55.088634,73.705512],[55.34962,73.717231],[55.318044,73.725328],[54.964529,73.717108],[54.856456,73.683539],[54.828298,73.690579],[54.869884,73.731513],[54.664073,73.704779],[54.53004,73.704169],[54.491954,73.697333],[54.403575,73.641506],[54.260265,73.614814],[54.280772,73.600531],[54.11964,73.617174],[54.073985,73.60871],[53.966482,73.626654],[53.930675,73.641506],[53.958018,73.648912],[53.889822,73.662665],[53.76002,73.720649],[53.667491,73.735012],[53.631114,73.759589],[53.653575,73.812486],[53.758962,73.77969],[53.868663,73.778713],[54.081554,73.83393],[54.062755,73.848619],[54.078136,73.862006],[54.315929,73.930976],[54.450857,73.947943],[54.627778,73.951483],[54.725841,73.977932],[54.801524,73.970445],[54.799978,73.985419],[54.74273919114868,74.0],[57.69444668187237,74.0]]],[[[29.798513,59.990058],[29.786876,59.975084],[29.6574,60.025458],[29.713552,60.021877],[29.798513,59.990058]]],[[[27.820079,60.030829],[27.892345,59.995022],[27.820486,59.982733],[27.802582,59.999335],[27.820079,60.030829]]],[[[27.025401,60.037299],[27.020681,60.017564],[26.984711,60.017727],[26.944509,60.091376],[26.950043,60.099555],[26.964122,60.099433],[27.025401,60.037299]]],[[[28.715343,60.292467],[28.694591,60.261135],[28.624197,60.270209],[28.551036,60.30272],[28.541352,60.347357],[28.580333,60.348944],[28.715343,60.292467]]],[[[28.521821,60.333686],[28.518321,60.312934],[28.503673,60.311021],[28.425548,60.360785],[28.484874,60.361884],[28.521821,60.333686]]],[[[35.918468,64.413723],[36.044932,64.360338],[36.033214,64.342515],[35.975108,64.332587],[35.856781,64.387356],[35.856293,64.403388],[35.918468,64.413723]]],[[[35.864513,65.012519],[35.823741,64.983791],[35.74466,64.961551],[35.730182,64.972846],[35.723318,65.026353],[35.563261,65.052138],[35.505162,65.095552],[35.506113,65.121288],[35.524099,65.144477],[35.649996,65.153986],[35.663354,65.16793],[35.78645,65.165106],[35.815307,65.154211],[35.866873,65.075995],[35.84311,65.068305],[35.796641,65.114407],[35.781261,65.07274],[35.859223,65.044908],[35.864513,65.012519]]],[[[42.664935,66.723234],[42.680973,66.681886],[42.668029,66.666691],[42.643707,66.666064],[42.483422,66.707326],[42.441732,66.729538],[42.4265,66.752009],[42.454868,66.773662],[42.584757,66.770294],[42.630229,66.755617],[42.664935,66.723234]]],[[[32.407563,67.120429],[32.393728,67.100328],[32.337657,67.124905],[32.35613,67.139065],[32.407563,67.120429]]],[[[59.234141,69.190009],[59.24464,69.145697],[59.173106,69.169135],[59.060232,69.242621],[58.762055,69.338935],[58.81544,69.340766],[59.150727,69.254625],[59.200369,69.229071],[59.179942,69.215399],[59.234141,69.190009]]],[[[33.998057,69.388007],[34.215831,69.407782],[34.406912,69.352525],[34.380707,69.341457],[34.026622,69.353909],[33.975597,69.369615],[33.998057,69.388007]]],[[[50.311697,69.109809],[50.247895,69.056586],[50.169281,69.011623],[50.113455,68.995673],[50.133962,69.016791],[50.12322,69.038967],[50.139334,69.063381],[50.223318,69.153957],[50.132986,69.141588],[50.023448,69.091376],[49.954926,69.074693],[49.871918,69.02558],[49.854015,69.009345],[49.911388,69.009996],[49.908539,68.995673],[49.826182,68.965277],[49.719737,68.88996],[49.600271,68.865912],[49.53891,68.835395],[49.421397,68.811265],[49.305349,68.811265],[49.312755,68.8039],[49.248546,68.779975],[48.797618,68.729397],[48.720225,68.757025],[48.68572,68.734442],[48.592052,68.730862],[48.510265,68.776557],[48.374685,68.821845],[48.290538,68.865912],[48.332042,68.88581],[48.283702,68.899482],[48.23585,68.882392],[48.219412,68.895657],[48.23878,68.963772],[48.26588,68.982856],[48.211681,69.001654],[48.256358,69.044094],[48.221365,69.050482],[48.21697,69.064439],[48.27003,69.132799],[48.263194,69.197455],[48.30421,69.276801],[48.446951,69.371894],[48.565684,69.419989],[48.806326,69.493232],[48.906261,69.507961],[49.085297,69.517035],[49.271739,69.507961],[49.694509,69.397895],[50.164399,69.260891],[50.323009,69.150539],[50.311697,69.109809]]],[[[60.547699,69.815375],[60.538341,69.80093],[60.448497,69.765937],[60.443696,69.750434],[60.475922,69.72248],[60.373709,69.730902],[60.351736,69.72248],[60.358572,69.715033],[60.25408,69.689439],[60.20102,69.685126],[60.032725,69.72248],[59.920421,69.68773],[59.934093,69.667873],[59.854015,69.698676],[59.769542,69.694525],[59.563487,69.715033],[59.580089,69.73078],[59.535492,69.759711],[59.546886,69.778998],[59.622081,69.78734],[59.623709,69.804348],[59.431488,69.889472],[59.304861,69.884345],[59.178477,69.919013],[58.939708,69.942206],[58.978201,69.919908],[59.132091,69.873277],[59.109141,69.859768],[59.015961,69.859687],[59.022227,69.873277],[58.957205,69.888007],[58.898774,69.928656],[58.695567,70.002834],[58.570486,70.078803],[58.604503,70.11286],[58.549164,70.133979],[58.611339,70.140204],[58.576671,70.153876],[58.590831,70.18122],[58.521983,70.174954],[58.509939,70.190375],[58.452973,70.195461],[58.501475,70.22956],[58.423513,70.239569],[58.41212,70.260321],[58.467621,70.271145],[58.824229,70.215888],[58.777192,70.258246],[58.659923,70.299465],[58.49464,70.331977],[58.519705,70.347602],[58.638682,70.331977],[58.631847,70.345649],[58.729177,70.369045],[58.755219,70.386908],[58.761404,70.396877],[58.730642,70.418199],[58.740977,70.428209],[58.872813,70.434556],[59.023611,70.479804],[59.059825,70.444281],[59.315115,70.371649],[59.439952,70.287055],[59.533214,70.264879],[59.542979,70.253485],[59.535492,70.208482],[59.553966,70.199612],[59.639171,70.202297],[59.766287,70.171373],[59.782888,70.131496],[59.927257,70.098578],[60.036469,70.098578],[60.067882,70.073472],[60.324474,69.96955],[60.328461,69.957261],[60.413829,69.962714],[60.475922,69.920478],[60.454438,69.89704],[60.461599,69.865871],[60.515636,69.845404],[60.547699,69.815375]]],[[[57.117361,70.558539],[57.22169,70.526068],[57.206065,70.510728],[57.035411,70.544867],[57.121349,70.516059],[57.138438,70.497056],[57.06365,70.502427],[56.929047,70.532172],[56.898204,70.558539],[56.932384,70.565375],[56.914073,70.578803],[56.859711,70.585273],[56.843028,70.60635],[57.072113,70.554918],[57.117361,70.558539]]],[[[53.208344,71.19717],[53.21811,71.168036],[53.149913,71.127102],[53.161632,71.108791],[53.151052,71.095526],[53.062022,71.088365],[53.046886,71.072455],[53.041352,71.034329],[53.139334,70.993638],[53.120453,70.977118],[53.009776,70.968207],[53.015147,71.004381],[52.972016,71.02912],[52.956309,71.057074],[52.799815,71.092963],[52.798106,71.114325],[52.77589,71.13052],[52.772472,71.168036],[52.756358,71.176703],[52.684337,71.188544],[52.642833,71.223334],[52.55836,71.24901],[52.450043,71.235785],[52.351817,71.245795],[52.254893,71.273261],[52.211762,71.308092],[52.217052,71.333197],[52.257823,71.348944],[52.529552,71.387844],[52.646658,71.38052],[52.720876,71.349311],[52.738455,71.353664],[52.687673,71.384101],[52.687185,71.397691],[52.741059,71.405829],[52.909679,71.367336],[52.958181,71.318915],[53.01238,71.297797],[53.019542,71.281317],[52.916515,71.308987],[52.86199,71.353664],[52.803071,71.37226],[52.74464,71.374172],[52.875499,71.333197],[52.779307,71.318915],[53.061046,71.238186],[53.112966,71.2331],[53.156749,71.243801],[53.081716,71.250637],[53.142426,71.270453],[53.211274,71.257473],[53.196056,71.226467],[53.231781,71.215888],[53.208344,71.19717]]],[[[40.431407,64.612698],[40.457774,64.568264],[40.435557,64.564154],[40.194835,64.574164],[40.146983,64.591742],[40.111013,64.630357],[40.054698,64.652533],[39.938324,64.662787],[39.871349,64.684027],[39.824229,64.679755],[39.855317,64.699164],[39.984223,64.719224],[40.043224,64.700873],[40.188487,64.708238],[40.253591,64.68887],[40.268077,64.656236],[40.302257,64.635484],[40.431407,64.612698]]],[[[40.001964,64.737372],[39.943696,64.727973],[39.949718,64.741929],[40.001964,64.737372]]],[[[40.252208,64.69892],[40.034841,64.760565],[40.110688,64.781195],[40.333507,64.772406],[40.387869,64.735745],[40.406749,64.642483],[40.396007,64.629136],[40.325694,64.637641],[40.252208,64.69892]]],[[[36.023936,65.045722],[36.017263,65.029039],[35.920584,65.021186],[35.891856,65.040717],[35.974132,65.056057],[36.023936,65.045722]]],[[[36.069184,65.157294],[36.260997,65.154527],[36.066091,65.125149],[35.942231,65.154608],[35.94988,65.180976],[35.990408,65.19123],[36.069184,65.157294]]],[[[54.340505,68.306708],[54.338552,68.276435],[54.316905,68.259101],[54.220958,68.245185],[54.197276,68.262274],[54.212738,68.291083],[54.302908,68.327379],[54.338878,68.327053],[54.29656,68.31391],[54.340505,68.306708]]],[[[53.912283,68.361965],[53.991466,68.345852],[53.957693,68.293362],[53.88738,68.29678],[53.865733,68.306952],[53.853201,68.337144],[53.912283,68.361965]]],[[[48.812348,68.696519],[49.124278,68.66767],[48.765961,68.696601],[48.812348,68.696519]]],[[[49.594737,68.82038],[49.591075,68.808661],[49.550466,68.795111],[49.491954,68.792426],[49.594737,68.82038]]],[[[54.266775,68.81684],[54.395356,68.782538],[54.228201,68.79621],[54.192719,68.813707],[54.266775,68.81684]]],[[[49.753103,68.880316],[49.841807,68.906236],[49.75172,68.877427],[49.753103,68.880316]]],[[[55.01295,68.935858],[55.019542,68.915432],[54.988292,68.911933],[54.911876,68.930976],[54.927989,68.940172],[55.01295,68.935858]]],[[[50.000743,68.932318],[50.107677,68.963528],[50.069835,68.943061],[50.000743,68.932318]]],[[[53.239919,71.354438],[53.395356,71.280504],[53.354747,71.279731],[53.242198,71.309475],[53.161469,71.354885],[53.239919,71.354438]]],[[[47.862071,43.99433],[47.866873,43.983791],[47.76295,43.928412],[47.684093,43.939521],[47.680186,43.951402],[47.642833,43.944403],[47.628184,43.962592],[47.665701,43.996283],[47.862071,43.99433]]],[[[47.997081,45.520494],[47.990733,45.448717],[47.959809,45.475775],[47.917735,45.570054],[47.917491,45.632758],[47.957042,45.650458],[47.997081,45.520494]]]]}},{"type":"Feature","properties":{"name":"Czechia","iso":"CZ","pop":10669709},"geometry":{"type":"Polygon","coordinates":[[[14.810393,50.858447],[14.982062,50.859067],[14.981132,50.90909],[14.997771,50.930174],[14.996635,50.959216],[14.960978,50.992651],[15.003973,51.020685],[15.107946,50.981024],[15.144429,51.011564],[15.170164,50.977975],[15.227111,50.977406],[15.269796,50.952653],[15.25605,50.899892],[15.28778,50.854881],[15.341006,50.83173],[15.356096,50.775455],[15.370255,50.772613],[15.400124,50.797986],[15.441775,50.800208],[15.641866,50.755766],[15.684345,50.731426],[15.792245,50.742692],[15.848159,50.675151],[15.941486,50.68838],[15.971459,50.678613],[15.998641,50.635567],[15.982001,50.603631],[16.024479,50.608592],[16.086491,50.64678],[16.175477,50.624095],[16.232011,50.660888],[16.331644,50.644042],[16.416806,50.586629],[16.425901,50.567561],[16.394482,50.559344],[16.391175,50.521827],[16.352624,50.492785],[16.287719,50.492785],[16.211237,50.451289],[16.217955,50.437129],[16.198008,50.440023],[16.190153,50.424158],[16.199559,50.406278],[16.232011,50.402609],[16.2625,50.36442],[16.343736,50.36995],[16.353244,50.333518],[16.371021,50.318377],[16.437787,50.297965],[16.535042,50.207738],[16.566668,50.142212],[16.660616,50.093016],[16.701233,50.094928],[16.817712,50.186757],[16.880964,50.191563],[16.918998,50.217091],[16.955275,50.213474],[16.960339,50.231974],[16.996306,50.212905],[17.014806,50.218486],[16.987831,50.284942],[16.926543,50.319255],[16.897914,50.378218],[16.865874,50.408449],[16.865771,50.422401],[16.892953,50.432943],[17.084672,50.397958],[17.131698,50.376823],[17.187612,50.378476],[17.210866,50.336412],[17.337474,50.313002],[17.319077,50.308248],[17.334063,50.295691],[17.341711,50.259724],[17.355044,50.253264],[17.365896,50.271558],[17.388013,50.272643],[17.424187,50.240552],[17.469352,50.265563],[17.629549,50.262101],[17.684533,50.312382],[17.707994,50.311039],[17.734452,50.28949],[17.719156,50.252799],[17.747578,50.217504],[17.738173,50.202363],[17.675334,50.174716],[17.589448,50.163244],[17.584177,50.145881],[17.632753,50.106348],[17.731971,50.094876],[17.719466,50.080872],[17.763287,50.025216],[17.839355,49.973643],[17.875735,49.968682],[17.941571,49.992764],[18.032418,50.00284],[18.035726,50.017207],[18.00689,50.024131],[18.002446,50.046765],[18.091639,50.017207],[18.085128,49.998758],[18.098151,49.989043],[18.162023,49.98124],[18.255867,49.946048],[18.292454,49.907808],[18.328524,49.92884],[18.368832,49.932044],[18.481797,49.896645],[18.559208,49.907187],[18.567269,49.861454],[18.593831,49.852204],[18.566339,49.831585],[18.566753,49.804765],[18.617706,49.713866],[18.727673,49.668907],[18.788444,49.668597],[18.83454,49.547623],[18.833196,49.510261],[18.773562,49.504886],[18.732531,49.480288],[18.635896,49.496721],[18.535643,49.481684],[18.514663,49.440601],[18.416788,49.385462],[18.387642,49.389751],[18.385162,49.342261],[18.160576,49.2587],[18.117788,49.202579],[18.105075,49.169765],[18.102905,49.09225],[18.075516,49.047188],[18.012885,49.019128],[17.914079,49.010498],[17.878733,48.933552],[17.860336,48.921718],[17.795533,48.920581],[17.727217,48.86291],[17.535084,48.812991],[17.498497,48.816763],[17.453332,48.842756],[17.374371,48.819605],[17.260269,48.857794],[17.167458,48.859758],[17.113715,48.83392],[17.098728,48.805756],[17.025348,48.746328],[16.945043,48.604166],[16.910523,48.63078],[16.896674,48.696977],[16.873006,48.718991],[16.798902,48.709224],[16.729035,48.733099],[16.675085,48.733926],[16.643149,48.778264],[16.519539,48.805601],[16.43572,48.794542],[16.384974,48.737078],[16.358309,48.727259],[16.177751,48.746535],[16.085354,48.742866],[15.931771,48.806428],[15.899629,48.834746],[15.875754,48.833093],[15.885986,48.842033],[15.833276,48.852006],[15.818497,48.872315],[15.726823,48.854952],[15.681347,48.858466],[15.521254,48.908489],[15.450354,48.944817],[15.27455,48.986727],[15.238067,48.95076],[15.141949,48.937479],[15.148977,48.965333],[15.137401,48.993031],[15.003973,49.009774],[14.978858,49.00626],[14.964595,48.971741],[14.968213,48.885028],[14.938137,48.80281],[14.951056,48.780331],[14.939584,48.762813],[14.800367,48.776507],[14.775356,48.724004],[14.703836,48.673103],[14.695671,48.589542],[14.675621,48.576235],[14.659187,48.576959],[14.634693,48.602332],[14.605134,48.600316],[14.594179,48.621323],[14.53382,48.608714],[14.458166,48.643182],[14.405353,48.586286],[14.315746,48.557916],[14.040827,48.601169],[14.006204,48.639513],[14.032869,48.654912],[14.032146,48.667263],[13.991115,48.700181],[13.815725,48.76643],[13.724671,48.867303],[13.637389,48.893451],[13.608657,48.946161],[13.51595,48.970242],[13.482257,48.937634],[13.427273,48.959958],[13.384175,48.993031],[13.372393,49.038507],[13.299529,49.093645],[13.178503,49.118347],[13.011278,49.267795],[12.999806,49.294925],[12.939861,49.326758],[12.88467,49.339573],[12.870925,49.336731],[12.875369,49.323864],[12.856662,49.32221],[12.777907,49.332545],[12.729331,49.391147],[12.643548,49.42949],[12.627218,49.460186],[12.622981,49.509847],[12.58288,49.522405],[12.546603,49.595579],[12.501955,49.619711],[12.496374,49.669993],[12.419583,49.700223],[12.383616,49.742856],[12.452655,49.779702],[12.462474,49.831223],[12.482524,49.827244],[12.524072,49.904965],[12.462681,49.931269],[12.468158,49.970233],[12.451312,49.980568],[12.414518,49.983048],[12.24688,50.044957],[12.232514,50.08051],[12.179184,50.117976],[12.185592,50.155699],[12.17505,50.182623],[12.079552,50.242722],[12.110971,50.276622],[12.076141,50.315173],[12.149315,50.311711],[12.168538,50.302977],[12.178047,50.268767],[12.239645,50.256572],[12.22993,50.234816],[12.254321,50.217401],[12.273235,50.172339],[12.300417,50.160815],[12.314369,50.167327],[12.308685,50.217091],[12.336487,50.258587],[12.398189,50.315173],[12.466815,50.34189],[12.475083,50.369433],[12.510223,50.38876],[12.691814,50.394651],[12.737909,50.431548],[12.817388,50.44302],[12.918363,50.4054],[12.952573,50.40416],[12.996602,50.433667],[13.009624,50.492681],[13.160106,50.497022],[13.19907,50.525341],[13.232349,50.58203],[13.284646,50.568956],[13.305627,50.575777],[13.321853,50.60239],[13.368775,50.628332],[13.407016,50.601305],[13.447944,50.597274],[13.498173,50.629159],[13.493315,50.643215],[13.523288,50.66218],[13.51564,50.691016],[13.556567,50.706725],[13.834535,50.723675],[13.882181,50.742744],[13.87908,50.763518],[13.892516,50.780416],[13.923315,50.779951],[13.959592,50.802068],[14.034936,50.802585],[14.190792,50.847905],[14.232133,50.879376],[14.346545,50.880203],[14.375897,50.895964],[14.381892,50.920872],[14.292802,50.95348],[14.303757,50.969707],[14.238335,50.982471],[14.287531,51.036834],[14.35657,51.032338],[14.397808,51.013115],[14.462094,51.019652],[14.482144,51.037196],[14.502918,51.008516],[14.574335,50.975494],[14.575575,50.95069],[14.550357,50.912087],[14.629215,50.920717],[14.613195,50.84558],[14.700425,50.815969],[14.775356,50.812972],[14.810393,50.858447]]]}},{"type":"Feature","properties":{"name":"Germany","iso":"DE","pop":83132799},"geometry":{"type":"MultiPolygon","coordinates":[[[[13.815725,48.76643],[13.783582,48.71527],[13.816862,48.695582],[13.800945,48.675221],[13.802392,48.611711],[13.77428,48.569207],[13.733869,48.559776],[13.716506,48.521691],[13.624367,48.565357],[13.520704,48.584581],[13.454558,48.573445],[13.440089,48.560965],[13.459209,48.516394],[13.438228,48.478541],[13.436161,48.430585],[13.405569,48.376583],[13.274207,48.307104],[13.136438,48.291059],[13.032775,48.263567],[12.93304,48.209255],[12.862553,48.196646],[12.738943,48.113447],[12.760234,48.064871],[12.830617,48.015468],[12.862036,47.962552],[12.931076,47.924879],[12.991227,47.847106],[12.892009,47.723548],[12.964045,47.705358],[13.019856,47.712929],[13.072049,47.659469],[13.072049,47.622417],[13.038253,47.584022],[13.04125,47.561904],[13.028124,47.541647],[13.037323,47.493045],[13.001873,47.466019],[12.931593,47.473512],[12.77894,47.554825],[12.773669,47.5795],[12.785865,47.602677],[12.81315,47.611824],[12.751655,47.649392],[12.761991,47.666859],[12.653057,47.675127],[12.598383,47.66288],[12.538232,47.631331],[12.49658,47.628903],[12.444697,47.656291],[12.42413,47.69156],[12.238715,47.6789],[12.223315,47.695901],[12.242229,47.732023],[12.1766,47.705823],[12.205125,47.672285],[12.206779,47.645568],[12.173603,47.60508],[11.935891,47.610738],[11.851969,47.599163],[11.820343,47.575288],[11.620458,47.589654],[11.589142,47.570379],[11.551212,47.51369],[11.412616,47.506094],[11.365487,47.469326],[11.388638,47.46222],[11.383884,47.444857],[11.305645,47.4354],[11.237019,47.393956],[11.213041,47.395816],[11.215212,47.422998],[11.193818,47.428941],[11.083747,47.389512],[10.979464,47.390545],[10.955279,47.409614],[10.959827,47.432506],[10.909907,47.46899],[10.858438,47.485165],[10.851616,47.493097],[10.892234,47.514879],[10.858644,47.530666],[10.760769,47.513638],[10.739892,47.52847],[10.583726,47.562473],[10.536907,47.529865],[10.482543,47.532862],[10.453501,47.546246],[10.457118,47.579242],[10.429213,47.57702],[10.414227,47.573015],[10.43097,47.542164],[10.419601,47.493045],[10.44761,47.472581],[10.451951,47.438759],[10.428283,47.396049],[10.371646,47.367394],[10.305913,47.302178],[10.239354,47.277735],[10.159876,47.271121],[10.168661,47.290422],[10.190778,47.298251],[10.209278,47.372484],[10.190881,47.379228],[10.082878,47.359074],[10.053215,47.40486],[10.075953,47.416874],[10.071819,47.439121],[10.022623,47.487955],[9.982625,47.481031],[9.945935,47.540769],[9.833487,47.534619],[9.813127,47.54175],[9.807959,47.576322],[9.782121,47.588414],[9.752665,47.582058],[9.703986,47.531415],[9.612622,47.521881],[9.549887,47.533534],[9.273211,47.65009],[9.196937,47.656136],[9.183398,47.670425],[9.016586,47.6789],[8.945376,47.654302],[8.881711,47.656136],[8.837786,47.680838],[8.856079,47.690682],[8.797581,47.720034],[8.77071,47.720861],[8.761718,47.70125],[8.769883,47.695074],[8.71707,47.694558],[8.70043,47.723496],[8.719757,47.747319],[8.713142,47.757422],[8.68193,47.75874],[8.644102,47.791012],[8.617437,47.757319],[8.601624,47.794603],[8.558216,47.801166],[8.5423,47.795017],[8.551602,47.779255],[8.463648,47.763907],[8.437913,47.723186],[8.392128,47.699519],[8.391301,47.665464],[8.458274,47.639884],[8.568241,47.662932],[8.607309,47.656291],[8.601624,47.632598],[8.580334,47.639005],[8.574133,47.592445],[8.560697,47.589396],[8.522353,47.621901],[8.461788,47.606139],[8.448869,47.58428],[8.354094,47.581024],[8.306345,47.592187],[8.288569,47.615803],[8.232965,47.621952],[8.179015,47.615803],[8.087237,47.567382],[8.042279,47.560561],[7.912157,47.560561],[7.898205,47.587846],[7.819657,47.595339],[7.76674,47.555961],[7.683438,47.544257],[7.609747,47.564746],[7.635895,47.564591],[7.659666,47.596579],[7.586028,47.584619],[7.590317,47.607948],[7.517866,47.675024],[7.511872,47.707322],[7.537813,47.731816],[7.525928,47.783157],[7.542878,47.829433],[7.561998,47.839226],[7.559001,47.882711],[7.578948,47.906328],[7.584942,47.940408],[7.621116,47.97144],[7.618945,48.002652],[7.575744,48.053709],[7.578948,48.11448],[7.613364,48.179205],[7.687158,48.252921],[7.702454,48.311187],[7.75072,48.341366],[7.738318,48.406607],[7.776455,48.498178],[7.813455,48.519468],[7.801673,48.54758],[7.810252,48.615018],[7.852419,48.658685],[7.959183,48.721368],[7.970138,48.757283],[8.017267,48.761831],[8.038765,48.79077],[8.090338,48.807513],[8.148112,48.903734],[8.200305,48.958563],[8.090441,48.979182],[7.931898,49.034838],[7.856864,49.032254],[7.773665,49.048118],[7.726949,49.035664],[7.634965,49.037783],[7.60861,49.061968],[7.520863,49.083672],[7.471047,49.12832],[7.482726,49.137054],[7.476112,49.151523],[7.414823,49.157776],[7.410483,49.168938],[7.350951,49.159171],[7.334002,49.13416],[7.297105,49.128114],[7.274367,49.105014],[7.154994,49.114419],[7.079857,49.142014],[7.073242,49.12031],[7.042546,49.107598],[7.020532,49.118967],[7.009474,49.181702],[6.914389,49.206662],[6.833464,49.209452],[6.839045,49.162788],[6.821785,49.147751],[6.725563,49.155554],[6.700965,49.172865],[6.702516,49.213638],[6.680605,49.207489],[6.663758,49.243869],[6.640297,49.252757],[6.639677,49.271154],[6.556426,49.326396],[6.555599,49.34717],[6.577717,49.3558],[6.518806,49.402154],[6.511674,49.424736],[6.402741,49.465457],[6.345307,49.455349],[6.350754,49.566588],[6.417933,49.639142],[6.402741,49.655782],[6.499686,49.712212],[6.485526,49.733761],[6.502579,49.79567],[6.397056,49.808589],[6.334424,49.840215],[6.302592,49.834944],[6.286779,49.86104],[6.2227,49.887137],[6.172677,49.956228],[6.161928,49.942482],[6.117177,50.004391],[6.113766,50.036378],[6.096403,50.048626],[6.129476,50.134047],[6.115833,50.145467],[6.121311,50.16159],[6.165132,50.181899],[6.146839,50.214042],[6.189627,50.242722],[6.271792,50.267424],[6.269415,50.286492],[6.285952,50.303856],[6.374525,50.315483],[6.337732,50.368089],[6.351167,50.433564],[6.323262,50.466016],[6.336905,50.481003],[6.255566,50.494593],[6.207197,50.486325],[6.182599,50.506582],[6.190557,50.515212],[6.170817,50.517951],[6.177328,50.530198],[6.160688,50.543583],[6.232932,50.587146],[6.249055,50.614431],[6.159448,50.622389],[6.147769,50.636755],[6.161102,50.642181],[6.081003,50.713495],[6.01155,50.708534],[6.010826,50.737059],[5.994187,50.742589],[5.997081,50.762949],[5.972999,50.781811],[5.968762,50.794627],[5.998321,50.800725],[6.009276,50.840464],[6.056715,50.852659],[6.063743,50.90754],[5.999871,50.929399],[6.003695,50.973737],[5.927731,50.977665],[5.874607,50.965366],[5.858174,51.019342],[5.85249,51.042751],[5.880498,51.052053],[5.937963,51.030943],[5.982921,51.074687],[6.147252,51.152254],[6.126272,51.164578],[6.157071,51.179254],[6.134126,51.184215],[6.08431,51.162692],[6.060849,51.170909],[6.056612,51.211707],[6.147769,51.318161],[6.193554,51.344516],[6.207817,51.387666],[6.192727,51.398957],[6.205337,51.458436],[6.193348,51.509338],[6.086481,51.595534],[6.099193,51.644472],[6.031497,51.662998],[6.008553,51.681188],[6.021989,51.709506],[6.012067,51.715863],[5.939306,51.731882],[5.962354,51.756351],[5.964111,51.776556],[5.928041,51.806736],[5.931451,51.81565],[6.084,51.853658],[6.156141,51.842056],[6.092992,51.88531],[6.126995,51.89673],[6.22518,51.862546],[6.264661,51.866189],[6.287399,51.846165],[6.341969,51.836682],[6.344966,51.821102],[6.382483,51.827587],[6.378453,51.860117],[6.462892,51.848361],[6.528624,51.876421],[6.743753,51.908331],[6.810726,51.960576],[6.809176,51.979542],[6.77817,52.001271],[6.675024,52.034809],[6.679881,52.060467],[6.711404,52.067288],[6.749851,52.102867],[6.830673,52.112893],[6.88483,52.160332],[6.927721,52.171907],[6.981878,52.213997],[7.02632,52.230637],[7.012471,52.284949],[7.048231,52.365074],[6.9733,52.451373],[6.90023,52.431917],[6.714814,52.461553],[6.695074,52.475609],[6.671716,52.541678],[6.743753,52.559713],[6.703962,52.583071],[6.701792,52.619115],[6.737035,52.634695],[6.8654,52.641956],[7.018465,52.625988],[7.036655,52.647382],[7.061977,52.824012],[7.161919,52.932636],[7.192821,52.998006],[7.18507,53.105442],[7.171944,53.137714],[7.195405,53.184998],[7.194591,53.245022],[7.233572,53.273627],[7.229503,53.296576],[7.254731,53.319525],[7.291515,53.32392],[7.366547,53.302802],[7.34254,53.324042],[7.302908,53.33275],[7.075206,53.337592],[7.038259,53.348578],[7.023611,53.37641],[7.023285,53.450507],[7.051443,53.5126],[7.059744,53.521715],[7.11964,53.516303],[7.141775,53.537177],[7.131114,53.556952],[7.088878,53.573717],[7.086762,53.586859],[7.226085,53.66649],[7.305024,53.684801],[7.458832,53.695136],[7.503917,53.678656],[7.951427,53.72191],[8.031423,53.708075],[8.024913,53.672553],[8.052908,53.636298],[8.127615,53.590766],[8.119151,53.571926],[8.167979,53.553209],[8.155447,53.526028],[8.058767,53.502021],[8.076996,53.468695],[8.099783,53.447414],[8.152354,53.449774],[8.205333,53.410712],[8.259451,53.412299],[8.315115,53.474921],[8.320486,53.509223],[8.291515,53.529364],[8.231212,53.525214],[8.248871,53.590277],[8.270681,53.61286],[8.329356,53.618109],[8.387706,53.577135],[8.552094,53.543606],[8.490001,53.486396],[8.485037,53.40119],[8.504405,53.358059],[8.497569,53.474758],[8.512869,53.496487],[8.556651,53.518215],[8.565766,53.546698],[8.508311,53.625149],[8.487071,53.666938],[8.486095,53.700426],[8.587576,53.870429],[8.629242,53.88939],[8.672699,53.891588],[8.74464,53.854153],[8.860688,53.831],[9.016287,53.840522],[9.035004,53.853583],[9.210704,53.871975],[9.283376,53.86164],[9.40268,53.742418],[9.484711,53.69009],[9.498383,53.659857],[9.582367,53.591295],[9.696625,53.556627],[9.832042,53.543606],[9.782074,53.569729],[9.692393,53.575914],[9.583669,53.612454],[9.550792,53.634589],[9.532237,53.711168],[9.435802,53.748684],[9.395193,53.831],[9.257823,53.885565],[9.093435,53.892483],[9.029959,53.907131],[9.007823,53.892483],[8.98463,53.89704],[8.916026,53.937405],[8.833344,54.036444],[8.890636,54.047797],[8.975352,54.024075],[8.997244,54.030219],[9.018321,54.097886],[8.974457,54.128079],[8.977306,54.145697],[8.952891,54.150092],[8.860688,54.12519],[8.812836,54.180487],[8.84669,54.233547],[8.83961,54.255561],[8.922048,54.274237],[8.963145,54.317613],[8.881114,54.290269],[8.88795,54.303941],[8.738943,54.293891],[8.678477,54.269192],[8.623383,54.290107],[8.602712,54.312079],[8.599864,54.33808],[8.641368,54.355658],[8.695567,54.358588],[8.650645,54.377997],[8.634776,54.365424],[8.629161,54.387681],[8.648448,54.406399],[8.886078,54.417792],[9.004731,54.465888],[9.011567,54.506334],[8.878754,54.606513],[8.825857,54.598131],[8.819021,54.605618],[8.853282,54.619289],[8.805431,54.687567],[8.688731,54.735297],[8.694347,54.76024],[8.648448,54.817857],[8.642751,54.844184],[8.660776,54.896311],[8.732779,54.889054],[8.824246,54.9059],[8.904138,54.897942],[9.194766,54.8504],[9.21151,54.841822],[9.226392,54.805906],[9.244066,54.801772],[9.332019,54.803219],[9.385039,54.819394],[9.405193,54.808387],[9.451427,54.81037],[9.579926,54.866278],[9.583181,54.830268],[9.73463,54.807318],[9.801768,54.783393],[9.823741,54.756741],[9.895356,54.769477],[9.891449,54.790269],[9.94752,54.779527],[10.01824,54.701239],[9.97047,54.701239],[9.929454,54.673896],[9.996349,54.678778],[10.039073,54.666815],[10.026866,54.559963],[10.010427,54.534329],[9.965587,54.506171],[9.840099,54.475287],[9.883311,54.462104],[10.143403,54.491848],[10.203868,54.461005],[10.18393,54.449368],[10.191254,54.396715],[10.141775,54.37226],[10.155528,54.343411],[10.141775,54.324408],[10.180349,54.341132],[10.224376,54.413804],[10.272146,54.420071],[10.31837,54.443305],[10.36085,54.441107],[10.44337,54.406399],[10.601085,54.365424],[10.690196,54.31623],[10.731293,54.310207],[10.77711,54.315131],[10.935313,54.379543],[11.018809,54.385891],[10.975841,54.378404],[11.033946,54.367621],[11.104177,54.39289],[11.135509,54.385891],[11.087738,54.351752],[11.06658,54.358588],[11.094493,54.283515],[11.09018,54.207994],[11.06658,54.183905],[10.95045,54.139472],[10.892833,54.102525],[10.805431,54.094875],[10.752615,54.050116],[10.780447,54.009955],[10.875499,53.995429],[10.88738,53.963935],[10.90211,53.961371],[11.053477,54.00849],[11.175059,54.018012],[11.204356,53.989244],[11.245372,53.97842],[11.242931,53.945217],[11.293712,53.940863],[11.334158,53.961371],[11.358246,53.940863],[11.399913,53.940863],[11.457693,53.906155],[11.472423,53.968817],[11.497895,53.981838],[11.49171,54.002346],[11.52589,54.022773],[11.519054,54.036444],[11.573497,54.039049],[11.591319,54.065619],[11.624522,54.083645],[11.625255,54.109809],[11.689708,54.155219],[11.812266,54.149807],[12.050629,54.179918],[12.088145,54.194078],[12.091645,54.114],[12.115001,54.097886],[12.095063,54.145697],[12.142833,54.180487],[12.101329,54.173651],[12.108897,54.18301],[12.18686,54.243354],[12.342133,54.303941],[12.501964,54.473578],[12.533865,54.488267],[12.527029,54.482123],[12.54835,54.462063],[12.591482,54.451728],[12.879649,54.448798],[12.921153,54.433498],[12.870779,54.416815],[12.694591,54.433661],[12.670421,54.420071],[12.624197,54.422919],[12.608409,54.406399],[12.581716,54.406399],[12.602224,54.392076],[12.594737,54.385891],[12.554047,54.390815],[12.527029,54.37226],[12.490977,54.390082],[12.438487,54.387519],[12.418468,54.360663],[12.424001,54.344916],[12.396739,54.351752],[12.391612,54.321112],[12.362559,54.310207],[12.380138,54.277086],[12.368826,54.269192],[12.412446,54.25141],[12.458181,54.255561],[12.41033,54.269192],[12.42628,54.289618],[12.472423,54.310207],[12.478689,54.331855],[12.560557,54.358588],[12.540782,54.37226],[12.574229,54.379096],[12.592947,54.36933],[12.677257,54.392076],[12.670421,54.406399],[12.680837,54.410875],[12.71754,54.413804],[12.692393,54.396186],[12.684093,54.37226],[12.7046,54.399604],[12.735037,54.37816],[12.78712,54.392076],[12.818044,54.357978],[12.854666,54.357856],[12.929373,54.414374],[13.0088,54.438056],[13.03419,54.433661],[13.021007,54.414537],[13.040375,54.392076],[13.095551,54.37226],[13.076671,54.352525],[13.109223,54.310207],[13.114919,54.280015],[13.170665,54.276597],[13.143403,54.263007],[13.176117,54.264838],[13.288829,54.23428],[13.348888,54.180487],[13.321544,54.166815],[13.403494,54.173651],[13.382986,54.153144],[13.417735,54.153144],[13.450369,54.110419],[13.483572,54.091295],[13.507091,54.097886],[13.479259,54.12519],[13.602712,54.139472],[13.711925,54.173651],[13.698253,54.153144],[13.808116,54.104682],[13.773204,54.046332],[13.746104,54.036444],[13.797618,53.998928],[13.838634,53.986314],[13.848643,53.955552],[13.906016,53.943061],[13.890147,53.912909],[13.818533,53.877997],[13.808116,53.865139],[13.817068,53.852932],[14.037446,53.755276],[14.186534,53.739814],[14.234141,53.761786],[14.264496,53.751614],[14.259532,53.727973],[14.212738,53.708075],[14.263901,53.699976],[14.260969,53.656209],[14.297039,53.597763],[14.30417,53.508518],[14.359878,53.444077],[14.403286,53.27879],[14.44163,53.251841],[14.380651,53.189855],[14.38954,53.131668],[14.343341,53.048624],[14.14449,52.959921],[14.164954,52.895661],[14.150485,52.86463],[14.123923,52.850651],[14.152758,52.828327],[14.21601,52.817992],[14.382202,52.738152],[14.431915,52.686088],[14.490102,52.650638],[14.549943,52.636194],[14.644821,52.576921],[14.609061,52.517803],[14.632316,52.496745],[14.591595,52.449797],[14.539815,52.421866],[14.545396,52.382153],[14.590148,52.309418],[14.584153,52.291228],[14.696911,52.253478],[14.712414,52.235908],[14.712104,52.215444],[14.69257,52.19958],[14.70704,52.179452],[14.686369,52.121032],[14.761403,52.076667],[14.699082,51.992512],[14.687093,51.911897],[14.595936,51.842418],[14.58281,51.825081],[14.585807,51.803893],[14.634176,51.769012],[14.648439,51.717206],[14.732465,51.658347],[14.743937,51.606644],[14.712724,51.567422],[14.710037,51.530241],[14.910955,51.468978],[14.955397,51.435415],[14.946922,51.422909],[14.960978,51.335291],[15.019476,51.271678],[15.022059,51.23677],[14.991364,51.18897],[14.955293,51.064042],[14.860209,50.916842],[14.810496,50.877051],[14.79458,50.831627],[14.759233,50.810181],[14.700425,50.815969],[14.613195,50.84558],[14.629215,50.920717],[14.550357,50.912087],[14.575575,50.95069],[14.574335,50.975494],[14.502918,51.008516],[14.482144,51.037196],[14.462094,51.019652],[14.397808,51.013115],[14.35657,51.032338],[14.287531,51.036834],[14.238335,50.982471],[14.303757,50.969707],[14.292802,50.95348],[14.381892,50.920872],[14.375897,50.895964],[14.346545,50.880203],[14.232133,50.879376],[14.190792,50.847905],[14.034936,50.802585],[13.959592,50.802068],[13.923315,50.779951],[13.892516,50.780416],[13.87908,50.763518],[13.882181,50.742744],[13.834535,50.723675],[13.556567,50.706725],[13.51564,50.691016],[13.523288,50.66218],[13.493315,50.643215],[13.498173,50.629159],[13.447944,50.597274],[13.407016,50.601305],[13.368775,50.628332],[13.321853,50.60239],[13.305627,50.575777],[13.284646,50.568956],[13.232349,50.58203],[13.19907,50.525341],[13.160106,50.497022],[13.009624,50.492681],[12.996602,50.433667],[12.952573,50.40416],[12.918363,50.4054],[12.817388,50.44302],[12.737909,50.431548],[12.691814,50.394651],[12.510223,50.38876],[12.475083,50.369433],[12.466815,50.34189],[12.398189,50.315173],[12.336487,50.258587],[12.308685,50.217091],[12.314369,50.167327],[12.300417,50.160815],[12.273235,50.172339],[12.254321,50.217401],[12.22993,50.234816],[12.239645,50.256572],[12.178047,50.268767],[12.168538,50.302977],[12.149315,50.311711],[12.076141,50.315173],[12.110971,50.276622],[12.079552,50.242722],[12.17505,50.182623],[12.185592,50.155699],[12.179184,50.117976],[12.232514,50.08051],[12.24688,50.044957],[12.414518,49.983048],[12.451312,49.980568],[12.468158,49.970233],[12.462681,49.931269],[12.524072,49.904965],[12.482524,49.827244],[12.462474,49.831223],[12.452655,49.779702],[12.383616,49.742856],[12.419583,49.700223],[12.496374,49.669993],[12.501955,49.619711],[12.546603,49.595579],[12.58288,49.522405],[12.622981,49.509847],[12.627218,49.460186],[12.643548,49.42949],[12.729331,49.391147],[12.777907,49.332545],[12.856662,49.32221],[12.875369,49.323864],[12.870925,49.336731],[12.88467,49.339573],[12.939861,49.326758],[12.999806,49.294925],[13.011278,49.267795],[13.178503,49.118347],[13.299529,49.093645],[13.372393,49.038507],[13.384175,48.993031],[13.427273,48.959958],[13.482257,48.937634],[13.51595,48.970242],[13.608657,48.946161],[13.637389,48.893451],[13.724671,48.867303],[13.815725,48.76643]]],[[[14.193066,53.911491],[14.175289,53.906478],[14.200819,53.878157],[14.087413,53.870429],[14.04835,53.879381],[13.99586,53.853746],[13.938487,53.844672],[13.840099,53.850287],[13.821788,53.865139],[13.931651,53.899319],[13.938975,53.928209],[13.901866,53.969794],[13.90447,53.995429],[13.972667,53.989244],[13.958995,53.940863],[13.987478,53.961412],[14.027843,53.961371],[14.014334,53.947089],[14.04835,53.940863],[14.040294,53.953843],[14.05128,54.005072],[14.037446,54.021715],[14.014334,54.016018],[13.9817,54.056342],[13.946056,54.066596],[13.915863,54.056383],[13.924815,54.036444],[13.89088,54.010159],[13.855968,54.002346],[13.876313,54.036444],[13.863617,54.049994],[13.7942,54.018134],[13.774099,54.022773],[13.814952,54.101264],[13.75294,54.153144],[13.777599,54.174018],[13.814952,54.173651],[13.855968,54.118354],[13.882498,54.102444],[14.016612,54.060004],[14.210053,53.938463],[14.193066,53.911491]]],[[[6.798106,53.604438],[6.722423,53.590766],[6.756521,53.562893],[6.726085,53.577135],[6.677094,53.575629],[6.659516,53.599107],[6.784679,53.620063],[6.798106,53.604438]]],[[[6.87379,53.672756],[7.047048,53.694159],[7.08546,53.686998],[6.87379,53.672756]]],[[[7.133149,53.708075],[7.232921,53.729438],[7.34669,53.723212],[7.173595,53.701402],[7.133149,53.708075]]],[[[7.366547,53.727973],[7.403494,53.736721],[7.435557,53.727973],[7.366547,53.727973]]],[[[8.120128,53.714301],[8.152354,53.739163],[8.195974,53.727973],[8.120128,53.714301]]],[[[7.606619,53.7626],[7.627208,53.750922],[7.513927,53.74551],[7.511241,53.727973],[7.481944,53.727118],[7.469574,53.745347],[7.48699,53.76142],[7.606619,53.7626]]],[[[7.68629,53.780992],[7.728282,53.786566],[7.812836,53.776353],[7.74822,53.760932],[7.660899,53.762112],[7.68629,53.780992]]],[[[7.854503,53.784573],[7.897634,53.796291],[7.955577,53.782904],[7.875255,53.788398],[7.87379,53.776353],[7.854503,53.784573]]],[[[11.390391,54.004584],[11.468028,54.030951],[11.497895,54.022773],[11.457693,53.961371],[11.445323,53.961127],[11.447032,53.997138],[11.423106,53.967719],[11.375662,53.981838],[11.390391,54.004584]]],[[[11.539561,54.056952],[11.533946,54.084866],[11.615896,54.112128],[11.539561,54.056952]]],[[[8.958507,54.522447],[8.956879,54.509426],[8.88795,54.468451],[8.844493,54.466498],[8.812836,54.482123],[8.825531,54.491197],[8.812836,54.501939],[8.844493,54.519721],[8.9192,54.530463],[8.958507,54.522447]]],[[[11.31422,54.413804],[11.188487,54.426174],[11.170177,54.420071],[11.179047,54.414211],[11.112641,54.415229],[11.098643,54.451646],[11.032481,54.447333],[11.025727,54.458808],[11.008474,54.454657],[11.005707,54.468451],[11.033702,54.508857],[11.072927,54.531195],[11.121267,54.535956],[11.232107,54.501654],[11.31422,54.413804]]],[[[13.118907,54.586412],[13.10255,54.529934],[13.075043,54.509426],[13.061371,54.468451],[13.06422,54.505113],[13.102306,54.596096],[13.125987,54.605618],[13.157237,54.599066],[13.149669,54.577704],[13.143403,54.598131],[13.118907,54.586412]]],[[[13.724864,54.363593],[13.766449,54.344916],[13.730154,54.31684],[13.723155,54.278388],[13.690929,54.283515],[13.711925,54.286566],[13.711925,54.303941],[13.651134,54.297187],[13.711925,54.331855],[13.616954,54.317613],[13.690929,54.351752],[13.650076,54.352444],[13.626801,54.339097],[13.599294,54.351752],[13.499685,54.344916],[13.428884,54.31094],[13.406098,54.285224],[13.35963,54.275458],[13.355724,54.248725],[13.369395,54.255561],[13.363129,54.263007],[13.417735,54.266059],[13.423025,54.232733],[13.407237,54.228217],[13.311534,54.251125],[13.335216,54.283515],[13.307872,54.269192],[13.314708,54.263007],[13.267914,54.256496],[13.210134,54.275824],[13.199229,54.28441],[13.204845,54.297187],[13.149669,54.290269],[13.148936,54.304755],[13.177501,54.310207],[13.115489,54.33808],[13.148936,54.377265],[13.174327,54.383979],[13.223318,54.372504],[13.266856,54.385891],[13.239268,54.393622],[13.239024,54.420071],[13.211599,54.431098],[13.156993,54.426825],[13.181814,54.45303],[13.259532,54.468451],[13.273123,54.482123],[13.233246,54.493069],[13.232758,54.516262],[13.185395,54.508287],[13.166026,54.51911],[13.158865,54.540676],[13.143403,54.542914],[13.259532,54.553778],[13.288259,54.539944],[13.297862,54.51968],[13.309255,54.534817],[13.301036,54.55036],[13.369395,54.58515],[13.342052,54.55036],[13.363129,54.542914],[13.348888,54.523668],[13.3838,54.531887],[13.389822,54.542914],[13.363129,54.55036],[13.37672,54.564643],[13.417328,54.524563],[13.410899,54.509426],[13.430675,54.492743],[13.507091,54.488267],[13.499685,54.495754],[13.520763,54.523668],[13.499685,54.557196],[13.520763,54.570787],[13.441417,54.557196],[13.369151,54.612128],[13.273285,54.56094],[13.253266,54.564643],[13.256847,54.594916],[13.293468,54.642279],[13.224783,54.634955],[13.230968,54.653306],[13.390798,54.688178],[13.445079,54.68008],[13.382986,54.636379],[13.394542,54.604438],[13.424571,54.58515],[13.466319,54.57689],[13.595958,54.591376],[13.640473,54.585679],[13.670665,54.56623],[13.677257,54.540473],[13.584809,54.486518],[13.579112,54.455064],[13.609548,54.413804],[13.698253,54.392076],[13.724864,54.363593]]],[[[8.332367,54.693793],[8.401378,54.632961],[8.353689,54.618964],[8.291515,54.66706],[8.320486,54.698717],[8.360362,54.71483],[8.332367,54.693793]]],[[[8.553233,54.754462],[8.593761,54.728502],[8.565766,54.687567],[8.485199,54.688056],[8.394542,54.71483],[8.436778,54.748481],[8.553233,54.754462]]],[[[8.354503,54.912746],[8.436534,54.887274],[8.65447,54.893622],[8.629405,54.882148],[8.504405,54.886176],[8.446056,54.866278],[8.377126,54.866278],[8.343923,54.879096],[8.30714,54.865383],[8.294932,54.831529],[8.295746,54.759101],[8.284434,54.742377],[8.277029,54.782782],[8.298025,54.912543],[8.373709,55.03498],[8.415782,55.065334],[8.46339,55.050686],[8.394542,55.04385],[8.422211,55.042182],[8.430431,55.030015],[8.36199,54.986802],[8.351573,54.966742],[8.354503,54.912746]]],[[[8.698904,54.55858],[8.692882,54.523261],[8.66977,54.501899],[8.618826,54.492621],[8.595876,54.513658],[8.620128,54.537909],[8.698904,54.55858]]],[[[7.900645,54.19066],[7.897716,54.182318],[7.879893,54.193915],[7.900645,54.19066]]],[[[7.929861,54.195299],[7.933442,54.189887],[7.912364,54.192288],[7.929861,54.195299]]]]}},{"type":"Feature","properties":{"name":"Estonia","iso":"EE","pop":1326590},"geometry":{"type":"MultiPolygon","coordinates":[[[[24.306159,57.868186],[24.398285,58.023261],[24.464122,58.07217],[24.472911,58.154731],[24.454845,58.196438],[24.470958,58.250922],[24.548513,58.289293],[24.560395,58.312323],[24.551036,58.333726],[24.444184,58.386135],[24.361827,58.397284],[24.315929,58.37995],[24.286876,58.318549],[24.243337,58.280219],[24.156016,58.276842],[24.111664,58.241034],[23.980235,58.318427],[23.854666,58.339667],[23.833507,58.353949],[23.740977,58.343085],[23.718923,58.399563],[23.677419,58.435248],[23.678966,58.524156],[23.663829,58.5362],[23.622406,58.52912],[23.584321,58.544867],[23.561209,58.583157],[23.516368,58.554633],[23.501475,58.562486],[23.51824,58.603746],[23.493175,58.673407],[23.497732,58.696601],[23.546641,58.709621],[23.53004,58.722846],[23.533051,58.747463],[23.584483,58.737942],[23.697032,58.751166],[23.802501,58.730699],[23.804861,58.747992],[23.779552,58.766425],[23.785492,58.777981],[23.816173,58.784613],[23.87436,58.771674],[23.815684,58.799954],[23.78419,58.800971],[23.75766,58.785346],[23.739513,58.798],[23.603363,58.794827],[23.542735,58.775377],[23.429454,58.764838],[23.466563,58.800727],[23.526134,58.81977],[23.463634,58.864163],[23.422374,58.908677],[23.422048,58.928697],[23.443696,58.944037],[23.584483,58.953559],[23.627696,58.979153],[23.621593,59.015326],[23.559825,59.052802],[23.614431,59.011298],[23.580333,59.005072],[23.552989,58.970893],[23.461274,58.992377],[23.408376,59.02558],[23.43629,59.02558],[23.434906,59.056098],[23.490733,59.088284],[23.51824,59.07331],[23.519379,59.124986],[23.470876,59.212144],[23.525645,59.230414],[23.578461,59.226304],[23.641856,59.257392],[23.730479,59.230414],[23.742931,59.250149],[23.723643,59.265082],[23.756847,59.283637],[23.888845,59.278754],[24.038585,59.29328],[24.080577,59.271308],[24.100108,59.294501],[24.092052,59.312567],[24.019379,59.367255],[24.034841,59.388658],[24.080577,59.395453],[24.164887,59.354071],[24.221934,59.35517],[24.163097,59.402289],[24.306163,59.419094],[24.333832,59.470608],[24.422537,59.477444],[24.498302,59.443834],[24.548188,59.462958],[24.642589,59.436428],[24.660492,59.440619],[24.656586,59.449897],[24.621837,59.470608],[24.658539,59.472073],[24.674978,59.496039],[24.69752,59.491034],[24.744395,59.447211],[24.772634,59.4501],[24.815766,59.489325],[24.783539,59.519843],[24.772634,59.559963],[24.803477,59.570502],[24.934418,59.508043],[25.012218,59.518378],[25.09783,59.49787],[25.116466,59.503119],[25.107921,59.528998],[25.145518,59.53913],[25.409434,59.491034],[25.402354,59.514309],[25.415782,59.527086],[25.543712,59.535142],[25.497081,59.570868],[25.481944,59.611151],[25.484874,59.669827],[25.622325,59.580471],[25.676768,59.566067],[25.705903,59.569281],[25.718516,59.587592],[25.684825,59.628648],[25.690684,59.649359],[25.670665,59.655504],[25.694672,59.670885],[25.780528,59.635688],[25.773123,59.628241],[25.793712,59.591213],[25.826182,59.575263],[25.861339,59.586127],[25.883067,59.631334],[25.944509,59.594672],[25.965017,59.597317],[25.964366,59.621405],[25.988536,59.634345],[26.036388,59.623236],[26.090994,59.585639],[26.28004,59.587307],[26.497813,59.539984],[26.584727,59.559963],[26.66505,59.551947],[26.826915,59.476955],[26.937673,59.4501],[27.116222,59.442043],[27.409028,59.45189],[27.873302,59.40762],[27.953461,59.428168],[28.019054,59.481757],[28.038578,59.462987],[28.104827,59.439215],[28.137796,59.400355],[28.186475,59.37493],[28.181825,59.356068],[28.157537,59.364026],[28.11356,59.345423],[28.000647,59.333744],[28.096869,59.319429],[28.076611,59.30527],[27.959719,59.306459],[27.882308,59.275659],[27.890783,59.258038],[27.842414,59.161196],[27.713326,58.991904],[27.477785,58.875426],[27.410606,58.754864],[27.554886,58.395248],[27.494115,58.319542],[27.482849,58.268641],[27.495355,58.22146],[27.579691,58.125859],[27.630437,58.08829],[27.631574,58.004161],[27.669091,57.991965],[27.675189,57.967806],[27.659376,57.93246],[27.664957,57.918404],[27.774408,57.890705],[27.799316,57.861069],[27.763452,57.838667],[27.700717,57.824844],[27.524604,57.8073],[27.553853,57.794768],[27.502435,57.772547],[27.507757,57.714773],[27.391434,57.680201],[27.377016,57.656714],[27.38208,57.602687],[27.328027,57.583153],[27.352935,57.527601],[27.319965,57.516129],[27.165659,57.546695],[27.085354,57.549434],[26.981071,57.608991],[26.896115,57.614986],[26.872654,57.627181],[26.795759,57.571319],[26.666982,57.56486],[26.604763,57.540313],[26.590087,57.520366],[26.542235,57.528169],[26.49955,57.515819],[26.430924,57.561707],[26.297185,57.599147],[26.168511,57.70405],[26.024747,57.774356],[26.013068,57.8073],[26.025264,57.828409],[26.014515,57.842827],[25.792616,57.855979],[25.767502,57.868924],[25.730295,57.923132],[25.601517,57.912203],[25.558315,57.934243],[25.541676,57.96282],[25.457185,57.984059],[25.39662,58.023178],[25.324583,58.034753],[25.281692,58.073407],[25.250686,58.068498],[25.249549,58.051186],[25.284379,58.00814],[25.232496,57.985376],[25.20211,57.991965],[25.16697,58.058731],[25.094209,58.067309],[24.949309,58.006435],[24.872518,58.00044],[24.81681,57.976669],[24.733508,57.992198],[24.684829,57.947575],[24.53383,57.945069],[24.441639,57.908094],[24.401539,57.866469],[24.378181,57.859441],[24.306159,57.868186]]],[[[23.937999,58.137274],[23.984223,58.157131],[24.013357,58.15351],[24.022146,58.129869],[24.002452,58.108547],[23.970714,58.099595],[23.94337,58.113186],[23.937999,58.137274]]],[[[23.255138,58.500067],[23.31837,58.47248],[23.333263,58.456366],[23.324962,58.442288],[23.261404,58.465888],[23.237641,58.456366],[23.278005,58.43651],[23.234874,58.439887],[23.181895,58.474677],[23.156505,58.477525],[23.130382,58.439521],[23.084239,58.429633],[23.086762,58.394965],[23.042491,58.371487],[23.021983,58.363227],[22.954845,58.381049],[22.94752,58.372626],[22.969493,58.360175],[22.90268,58.311835],[22.811209,58.273424],[22.721202,58.270331],[22.710134,58.257758],[22.756684,58.242255],[22.723155,58.225409],[22.6692,58.221503],[22.654959,58.244696],[22.621349,58.252753],[22.564952,58.235175],[22.535004,58.254055],[22.504161,58.223538],[22.490977,58.244696],[22.476817,58.245103],[22.421641,58.221625],[22.38795,58.226752],[22.323416,58.20661],[22.271739,58.174262],[22.265391,58.115058],[22.229259,58.052191],[22.19988,58.026028],[22.202973,57.993964],[22.04835,57.915107],[22.016856,57.914496],[21.990082,57.935614],[21.990733,57.958238],[21.964122,57.971381],[21.96339,57.984036],[21.997569,57.984036],[22.085704,58.082587],[22.147716,58.079576],[22.16505,58.116889],[22.202973,58.147895],[22.141856,58.169501],[22.072276,58.175849],[22.016856,58.233873],[21.896495,58.250718],[21.843761,58.293606],[21.855642,58.306871],[21.908214,58.298733],[21.873302,58.34162],[21.894542,58.346503],[21.944591,58.318752],[21.96339,58.326606],[21.954926,58.344062],[21.968028,58.35456],[22.011241,58.353949],[21.945974,58.432278],[21.832367,58.510972],[21.901378,58.497992],[21.928477,58.518378],[21.995616,58.512519],[22.089366,58.422187],[22.098481,58.426093],[22.103689,58.487209],[22.171886,58.521552],[22.194591,58.545844],[22.215587,58.544176],[22.228852,58.510565],[22.273204,58.502021],[22.288341,58.569322],[22.321951,58.584784],[22.463064,58.592922],[22.583181,58.634508],[22.648123,58.586737],[22.68214,58.600328],[22.736339,58.58808],[22.811371,58.622952],[22.922048,58.617418],[23.091075,58.57095],[23.148285,58.521552],[23.255138,58.500067]]],[[[23.347504,58.607164],[23.400238,58.555406],[23.362153,58.532457],[23.278575,58.546373],[23.223806,58.535468],[23.059337,58.603461],[23.062836,58.624579],[23.07545,58.629828],[23.120942,58.628323],[23.134613,58.661811],[23.154633,58.67593],[23.197765,58.680609],[23.330251,58.653062],[23.349132,58.635077],[23.347504,58.607164]]],[[[23.344249,59.039293],[23.393728,58.996243],[23.374278,58.975531],[23.340099,58.983954],[23.278575,58.970689],[23.223399,58.983954],[23.174164,58.968329],[23.148285,58.974026],[23.114106,59.021796],[23.148204,59.04442],[23.278005,59.032375],[23.344249,59.039293]]],[[[22.226899,58.886461],[22.044688,58.936184],[22.055512,58.952704],[22.094249,58.956041],[22.168224,58.950385],[22.463064,58.970893],[22.442068,58.984687],[22.488455,58.981147],[22.487559,59.016425],[22.559255,59.038398],[22.578298,59.078437],[22.597667,59.089504],[22.714122,59.069566],[22.69158,59.041164],[22.736664,59.005072],[22.837169,59.008612],[22.934093,58.984036],[22.949555,58.970893],[22.949555,58.936184],[23.015147,58.891791],[23.040538,58.840766],[23.019054,58.829088],[22.956798,58.847398],[22.942231,58.834215],[22.879568,58.832709],[22.867198,58.820054],[22.886974,58.811835],[22.886729,58.790473],[22.845388,58.776516],[22.79005,58.780992],[22.778331,58.792182],[22.826915,58.819159],[22.819347,58.829657],[22.777599,58.824368],[22.736664,58.806464],[22.654959,58.702786],[22.555675,58.686998],[22.50172,58.69477],[22.463064,58.716457],[22.497244,58.737535],[22.449474,58.786811],[22.439789,58.841376],[22.382091,58.88227],[22.324962,58.896633],[22.226899,58.886461]]],[[[24.530935,59.58397],[24.550059,59.557766],[24.542817,59.547797],[24.516287,59.544257],[24.489106,59.559638],[24.500499,59.596259],[24.530935,59.58397]]],[[[23.270681,57.807807],[23.270193,57.785631],[23.217784,57.80093],[23.224294,57.823717],[23.270681,57.807807]]]]}},{"type":"Feature","properties":{"name":"Latvia","iso":"LV","pop":1912789},"geometry":{"type":"Polygon","coordinates":[[[27.528169,57.528479],[27.511323,57.430397],[27.640824,57.389005],[27.707952,57.348129],[27.827738,57.304953],[27.846134,57.267307],[27.824327,57.15907],[27.682217,57.103699],[27.696066,57.085457],[27.745469,57.067991],[27.75074,57.042359],[27.723351,56.998796],[27.715135,56.957403],[27.62837,56.844154],[27.661185,56.839271],[27.786397,56.871258],[27.830838,56.864282],[27.913521,56.82015],[27.918895,56.805888],[27.865461,56.742687],[27.882618,56.725479],[27.98101,56.687006],[27.997443,56.603833],[28.010982,56.587555],[28.126117,56.547764],[28.132215,56.535982],[28.093251,56.501591],[28.164255,56.437952],[28.167148,56.369868],[28.217275,56.270727],[28.169112,56.161741],[28.148907,56.142414],[28.110976,56.156806],[27.92706,56.109367],[27.880654,56.063866],[27.781229,56.016375],[27.776991,55.992397],[27.744435,55.959738],[27.64501,55.922841],[27.617156,55.878554],[27.592713,55.794244],[27.438821,55.79874],[27.349627,55.831219],[27.263018,55.787216],[27.151448,55.832459],[26.981071,55.826878],[26.900146,55.778715],[26.822838,55.70611],[26.743049,55.682856],[26.64011,55.695568],[26.594531,55.666991],[26.48105,55.678308],[26.279718,55.743239],[26.178639,55.84959],[26.017616,55.937362],[25.871268,55.992139],[25.696602,56.087895],[25.661875,56.140812],[25.109196,56.183083],[25.073125,56.197811],[25.026203,56.260185],[24.973183,56.300751],[24.910138,56.421958],[24.870967,56.442602],[24.845852,56.40493],[24.805545,56.408548],[24.678628,56.377283],[24.538998,56.287625],[24.481327,56.26884],[24.414354,56.265507],[24.318546,56.29858],[24.138919,56.257446],[24.07515,56.271192],[23.981306,56.312404],[23.858109,56.334392],[23.724991,56.328811],[23.723544,56.345812],[23.706697,56.354442],[23.609856,56.353822],[23.481595,56.330103],[23.288428,56.373046],[23.17257,56.357956],[23.112728,56.310879],[23.062292,56.304161],[23.016714,56.32385],[22.956976,56.401985],[22.924523,56.412113],[22.666347,56.349094],[22.604749,56.379092],[22.511731,56.395964],[22.214902,56.390383],[22.139144,56.415705],[22.094082,56.41741],[21.684495,56.310104],[21.596025,56.307882],[21.419292,56.237395],[21.327618,56.224373],[21.229639,56.163188],[21.190365,56.084459],[21.053396,56.072618],[21.028819,56.147406],[20.98406,56.210435],[20.969086,56.253485],[20.982677,56.290758],[20.970551,56.388983],[21.003184,56.434801],[21.006358,56.519965],[21.024262,56.510484],[21.044688,56.462104],[21.030528,56.448432],[21.044688,56.442206],[21.044688,56.421129],[21.030528,56.408108],[21.061778,56.38703],[21.079763,56.403062],[21.05836,56.503648],[21.003103,56.530015],[20.992198,56.548896],[21.05836,56.688666],[21.065196,56.774319],[21.052745,56.828925],[21.065196,56.84634],[21.222911,56.907701],[21.382498,57.008938],[21.413585,57.073188],[21.401052,57.151313],[21.414806,57.184882],[21.414806,57.270901],[21.433604,57.306464],[21.480235,57.333645],[21.517751,57.3876],[21.589122,57.438788],[21.729666,57.573798],[21.771658,57.586127],[21.999278,57.600328],[22.483735,57.742499],[22.610362,57.754625],[22.590831,57.706122],[22.590994,57.644761],[22.656098,57.585761],[22.878917,57.481269],[23.031423,57.394477],[23.130219,57.370795],[23.174571,57.297349],[23.198741,57.224189],[23.222423,57.207017],[23.260916,57.098944],[23.340099,57.05858],[23.508556,57.031236],[23.585134,56.979071],[23.69516,56.967271],[23.952891,57.013251],[24.035655,57.068996],[24.210785,57.123725],[24.379161,57.230211],[24.400645,57.258124],[24.405528,57.344468],[24.375173,57.528551],[24.358572,57.55036],[24.374766,57.613471],[24.357677,57.685492],[24.299571,57.743842],[24.285981,57.832587],[24.306159,57.868186],[24.378181,57.859441],[24.401539,57.866469],[24.441639,57.908094],[24.53383,57.945069],[24.684829,57.947575],[24.733508,57.992198],[24.81681,57.976669],[24.872518,58.00044],[24.949309,58.006435],[25.094209,58.067309],[25.16697,58.058731],[25.20211,57.991965],[25.216786,57.985376],[25.284379,58.00814],[25.249549,58.051186],[25.250686,58.068498],[25.281692,58.073407],[25.324583,58.034753],[25.39662,58.023178],[25.457185,57.984059],[25.541676,57.96282],[25.558315,57.934243],[25.601517,57.912203],[25.730295,57.923132],[25.767502,57.868924],[25.792616,57.855979],[26.014515,57.842827],[26.025264,57.828409],[26.013068,57.8073],[26.024747,57.774356],[26.168511,57.70405],[26.297185,57.599147],[26.430924,57.561707],[26.49955,57.515819],[26.542235,57.528169],[26.590087,57.520366],[26.604763,57.540313],[26.666982,57.56486],[26.795759,57.571319],[26.872654,57.627181],[26.896115,57.614986],[26.981071,57.608991],[27.085354,57.549434],[27.165659,57.546695],[27.319965,57.516129],[27.352935,57.527601],[27.528169,57.528479]]]}},{"type":"Feature","properties":{"name":"Norway","iso":"NO","pop":5347896},"geometry":{"type":"MultiPolygon","coordinates":[[[[20.623165,69.036356],[20.102266,69.022145],[20.341115,68.910058],[20.356514,68.804587],[20.338841,68.765468],[20.236625,68.659066],[20.151772,68.606821],[19.962223,68.541192],[20.245927,68.477372],[19.971215,68.351281],[19.481735,68.424042],[19.038145,68.505639],[18.644577,68.501246],[18.436218,68.573852],[18.161506,68.530185],[18.135668,68.395723],[18.188584,68.198732],[18.166674,68.158476],[17.921004,67.972855],[17.895372,67.969651],[17.321454,68.105301],[17.220065,68.040086],[16.782882,67.896994],[16.587235,67.625899],[16.428589,67.534018],[16.199559,67.508284],[16.127108,67.422759],[16.43789,67.200318],[16.443781,67.182619],[16.415566,67.052704],[16.39965,67.035961],[16.125661,66.934365],[16.038845,66.887546],[15.669462,66.599424],[15.426272,66.491214],[15.482083,66.34081],[15.491798,66.287996],[15.481876,66.274871],[15.053375,66.153276],[14.540538,66.125448],[14.644408,65.842907],[14.648852,65.802393],[14.560692,65.701055],[14.510359,65.464739],[14.514287,65.318081],[14.482144,65.288677],[14.380238,65.240282],[14.338484,65.122899],[14.310682,65.084142],[14.172602,64.991538],[13.642764,64.584018],[13.940058,64.49131],[14.096948,64.465317],[14.115551,64.441236],[14.16144,64.205436],[14.147797,64.169004],[13.964243,64.009531],[13.234106,64.090869],[12.982442,64.05883],[12.755273,63.991392],[12.681892,63.956356],[12.293182,63.656994],[12.170295,63.598135],[12.219801,63.474266],[11.992425,63.288903],[12.222695,63.001479],[12.093298,62.907427],[12.156239,62.733691],[12.154069,62.710514],[12.090094,62.606335],[12.091231,62.58631],[12.314266,62.286122],[12.31747,62.234032],[12.161717,61.724838],[12.416482,61.582289],[12.550944,61.566915],[12.613783,61.547045],[12.877126,61.370984],[12.888184,61.349616],[12.839815,61.226987],[12.73915,61.142445],[12.703803,61.046197],[12.511773,61.049117],[12.280986,61.015192],[12.253288,61.001704],[12.256078,60.981318],[12.313232,60.901865],[12.350026,60.793345],[12.377001,60.754096],[12.482524,60.657332],[12.594352,60.514938],[12.612646,60.455381],[12.605308,60.419156],[12.577919,60.375902],[12.491723,60.312289],[12.524692,60.161704],[12.483248,60.081243],[12.290598,59.958719],[12.143734,59.898412],[11.942196,59.90203],[11.849592,59.872419],[11.842977,59.838416],[11.902095,59.785137],[11.897237,59.713979],[11.828404,59.659719],[11.693735,59.622305],[11.674925,59.607112],[11.677406,59.559053],[11.783962,59.360616],[11.811661,59.249666],[11.775591,59.202537],[11.748512,59.140061],[11.745308,59.092156],[11.664383,58.920074],[11.61157,58.893151],[11.547078,58.884727],[11.451993,58.896044],[11.453233,58.960485],[11.389334,59.080756],[11.344574,59.111396],[11.182384,59.116034],[11.174653,59.140937],[11.206716,59.145697],[11.178559,59.164984],[11.176443,59.196845],[11.135509,59.183173],[11.153087,59.162543],[11.135509,59.142239],[11.118826,59.142279],[11.087738,59.175767],[11.099132,59.134182],[11.032481,59.127997],[11.039806,59.143744],[10.998302,59.172309],[10.948497,59.183336],[10.936209,59.183173],[10.944021,59.149319],[10.916352,59.142239],[10.900645,59.164008],[10.90211,59.196845],[10.850271,59.180365],[10.841156,59.161444],[10.822927,59.163967],[10.802013,59.188788],[10.779145,59.189399],[10.78419,59.206285],[10.766368,59.231757],[10.77296,59.252102],[10.738129,59.216702],[10.743663,59.268012],[10.779145,59.312934],[10.734711,59.334052],[10.700694,59.306708],[10.674083,59.315741],[10.642751,59.374945],[10.659679,59.400214],[10.591645,59.43065],[10.644542,59.49315],[10.662934,59.488715],[10.648936,59.443834],[10.662446,59.437893],[10.685069,59.450263],[10.690278,59.480658],[10.651134,59.526435],[10.656423,59.594672],[10.625987,59.637274],[10.614594,59.69717],[10.597504,59.684556],[10.560232,59.726223],[10.614594,59.833686],[10.655528,59.856676],[10.680349,59.827338],[10.717784,59.738105],[10.758474,59.850165],[10.745128,59.882066],[10.752615,59.888902],[10.688731,59.91177],[10.66627,59.888902],[10.62143,59.896308],[10.594249,59.882066],[10.52947,59.88231],[10.475434,59.850043],[10.473806,59.841376],[10.498709,59.833686],[10.484548,59.788642],[10.502208,59.708726],[10.539806,59.675035],[10.582693,59.662055],[10.614594,59.607733],[10.59311,59.57038],[10.542735,59.535549],[10.483735,59.514472],[10.436697,59.518378],[10.423595,59.53384],[10.427419,59.607367],[10.397634,59.688056],[10.266856,59.739732],[10.238943,59.738756],[10.224376,59.723822],[10.257091,59.701077],[10.379242,59.658352],[10.394867,59.611151],[10.381033,59.535346],[10.364268,59.525824],[10.237315,59.559963],[10.267914,59.525051],[10.331309,59.495063],[10.369395,59.455268],[10.47755,59.429633],[10.480317,59.412095],[10.444509,59.348944],[10.514171,59.302924],[10.487071,59.284125],[10.469574,59.247789],[10.36085,59.271308],[10.36199,59.21955],[10.330251,59.209662],[10.313731,59.127997],[10.289806,59.134589],[10.306895,59.059719],[10.272146,59.114325],[10.262462,59.03856],[10.224376,59.114325],[10.211274,59.066555],[10.232188,59.040351],[10.207042,59.016425],[10.140798,58.999945],[10.114513,59.005072],[10.161876,59.027533],[10.163422,59.052314],[10.059418,59.018134],[10.016775,59.033677],[10.033376,58.993476],[10.014822,58.973131],[9.957367,58.956692],[9.846202,58.955634],[9.812185,58.963446],[9.838878,58.971869],[9.845225,58.989325],[9.836762,59.009345],[9.781749,59.051174],[9.765961,59.052395],[9.758149,59.032375],[9.706065,59.064276],[9.703461,59.086982],[9.688487,59.090766],[9.683116,59.046047],[9.66863,59.051459],[9.628429,59.1081],[9.640473,59.11758],[9.630626,59.131415],[9.600922,59.115668],[9.539073,59.120551],[9.621349,59.075263],[9.654145,59.037299],[9.726817,59.015204],[9.723969,58.983954],[9.703461,58.998236],[9.684744,58.983466],[9.655772,58.983954],[9.689789,58.956692],[9.594249,58.94302],[9.607921,58.928697],[9.575938,58.921454],[9.470063,58.928697],[9.523936,58.900051],[9.511485,58.895209],[9.455903,58.897691],[9.450369,58.881537],[9.37379,58.895413],[9.360199,58.881537],[9.394216,58.889879],[9.403656,58.880927],[9.339529,58.862616],[9.298839,58.881537],[9.270844,58.833157],[9.312511,58.826321],[9.379649,58.844184],[9.450369,58.833157],[9.367035,58.792182],[9.408702,58.799628],[9.306488,58.738715],[9.070974,58.741197],[9.062999,58.723822],[9.143565,58.709784],[9.169119,58.716457],[9.100841,58.737535],[9.214692,58.721625],[9.216319,58.702786],[9.059337,58.682929],[9.156016,58.688544],[9.200531,58.672349],[9.033837,58.594754],[8.990977,58.600328],[8.971202,58.586737],[8.913341,58.606879],[8.948904,58.579657],[8.950094,58.547184],[8.94388,58.525985],[8.909419,58.500892],[8.754104,58.427587],[8.707295,58.378911],[8.641612,58.363918],[8.60727,58.332831],[8.579356,58.34748],[8.513438,58.293362],[8.506358,58.283108],[8.518077,58.271389],[8.501231,58.257229],[8.435395,58.257758],[8.409353,58.27204],[8.400564,58.265815],[8.406261,58.244208],[8.353526,58.244696],[8.295258,58.212714],[8.243663,58.203111],[8.271739,58.196275],[8.227224,58.163153],[8.223155,58.134833],[8.201915,58.122992],[8.15797,58.144477],[8.122895,58.102037],[8.052501,58.113186],[8.024587,58.141059],[8.079845,58.162095],[8.029552,58.22484],[8.00408,58.223049],[8.027599,58.183173],[8.007498,58.144477],[7.934093,58.109442],[7.956309,58.093248],[7.695974,58.058539],[7.66391,58.067288],[7.653575,58.064643],[7.660899,58.045478],[7.62672,58.052314],[7.629242,58.031236],[7.614757,58.022121],[7.578868,58.045478],[7.578868,58.017524],[7.390636,58.017524],[7.267589,58.035956],[7.249848,58.058539],[7.174978,58.031195],[7.155528,58.050279],[7.082774,58.036851],[7.07602,58.006537],[7.006602,57.99315],[6.997244,57.997138],[6.99936,58.030707],[7.087738,58.070624],[7.116222,58.058539],[7.147472,58.100084],[7.034923,58.062323],[6.935313,58.045478],[6.996104,58.100084],[6.980317,58.105373],[6.900564,58.052314],[6.90797,58.100084],[6.866384,58.079576],[6.80421,58.100084],[6.870779,58.119208],[6.949962,58.120917],[6.989268,58.141059],[6.87379,58.134833],[6.801524,58.179348],[6.777599,58.182034],[6.807953,58.120551],[6.731456,58.119859],[6.715587,58.134833],[6.727306,58.145209],[6.722423,58.189439],[6.688243,58.120551],[6.782563,58.065334],[6.6185,58.068305],[6.530528,58.120551],[6.568126,58.131781],[6.597016,58.1765],[6.674571,58.182034],[6.654063,58.189439],[6.675141,58.206977],[6.845958,58.271389],[6.802989,58.270453],[6.681407,58.223049],[6.633637,58.274848],[6.656261,58.302802],[6.695079,58.291897],[6.708751,58.312974],[6.687266,58.327338],[6.619965,58.319159],[6.626231,58.244696],[6.562348,58.243109],[6.347515,58.285851],[6.010102,58.384914],[5.978038,58.414496],[5.9546,58.477484],[5.796653,58.489246],[5.778391,58.520899],[5.704171,58.520767],[5.646251,58.548651],[5.652355,58.562733],[5.571544,58.628323],[5.506923,58.729898],[5.477951,58.754747],[5.526723,58.784114],[5.539673,58.815479],[5.530528,58.86872],[5.57252,58.894029],[5.550548,58.915717],[5.53712,58.956122],[5.617361,58.907294],[5.626231,58.925605],[5.550548,58.970893],[5.570649,58.982082],[5.591563,58.977118],[5.578868,58.989081],[5.523204,58.9914],[5.550548,59.03856],[5.715587,58.977118],[5.70102,58.919135],[5.715587,58.867255],[5.735525,58.928697],[5.818126,58.936184],[5.821788,58.963446],[5.853526,58.965033],[5.919607,58.945054],[5.969981,58.903632],[6.09254,58.847235],[6.228852,58.839993],[6.118988,58.853583],[6.082042,58.870795],[6.057628,58.902045],[6.105317,58.950385],[6.194835,58.983954],[6.626231,59.052802],[6.352061,59.033026],[6.298676,59.015123],[6.160411,58.998236],[6.126801,58.98371],[6.033865,58.905178],[5.975108,58.963446],[5.98406,58.984076],[6.050792,58.998236],[6.009125,59.02558],[5.934093,59.018134],[5.875499,59.06623],[5.872732,59.086982],[5.890636,59.103909],[6.126475,59.148424],[6.0088,59.149359],[6.064301,59.207221],[6.171397,59.26142],[6.252126,59.277248],[6.323904,59.315009],[6.461681,59.31977],[6.313813,59.322943],[6.154145,59.267768],[6.112315,59.274563],[6.084972,59.306708],[6.236339,59.31977],[6.199229,59.351549],[6.197602,59.334703],[6.17213,59.321234],[6.146983,59.340237],[6.122813,59.31977],[6.092459,59.31977],[6.057628,59.353909],[6.054047,59.334621],[6.037446,59.32746],[5.995453,59.334052],[6.041515,59.383694],[6.174327,59.443834],[6.18865,59.429633],[6.222667,59.49787],[6.242686,59.510565],[6.427501,59.550971],[6.5442,59.559963],[6.505219,59.571275],[6.336111,59.553616],[6.236339,59.525824],[6.278575,59.572008],[6.288748,59.629136],[6.311534,59.655504],[6.286469,59.649237],[6.237315,59.549791],[6.153005,59.459418],[6.027029,59.402289],[5.982595,59.429633],[5.988617,59.415961],[5.968923,59.402289],[5.995453,59.381171],[5.924164,59.35578],[5.886241,59.402289],[5.886241,59.446967],[6.153168,59.477444],[6.10434,59.492906],[6.024669,59.474311],[5.901866,59.479071],[5.872732,59.487982],[5.807384,59.539374],[5.77711,59.525824],[5.803477,59.494778],[5.797537,59.463121],[5.748383,59.445787],[5.72283,59.451158],[5.708263,59.470608],[5.713715,59.446682],[5.696462,59.429429],[5.646169,59.408515],[5.78419,59.429267],[5.85255,59.384996],[5.85963,59.350775],[5.704845,59.340237],[5.677745,59.309801],[5.61199,59.293036],[5.618663,59.316881],[5.646169,59.334052],[5.586599,59.41649],[5.56072,59.409329],[5.585297,59.395453],[5.567882,59.316352],[5.505382,59.277737],[5.475434,59.278754],[5.435802,59.307685],[5.423839,59.330471],[5.440603,59.369818],[5.433116,59.405097],[5.404307,59.378974],[5.399425,59.296698],[5.372732,59.307196],[5.349946,59.366441],[5.358246,59.387193],[5.348399,59.415961],[5.332693,59.411526],[5.331391,59.353909],[5.297211,59.344672],[5.231212,59.424262],[5.201671,59.429633],[5.182302,59.511217],[5.199718,59.524604],[5.242686,59.525824],[5.201671,59.546291],[5.237804,59.559638],[5.290375,59.600898],[5.304047,59.628241],[5.344249,59.64765],[5.385997,59.649359],[5.413341,59.594672],[5.427013,59.635688],[5.399669,59.669827],[5.411632,59.689195],[5.489106,59.738105],[5.4817,59.723822],[5.505544,59.692694],[5.480479,59.621324],[5.487804,59.575019],[5.450857,59.546291],[5.416759,59.542914],[5.407725,59.521796],[5.416759,59.504706],[5.516368,59.539496],[5.54005,59.598293],[5.523611,59.617906],[5.564138,59.676663],[5.721934,59.663479],[5.730968,59.64765],[5.715587,59.607733],[5.754405,59.609849],[5.766856,59.645575],[5.789073,59.65644],[5.879405,59.655504],[5.879405,59.676663],[5.788585,59.660142],[5.746104,59.675523],[5.81422,59.729071],[5.886241,59.738105],[5.903087,59.764797],[5.934093,59.74494],[5.98585,59.735745],[6.038097,59.745185],[6.191742,59.805976],[6.21518,59.82746],[6.291759,59.840318],[6.311534,59.854193],[6.244314,59.843573],[6.002289,59.758612],[5.963878,59.759955],[5.934093,59.779039],[5.934418,59.794623],[5.961436,59.816596],[5.968923,59.861029],[5.934255,59.841498],[5.914399,59.791449],[5.831716,59.772203],[5.715099,59.831732],[5.70753,59.838121],[5.721853,59.861029],[5.681407,59.841498],[5.659841,59.839993],[5.646169,59.854193],[5.742931,59.882066],[5.740245,59.909898],[5.772227,59.930732],[5.971528,59.95954],[5.982595,59.981106],[5.947765,59.997504],[6.01002,60.05744],[6.097992,60.091864],[6.291026,60.121649],[6.266449,60.127631],[6.256847,60.162665],[6.200531,60.125434],[6.105317,60.107367],[6.107758,60.134101],[6.074962,60.198391],[6.142345,60.215481],[6.209158,60.276801],[6.201671,60.299791],[6.277354,60.313463],[6.333344,60.342597],[6.351817,60.368109],[6.441661,60.388861],[6.502696,60.430813],[6.574229,60.431952],[6.640391,60.41649],[6.571788,60.330756],[6.57838,60.306627],[6.530528,60.262274],[6.510102,60.135321],[6.523774,60.080756],[6.529145,60.163886],[6.581798,60.238227],[6.571544,60.272528],[6.654063,60.382392],[6.701427,60.3994],[6.748302,60.446357],[6.802582,60.472805],[6.942149,60.492255],[7.078787,60.479397],[7.105968,60.505845],[6.900564,60.505845],[6.932465,60.533189],[6.962657,60.539374],[7.017263,60.587836],[6.988048,60.589545],[6.913422,60.552965],[6.855968,60.503241],[6.772309,60.485338],[6.656098,60.43301],[6.592052,60.443793],[6.602306,60.465237],[6.695079,60.518948],[6.647716,60.513007],[6.56186,60.462958],[6.37086,60.424628],[6.297211,60.388577],[6.225271,60.412299],[6.195323,60.464301],[6.177501,60.471015],[6.184825,60.440375],[6.239431,60.378974],[6.192149,60.38345],[6.118988,60.368109],[6.18865,60.355048],[6.14031,60.306627],[6.160655,60.2862],[6.139903,60.25434],[6.105317,60.245185],[6.03712,60.269599],[5.99643,60.26496],[5.968923,60.217231],[5.914724,60.16885],[5.860525,60.163072],[5.851573,60.149604],[5.872732,60.087551],[5.873383,60.05093],[5.855968,60.023749],[5.783865,60.00495],[5.790701,60.019273],[5.771658,60.023505],[5.756033,59.990668],[5.739268,59.994452],[5.706065,60.008857],[5.681407,60.03974],[5.68865,60.060858],[5.775727,60.065497],[5.797537,60.094387],[5.721202,60.083889],[5.700206,60.103909],[5.729177,60.132392],[5.705577,60.160305],[5.708263,60.176337],[5.790701,60.211086],[5.681163,60.190619],[5.653575,60.176337],[5.646169,60.149604],[5.593028,60.138577],[5.543712,60.162665],[5.574067,60.176744],[5.564138,60.20425],[5.708263,60.232164],[5.598399,60.232164],[5.638194,60.264106],[5.633067,60.272528],[5.614757,60.272162],[5.571544,60.238349],[5.574962,60.255927],[5.605724,60.27558],[5.667247,60.355048],[5.719005,60.370429],[5.736583,60.392035],[5.673188,60.372992],[5.639903,60.347602],[5.633067,60.368109],[5.526622,60.217231],[5.438487,60.172105],[5.409841,60.131334],[5.351817,60.155829],[5.372406,60.170111],[5.304047,60.190619],[5.351817,60.217231],[5.22283,60.211086],[5.310313,60.265692],[5.170665,60.278713],[5.161632,60.294989],[5.170665,60.317206],[5.228282,60.32095],[5.140961,60.351386],[5.177745,60.388577],[5.297862,60.395982],[5.250173,60.430813],[5.263194,60.450629],[5.237071,60.473782],[5.238292,60.489203],[5.305837,60.528266],[5.476248,60.435045],[5.573253,60.414944],[5.653575,60.430813],[5.649669,60.447821],[5.708263,60.471137],[5.714041,60.48428],[5.710623,60.603095],[5.721528,60.63939],[5.742931,60.656684],[5.723155,60.667629],[5.749766,60.718166],[5.708507,60.702582],[5.663829,60.703925],[5.69516,60.752346],[5.675629,60.757758],[5.647634,60.727118],[5.591563,60.697699],[5.533458,60.697699],[5.523204,60.686916],[5.535899,60.639553],[5.526622,60.62873],[5.443126,60.614691],[5.300059,60.560777],[5.22283,60.574164],[5.084972,60.662909],[5.12322,60.660224],[5.228282,60.621324],[5.084972,60.711371],[5.146495,60.703925],[5.125824,60.724433],[5.03297,60.741685],[4.985118,60.779853],[4.926768,60.800116],[4.981456,60.808783],[5.056407,60.778998],[5.109141,60.773749],[5.176768,60.741645],[5.280121,60.721829],[5.30421,60.711982],[5.310313,60.676011],[5.347992,60.640448],[5.372406,60.635647],[5.351817,60.662909],[5.433849,60.62873],[5.37086,60.674384],[5.379242,60.684027],[5.433849,60.662909],[5.410411,60.688666],[5.413341,60.703925],[5.372406,60.718166],[5.354991,60.744818],[5.28419,60.747748],[5.238943,60.763861],[5.23585,60.77619],[5.351817,60.813137],[5.338145,60.83983],[5.356456,60.852851],[5.536876,60.8758],[5.479666,60.884589],[5.470876,60.896145],[5.49586,60.90998],[5.47169,60.907457],[5.326671,60.86815],[5.293224,60.82274],[5.239757,60.817125],[5.187836,60.827704],[5.167654,60.854682],[5.164399,60.830878],[5.131033,60.812079],[5.118419,60.827379],[5.132823,60.834866],[5.04713,60.844428],[5.009288,60.926703],[4.981944,60.950873],[5.011974,60.965033],[5.077403,60.949652],[5.082367,60.888821],[5.100759,60.877753],[5.098643,60.950873],[5.142833,60.972154],[5.14031,60.991889],[5.077891,60.971381],[5.012706,60.98192],[5.003917,61.016059],[5.016124,61.046536],[5.068614,61.073554],[5.135102,61.076728],[5.312266,61.032172],[5.433849,61.026597],[5.448416,60.995429],[5.467052,61.007392],[5.460216,61.049994],[5.52711,61.075426],[5.639903,61.060126],[5.597667,61.08515],[5.674001,61.08808],[5.773936,61.114447],[5.790701,61.104885],[5.780935,61.064358],[5.845388,61.094306],[5.831716,61.108588],[5.863617,61.117865],[6.098481,61.122219],[6.258067,61.093817],[6.270763,61.077094],[6.266287,61.058743],[6.242524,61.046536],[6.27475,61.047919],[6.312022,61.068508],[6.359223,61.067572],[6.370291,61.056301],[6.338715,61.012356],[6.355968,61.010932],[6.372895,61.012356],[6.374522,61.037421],[6.437673,61.081244],[6.545665,61.104071],[6.585785,61.142727],[6.600597,61.175238],[6.648448,61.157457],[6.836681,61.13935],[6.856212,61.128119],[6.868175,61.090277],[6.955821,61.08808],[7.009776,61.008938],[6.87379,60.937242],[6.965017,60.965522],[7.051443,60.964545],[7.130138,60.926703],[7.105968,60.861558],[7.157481,60.897447],[7.17156,60.924018],[7.161306,60.950873],[7.093516,60.963813],[7.013845,61.051744],[7.000336,61.092922],[7.16627,61.110053],[7.222667,61.140367],[7.304454,61.130276],[7.369151,61.104682],[7.435557,61.101142],[7.346202,61.142727],[7.427013,61.185858],[7.606212,61.19831],[7.655284,61.206855],[7.694998,61.232082],[7.600352,61.212348],[7.388438,61.198188],[7.358897,61.205634],[7.335704,61.274359],[7.312022,61.287299],[7.313813,61.308417],[7.355805,61.326239],[7.380707,61.378323],[7.421235,61.395941],[7.46754,61.438463],[7.535655,61.456529],[7.572032,61.485338],[7.488617,61.460435],[7.346202,61.389106],[7.263682,61.395941],[7.308849,61.363837],[7.305186,61.348131],[7.239757,61.297268],[7.298188,61.260565],[7.32252,61.20539],[7.359711,61.191107],[7.305186,61.163235],[7.213715,61.183661],[7.161306,61.169989],[7.137218,61.145697],[6.953136,61.11164],[6.917247,61.136298],[7.003591,61.183661],[6.894298,61.163235],[6.664724,61.195136],[6.557872,61.224595],[6.623057,61.269355],[6.66033,61.320868],[6.695079,61.344713],[6.715587,61.390692],[6.701915,61.402777],[6.603363,61.278754],[6.564708,61.265611],[6.52711,61.287299],[6.50115,61.268134],[6.537364,61.204169],[6.465099,61.207587],[6.498302,61.192328],[6.506196,61.146959],[6.434337,61.114732],[6.282725,61.125434],[6.203949,61.148668],[6.174327,61.183661],[6.130138,61.159329],[6.073497,61.148017],[5.961436,61.163235],[6.027843,61.188137],[6.03712,61.204169],[5.940929,61.169989],[5.804454,61.155748],[5.783458,61.164984],[5.78297,61.196601],[5.749766,61.155748],[5.557302,61.136461],[5.423676,61.079657],[5.376638,61.080471],[5.334483,61.096869],[5.297862,61.129096],[5.259939,61.109849],[5.193858,61.105292],[5.160167,61.129096],[5.169932,61.13996],[5.228282,61.142727],[5.161876,61.156195],[5.125173,61.145087],[5.044119,61.163235],[5.059337,61.187974],[5.22283,61.163235],[5.214692,61.183661],[5.250173,61.183661],[5.167817,61.220771],[5.020763,61.216498],[4.98878,61.224595],[5.052257,61.233791],[5.064464,61.245754],[5.01295,61.23664],[4.982758,61.256985],[4.9546,61.25259],[5.016124,61.287299],[5.159353,61.311103],[5.177745,61.339423],[5.201508,61.342719],[5.279307,61.321357],[5.320649,61.252265],[5.337413,61.268744],[5.320811,61.31745],[5.256358,61.348131],[5.440603,61.367418],[5.633067,61.361802],[5.554535,61.378323],[5.164317,61.356106],[5.058442,61.323472],[5.006358,61.34748],[4.99879,61.376899],[5.044119,61.402777],[5.062673,61.374579],[5.078136,61.382961],[5.078136,61.410224],[5.118419,61.416409],[5.111664,61.430732],[5.071462,61.41706],[4.947927,61.416409],[5.05714,61.444322],[5.163422,61.450832],[5.187999,61.46483],[5.180512,61.472317],[5.310802,61.449408],[5.337576,61.46483],[5.518891,61.430121],[5.543712,61.436957],[5.536876,61.444322],[5.619395,61.457994],[5.667247,61.485338],[5.736013,61.484605],[5.770356,61.455146],[5.804454,61.457994],[5.722423,61.498969],[5.637869,61.494371],[5.574718,61.46483],[5.460948,61.452826],[5.437999,61.460435],[5.441254,61.479153],[5.290294,61.479641],[5.178233,61.509752],[5.138927,61.524115],[5.14031,61.554185],[5.201671,61.54682],[5.358165,61.561021],[5.146495,61.595201],[5.337576,61.595201],[5.310313,61.58218],[5.427013,61.588935],[5.27003,61.615668],[5.340668,61.643134],[5.229259,61.62873],[4.968272,61.636135],[4.939626,61.678371],[4.968272,61.697659],[4.962738,61.717108],[4.98878,61.725531],[4.974457,61.738593],[4.988129,61.746894],[5.053966,61.750393],[5.125987,61.718085],[5.167654,61.725531],[5.125987,61.752183],[5.190196,61.768948],[5.064464,61.759711],[5.103852,61.785386],[5.27003,61.827948],[5.256358,61.835395],[5.337576,61.84162],[5.291515,61.851508],[5.290375,61.862128],[5.362559,61.905463],[5.394786,61.911078],[5.675792,61.886949],[5.742931,61.848456],[5.640798,61.83511],[5.619395,61.814927],[5.735525,61.835395],[5.940929,61.845038],[5.927094,61.782416],[5.899262,61.738593],[5.942231,61.768704],[5.972911,61.831122],[5.992035,61.835395],[6.098643,61.778876],[6.181163,61.766547],[6.057628,61.835395],[6.290701,61.835395],[6.3838,61.80744],[6.473806,61.804633],[6.521332,61.814195],[6.58961,61.870836],[6.667328,61.873196],[6.77768,61.841254],[6.818614,61.87641],[6.771007,61.870307],[6.695079,61.883205],[6.677989,61.896877],[6.555512,61.878323],[6.510102,61.835395],[6.476248,61.825344],[6.258556,61.856269],[6.09547,61.848456],[6.03712,61.869574],[5.886241,61.883205],[5.804454,61.855862],[5.729259,61.88939],[5.933279,61.903022],[5.961436,61.916693],[5.516612,61.938137],[5.450206,61.925198],[5.427013,61.937812],[5.276866,61.909857],[5.193696,61.91234],[5.155772,61.896064],[5.098643,61.916693],[5.125987,61.944037],[5.14031,61.97134],[5.155528,61.97602],[5.173839,61.958319],[5.201671,61.97134],[5.228282,61.958319],[5.301524,62.002875],[5.310313,62.026557],[5.400157,62.020006],[5.208507,62.102281],[5.109141,62.109117],[5.091807,62.122748],[5.125987,62.129584],[5.070649,62.163764],[5.091807,62.1706],[5.078136,62.184231],[5.084972,62.191067],[5.146495,62.191067],[5.146495,62.204739],[5.169688,62.214504],[5.274587,62.16942],[5.27003,62.13581],[5.317882,62.106513],[5.451427,62.061713],[5.461681,62.006741],[5.495942,62.027574],[5.536388,62.079047],[5.591563,62.068183],[5.564708,62.089667],[5.420177,62.109117],[5.390961,62.123236],[5.420584,62.17593],[5.454275,62.191067],[5.622081,62.164862],[5.639903,62.157538],[5.661469,62.121405],[5.749766,62.088609],[5.668305,62.1435],[5.667247,62.1706],[5.786143,62.180487],[5.857432,62.20425],[5.905528,62.190904],[5.925466,62.163642],[5.920584,62.119696],[5.907074,62.093573],[5.85255,62.051215],[5.845388,62.019721],[5.936697,62.087348],[5.9546,62.13996],[6.044281,62.09927],[6.050792,62.068183],[6.125255,62.082668],[6.208344,62.081244],[6.36671,62.061347],[6.088634,62.109117],[5.982595,62.184231],[5.928722,62.19892],[5.926036,62.225491],[6.064464,62.204739],[5.992035,62.218411],[5.947765,62.245673],[5.978363,62.279731],[6.02768,62.305732],[6.310802,62.372056],[6.393403,62.280463],[6.459972,62.247992],[6.550466,62.1706],[6.556895,62.138414],[6.530528,62.109117],[6.592052,62.13581],[6.580903,62.160346],[6.494884,62.253119],[6.417654,62.311184],[6.389985,62.364691],[6.400238,62.387193],[6.500255,62.399319],[6.564708,62.355536],[6.55893,62.398383],[6.5442,62.410793],[6.708751,62.451728],[6.748302,62.434149],[6.879161,62.417914],[6.87379,62.355536],[6.989268,62.273017],[7.005219,62.194281],[6.942719,62.137356],[6.938731,62.121812],[6.955821,62.102281],[7.021251,62.090766],[7.139985,62.116604],[7.187836,62.102281],[7.149669,62.130805],[7.029959,62.100409],[6.97934,62.11286],[6.973399,62.129381],[7.03712,62.183824],[7.028087,62.266018],[7.112804,62.280463],[7.209239,62.250881],[7.31072,62.281562],[7.395844,62.234931],[7.41505,62.239447],[7.373546,62.273017],[7.293468,62.297919],[7.161306,62.286607],[7.021332,62.303778],[6.957042,62.325344],[6.914073,62.369818],[6.975597,62.376654],[6.851573,62.454495],[6.756521,62.464789],[6.790701,62.47842],[6.690196,62.477525],[6.483653,62.430732],[6.397716,62.425035],[6.304698,62.459174],[6.242931,62.451117],[6.222667,62.459174],[6.338715,62.472235],[6.453624,62.502387],[6.674571,62.492743],[6.61378,62.520168],[6.476085,62.51317],[6.564708,62.527493],[6.53297,62.536851],[6.263031,62.527493],[6.270518,62.554918],[6.24936,62.574652],[6.266124,62.592963],[6.319591,62.608547],[6.537364,62.615627],[6.583263,62.599311],[6.612559,62.560981],[6.621593,62.619574],[6.646658,62.609442],[6.756114,62.654608],[6.881847,62.601549],[6.900157,62.575588],[6.917817,62.574652],[6.90797,62.602607],[6.928477,62.623033],[6.887462,62.643541],[6.931651,62.655463],[7.092296,62.650946],[7.070323,62.630439],[7.037771,62.623033],[7.052013,62.609605],[7.096528,62.612209],[7.127126,62.533677],[7.153819,62.574652],[7.133149,62.599189],[7.157481,62.629218],[7.365001,62.592841],[7.430431,62.548041],[7.517426,62.541083],[7.542491,62.503607],[7.561778,62.516588],[7.572927,62.549994],[7.778168,62.574652],[7.745372,62.586005],[7.505219,62.566352],[7.422699,62.597968],[7.418224,62.633002],[7.444509,62.644721],[7.477306,62.639594],[7.500255,62.61994],[7.497081,62.588324],[7.520193,62.584662],[7.53297,62.613349],[7.51002,62.649482],[7.523204,62.674384],[7.616873,62.700141],[7.835948,62.732123],[8.018809,62.733588],[8.147472,62.691962],[8.129405,62.718411],[8.065115,62.739203],[8.045095,62.759589],[8.073009,62.780097],[7.646007,62.728664],[7.489268,62.686835],[7.38502,62.687567],[7.359711,62.698188],[7.403575,62.7119],[7.366547,62.732896],[7.471528,62.767239],[7.681326,62.794379],[7.609548,62.796088],[7.312511,62.744045],[6.970388,62.725572],[6.948985,62.732896],[6.971528,62.735582],[6.983084,62.753363],[6.955821,62.770453],[6.961925,62.784166],[7.009776,62.814846],[7.059581,62.826321],[7.215831,62.814846],[7.133149,62.848944],[7.016612,62.841539],[6.955821,62.886868],[6.948009,62.905463],[6.880056,62.911078],[7.07602,62.982856],[7.237641,63.014716],[7.271169,63.014106],[7.421235,62.951402],[7.441742,62.917873],[7.50115,62.910834],[7.689952,62.981147],[7.780447,62.972602],[7.748302,62.942084],[7.668305,62.917873],[7.694347,62.912095],[7.899425,62.955756],[7.939301,62.977118],[8.075531,62.950873],[8.113292,62.917873],[8.124197,62.867743],[8.154307,62.814846],[8.189708,62.797919],[8.319102,62.777004],[8.415212,62.725775],[8.513194,62.707424],[8.537771,62.688463],[8.545258,62.657172],[8.567231,62.682278],[8.564789,62.703559],[8.543956,62.720649],[8.331065,62.800686],[8.246267,62.816148],[8.184093,62.847724],[8.172048,62.858385],[8.171153,62.891791],[8.209646,62.911078],[8.175059,62.920722],[8.147472,62.951402],[8.000743,63.006659],[7.983084,63.027086],[7.942638,63.02025],[7.969981,63.006659],[7.877208,63.010403],[7.948904,63.047553],[7.997325,63.092271],[8.086681,63.109687],[8.133962,63.080268],[8.128429,63.050238],[8.160411,63.026435],[8.246755,63.007961],[8.285899,62.982082],[8.330089,62.973375],[8.339854,62.958808],[8.309337,62.944566],[8.336436,62.912095],[8.329275,62.880683],[8.389415,62.889879],[8.488048,62.852973],[8.52296,62.844306],[8.538585,62.852362],[8.524181,62.871283],[8.428722,62.896796],[8.450694,62.895657],[8.573985,62.875434],[8.634776,62.841539],[8.702973,62.822252],[8.619884,62.877916],[8.479747,62.907172],[8.415701,62.958808],[8.644216,62.967353],[8.668793,62.979315],[8.639985,62.988756],[8.545258,62.979315],[8.521739,62.989203],[8.586274,63.02025],[8.553722,63.02265],[8.488048,62.994045],[8.374034,62.97309],[8.319509,62.999823],[8.470225,63.02025],[8.435313,63.03144],[8.238536,63.025458],[8.223155,63.033352],[8.228852,63.063056],[8.165538,63.115302],[8.219737,63.134467],[8.291515,63.096015],[8.284679,63.075507],[8.326182,63.088568],[8.319509,63.109687],[8.236176,63.150702],[8.54363,63.132392],[8.640961,63.109687],[8.624522,63.128119],[8.575938,63.144232],[8.565766,63.1612],[8.608735,63.181098],[8.943126,63.212063],[8.623709,63.201483],[8.573253,63.253079],[8.47641,63.294013],[8.701996,63.323961],[8.764415,63.34927],[8.711111,63.351223],[8.638927,63.392076],[8.672374,63.42121],[8.718272,63.408149],[8.791759,63.43122],[8.823416,63.429389],[8.881114,63.39765],[8.891368,63.421332],[8.997244,63.418158],[8.967459,63.433417],[9.000824,63.466132],[9.018321,63.466539],[9.114513,63.418158],[9.148611,63.375922],[9.102875,63.343207],[9.088715,63.320014],[9.093435,63.294013],[9.143077,63.330878],[9.264659,63.362942],[9.434581,63.380439],[9.476899,63.403876],[9.218028,63.372016],[9.167735,63.402004],[9.169119,63.42121],[9.182953,63.434516],[9.481944,63.473212],[9.480724,63.487047],[9.333018,63.466539],[9.257823,63.500067],[9.268077,63.473456],[9.292166,63.459133],[9.167328,63.466864],[9.148611,63.485826],[9.161957,63.507148],[9.244314,63.513739],[9.237153,63.534491],[9.302257,63.530829],[9.368012,63.5633],[9.388194,63.562201],[9.378266,63.530463],[9.403331,63.518459],[9.495372,63.57689],[9.536388,63.567288],[9.573253,63.541002],[9.545909,63.580552],[9.490571,63.589423],[9.699067,63.644477],[9.723969,63.636664],[9.720225,63.620754],[9.799978,63.563137],[9.813813,63.53205],[9.805919,63.513739],[9.898692,63.477362],[9.947439,63.44953],[9.960623,63.42772],[9.928477,63.377183],[9.833263,63.328803],[9.894216,63.331204],[9.979177,63.363471],[10.013438,63.361884],[10.099294,63.324897],[10.242198,63.326321],[10.254405,63.314439],[10.259044,63.267279],[10.279552,63.318264],[10.26588,63.331936],[10.244884,63.344062],[10.068696,63.365546],[10.040863,63.406399],[10.094005,63.438666],[10.300466,63.466539],[10.373057,63.441718],[10.447276,63.456773],[10.576915,63.430732],[10.69044,63.452338],[10.7588,63.438666],[10.797862,63.417385],[10.829763,63.440579],[10.908051,63.456244],[10.916352,63.466539],[10.77768,63.487494],[10.7588,63.517483],[10.780772,63.539008],[10.922618,63.554755],[10.856944,63.569322],[10.922618,63.602484],[10.851329,63.59809],[10.671641,63.548774],[10.656423,63.554755],[10.755707,63.625067],[10.864268,63.651516],[10.905447,63.684475],[11.033458,63.719184],[11.083018,63.704576],[11.156749,63.711127],[11.265798,63.7744],[11.457693,63.789984],[11.459727,63.812445],[11.424083,63.822211],[11.437755,63.835883],[11.415212,63.850084],[11.354747,63.848131],[11.27711,63.867377],[11.111583,63.849555],[11.096528,63.8581],[11.096446,63.889635],[11.176606,63.909247],[11.223318,63.945461],[11.43686,63.98314],[11.497895,64.020819],[11.254242,64.037909],[11.240489,64.061021],[11.362071,64.117092],[11.299978,64.107164],[11.225352,64.071967],[11.203461,64.027411],[11.175141,64.007025],[10.962738,63.947943],[10.871349,63.897203],[10.68865,63.860297],[10.573741,63.809149],[10.77003,63.850287],[10.900238,63.894721],[10.934906,63.898139],[11.056,63.861274],[11.073985,63.835883],[11.007498,63.813137],[10.977875,63.767564],[10.910004,63.731024],[10.811046,63.72016],[10.740733,63.690375],[10.671723,63.686835],[10.642751,63.677639],[10.602306,63.635932],[10.415782,63.579413],[10.241384,63.562201],[10.080333,63.507514],[9.980154,63.493354],[9.918224,63.514716],[9.88795,63.575181],[9.90211,63.589423],[9.818207,63.614081],[9.814464,63.638251],[9.833263,63.64411],[9.792247,63.664537],[9.805919,63.677639],[9.799083,63.69184],[9.999848,63.723863],[10.10141,63.767564],[10.005219,63.746527],[10.039317,63.7744],[10.029552,63.783515],[9.906586,63.75727],[9.857595,63.731635],[9.779552,63.723212],[9.728852,63.702094],[9.648936,63.699286],[9.6421,63.685045],[9.544119,63.665595],[9.567882,63.706773],[9.552745,63.72602],[9.778087,63.767564],[9.581309,63.759101],[9.545909,63.7744],[9.662771,63.818793],[9.874278,63.863186],[9.792247,63.883694],[9.8921,63.902533],[9.912364,63.900784],[9.906749,63.884101],[9.925792,63.883694],[9.97047,63.904202],[10.068044,63.91767],[10.115977,63.941107],[10.197032,63.9383],[10.141775,63.965562],[9.943126,63.918402],[9.972667,63.94184],[10.08725,63.966498],[10.128103,63.986721],[10.080333,63.973049],[10.058604,63.986802],[9.93629,63.959418],[9.984141,63.993476],[9.998057,64.036282],[10.01824,64.035102],[10.025645,64.062445],[9.995779,64.095445],[10.013682,64.118801],[10.107921,64.089748],[10.192068,64.101467],[10.21754,64.123928],[10.107677,64.117092],[10.1338,64.138495],[10.169688,64.136908],[10.156016,64.158026],[10.197032,64.158026],[10.177908,64.166693],[10.18336,64.18537],[10.169688,64.198961],[10.222179,64.192613],[10.237315,64.198961],[10.23113,64.205797],[10.29713,64.209947],[10.374522,64.18537],[10.365408,64.20718],[10.245372,64.233791],[10.333507,64.260443],[10.326834,64.274115],[10.397309,64.26439],[10.391368,64.287787],[10.491222,64.295233],[10.449555,64.312812],[10.450206,64.349799],[10.47755,64.349799],[10.470714,64.356635],[10.559418,64.329332],[10.504731,64.370307],[10.567393,64.363918],[10.598318,64.345771],[10.648936,64.356635],[10.607107,64.365546],[10.598399,64.383002],[10.552989,64.405097],[10.463878,64.405097],[10.483084,64.423733],[10.544119,64.426174],[10.628266,64.39765],[10.58546,64.434312],[10.604747,64.452216],[10.66627,64.418118],[10.731944,64.415758],[10.753754,64.393052],[10.834972,64.369127],[10.854991,64.377753],[10.786632,64.411282],[10.805186,64.420803],[10.796641,64.432318],[10.752615,64.44599],[10.679942,64.439032],[10.656423,64.452216],[10.704112,64.472724],[10.752615,64.465888],[10.762218,64.48017],[10.841156,64.465888],[10.836925,64.482896],[10.800304,64.507473],[10.824718,64.511379],[10.892263,64.474677],[10.916352,64.49315],[10.956716,64.487006],[10.922618,64.507473],[10.964122,64.507473],[10.94988,64.520494],[10.956716,64.552191],[10.916352,64.582587],[10.971202,64.602607],[11.060313,64.575751],[11.059744,64.547431],[11.076182,64.523627],[11.167247,64.489163],[11.178071,64.478664],[11.162771,64.44599],[11.269786,64.452582],[11.341563,64.431708],[11.320323,64.398668],[11.224864,64.322455],[11.247406,64.325588],[11.299978,64.370307],[11.389334,64.405097],[11.362071,64.411282],[11.409841,64.452216],[11.44337,64.438544],[11.520274,64.46247],[11.656261,64.48017],[11.437755,64.465888],[11.460704,64.511176],[11.539561,64.521145],[11.506033,64.548407],[11.573741,64.555854],[11.547048,64.541571],[11.570079,64.537258],[11.779796,64.596869],[11.659516,64.594306],[11.635753,64.582587],[11.624522,64.592597],[11.628917,64.624172],[11.611176,64.628607],[11.553233,64.603013],[11.594737,64.596869],[11.577159,64.575019],[11.516775,64.572943],[11.420665,64.636379],[11.424083,64.651435],[11.402029,64.663153],[11.396169,64.685614],[11.424083,64.695868],[11.396169,64.706732],[11.479828,64.71955],[11.531749,64.744574],[11.615896,64.74022],[11.594737,64.747707],[11.595225,64.75849],[11.553233,64.767524],[11.841807,64.794867],[11.64324,64.82274],[11.787283,64.835842],[11.787283,64.857571],[11.683604,64.837063],[11.649425,64.843207],[11.708507,64.858303],[11.745453,64.884182],[11.91684,64.925198],[11.991954,64.930243],[12.063731,64.959947],[12.224864,64.939439],[12.143891,64.969428],[12.053477,64.972968],[11.911632,64.949408],[11.73878,64.891059],[11.617035,64.869615],[11.608409,64.861965],[11.622081,64.843207],[11.478282,64.810614],[11.403331,64.759711],[11.260997,64.734361],[11.238536,64.74022],[11.35141,64.767524],[11.429698,64.815904],[11.346365,64.804999],[11.302419,64.821967],[11.2317,64.82274],[11.252696,64.837836],[11.523774,64.862535],[11.664887,64.893256],[11.697113,64.912177],[11.601573,64.891059],[11.245372,64.857571],[11.267263,64.869818],[11.423188,64.925198],[11.512218,64.898505],[11.55421,64.899075],[11.594737,64.925198],[11.533946,64.904731],[11.477387,64.932603],[11.560069,64.953111],[11.635753,64.945624],[11.615896,64.959947],[11.62908,64.965888],[11.663097,64.953111],[11.82016,64.981187],[11.834972,64.98664],[11.804535,64.998603],[11.81422,65.018012],[11.978526,65.068834],[12.012462,65.055487],[12.015473,65.029608],[12.054454,65.065579],[12.075938,65.039455],[12.137055,65.046698],[12.177013,65.014594],[12.173188,64.997789],[12.194021,64.994859],[12.211192,65.014594],[12.18686,65.034491],[12.193126,65.050482],[12.280935,65.060126],[12.368826,65.090277],[12.471528,65.089301],[12.486095,65.113511],[12.507498,65.121243],[12.636241,65.131293],[12.602224,65.137437],[12.677257,65.159166],[12.790538,65.213813],[12.807384,65.242092],[12.931,65.312405],[12.939952,65.327826],[12.931814,65.333197],[12.668224,65.19595],[12.502778,65.144924],[12.429047,65.139228],[12.368826,65.15176],[12.381684,65.177232],[12.470551,65.182603],[12.499197,65.200141],[12.451427,65.206366],[12.438324,65.226874],[12.355154,65.226874],[12.408214,65.246894],[12.508067,65.240668],[12.520193,65.250718],[12.712087,65.254136],[12.516449,65.267768],[12.458181,65.254136],[12.465017,65.267768],[12.43572,65.273342],[12.34547,65.267768],[12.276215,65.232245],[12.245291,65.233629],[12.342133,65.302558],[12.451427,65.313544],[12.478689,65.336656],[12.41033,65.322455],[12.432953,65.34455],[12.499197,65.370836],[12.516449,65.357164],[12.600841,65.354682],[12.656505,65.325751],[12.69158,65.32982],[12.662771,65.354682],[12.547048,65.364],[12.527029,65.405585],[12.478689,65.446519],[12.548595,65.447008],[12.567393,65.439765],[12.574229,65.418647],[12.602224,65.432318],[12.712087,65.370836],[12.629405,65.432318],[12.64975,65.450263],[12.780284,65.459621],[12.740977,65.46776],[12.608409,65.459621],[12.656912,65.480699],[12.596528,65.488593],[12.564626,65.513658],[12.615733,65.52851],[12.579438,65.549506],[12.574229,65.589993],[12.513682,65.512152],[12.465017,65.521674],[12.525727,65.561835],[12.533865,65.583157],[12.438324,65.52851],[12.404307,65.53498],[12.396495,65.551907],[12.417166,65.596747],[12.368419,65.592678],[12.355154,65.604193],[12.348888,65.638373],[12.364106,65.652493],[12.495372,65.733344],[12.554535,65.729397],[12.581309,65.71308],[12.587901,65.689602],[12.636241,65.686184],[12.608409,65.651353],[12.656912,65.638373],[12.712413,65.64411],[12.740896,65.629706],[12.78712,65.638373],[12.758149,65.65526],[12.683604,65.661444],[12.650157,65.709906],[12.586436,65.727729],[12.557791,65.75373],[12.645356,65.807685],[12.71754,65.78913],[12.7046,65.802232],[12.711192,65.827135],[12.693696,65.835517],[12.611664,65.834662],[12.642426,65.891588],[12.682302,65.926663],[12.789073,65.964993],[12.848481,65.966702],[12.917491,65.95303],[12.965831,65.925727],[13.040375,65.925727],[13.068207,65.898383],[13.120453,65.892157],[13.156993,65.850653],[13.176036,65.85578],[13.122895,65.943101],[12.978363,65.959906],[12.924327,65.994045],[12.963145,66.010199],[12.968028,66.022854],[12.951508,66.03559],[12.970551,66.052802],[13.023611,66.067288],[13.040375,66.083441],[12.712087,66.042426],[12.725597,66.056098],[12.670421,66.062893],[12.75172,66.105129],[12.868988,66.134345],[13.047537,66.152289],[13.089529,66.146145],[13.103689,66.161566],[13.225352,66.185777],[13.306,66.217922],[13.527192,66.240139],[13.561778,66.234198],[13.576508,66.21894],[13.492849,66.185777],[13.582286,66.185777],[13.534434,66.138617],[13.535899,66.110541],[13.561778,66.111314],[13.639659,66.157294],[13.760265,66.165961],[13.821625,66.14704],[13.834809,66.158515],[13.822439,66.17182],[13.609548,66.185777],[13.641124,66.220608],[13.696462,66.238715],[13.808116,66.234198],[13.760265,66.199449],[13.836681,66.222073],[13.986176,66.241034],[14.009776,66.270941],[14.112804,66.302314],[14.143891,66.333808],[14.130544,66.343085],[13.964041,66.304755],[13.907481,66.268378],[13.803477,66.277777],[13.753754,66.295844],[13.699067,66.253079],[13.619802,66.240912],[13.591645,66.243842],[13.57545,66.262152],[13.62322,66.275214],[13.57545,66.289455],[13.503184,66.259019],[13.413748,66.24315],[13.287364,66.241034],[13.204763,66.204657],[13.069347,66.174058],[13.040375,66.179633],[13.031586,66.198228],[13.163097,66.259101],[13.3213,66.300279],[13.534434,66.309312],[13.403494,66.316799],[13.451915,66.337226],[13.364757,66.338324],[13.310883,66.374498],[13.314708,66.350287],[13.337657,66.327826],[13.226573,66.297349],[13.136567,66.303127],[13.157725,66.318264],[13.150238,66.33039],[13.095551,66.316799],[13.037283,66.319973],[13.000011,66.357123],[13.140961,66.386135],[13.170665,66.41234],[13.156993,66.436591],[13.10255,66.453925],[13.163829,66.466986],[13.10255,66.474433],[13.081798,66.497992],[12.972016,66.522203],[13.10255,66.542711],[13.208995,66.514106],[13.231456,66.468085],[13.225352,66.453925],[13.362071,66.455512],[13.397227,66.466986],[13.266856,66.466986],[13.287771,66.509508],[13.259532,66.522203],[13.355968,66.542711],[13.489431,66.550116],[13.671072,66.515367],[13.623383,66.538764],[13.458751,66.563788],[13.601329,66.607245],[13.726248,66.604804],[13.687511,66.61579],[13.502778,66.606513],[13.42335,66.562812],[13.239024,66.548407],[13.204845,66.556342],[13.250011,66.613837],[13.403494,66.62523],[13.250743,66.633124],[13.170665,66.651923],[13.191173,66.666571],[13.348888,66.645738],[13.451915,66.658759],[13.547374,66.638251],[13.522634,66.661078],[13.480154,66.675279],[13.225352,66.714016],[13.256033,66.724066],[13.493175,66.714016],[13.527599,66.693549],[13.693126,66.691311],[13.718761,66.700385],[13.698253,66.714016],[13.851248,66.717108],[13.890147,66.735093],[13.711925,66.735093],[13.57545,66.714016],[13.54713,66.724311],[13.543224,66.739203],[13.558767,66.753485],[13.589122,66.761786],[13.718028,66.750556],[13.75294,66.761786],[13.507091,66.782294],[13.54184,66.803209],[13.612153,66.809801],[13.768321,66.792629],[13.993012,66.78974],[13.801443,66.809556],[13.739268,66.837551],[13.688324,66.835028],[13.677908,66.851142],[13.698253,66.857978],[13.643891,66.867987],[13.630626,66.899604],[13.520763,66.905748],[13.54363,66.921861],[13.589692,66.938178],[13.744477,66.936957],[13.780284,66.946112],[13.760265,66.967841],[13.839041,66.964097],[13.901622,66.992133],[13.972667,66.994574],[13.957774,66.974026],[13.890147,66.953559],[13.934581,66.922187],[13.958995,66.926947],[13.931651,66.933092],[13.985688,66.965969],[14.027843,66.967841],[14.043793,66.980943],[14.014334,67.022528],[14.040294,67.055976],[14.059906,67.060858],[14.109386,66.990668],[14.151541,66.971625],[14.226736,66.983588],[14.269054,67.023993],[14.270763,67.043158],[14.246349,67.049791],[14.272146,67.060004],[14.418224,67.063422],[14.493419,67.042955],[14.529552,67.048489],[14.544281,67.045356],[14.552501,67.0185],[14.568207,67.018134],[14.595876,67.042955],[14.581309,67.058417],[14.267426,67.08393],[14.335785,67.124905],[14.321788,67.13642],[14.328136,67.14704],[14.363048,67.159654],[14.451915,67.165839],[14.415701,67.129381],[14.422862,67.109442],[14.472911,67.139228],[14.459239,67.152818],[14.676931,67.159573],[14.709239,67.150824],[14.743337,67.118313],[14.750336,67.123928],[14.747244,67.145413],[14.723155,67.1612],[14.651378,67.176703],[14.513927,67.180121],[14.60377,67.20425],[14.651622,67.185248],[14.781423,67.214301],[14.882986,67.206204],[14.97934,67.214301],[14.924815,67.200629],[14.932628,67.180487],[14.890636,67.152818],[14.993907,67.099066],[15.007986,67.1022],[15.003917,67.114936],[14.931651,67.152818],[15.019542,67.204088],[15.094574,67.213365],[15.129893,67.195787],[15.218598,67.192288],[15.383311,67.156724],[15.394705,67.142035],[15.37672,67.097602],[15.435557,67.075751],[15.501475,67.070258],[15.438731,67.097602],[15.438731,67.11872],[15.480317,67.152818],[15.37672,67.200629],[15.455089,67.213568],[15.740408,67.173285],[15.692638,67.206855],[15.706309,67.214301],[15.606212,67.202826],[15.40797,67.235745],[15.287446,67.205634],[15.261241,67.214301],[15.329112,67.226304],[15.342459,67.241604],[15.28297,67.247016],[15.212738,67.234768],[15.062511,67.247748],[15.137706,67.269517],[15.16505,67.310492],[15.01352,67.291653],[14.989513,67.270494],[14.774587,67.269517],[14.83546,67.255276],[14.673839,67.216702],[14.616954,67.214301],[14.694591,67.24844],[14.699474,67.275702],[14.575694,67.251899],[14.328298,67.241604],[14.411388,67.269517],[14.417817,67.284491],[14.601736,67.377346],[14.605235,67.393785],[14.575938,67.398627],[14.616954,67.406073],[14.623057,67.42064],[14.799978,67.42182],[14.822439,67.406073],[14.795095,67.385565],[14.824718,67.378323],[14.882986,67.404771],[15.049001,67.447008],[14.822439,67.447008],[14.842784,67.46133],[14.78419,67.46247],[14.767751,67.467475],[14.780772,67.475002],[14.768565,67.48078],[14.726817,67.488674],[14.794119,67.525214],[15.058849,67.577338],[15.115408,67.563951],[15.158865,67.535793],[15.106944,67.529608],[15.008311,67.563666],[14.986827,67.549506],[15.055186,67.515937],[15.010427,67.487006],[14.829275,67.475002],[15.016775,67.468736],[15.079356,67.496283],[15.175792,67.521308],[15.192882,67.515937],[15.191417,67.501654],[15.212738,67.488674],[15.151378,67.481147],[15.172374,67.467475],[15.137706,67.420356],[15.217133,67.44953],[15.240977,67.479193],[15.429047,67.482978],[15.472911,67.46133],[15.541759,67.379381],[15.548595,67.351467],[15.644786,67.303046],[15.604828,67.29092],[15.603526,67.280341],[15.658458,67.275702],[15.700043,67.303046],[15.62143,67.333686],[15.617442,67.357652],[15.58546,67.395575],[15.514415,67.4265],[15.582774,67.46133],[15.528656,67.467475],[15.597911,67.509914],[15.786306,67.550605],[15.89796,67.556871],[15.868175,67.573228],[15.668142,67.551947],[15.555919,67.515937],[15.498709,67.510484],[15.239268,67.529242],[15.228363,67.558783],[15.261241,67.577338],[15.240733,67.584215],[15.275645,67.593573],[15.410899,67.583441],[15.436371,67.559801],[15.466075,67.577338],[15.418793,67.604682],[15.438731,67.612128],[15.406586,67.631293],[15.370453,67.62519],[15.384044,67.612128],[15.359141,67.605211],[15.274913,67.62519],[15.194347,67.60871],[15.178559,67.618354],[15.196462,67.644599],[15.336925,67.687201],[15.274913,67.694037],[15.301117,67.720201],[15.368663,67.710273],[15.412283,67.68891],[15.541759,67.67357],[15.514415,67.694037],[15.658458,67.680406],[15.548106,67.711249],[15.486583,67.69892],[15.404552,67.735053],[15.596934,67.748847],[15.799653,67.679023],[15.822032,67.677802],[15.836599,67.694037],[15.781912,67.707709],[15.788748,67.728217],[15.630544,67.762356],[15.692638,67.796454],[15.594981,67.773871],[15.411388,67.796454],[15.446137,67.83218],[15.432791,67.860745],[15.404552,67.824408],[15.369477,67.86518],[15.356781,67.851142],[15.384044,67.8039],[15.223806,67.743354],[15.181977,67.714545],[14.836111,67.642524],[14.726817,67.659369],[14.876964,67.700263],[14.780772,67.714545],[14.792979,67.728827],[15.117198,67.741889],[15.01531,67.746649],[14.993663,67.769232],[15.034679,67.782864],[14.829275,67.762356],[14.843028,67.769232],[14.829275,67.776028],[14.831228,67.791815],[14.778575,67.784898],[14.75408,67.8039],[14.77296,67.815985],[15.063243,67.838772],[15.102875,67.851142],[15.075857,67.861518],[14.84962,67.844916],[14.899425,67.872992],[14.998709,67.895453],[15.192068,67.886054],[15.233246,67.872219],[15.201182,67.859809],[15.199067,67.831244],[15.302094,67.890367],[15.483165,67.91767],[15.543468,67.916978],[15.503184,67.875434],[15.532563,67.852362],[15.541759,67.858547],[15.524425,67.877997],[15.534923,67.889797],[15.597992,67.916693],[15.60377,67.930569],[15.752289,67.952094],[15.820811,67.937649],[15.840994,67.901068],[15.860118,67.899644],[15.885509,67.93887],[15.944998,67.965562],[15.968761,68.008612],[16.063162,68.016181],[15.90089,68.023586],[15.850271,68.036689],[15.898285,68.06684],[15.877452,68.070868],[15.789236,68.034329],[15.602387,68.038275],[15.545421,68.074693],[15.384044,68.023017],[15.392833,68.011298],[15.438731,68.009426],[15.398204,67.99494],[15.356781,67.995917],[15.281749,68.036689],[15.342459,68.057196],[15.354503,68.079983],[15.403575,68.10456],[15.46339,68.124213],[15.507579,68.13227],[15.50408,68.10517],[15.528656,68.091295],[15.538341,68.111802],[15.583018,68.111802],[15.629893,68.134589],[15.643728,68.168931],[15.665782,68.16706],[15.658458,68.152777],[15.734141,68.139716],[15.700043,68.126044],[15.737478,68.102769],[15.710134,68.084621],[15.617442,68.091295],[15.628591,68.076402],[15.617442,68.057196],[15.628429,68.053046],[15.665782,68.05036],[15.6574,68.066718],[15.669444,68.072333],[15.73463,68.072333],[15.761485,68.077623],[15.766449,68.089545],[15.844493,68.096259],[15.925304,68.13227],[15.872325,68.169664],[15.870779,68.186916],[15.942068,68.18594],[15.953298,68.204576],[15.949555,68.239],[15.979666,68.250067],[16.037852,68.242987],[16.063162,68.201158],[16.027843,68.180732],[16.042491,68.162299],[16.097179,68.173285],[16.104015,68.160224],[16.090343,68.125678],[16.069672,68.112494],[16.089854,68.074205],[16.083669,68.057359],[16.042003,68.029853],[16.192882,67.981513],[16.210623,67.958808],[16.220063,67.892727],[16.236827,67.883612],[16.281993,67.877183],[16.437348,67.807563],[16.484711,67.797797],[16.514985,67.8039],[16.460297,67.817694],[16.443533,67.831529],[16.453461,67.851142],[16.268565,67.889309],[16.254568,67.900336],[16.275401,67.926825],[16.275401,67.975287],[16.207042,68.00259],[16.274262,68.005683],[16.412608,67.906317],[16.466563,67.899563],[16.446056,67.926825],[16.466563,67.940497],[16.396169,67.95893],[16.333507,68.002427],[16.380382,68.008938],[16.451508,67.962795],[16.542247,67.961005],[16.46339,67.978339],[16.500743,68.016181],[16.364757,68.029853],[16.389171,68.059272],[16.463634,68.094306],[16.550141,68.06623],[16.662771,68.050686],[16.68629,68.057196],[16.665212,68.063422],[16.688975,68.071031],[16.576996,68.08511],[16.500743,68.118598],[16.445079,68.115546],[16.346446,68.08218],[16.289073,68.091295],[16.302745,68.111802],[16.241222,68.13227],[16.319998,68.1258],[16.360118,68.14411],[16.40211,68.13703],[16.412608,68.145941],[16.398936,68.152777],[16.41627,68.158759],[16.473399,68.152777],[16.412608,68.186916],[16.590099,68.16706],[16.466807,68.201158],[16.453136,68.228461],[16.405772,68.207994],[16.172048,68.203681],[16.16212,68.211127],[16.18336,68.221137],[16.347341,68.228461],[16.355642,68.239],[16.34018,68.249579],[16.190929,68.25845],[16.103363,68.283149],[16.172374,68.317857],[16.281749,68.30744],[16.316905,68.283149],[16.388438,68.284125],[16.508311,68.255439],[16.559825,68.232815],[16.562755,68.194322],[16.739513,68.138902],[16.802989,68.13227],[16.731293,68.176703],[16.612153,68.219062],[16.592621,68.239488],[16.60377,68.255805],[16.567393,68.276313],[16.411876,68.298774],[16.317719,68.329413],[16.264334,68.324286],[16.241222,68.331529],[16.281586,68.34455],[16.220063,68.351386],[16.422862,68.38935],[16.694591,68.405463],[16.869884,68.372545],[16.878673,68.355129],[16.824067,68.324042],[17.127289,68.37287],[17.183116,68.337714],[17.196788,68.300482],[17.223806,68.284247],[17.330577,68.255805],[17.310069,68.232245],[17.330577,68.207994],[17.318614,68.170071],[17.333995,68.16706],[17.364024,68.183539],[17.352061,68.225531],[17.419932,68.235907],[17.389985,68.266832],[17.268565,68.31037],[17.222992,68.339586],[17.206065,68.372992],[17.255544,68.393012],[17.247895,68.405992],[17.327973,68.408393],[17.495779,68.365058],[17.576915,68.358832],[17.545584,68.376776],[17.364594,68.413479],[17.539887,68.428371],[17.709483,68.411811],[17.816661,68.384752],[17.871837,68.393012],[17.815684,68.397284],[17.612153,68.450873],[17.467621,68.447577],[17.54656,68.530097],[17.364594,68.502875],[17.260102,68.455227],[17.046641,68.434149],[17.001638,68.447577],[17.081309,68.458238],[17.097179,68.468695],[17.09197,68.48078],[16.987966,68.50967],[16.848643,68.448717],[16.534841,68.4383],[16.500743,68.450995],[16.498057,68.473212],[16.46461,68.509996],[16.484874,68.528957],[16.542003,68.543769],[16.621104,68.533515],[16.628266,68.550849],[16.573253,68.569241],[16.562755,68.591539],[16.597016,68.629543],[16.960704,68.704535],[16.992931,68.707953],[17.080903,68.664008],[17.083507,68.646186],[17.148692,68.63231],[17.186534,68.638739],[17.100434,68.669501],[17.100597,68.690619],[17.250173,68.723944],[17.310069,68.707668],[17.370372,68.711127],[17.403656,68.684556],[17.460216,68.666693],[17.576671,68.67414],[17.679373,68.660468],[17.620616,68.681342],[17.494477,68.690334],[17.403331,68.744452],[17.373871,68.750312],[17.323578,68.731594],[17.234386,68.756049],[17.460948,68.815375],[17.564789,68.788764],[17.72169,68.778469],[17.78297,68.748603],[17.782888,68.778144],[17.739268,68.791327],[17.467621,68.831204],[17.707367,68.893256],[17.768728,68.871812],[17.851329,68.872748],[17.825938,68.893744],[17.707367,68.913764],[17.720958,68.934231],[17.426117,68.899482],[17.479747,68.947821],[17.533702,68.960842],[17.530447,68.986884],[17.488292,68.995673],[17.679373,69.091864],[17.631602,69.105536],[17.658865,69.116889],[17.868988,69.121324],[17.958832,69.148505],[18.152354,69.153957],[18.071056,69.177558],[18.0796,69.207017],[18.105235,69.229071],[17.988536,69.235256],[18.00408,69.250149],[18.003103,69.285712],[18.015798,69.304145],[18.112559,69.333482],[18.138682,69.352525],[18.130544,69.36933],[18.180349,69.407782],[18.152354,69.448147],[18.158458,69.459621],[18.263357,69.488105],[18.300955,69.486762],[18.382335,69.431342],[18.38738,69.422187],[18.364757,69.391506],[18.44752,69.393541],[18.487153,69.382025],[18.509288,69.355943],[18.495616,69.290473],[18.516287,69.276109],[18.498546,69.252021],[18.502452,69.235256],[18.533214,69.277899],[18.538341,69.347968],[18.564789,69.364651],[18.602061,69.300238],[18.691661,69.263495],[18.702973,69.262519],[18.703136,69.287665],[18.673676,69.304145],[18.689708,69.317857],[18.735037,69.324164],[18.823904,69.325263],[19.01295,69.287055],[19.01352,69.299302],[18.9546,69.328315],[18.664806,69.36933],[18.606619,69.390448],[18.57781,69.431342],[18.4546,69.454332],[18.48878,69.482245],[18.468516,69.504055],[18.474294,69.516425],[18.630626,69.541002],[18.852712,69.552314],[18.864268,69.521918],[18.844493,69.502753],[18.893728,69.497626],[18.935313,69.446275],[19.009532,69.42829],[19.003184,69.407904],[19.014415,69.39704],[19.146007,69.352525],[19.347423,69.344184],[19.379405,69.321845],[19.371104,69.300116],[19.350597,69.290473],[19.284923,69.275539],[19.215343,69.281562],[19.167003,69.267035],[19.177501,69.253485],[19.250987,69.274237],[19.272309,69.252387],[19.249034,69.242662],[19.300792,69.224026],[19.379405,69.242662],[19.477224,69.220771],[19.509288,69.229071],[19.448578,69.260321],[19.440929,69.283677],[19.4546,69.318427],[19.429535,69.341742],[19.32488,69.384019],[19.156261,69.377143],[19.119395,69.386054],[19.077891,69.434516],[19.021739,69.450263],[18.992686,69.48314],[19.031912,69.521145],[19.176931,69.550727],[19.262706,69.523261],[19.229259,69.567939],[19.053396,69.552151],[19.016368,69.534369],[18.958018,69.561103],[18.944347,69.615302],[19.084972,69.693427],[19.098318,69.736151],[19.201427,69.753323],[19.249034,69.777086],[19.444347,69.777086],[19.558767,69.800198],[19.737153,69.813056],[19.78419,69.804389],[19.731456,69.756822],[19.728689,69.722886],[19.674327,69.681545],[19.727387,69.642157],[19.71518,69.612616],[19.629893,69.520453],[19.626475,69.495917],[19.650157,69.459621],[19.581716,69.437445],[19.530284,69.400336],[19.688487,69.444729],[19.724864,69.516059],[19.708344,69.530707],[19.756847,69.599555],[19.743175,69.612616],[19.928559,69.60517],[20.060232,69.579088],[20.112559,69.585354],[20.031586,69.588324],[19.857758,69.627265],[19.824474,69.681545],[19.824474,69.7119],[19.878184,69.74433],[19.872325,69.763414],[19.927745,69.784125],[20.006114,69.842841],[19.968516,69.763414],[20.007009,69.7685],[20.167735,69.942206],[20.170665,69.880439],[20.207286,69.858954],[20.207693,69.93183],[20.292654,69.971015],[20.425304,69.877183],[20.318614,69.681545],[20.383067,69.63467],[20.382579,69.598782],[20.274181,69.560614],[20.304373,69.544338],[20.269542,69.517279],[20.263927,69.502753],[20.278494,69.485175],[20.24171,69.459784],[20.215587,69.468655],[20.19158,69.413235],[20.168793,69.393704],[20.000255,69.348375],[19.982188,69.338935],[20.002696,69.325263],[19.91684,69.269273],[19.97169,69.270168],[20.070486,69.336005],[20.277029,69.392279],[20.354259,69.468085],[20.441091,69.522773],[20.452159,69.555854],[20.482432,69.577867],[20.646983,69.521186],[20.853038,69.495917],[20.718435,69.528388],[20.647634,69.585354],[20.492361,69.627265],[20.488292,69.648383],[20.52711,69.677802],[20.541759,69.70539],[20.535167,69.730455],[20.482432,69.763414],[20.642914,69.77265],[20.785167,69.801744],[20.824962,69.841539],[20.791515,69.879543],[21.09254,69.948391],[20.893891,69.852851],[20.955089,69.846096],[20.969086,69.832343],[20.941091,69.818671],[21.020518,69.788153],[21.050955,69.797593],[20.996349,69.824897],[21.068614,69.842678],[21.05836,69.859687],[21.170421,69.875637],[21.188813,69.869574],[21.180512,69.85456],[21.12672,69.811225],[21.17921,69.819485],[21.222911,69.845404],[21.209239,69.907457],[21.325938,69.907457],[21.270518,69.929755],[21.209239,69.93476],[21.225271,69.974677],[21.289887,70.021064],[21.392589,70.028998],[21.558116,69.989407],[21.569672,69.965399],[21.606456,69.955268],[21.578624,69.927924],[21.608897,69.911933],[21.75766,69.88288],[21.904552,69.825426],[21.957286,69.777818],[22.051524,69.749823],[21.977061,69.749823],[22.000173,69.740383],[22.061046,69.733385],[22.098155,69.749823],[22.05893,69.77025],[22.056163,69.793606],[21.915538,69.838568],[21.999848,69.83515],[22.018077,69.845404],[22.011974,69.859524],[21.930024,69.87934],[21.913585,69.945258],[21.928559,69.98314],[22.024099,69.9855],[22.034841,69.979438],[22.02475,69.955268],[22.052257,69.938422],[22.061371,69.956692],[22.051524,70.01675],[22.113617,70.030341],[21.865896,70.011908],[21.79835,70.037177],[21.838878,70.055121],[22.005138,70.061347],[22.082774,70.096503],[22.099376,70.120347],[21.958263,70.08454],[21.839203,70.092434],[21.805024,70.071357],[21.719493,70.060614],[21.613292,70.098578],[21.48227,70.098578],[21.436534,70.149604],[21.496593,70.174954],[21.312266,70.167548],[21.209239,70.208482],[21.270356,70.238593],[21.439301,70.269477],[21.445079,70.23786],[21.489757,70.208482],[21.517751,70.304674],[21.552989,70.321031],[21.585948,70.312161],[21.589122,70.287299],[21.613292,70.269924],[21.709483,70.250067],[21.796886,70.206285],[21.819347,70.174954],[21.874034,70.14704],[21.879649,70.16059],[21.860362,70.202297],[21.894542,70.208482],[21.827322,70.22663],[21.805675,70.257229],[21.986827,70.323432],[22.031586,70.318345],[21.983897,70.284247],[22.104828,70.304145],[22.117198,70.233466],[22.152843,70.246527],[22.14088,70.284247],[22.267426,70.295111],[22.305837,70.287299],[22.315115,70.272691],[22.257579,70.22956],[22.291759,70.167548],[22.237071,70.140204],[22.274669,70.135484],[22.404959,70.14704],[22.559337,70.126614],[22.507335,70.146715],[22.325938,70.167548],[22.373709,70.250067],[22.400645,70.258287],[22.587087,70.242092],[22.603689,70.218492],[22.967052,70.207465],[22.976899,70.198879],[22.970551,70.189358],[22.836681,70.120347],[22.552501,70.085598],[22.434581,70.088935],[22.392345,70.067816],[22.284923,70.044013],[22.331798,70.040432],[22.39503,70.061103],[22.647634,70.07567],[22.713715,70.095282],[22.867198,70.106024],[22.978526,70.145413],[23.018565,70.14704],[22.998057,70.08218],[23.02003,70.038072],[23.032237,70.030341],[23.115082,70.043036],[23.128429,70.033759],[23.119802,69.998969],[23.148936,69.975735],[23.094412,69.955268],[23.125499,69.944403],[23.314138,69.996527],[23.339041,69.977729],[23.309581,69.949774],[23.329845,69.948391],[23.467296,69.985785],[23.48463,70.006334],[23.539317,70.024115],[23.296886,70.039781],[23.175548,70.092434],[23.379242,70.123236],[23.40211,70.140204],[23.299083,70.167548],[23.403087,70.180813],[23.422048,70.195461],[23.280772,70.198472],[23.243907,70.215888],[23.531912,70.243842],[23.47047,70.256008],[23.292247,70.243842],[23.312836,70.256985],[23.614431,70.304674],[23.511974,70.297838],[23.546153,70.325141],[23.463634,70.318345],[23.513194,70.365546],[23.750987,70.448717],[23.840343,70.497056],[23.917979,70.509426],[24.18629,70.493964],[24.350271,70.456244],[24.355317,70.471991],[24.231456,70.52383],[24.102712,70.541409],[24.264334,70.606269],[24.282237,70.657538],[24.352387,70.690985],[24.477712,70.683295],[24.646983,70.617987],[24.723481,70.621039],[24.738536,70.644232],[24.724864,70.665229],[24.642263,70.702582],[24.655935,70.709377],[24.588145,70.72191],[24.5324,70.750393],[24.292328,70.764106],[24.245128,70.784491],[24.268077,70.800238],[24.269379,70.838446],[24.395763,70.866889],[24.41627,70.852769],[24.408865,70.845933],[24.465831,70.834459],[24.464122,70.81802],[24.635427,70.779771],[24.649669,70.798774],[24.600759,70.825426],[24.613292,70.859361],[24.710297,70.859036],[24.724864,70.873236],[24.608165,70.894355],[24.628673,70.908026],[24.573985,70.935289],[24.655935,70.949612],[24.587657,70.962592],[24.666026,70.977688],[24.774181,70.968207],[24.860199,70.928371],[24.820486,70.908026],[24.984874,70.914252],[24.96811,70.929836],[24.987966,70.958157],[24.971202,70.962592],[25.033458,70.97134],[25.062836,70.957587],[25.053233,70.927883],[24.988943,70.891303],[24.916026,70.873236],[24.971365,70.876166],[25.067393,70.852769],[25.07602,70.884345],[25.111501,70.909329],[25.153575,70.919501],[25.241873,70.862372],[25.266124,70.825426],[25.245616,70.791327],[25.29477,70.813422],[25.341563,70.812445],[25.392263,70.884426],[25.396658,70.900702],[25.341807,70.952704],[25.365001,70.976142],[25.535981,70.922919],[25.512462,70.886908],[25.423106,70.859605],[25.441661,70.841498],[25.512462,70.869818],[25.553396,70.852769],[25.588878,70.880683],[25.662608,70.895331],[25.70574,70.895575],[25.756114,70.859605],[25.790538,70.880683],[25.881602,70.895697],[25.925792,70.863674],[25.825206,70.82746],[25.753266,70.784491],[25.629161,70.763983],[25.656505,70.736029],[25.620128,70.712307],[25.559906,70.699042],[25.512462,70.67121],[25.446788,70.661933],[25.35377,70.607164],[25.28712,70.592719],[25.073578,70.503323],[25.245942,70.527899],[25.28712,70.510728],[25.242524,70.48664],[25.059906,70.489651],[25.097504,70.47134],[25.243337,70.47842],[25.28712,70.456122],[25.251801,70.448065],[25.245942,70.434638],[25.264008,70.405341],[25.256602,70.386379],[25.197765,70.400377],[25.081065,70.35932],[25.135753,70.353095],[25.105479,70.336249],[25.122081,70.318345],[25.186778,70.339342],[25.203949,70.331977],[25.201345,70.307074],[24.979828,70.229438],[24.964692,70.191352],[24.970225,70.176825],[24.946788,70.15762],[24.94337,70.102362],[25.004242,70.064032],[25.03712,70.064358],[25.033376,70.092434],[25.006033,70.118598],[25.012218,70.133979],[25.094737,70.153876],[25.073578,70.126614],[25.135753,70.126614],[25.081065,70.106024],[25.11378,70.082465],[25.252696,70.101304],[25.324392,70.18244],[25.394786,70.199693],[25.450531,70.249498],[25.540375,70.297838],[25.423106,70.325141],[25.441091,70.342231],[25.656423,70.440619],[25.869151,70.564195],[25.990571,70.606513],[26.070811,70.71247],[26.136404,70.723049],[26.163585,70.757799],[26.374278,70.868476],[26.613617,70.949123],[26.691173,70.955797],[26.677501,70.942125],[26.725352,70.927883],[26.730154,70.887885],[26.663829,70.849311],[26.679942,70.826646],[26.745779,70.832261],[26.69158,70.772935],[26.691173,70.736029],[26.640473,70.70661],[26.341645,70.647935],[26.375336,70.638373],[26.537446,70.661851],[26.656993,70.64053],[26.601817,70.558539],[26.606293,70.544379],[26.560802,70.517646],[26.558442,70.504136],[26.581309,70.47663],[26.521332,70.448391],[26.513031,70.431586],[26.526622,70.407701],[26.50587,70.36286],[26.553884,70.353095],[26.594981,70.379788],[26.649587,70.379788],[26.631033,70.401109],[26.634451,70.413031],[26.662283,70.426418],[26.753103,70.427314],[26.799327,70.454657],[26.812266,70.479926],[26.945079,70.482856],[26.931488,70.466457],[26.948253,70.46247],[27.05128,70.47606],[27.102061,70.469794],[26.976085,70.527411],[26.966075,70.538072],[27.007091,70.558539],[26.972911,70.565375],[27.021495,70.598944],[27.080903,70.613186],[27.116384,70.599514],[27.266612,70.585273],[27.099864,70.641099],[27.105317,70.655748],[27.156749,70.681464],[27.080903,70.702582],[27.110606,70.728705],[27.139822,70.740627],[27.329438,70.743313],[27.342296,70.757799],[27.280447,70.774726],[27.323985,70.823635],[27.629649,70.804999],[27.480154,70.825426],[27.534028,70.845933],[27.453461,70.87934],[27.391287,70.87637],[27.386892,70.891669],[27.410492,70.914252],[27.335134,70.884019],[27.190929,70.894965],[27.122569,70.921698],[27.1338,70.950019],[27.171153,70.966864],[27.348969,70.942125],[27.307872,70.972602],[27.232432,70.996772],[27.22169,71.018948],[27.253184,71.026313],[27.47641,71.006659],[27.500011,70.993638],[27.508556,70.968573],[27.55421,70.955268],[27.575531,70.968817],[27.564301,70.994452],[27.58253,71.017279],[27.533051,71.028754],[27.524587,71.074408],[27.568696,71.097235],[27.642345,71.095445],[27.650157,71.127102],[27.715505,71.104234],[27.72462,71.090399],[27.698009,71.06566],[27.72169,71.059719],[27.787852,71.059475],[27.87672,71.037746],[27.963634,71.046617],[28.043224,71.07099],[28.081065,71.040961],[28.191417,71.086127],[28.232758,71.07803],[28.260997,71.055732],[28.252289,71.039374],[28.198904,71.017279],[28.219249,71.017279],[28.185232,70.996772],[28.239757,71.011054],[28.205089,70.9831],[28.233084,70.977037],[28.343435,71.004218],[28.491466,70.999823],[28.548839,70.972602],[28.483165,70.889472],[28.369477,70.886908],[28.44516,70.8664],[28.397472,70.847113],[28.343435,70.845933],[28.363292,70.825426],[28.225434,70.832261],[28.30128,70.812445],[28.26588,70.794989],[28.179698,70.782864],[28.061697,70.798774],[28.023123,70.792914],[27.99879,70.815741],[27.950694,70.797756],[27.76002,70.791327],[27.828298,70.770819],[27.773692,70.743557],[27.899669,70.768215],[27.986827,70.757025],[28.006684,70.742865],[28.130544,70.736029],[28.072439,70.703274],[27.933442,70.687079],[27.793142,70.636786],[27.650157,70.60635],[27.794688,70.613674],[28.153819,70.677924],[28.253429,70.716376],[28.283376,70.718492],[28.30128,70.702582],[28.287852,70.653754],[28.233165,70.61518],[27.849376,70.482856],[27.883556,70.428209],[27.914561,70.473212],[27.944998,70.489163],[27.979747,70.497056],[27.938162,70.469794],[28.185232,70.503323],[28.080089,70.477118],[28.040863,70.44477],[28.130544,70.469794],[28.104015,70.454332],[28.127126,70.44184],[28.25294,70.510077],[28.335297,70.517646],[28.322113,70.496975],[28.264008,70.466376],[28.160655,70.382799],[28.17335,70.332953],[28.157888,70.247301],[28.177908,70.182278],[28.167247,70.135484],[28.099783,70.088121],[28.013845,70.071357],[28.066254,70.063178],[28.128103,70.08161],[28.18393,70.115546],[28.225434,70.174018],[28.198904,70.215888],[28.204356,70.245795],[28.191417,70.284247],[28.225434,70.345649],[28.232677,70.399115],[28.258149,70.420966],[28.320811,70.43891],[28.329112,70.469794],[28.390391,70.493354],[28.458832,70.489651],[28.469249,70.455146],[28.507335,70.448717],[28.500499,70.482856],[28.555024,70.510728],[28.458832,70.517646],[28.397472,70.548285],[28.401703,70.558987],[28.479259,70.626207],[28.516856,70.678168],[28.620291,70.67829],[28.526215,70.721747],[28.555024,70.750393],[28.643077,70.789252],[28.725597,70.848944],[28.794688,70.873236],[29.082693,70.880683],[29.104503,70.873033],[29.062266,70.859605],[29.221365,70.855414],[29.261404,70.839748],[29.264822,70.815172],[29.2824,70.805121],[29.404796,70.784491],[29.294932,70.743557],[29.417817,70.736029],[29.322276,70.723049],[29.337738,70.708441],[29.36378,70.709377],[29.351899,70.695299],[29.281423,70.681464],[29.294932,70.674628],[29.281423,70.660956],[29.306407,70.652899],[29.3921,70.697333],[29.517751,70.705878],[29.699555,70.74372],[29.745779,70.742743],[29.778982,70.726549],[29.781505,70.68891],[29.761974,70.664496],[29.67921,70.620022],[29.82309,70.633694],[29.993826,70.71308],[30.104747,70.710761],[30.206798,70.681464],[30.186046,70.6647],[30.096934,70.647935],[30.240896,70.633694],[30.347341,70.596137],[30.264659,70.56977],[30.124766,70.551703],[30.165212,70.531236],[30.000743,70.538072],[30.163097,70.524604],[30.456309,70.561225],[30.581798,70.542182],[30.599132,70.529771],[30.562348,70.517646],[30.731944,70.468166],[30.741222,70.44184],[30.786632,70.42064],[30.812348,70.4147],[30.926036,70.456122],[30.946951,70.450019],[30.973399,70.42121],[31.063324,70.366767],[31.019379,70.339911],[31.021739,70.325141],[31.076996,70.284247],[30.933604,70.263739],[30.548839,70.248684],[30.515147,70.239081],[30.514659,70.215888],[30.488943,70.20307],[30.374848,70.185858],[30.357432,70.161282],[30.384288,70.153876],[30.355235,70.129706],[30.119477,70.084906],[30.158946,70.071357],[29.22047,70.120347],[28.653656,70.182318],[28.616547,70.176907],[28.59669,70.161322],[28.753673,70.167548],[28.690115,70.134101],[28.610362,70.120347],[28.629405,70.107123],[28.732677,70.098578],[28.786469,70.111151],[28.849946,70.098578],[28.732677,70.085598],[28.924083,70.073879],[28.993337,70.055854],[29.13795,70.057603],[29.124278,70.044013],[29.192556,70.037177],[29.130382,70.01675],[29.158376,70.009223],[29.343435,70.01675],[29.685883,69.96955],[29.440115,69.900824],[29.36378,69.859687],[29.435802,69.862372],[29.535167,69.914252],[29.60434,69.901272],[29.741222,69.907457],[29.731619,69.894436],[29.746267,69.877427],[29.741222,69.865871],[29.775401,69.838568],[29.73699,69.802924],[29.649262,69.771918],[29.64503,69.756008],[29.624848,69.754096],[29.589692,69.72248],[29.507986,69.708808],[29.543468,69.708319],[29.487315,69.661078],[29.680024,69.735419],[29.901622,69.736314],[30.030447,69.775946],[30.062755,69.77025],[30.000987,69.725572],[29.936697,69.705756],[29.939301,69.68773],[29.952322,69.705227],[30.071137,69.739936],[30.114513,69.706204],[30.18629,69.68773],[30.110606,69.756008],[30.206798,69.77025],[30.208995,69.78441],[30.158946,69.811225],[30.165212,69.879543],[30.289236,69.886542],[30.323985,69.867133],[30.268809,69.845404],[30.371837,69.847602],[30.402599,69.831244],[30.409841,69.702297],[30.388194,69.680365],[30.337087,69.674058],[30.443533,69.678412],[30.447439,69.733344],[30.466563,69.747016],[30.450694,69.810289],[30.482921,69.818183],[30.698741,69.808539],[30.720551,69.797593],[30.700369,69.783433],[30.71697,69.77025],[30.840954,69.805842],[30.843988,69.766234],[30.877061,69.737605],[30.884295,69.702362],[30.927703,69.672131],[30.927032,69.57839],[30.898248,69.544232],[30.852979,69.527437],[30.755311,69.521494],[30.511657,69.536325],[30.230692,69.637301],[30.119071,69.634562],[30.208781,69.608672],[30.231622,69.558339],[30.210641,69.528212],[30.154831,69.506094],[30.123411,69.441912],[29.948073,69.365586],[29.751393,69.357163],[29.60427,69.315202],[29.37679,69.301611],[29.334519,69.277375],[29.302273,69.200842],[29.221038,69.098419],[29.120269,69.046846],[29.064768,69.034702],[28.954077,69.027261],[28.839614,69.080281],[28.826953,69.106842],[28.84411,69.181256],[28.86478,69.216603],[29.229254,69.376852],[29.344544,69.464392],[29.203158,69.585986],[29.14714,69.663914],[28.40455,69.802252],[28.379745,69.822354],[28.381192,69.856202],[28.167355,69.894339],[27.927163,70.05327],[27.866908,70.07531],[27.792184,70.058929],[27.612557,70.062055],[27.570906,70.040894],[27.563309,70.023582],[27.334538,69.968624],[27.323169,69.959684],[27.352418,69.948703],[27.3118,69.929479],[27.10034,69.901755],[26.864592,69.938084],[26.533863,69.925242],[26.500687,69.918317],[26.435885,69.874237],[26.447874,69.856047],[26.418728,69.835635],[26.316822,69.794914],[26.198276,69.715436],[26.00511,69.689339],[25.961702,69.652545],[26.00511,69.610843],[26.003973,69.587175],[25.960255,69.548676],[25.886668,69.520874],[25.906408,69.501857],[25.885737,69.479119],[25.886668,69.455193],[25.841399,69.417779],[25.877366,69.370806],[25.786622,69.312773],[25.737219,69.218205],[25.734119,69.191333],[25.771222,69.135109],[25.750242,69.059248],[25.765848,69.030671],[25.801091,69.013153],[25.79582,68.993309],[25.753859,68.978375],[25.726367,68.94246],[25.627769,68.874143],[25.43393,68.883859],[25.201283,68.812648],[25.149607,68.764641],[25.13214,68.676584],[25.144232,68.668006],[25.13245,68.647646],[24.951789,68.605064],[24.905177,68.556953],[24.879235,68.554835],[24.754179,68.637879],[24.663435,68.666094],[24.332499,68.708624],[24.186875,68.744539],[24.131167,68.776165],[23.929009,68.816214],[23.852631,68.816679],[23.787209,68.799781],[23.734809,68.715445],[23.641585,68.694981],[23.481595,68.685628],[23.197581,68.618035],[23.071491,68.680874],[22.851659,68.675706],[22.570126,68.726814],[22.409205,68.712913],[22.371378,68.822622],[22.277224,68.857452],[22.200226,68.908457],[22.160745,68.956102],[22.023079,69.012016],[21.638813,69.27138],[21.313562,69.291431],[21.098381,69.239496],[21.033579,69.181205],[21.156362,69.087619],[21.099001,69.043797],[21.071509,69.036666],[20.744397,69.104362],[20.716595,69.098781],[20.623165,69.036356]]],[[[14.872406,68.222724],[14.795584,68.246161],[14.886729,68.300849],[14.940115,68.302151],[14.953136,68.277411],[14.872406,68.222724]]],[[[14.240896,68.31387],[14.26824,68.28262],[14.242198,68.256578],[14.200531,68.248765],[14.14324,68.273505],[14.145844,68.29564],[14.058604,68.296942],[14.040375,68.312567],[14.079438,68.315172],[14.066417,68.332099],[14.117198,68.337307],[14.240896,68.31387]]],[[[14.08725,68.28262],[14.158865,68.255276],[14.110688,68.207099],[14.062022,68.201158],[14.034028,68.180732],[13.910411,68.16767],[13.876313,68.180732],[13.84197,68.159613],[13.774099,68.159613],[13.842296,68.13227],[13.845958,68.120551],[13.825694,68.106757],[13.774099,68.101955],[13.749522,68.123277],[13.722667,68.123033],[13.698253,68.098131],[13.718761,68.077623],[13.643728,68.070868],[13.651134,68.077623],[13.62322,68.08511],[13.624685,68.107856],[13.558849,68.119615],[13.54127,68.101549],[13.564789,68.081773],[13.527192,68.043402],[13.456716,68.07099],[13.485688,68.106838],[13.589122,68.159613],[13.562999,68.164211],[13.479259,68.13227],[13.513357,68.159613],[13.479259,68.16706],[13.527599,68.173285],[13.479259,68.186916],[13.515636,68.209703],[13.615896,68.22663],[13.500011,68.242255],[13.636729,68.294338],[13.800792,68.269477],[13.873709,68.325588],[13.919281,68.341213],[13.983084,68.337307],[14.007823,68.294338],[13.967459,68.269599],[13.9935,68.25788],[14.08725,68.28262]]],[[[14.717459,68.490953],[14.704438,68.513088],[14.604177,68.558661],[14.669281,68.587307],[15.000011,68.554755],[14.991114,68.530618],[14.891938,68.494859],[14.717459,68.490953]]],[[[5.278982,59.292548],[5.314098,59.273599],[5.317929,59.25654],[5.297091,59.168884],[5.235929,59.141058],[5.208551,59.142886],[5.166169,59.195682],[5.165278,59.273428],[5.178722,59.292222],[5.228282,59.28559],[5.173839,59.334052],[5.17449,59.34927],[5.208507,59.374945],[5.188487,59.383979],[5.185883,59.41474],[5.208507,59.415961],[5.253917,59.347968],[5.280284,59.330268],[5.278982,59.292548]]],[[[5.317638,59.752265],[5.344981,59.71015],[5.290782,59.683539],[5.27003,59.682847],[5.310313,59.703315],[5.289317,59.749823],[5.27003,59.751776],[5.273448,59.735012],[5.26059,59.733873],[5.225597,59.755194],[5.194184,59.74494],[5.194184,59.713853],[5.153982,59.669827],[5.160167,59.655219],[5.208507,59.682847],[5.187999,59.655504],[5.201671,59.614569],[5.152843,59.59162],[5.115408,59.636054],[5.11671,59.685696],[5.187999,59.758612],[5.124848,59.761868],[5.118419,59.779039],[5.089529,59.762274],[5.070649,59.782782],[5.097423,59.809312],[5.098643,59.82746],[5.146495,59.82746],[5.104828,59.868476],[5.153982,59.874661],[5.168305,59.850002],[5.220225,59.826606],[5.227224,59.807318],[5.259776,59.80268],[5.317638,59.752265]]],[[[5.490896,59.851955],[5.497813,59.803412],[5.4817,59.787909],[5.421886,59.758979],[5.363292,59.764065],[5.358165,59.772203],[5.406505,59.779039],[5.390147,59.79206],[5.352306,59.777655],[5.314301,59.789455],[5.284841,59.848212],[5.256358,59.874661],[5.261974,59.895087],[5.250173,59.90941],[5.297537,59.950995],[5.275401,59.959662],[5.282888,59.96662],[5.326182,59.976508],[5.420665,59.938381],[5.490896,59.851955]]],[[[5.646983,60.080146],[5.660411,60.066474],[5.660411,60.016913],[5.605235,59.962226],[5.639903,59.915595],[5.571544,59.923041],[5.508067,59.899115],[5.489106,59.915595],[5.476817,59.962958],[5.454275,59.950995],[5.410167,59.957668],[5.361827,59.995347],[5.449392,60.005032],[5.439708,60.032416],[5.461681,60.052802],[5.594574,60.059963],[5.646983,60.080146]]],[[[5.103201,60.190741],[5.05714,60.193671],[5.046641,60.224514],[5.02296,60.245185],[5.017426,60.220771],[4.947927,60.258857],[4.941417,60.291246],[4.992442,60.297024],[5.02296,60.2862],[5.036632,60.313463],[5.020193,60.307685],[4.970958,60.332831],[4.960785,60.368109],[4.971934,60.383979],[4.948904,60.439154],[4.976817,60.44123],[5.002208,60.39997],[5.093761,60.320217],[5.097667,60.298163],[5.082856,60.285549],[5.050304,60.2862],[5.104259,60.241685],[5.111664,60.200507],[5.103201,60.190741]]],[[[4.960785,60.559882],[5.026378,60.522895],[5.150157,60.50137],[5.194184,60.471137],[5.204356,60.43183],[5.192393,60.418769],[5.125011,60.402411],[5.115733,60.428046],[5.132823,60.443793],[5.064464,60.464911],[5.078136,60.477973],[5.063324,60.476793],[5.053722,60.502143],[4.990571,60.506171],[4.960785,60.559882]]],[[[5.687673,60.676581],[5.674001,60.54682],[5.681407,60.481676],[5.624522,60.466864],[5.608897,60.443793],[5.502126,60.436957],[5.323985,60.54682],[5.409028,60.55801],[5.434337,60.577826],[5.569672,60.625067],[5.587738,60.642524],[5.591563,60.676581],[5.608409,60.688422],[5.665701,60.688788],[5.687673,60.676581]]],[[[4.987315,61.119696],[4.967947,61.092271],[4.893809,61.056098],[4.858409,61.101142],[4.820567,61.077541],[4.803233,61.046536],[4.790212,61.146145],[4.830577,61.163235],[4.863292,61.121731],[4.869965,61.150133],[4.844737,61.197333],[4.862478,61.203437],[4.895274,61.137356],[4.906098,61.14643],[4.900076,61.169989],[4.934255,61.177436],[4.919932,61.191107],[4.943533,61.190172],[4.987315,61.119696]]],[[[4.865245,61.88939],[4.952973,61.896959],[5.22283,61.848456],[5.176606,61.82567],[5.118419,61.821112],[5.138682,61.837348],[5.125987,61.855862],[5.053396,61.808783],[4.91627,61.780951],[4.889659,61.785102],[4.870779,61.813381],[4.900076,61.80744],[4.926768,61.827948],[4.803233,61.84162],[4.864919,61.873033],[4.865245,61.88939]]],[[[5.781261,62.281195],[5.804454,62.266791],[5.78533,62.251695],[5.797537,62.232001],[5.790701,62.214993],[5.701427,62.191067],[5.546886,62.192694],[5.502126,62.225816],[5.605724,62.225816],[5.518077,62.24315],[5.557302,62.259955],[5.543712,62.273017],[5.563243,62.291409],[5.696462,62.301663],[5.726573,62.281806],[5.781261,62.281195]]],[[[5.992686,62.386298],[5.999522,62.366116],[6.078787,62.341864],[6.03712,62.335028],[5.874034,62.255439],[5.81129,62.245673],[5.851573,62.280463],[5.831716,62.286607],[5.841075,62.313056],[5.804454,62.362372],[5.836599,62.403225],[5.886241,62.423814],[5.943858,62.428046],[5.992686,62.386298]]],[[[6.303233,62.425198],[6.33253,62.410793],[6.16505,62.396552],[6.090668,62.402411],[6.023448,62.437445],[6.201671,62.444892],[6.263031,62.423814],[6.303233,62.425198]]],[[[6.878917,62.742743],[6.919444,62.71719],[6.914073,62.698188],[6.672374,62.655992],[6.662771,62.675116],[6.646658,62.67829],[6.681407,62.698188],[6.674815,62.71719],[6.703136,62.735785],[6.743988,62.722886],[6.878917,62.742743]]],[[[6.832286,62.841539],[6.924327,62.856594],[6.942149,62.825914],[6.880056,62.80801],[6.903819,62.790351],[6.886729,62.775092],[6.770356,62.816962],[6.80421,62.822252],[6.777517,62.83983],[6.79005,62.857652],[6.832286,62.841539]]],[[[7.778168,63.081732],[7.886729,63.099758],[7.914724,63.081732],[7.873383,63.045111],[7.787934,63.020657],[7.681326,63.05508],[7.72641,63.093817],[7.778168,63.081732]]],[[[7.640391,63.05508],[7.706309,63.006659],[7.624034,62.989651],[7.526541,62.946031],[7.490245,62.945217],[7.465343,62.965481],[7.392914,62.979641],[7.366547,62.996731],[7.435557,63.02025],[7.417328,63.036038],[7.435557,63.047553],[7.401378,63.061265],[7.490245,63.068061],[7.47641,63.05508],[7.527029,63.046617],[7.565196,63.02025],[7.575043,63.044257],[7.563162,63.050605],[7.60613,63.078437],[7.585134,63.116523],[7.647797,63.109687],[7.640391,63.05508]]],[[[8.132823,63.229193],[8.188487,63.157457],[8.020193,63.137926],[7.976817,63.143215],[7.928396,63.177924],[8.07781,63.241156],[8.132823,63.229193]]],[[[8.428722,63.287787],[8.574718,63.199612],[8.565766,63.177924],[8.423188,63.161078],[8.3449,63.176459],[8.264171,63.232611],[8.27296,63.267524],[8.288422,63.277167],[8.325938,63.259589],[8.353526,63.267279],[8.396007,63.226874],[8.408214,63.239407],[8.401378,63.27204],[8.428722,63.287787]]],[[[7.914724,63.342475],[7.997325,63.342475],[7.806326,63.371283],[7.786794,63.382758],[7.791189,63.403876],[7.778168,63.411322],[7.923839,63.437323],[8.00408,63.472805],[8.070567,63.473293],[8.100759,63.464057],[8.12436,63.425971],[8.172048,63.406073],[8.181651,63.390204],[8.138438,63.350898],[8.086681,63.328803],[7.976817,63.315131],[7.973806,63.325914],[7.914724,63.342475]]],[[[9.176036,63.567776],[9.106781,63.533271],[8.858572,63.487006],[8.718028,63.484036],[8.477061,63.43122],[8.39031,63.433824],[8.333018,63.459133],[8.299327,63.445502],[8.277843,63.466539],[8.317231,63.51317],[8.413341,63.557807],[8.723481,63.567776],[8.545258,63.602484],[8.788259,63.640041],[8.827647,63.639594],[8.833344,63.616767],[8.846446,63.615912],[8.868175,63.646186],[8.96518,63.656236],[8.977306,63.64411],[8.956879,63.630439],[8.988292,63.59276],[9.080089,63.606187],[9.12672,63.569078],[9.176036,63.567776]]],[[[8.335216,63.668158],[8.271739,63.685045],[8.331554,63.701809],[8.518077,63.719794],[8.743419,63.7744],[8.708507,63.779242],[8.675059,63.767564],[8.737153,63.809149],[8.752452,63.801947],[8.805431,63.815375],[8.791759,63.794908],[8.81072,63.781643],[8.825531,63.734076],[8.825857,63.719794],[8.792003,63.698065],[8.743419,63.687934],[8.475841,63.664293],[8.455903,63.671373],[8.525564,63.69184],[8.335216,63.668158]]],[[[11.312185,64.540107],[11.425629,64.53974],[11.451427,64.51496],[11.416759,64.472724],[11.315766,64.487982],[11.283865,64.513251],[11.180186,64.507473],[11.128673,64.555854],[11.141612,64.571275],[11.224864,64.569525],[11.191742,64.595608],[11.083995,64.588284],[11.042979,64.599921],[11.037364,64.614447],[11.053966,64.643948],[11.085785,64.652045],[11.269379,64.592231],[11.286306,64.558987],[11.312185,64.540107]]],[[[11.091075,64.901597],[11.005707,64.898505],[10.906912,64.857408],[10.826915,64.850084],[11.101329,64.953111],[11.266368,64.893704],[11.17628,64.848619],[11.080903,64.835842],[11.087738,64.850084],[11.046072,64.857571],[11.080251,64.875067],[11.092052,64.889635],[11.091075,64.901597]]],[[[10.816905,64.868557],[10.738129,64.850084],[10.745128,64.863715],[10.710948,64.863715],[10.783865,64.924018],[10.871755,64.92768],[11.032481,64.972968],[11.033458,64.988227],[11.115001,64.972968],[10.965017,64.918687],[10.898936,64.908271],[10.816905,64.868557]]],[[[12.224864,65.123765],[12.309093,65.110582],[12.270274,65.080715],[12.156505,65.055487],[11.979015,65.082831],[12.04835,65.085395],[12.043468,65.107001],[12.060557,65.117621],[12.122325,65.131293],[12.092784,65.135565],[12.095063,65.178412],[12.167247,65.211127],[12.208018,65.207261],[12.271658,65.164618],[12.224864,65.123765]]],[[[12.461681,65.412828],[12.506602,65.398139],[12.336436,65.331529],[12.211111,65.324652],[12.211192,65.302558],[12.247732,65.280463],[12.080577,65.215033],[12.053477,65.219957],[12.077322,65.233629],[12.122325,65.302558],[12.08074,65.308783],[12.122244,65.357327],[12.142833,65.364],[12.180675,65.35102],[12.211192,65.377631],[12.160818,65.395819],[12.211192,65.426093],[12.328461,65.467027],[12.31422,65.49494],[12.258556,65.472968],[12.197439,65.473863],[12.232188,65.487494],[12.204356,65.487494],[12.240408,65.526068],[12.245291,65.54149],[12.224864,65.548977],[12.258637,65.574612],[12.274262,65.581732],[12.324718,65.531928],[12.397309,65.507554],[12.444591,65.467027],[12.461681,65.412828]]],[[[11.999766,65.678046],[11.957856,65.665025],[11.972992,65.649563],[11.971446,65.631537],[11.91684,65.589993],[11.889903,65.604193],[11.848643,65.604193],[11.869151,65.610419],[11.779796,65.607001],[11.759288,65.617906],[11.785004,65.660305],[11.824474,65.69302],[11.926117,65.708726],[11.954438,65.696438],[11.997895,65.700141],[11.999766,65.678046]]],[[[12.740896,66.013577],[12.860037,66.026801],[12.903819,66.015082],[12.890147,66.001451],[12.73406,65.975572],[12.623383,65.942125],[12.465831,65.873277],[12.430919,65.87108],[12.478689,65.898383],[12.368826,65.891588],[12.491222,65.990627],[12.627208,66.023017],[12.650076,66.015082],[12.608572,65.979926],[12.635997,65.97606],[12.740896,66.013577]]],[[[12.533376,66.060696],[12.2942,66.015082],[12.429698,66.087104],[12.342133,66.083441],[12.472423,66.111314],[12.487478,66.135077],[12.574229,66.158515],[12.504242,66.175849],[12.430919,66.165961],[12.542979,66.201972],[12.561697,66.221137],[12.595225,66.205024],[12.611827,66.156806],[12.547048,66.131171],[12.621918,66.131171],[12.587901,66.111314],[12.646658,66.113186],[12.656912,66.103909],[12.533376,66.060696]]],[[[14.258556,67.137641],[14.192393,67.08393],[14.215099,67.032416],[14.192231,67.003567],[14.158214,67.00141],[14.146983,67.032701],[14.100108,67.061672],[13.993012,67.077704],[14.062022,67.11872],[14.057302,67.133043],[14.1338,67.110093],[14.171886,67.111274],[14.246837,67.173733],[14.273692,67.165839],[14.258556,67.137641]]],[[[13.054698,68.104967],[13.156993,68.08511],[13.095551,68.057196],[13.136567,68.05036],[13.120616,68.038235],[13.050304,68.024563],[13.075043,68.009426],[13.11085,68.028266],[13.13087,67.963853],[13.123871,67.943996],[13.040375,67.940497],[12.976817,67.969468],[12.985688,67.947943],[12.960216,67.940985],[13.046641,67.915473],[13.013682,67.879096],[12.897309,67.855902],[12.87086,67.825141],[12.78712,67.810126],[12.848481,67.854804],[12.841645,67.879096],[12.889171,67.928656],[12.900157,67.957831],[12.927745,67.964667],[12.931163,67.988959],[12.979177,68.036526],[13.062266,68.070868],[13.075043,68.08511],[13.054698,68.104967]]],[[[13.295665,68.152289],[13.400401,68.145941],[13.437673,68.126044],[13.379893,68.05036],[13.366222,68.012763],[13.321544,68.029853],[13.238617,67.985541],[13.215505,68.036689],[13.172699,68.009019],[13.168468,68.04975],[13.239268,68.092108],[13.276866,68.088202],[13.312185,68.058295],[13.32838,68.063422],[13.338634,68.086005],[13.280528,68.129136],[13.295665,68.152289]]],[[[14.945323,68.351386],[14.97934,68.337714],[14.735525,68.25495],[14.719981,68.262641],[14.722911,68.279608],[14.774587,68.317857],[14.718761,68.337633],[14.692068,68.31037],[14.703136,68.29682],[14.693858,68.2862],[14.62379,68.262641],[14.671641,68.249579],[14.614919,68.224555],[14.383556,68.180732],[14.322032,68.186916],[14.328298,68.173285],[14.312185,68.168036],[14.198497,68.152777],[14.219737,68.175971],[14.198497,68.201158],[14.234874,68.220038],[14.356212,68.242133],[14.274181,68.237006],[14.253184,68.249579],[14.328298,68.262641],[14.305919,68.274482],[14.303396,68.311998],[14.328298,68.324042],[14.357921,68.320502],[14.395274,68.28734],[14.425059,68.283149],[14.413422,68.297309],[14.442719,68.318427],[14.495616,68.306057],[14.466075,68.34455],[14.444021,68.337307],[14.438162,68.358832],[14.383556,68.372504],[14.493419,68.385565],[14.58961,68.365058],[14.541759,68.405992],[14.653494,68.428534],[14.70753,68.377916],[14.714122,68.423285],[14.760916,68.433905],[14.822439,68.409735],[14.821951,68.389838],[14.75408,68.358832],[14.783539,68.354153],[14.880382,68.385972],[14.897472,68.433905],[15.009776,68.428046],[15.063324,68.448717],[15.172374,68.454413],[15.03419,68.363471],[15.014171,68.358832],[15.014171,68.379299],[15.000499,68.365058],[14.945323,68.351386]]],[[[16.432791,68.485256],[16.466563,68.468695],[16.371593,68.447577],[16.414073,68.418402],[16.398611,68.413479],[16.230724,68.409573],[16.123546,68.379218],[16.0949,68.397528],[16.172374,68.42772],[16.117686,68.433905],[16.168956,68.499091],[16.22169,68.523749],[16.358735,68.534857],[16.41212,68.519477],[16.432791,68.485256]]],[[[17.052908,68.817532],[17.145681,68.770331],[16.840994,68.725409],[16.816661,68.735582],[16.844249,68.773261],[16.910981,68.797065],[17.000987,68.858588],[17.015636,68.860012],[17.052908,68.817532]]],[[[17.205333,68.913275],[17.319672,68.918443],[17.405528,68.892279],[17.44044,68.865912],[17.348969,68.83515],[17.299815,68.803656],[17.223643,68.793036],[17.178233,68.815009],[17.158702,68.865912],[17.087169,68.898505],[17.083507,68.913764],[17.104503,68.925035],[17.225922,68.861396],[17.282237,68.858466],[17.22047,68.882229],[17.205333,68.913275]]],[[[16.576996,68.707668],[16.534841,68.680976],[16.560883,68.671698],[16.55893,68.655219],[16.491059,68.60578],[16.506033,68.568183],[16.497569,68.554023],[16.346528,68.559516],[16.222179,68.547431],[16.141775,68.523342],[16.105968,68.53852],[16.053396,68.46483],[16.012055,68.446967],[15.966319,68.393012],[15.903982,68.369859],[15.876231,68.369086],[15.870779,68.40058],[15.884288,68.444159],[15.870779,68.495429],[15.858572,68.486233],[15.864513,68.454413],[15.849294,68.43476],[15.823009,68.424018],[15.781016,68.438178],[15.774425,68.430854],[15.816173,68.393012],[15.792735,68.393622],[15.747895,68.42536],[15.7199,68.393012],[15.726736,68.372504],[15.658458,68.365058],[15.706309,68.358832],[15.62436,68.300482],[15.582774,68.304185],[15.596446,68.317857],[15.52768,68.337714],[15.375987,68.327582],[15.33839,68.331977],[15.322602,68.351386],[15.34254,68.348212],[15.405935,68.391913],[15.472911,68.405992],[15.611339,68.474921],[15.553722,68.511176],[15.541759,68.50967],[15.553966,68.475328],[15.439301,68.418402],[15.384044,68.420233],[15.278656,68.373236],[15.211762,68.365953],[15.185395,68.351386],[15.214854,68.352525],[15.233246,68.337714],[15.134044,68.308051],[15.085785,68.271226],[15.000499,68.253323],[14.986827,68.269477],[15.007335,68.283149],[14.995372,68.297797],[15.009288,68.313666],[15.068126,68.339097],[15.123383,68.393012],[15.192556,68.434882],[15.268077,68.461249],[15.356781,68.461249],[15.240733,68.474921],[15.248383,68.486233],[15.336925,68.488593],[15.281749,68.495429],[15.271495,68.515855],[15.178559,68.523342],[15.217296,68.556871],[15.311697,68.558824],[15.323253,68.562812],[15.30893,68.578559],[15.394705,68.584784],[15.452322,68.55744],[15.391612,68.605211],[15.452322,68.597805],[15.438731,68.619534],[15.548839,68.625718],[15.589122,68.606431],[15.630544,68.612128],[15.582774,68.632554],[15.497732,68.642483],[15.442068,68.682196],[15.438731,68.707668],[15.449555,68.729153],[15.604828,68.735745],[15.713634,68.701402],[15.639659,68.743232],[15.501231,68.743069],[15.459809,68.756049],[15.455577,68.769029],[15.452322,68.811265],[15.497081,68.8039],[15.528656,68.824937],[15.63795,68.824937],[15.563487,68.839179],[15.548595,68.852281],[15.553233,68.87226],[15.575694,68.882229],[15.624278,68.88581],[15.596446,68.906928],[15.644786,68.954739],[15.778494,68.954739],[15.857595,68.97016],[15.9074,68.959418],[15.89796,68.917426],[15.924083,68.88642],[15.870779,68.790229],[15.823985,68.756171],[15.761485,68.735582],[15.853526,68.747626],[15.955577,68.791653],[15.989594,68.763495],[15.933116,68.684149],[15.870779,68.653022],[15.774425,68.632554],[15.765798,68.615668],[15.777843,68.562161],[15.740408,68.530097],[15.802908,68.551337],[15.816173,68.564276],[15.816742,68.610826],[15.858572,68.634182],[16.005138,68.677558],[16.027843,68.67414],[16.06129,68.630316],[16.083018,68.638739],[16.081065,68.672512],[16.033214,68.711371],[16.107432,68.740709],[16.213227,68.735582],[16.20102,68.760728],[16.094574,68.801663],[16.097179,68.831204],[16.207042,68.858466],[16.284028,68.840318],[16.295258,68.854926],[16.262462,68.866685],[16.249522,68.884182],[16.254649,68.903225],[16.314626,68.870103],[16.438813,68.849555],[16.439789,68.82807],[16.455577,68.815334],[16.555919,68.824937],[16.494477,68.790229],[16.546723,68.78266],[16.555919,68.770331],[16.526134,68.760972],[16.528575,68.721991],[16.576996,68.707668]]],[[[16.584646,68.961859],[16.601899,68.93122],[16.583263,68.921129],[16.587169,68.897447],[16.476248,68.88581],[16.394867,68.902004],[16.261729,68.968329],[16.306326,68.995307],[16.466807,68.962144],[16.584646,68.961859]]],[[[14.38795,68.663886],[14.369884,68.687201],[14.381114,68.697659],[14.541759,68.735582],[14.438162,68.756049],[14.455333,68.776028],[14.523936,68.807074],[14.548025,68.8039],[14.572276,68.746324],[14.62379,68.735582],[14.58961,68.748603],[14.608653,68.778062],[14.644216,68.790229],[14.607595,68.807278],[14.628429,68.829901],[14.685802,68.824937],[14.686534,68.757473],[14.843598,68.796291],[14.8838,68.790229],[14.872325,68.769232],[14.907074,68.76024],[14.945323,68.784003],[14.952647,68.817532],[14.904307,68.845445],[14.952647,68.865912],[14.991059,68.842027],[15.006033,68.79385],[15.049815,68.852769],[15.158865,68.817532],[15.145681,68.842515],[15.068696,68.878974],[15.076671,68.898993],[15.027843,68.934231],[15.009288,68.963324],[15.00766,68.981024],[15.084483,69.011217],[15.137706,69.013088],[15.168224,68.988267],[15.170665,68.973782],[15.151378,68.962144],[15.206554,68.940375],[15.192882,68.927395],[15.240733,68.913764],[15.185395,68.88581],[15.214366,68.881659],[15.271495,68.919745],[15.295258,68.906928],[15.281749,68.865912],[15.240733,68.824937],[15.325857,68.85871],[15.34783,68.84691],[15.384044,68.852281],[15.350759,68.802924],[15.274913,68.797065],[15.302745,68.776557],[15.274913,68.762885],[15.394216,68.731106],[15.397716,68.693996],[15.375255,68.669908],[15.062673,68.578518],[14.87322,68.584459],[14.842784,68.591539],[14.863292,68.605211],[14.806407,68.615953],[14.815929,68.637763],[14.833669,68.644477],[15.034679,68.666693],[15.088878,68.695014],[15.16505,68.701402],[15.146739,68.725531],[15.151378,68.756049],[15.026052,68.771186],[14.993663,68.762885],[15.068696,68.748603],[15.019542,68.712144],[14.958832,68.707668],[14.958832,68.729397],[14.90089,68.681301],[14.86199,68.689887],[14.82781,68.673489],[14.808767,68.680976],[14.820649,68.694078],[14.815115,68.714748],[14.774587,68.67414],[14.750336,68.667467],[14.696056,68.687567],[14.678966,68.707668],[14.674083,68.686957],[14.630626,68.653022],[14.622569,68.628852],[14.558279,68.627265],[14.520681,68.609036],[14.435069,68.612128],[14.417247,68.619534],[14.413259,68.63642],[14.431895,68.666693],[14.38795,68.663886]]],[[[15.501475,68.895819],[15.431488,68.884223],[15.418793,68.913764],[15.425059,68.962144],[15.459809,69.013088],[15.569672,69.105536],[15.659923,69.138495],[15.758067,69.147121],[15.791352,69.161282],[15.84311,69.220282],[15.870779,69.229071],[15.864513,69.249498],[15.93214,69.263129],[15.975108,69.287177],[16.101573,69.315253],[16.131521,69.310981],[16.149913,69.290839],[16.076182,69.153957],[15.946462,69.101874],[15.877126,69.062242],[15.847911,69.029242],[15.632172,68.98664],[15.566742,69.012681],[15.528656,69.009345],[15.560069,68.990139],[15.569672,68.962144],[15.501475,68.895819]]],[[[18.078624,69.424994],[18.081065,69.387641],[18.098643,69.376125],[18.084727,69.352525],[18.015798,69.352525],[17.923106,69.332343],[17.905935,69.318427],[17.919119,69.312323],[17.926443,69.283677],[17.967459,69.263129],[17.950694,69.2508],[17.878673,69.249498],[17.932465,69.22724],[17.949067,69.205146],[18.008962,69.201117],[17.988455,69.187445],[17.820649,69.169501],[17.707205,69.172919],[17.611095,69.153957],[17.488292,69.153957],[17.529796,69.201117],[17.472179,69.200141],[17.188324,69.083482],[17.158702,69.050279],[17.213878,69.044094],[17.185069,69.0244],[17.129405,69.011542],[17.042003,69.016791],[17.058279,69.039211],[17.097179,69.044094],[17.083507,69.050279],[17.091563,69.061713],[17.138031,69.072008],[17.109874,69.084703],[16.823253,69.054429],[16.779633,69.070136],[16.773123,69.088202],[16.786469,69.10814],[16.816661,69.119208],[16.896251,69.104234],[16.892345,69.126654],[16.988536,69.139635],[17.056,69.13288],[17.069835,69.147121],[17.056326,69.160142],[17.172374,69.201117],[17.04949,69.180609],[16.898611,69.194892],[16.919119,69.215399],[16.878673,69.222154],[16.944835,69.236518],[17.086762,69.228949],[17.145681,69.256334],[17.108897,69.251776],[17.109711,69.268215],[17.088878,69.289537],[17.070567,69.268052],[17.040375,69.268256],[16.98113,69.276801],[17.007823,69.297919],[16.906016,69.297919],[16.897634,69.311713],[16.915294,69.317572],[17.131847,69.310981],[17.104015,69.325263],[17.117686,69.331448],[17.077403,69.330512],[17.042003,69.34512],[17.11085,69.352525],[17.084646,69.361762],[16.878673,69.359361],[16.93393,69.379869],[16.926524,69.393541],[17.276052,69.393541],[17.399425,69.366197],[17.389415,69.380439],[17.282237,69.414008],[17.446625,69.414293],[17.495779,69.42829],[17.242931,69.454739],[17.186534,69.502753],[17.24643,69.496039],[17.263438,69.47842],[17.316254,69.461819],[17.303233,69.482245],[17.3921,69.482245],[17.303233,69.523261],[17.343272,69.537543],[17.450369,69.517035],[17.583018,69.467963],[17.645274,69.461819],[17.590668,69.489691],[17.566417,69.523261],[17.474783,69.552965],[17.460216,69.571682],[17.473643,69.586615],[17.467621,69.599555],[17.516856,69.596991],[17.617931,69.517035],[17.657888,69.50849],[17.693614,69.520168],[17.665782,69.540595],[17.658946,69.599555],[17.687755,69.599514],[17.753103,69.540595],[17.817719,69.587104],[17.859141,69.586737],[17.892833,69.536851],[17.844574,69.502509],[17.824718,69.465766],[17.830821,69.448147],[17.857677,69.452338],[17.891368,69.498725],[17.944102,69.523261],[18.050548,69.495917],[18.021169,69.481024],[17.98227,69.482245],[17.993907,69.462836],[17.984386,69.449612],[17.940684,69.42829],[18.002289,69.40998],[18.015798,69.420844],[18.01002,69.433051],[18.048595,69.442939],[18.078624,69.424994]]],[[[18.986013,69.833808],[19.060802,69.787055],[19.057384,69.763414],[19.033458,69.74372],[18.9699,69.733466],[18.914561,69.699042],[18.794119,69.675605],[18.769298,69.646715],[18.82781,69.62287],[18.836436,69.604315],[18.769298,69.571682],[18.625987,69.577867],[18.560395,69.558051],[18.194021,69.530707],[18.128266,69.564927],[18.020844,69.576646],[17.995372,69.592108],[18.037446,69.619452],[18.02947,69.633124],[18.080903,69.622748],[18.13502,69.636949],[18.236827,69.629299],[18.269054,69.617377],[18.290212,69.592108],[18.322276,69.618354],[18.400076,69.64057],[18.291026,69.638983],[18.186534,69.708808],[18.214366,69.714179],[18.478526,69.708808],[18.61085,69.692816],[18.632823,69.701972],[18.351817,69.729926],[18.326915,69.765448],[18.334727,69.780951],[18.382335,69.797593],[18.436534,69.776313],[18.481944,69.777086],[18.483084,69.750963],[18.502452,69.749823],[18.556895,69.796373],[18.653168,69.804389],[18.641287,69.755601],[18.663259,69.712958],[18.707367,69.686835],[18.762462,69.68773],[18.736827,69.706],[18.756684,69.751899],[18.789806,69.783881],[18.674083,69.847154],[18.66684,69.859687],[18.678884,69.886054],[18.763845,69.869818],[18.822032,69.886054],[18.858165,69.865871],[18.837657,69.845404],[18.986013,69.833808]]],[[[21.667979,69.948391],[21.701996,69.954779],[21.736176,69.948391],[21.695811,69.927924],[21.667979,69.948391]]],[[[19.900157,70.01675],[19.976085,70.024359],[19.99586,70.01675],[19.900157,70.01675]]],[[[21.099376,70.010484],[20.980724,69.981635],[20.975352,69.962714],[20.891938,69.937974],[20.805186,69.948391],[20.760509,69.999661],[20.802013,70.037502],[20.824392,70.042955],[20.886241,70.037584],[20.958832,70.003079],[21.099376,70.010484]]],[[[21.046641,70.03913],[21.02003,70.028144],[20.955333,70.024115],[21.020518,70.063544],[21.041026,70.061347],[21.046641,70.03913]]],[[[19.635265,70.020738],[19.684825,70.006781],[19.683116,69.985785],[19.540212,69.951606],[19.508637,69.907782],[19.374766,69.82331],[19.121593,69.787828],[19.04363,69.838568],[18.843028,69.903306],[18.764334,69.914944],[18.733409,69.931342],[18.728852,69.947821],[18.769298,69.955268],[18.883637,69.94538],[18.933767,69.96955],[18.844737,69.982123],[18.831391,69.999661],[18.8449,70.015041],[19.03004,70.037177],[19.073904,70.016262],[19.119395,70.030341],[19.067556,70.061469],[19.06422,70.078803],[19.118663,70.07274],[19.208181,70.098578],[19.226736,70.093573],[19.223399,70.073676],[19.234874,70.065131],[19.299083,70.085842],[19.32488,70.078803],[19.292328,70.031195],[19.392589,69.991889],[19.420421,69.989407],[19.41863,70.013658],[19.438487,70.033393],[19.535655,70.057318],[19.574962,70.047756],[19.58253,70.03384],[19.5713,70.003079],[19.582286,69.993232],[19.635265,70.020738]]],[[[20.795177,70.076646],[20.771007,70.057603],[20.688487,70.071357],[20.60255,70.044013],[20.588145,70.045966],[20.60255,70.086371],[20.592296,70.106024],[20.564708,70.104722],[20.564952,70.078803],[20.517833,70.078803],[20.520844,70.062323],[20.506684,70.058336],[20.431651,70.068061],[20.389903,70.102688],[20.399669,70.150377],[20.437755,70.186672],[20.544607,70.208482],[20.561371,70.233222],[20.733897,70.236721],[20.824392,70.209866],[20.771007,70.115546],[20.795177,70.076646]]],[[[19.95753,70.154608],[20.154063,70.11286],[20.023692,70.092434],[20.031016,70.075385],[19.978201,70.060126],[19.776134,70.067328],[19.74936,70.085598],[19.747569,70.135932],[19.692149,70.188625],[19.633067,70.219306],[19.559337,70.231187],[19.53712,70.250067],[19.591645,70.250067],[19.58839,70.268378],[19.677745,70.290432],[19.701508,70.250067],[19.790538,70.210598],[19.815603,70.169745],[19.844981,70.174954],[19.872895,70.215888],[19.891368,70.213853],[19.941173,70.195461],[19.930512,70.176703],[19.95753,70.154608]]],[[[22.922374,70.304674],[23.008311,70.280748],[23.016287,70.254299],[22.7317,70.256903],[22.44516,70.291449],[22.373709,70.331977],[22.378673,70.346991],[22.421072,70.361762],[22.504649,70.325141],[22.4699,70.353095],[22.473643,70.380276],[22.529796,70.364203],[22.575206,70.382025],[22.600271,70.366767],[22.618907,70.38703],[22.648123,70.372992],[22.674653,70.398871],[22.694509,70.385565],[22.696462,70.353095],[22.714366,70.336982],[22.737153,70.365058],[22.730479,70.387193],[22.756358,70.394965],[22.780528,70.386217],[22.805675,70.342231],[22.827973,70.333726],[22.956391,70.325141],[22.922374,70.304674]]],[[[23.649181,70.500312],[23.628103,70.489651],[23.662283,70.469794],[23.634125,70.437486],[23.59254,70.415269],[23.408376,70.353095],[23.319021,70.342108],[23.292247,70.331977],[23.381602,70.318345],[23.216319,70.282782],[23.104666,70.283271],[23.082042,70.301663],[23.087413,70.328355],[23.135427,70.385321],[23.134613,70.414537],[23.03891,70.340969],[22.949555,70.35932],[22.854015,70.407701],[22.940115,70.40705],[22.963878,70.421373],[22.908702,70.435004],[22.897227,70.450995],[22.952973,70.462958],[22.963878,70.47663],[22.998057,70.47663],[23.018565,70.497056],[23.124278,70.520575],[23.151052,70.498358],[23.223399,70.517646],[23.175548,70.547593],[23.262055,70.536119],[23.271739,70.520697],[23.260916,70.480902],[23.278575,70.47663],[23.326427,70.531236],[23.304698,70.535102],[23.307628,70.550442],[23.408376,70.531236],[23.387869,70.544867],[23.412608,70.561713],[23.539317,70.544867],[23.43629,70.585273],[23.457367,70.60635],[23.390961,70.617987],[23.484548,70.624661],[23.518809,70.610541],[23.573497,70.613186],[23.559825,70.60635],[23.601329,70.579047],[23.580333,70.531236],[23.591645,70.516425],[23.649181,70.500312]]],[[[24.065196,70.645941],[24.128429,70.620022],[24.101573,70.58869],[24.012218,70.567776],[23.928966,70.523261],[23.80421,70.513332],[23.750987,70.52383],[23.697032,70.571601],[23.686778,70.599514],[23.641775,70.599514],[23.680675,70.624945],[23.656016,70.647935],[23.690196,70.667792],[23.635509,70.692043],[23.709239,70.748603],[23.815684,70.751166],[23.840343,70.743557],[23.82838,70.730292],[23.847179,70.723049],[23.819184,70.709377],[23.831879,70.703355],[23.977794,70.706936],[24.043468,70.683498],[24.066905,70.660956],[24.065196,70.645941]]],[[[22.407237,70.514594],[22.30893,70.503363],[22.292817,70.514472],[22.312836,70.531236],[22.285655,70.541571],[22.243337,70.489651],[22.15447,70.472317],[22.14088,70.482856],[22.185557,70.534654],[22.264415,70.571601],[22.237071,70.579047],[22.333344,70.613186],[22.099946,70.60635],[22.040701,70.593573],[22.011241,70.599514],[22.072032,70.633694],[21.950369,70.647935],[21.986501,70.662543],[22.0442,70.659857],[22.221528,70.631903],[22.250336,70.6494],[22.229747,70.674628],[22.26588,70.674994],[22.415212,70.626207],[22.373871,70.698188],[22.384532,70.709377],[22.492686,70.675727],[22.511485,70.681464],[22.497895,70.689358],[22.501475,70.708075],[22.541026,70.717475],[22.651541,70.68769],[22.641124,70.67121],[22.594981,70.652533],[22.63087,70.635932],[22.688975,70.660956],[22.724864,70.603583],[22.747895,70.647406],[22.826182,70.647935],[22.785167,70.674628],[22.792491,70.69359],[22.730479,70.729885],[22.722992,70.748481],[22.805675,70.763983],[22.792003,70.750393],[22.851085,70.741889],[22.867198,70.729885],[22.854015,70.723049],[22.923839,70.724799],[22.931488,70.71662],[22.89503,70.695136],[22.969086,70.6612],[22.990733,70.667792],[22.976899,70.681464],[23.032725,70.701361],[23.025401,70.723049],[23.120942,70.709377],[23.09311,70.732123],[23.182384,70.736029],[23.052745,70.773912],[23.029959,70.790839],[23.100597,70.798774],[23.066254,70.812445],[23.18214,70.794989],[23.187673,70.802191],[23.161876,70.825426],[23.271739,70.777045],[23.328949,70.779283],[23.340343,70.798489],[23.320974,70.818508],[23.312999,70.86164],[23.34254,70.866034],[23.443126,70.828843],[23.454926,70.804836],[23.484141,70.798774],[23.387869,70.784491],[23.457367,70.770819],[23.415782,70.763983],[23.40211,70.743557],[23.333263,70.750393],[23.319591,70.709377],[23.251313,70.695136],[23.271739,70.681464],[23.158539,70.694159],[23.134613,70.667792],[23.182384,70.65412],[23.151866,70.63227],[23.059418,70.626207],[23.114106,70.613186],[23.088878,70.586249],[23.018321,70.603949],[22.984548,70.599514],[23.008149,70.58515],[22.976899,70.565375],[22.88087,70.579047],[22.936046,70.558539],[22.888194,70.538072],[22.833263,70.551703],[22.788585,70.52383],[22.765147,70.531073],[22.778331,70.551703],[22.643809,70.564154],[22.626801,70.544867],[22.631602,70.526313],[22.58961,70.528632],[22.566091,70.503323],[22.489268,70.531928],[22.468435,70.494859],[22.407237,70.514594]]],[[[24.210216,70.966986],[24.245128,70.955797],[24.210785,70.955797],[24.210785,70.94599],[24.169281,70.942125],[24.176768,70.935289],[24.159923,70.928046],[24.107921,70.935289],[24.0796,70.914618],[24.043142,70.91413],[24.005707,70.922838],[23.986501,70.942288],[23.909353,70.955797],[24.03891,70.976264],[23.942149,70.977607],[23.885753,70.996161],[23.950206,71.004218],[23.922862,71.017279],[23.960134,71.028632],[24.087413,71.024115],[24.07309,71.011054],[24.22462,70.996772],[24.1067,70.993883],[24.07309,70.9831],[24.087413,70.968817],[24.07309,70.962592],[24.210216,70.966986]]],[[[26.053722,71.004218],[26.208507,71.049628],[26.21811,71.031562],[26.206554,71.013251],[26.113536,70.995347],[26.072602,70.975165],[25.968598,70.977729],[25.900238,70.96133],[25.73113,70.975409],[25.718516,70.955797],[25.753266,70.942125],[25.668142,70.94538],[25.553396,70.927883],[25.41627,70.9831],[25.538097,71.003363],[25.560802,71.017279],[25.454356,71.029975],[25.325531,71.007392],[25.292491,71.028144],[25.293305,71.045152],[25.347992,71.06566],[25.313813,71.072455],[25.399181,71.086127],[25.458832,71.072008],[25.478363,71.078681],[25.457286,71.092963],[25.47169,71.102607],[25.592052,71.078111],[25.634776,71.08039],[25.718516,71.051988],[25.700938,71.08393],[25.553396,71.140774],[25.565278,71.152167],[25.607107,71.145006],[25.667328,71.165269],[25.684093,71.144721],[25.807384,71.154446],[25.783946,71.112209],[25.805675,71.095852],[25.859141,71.113349],[25.883067,71.113471],[25.879649,71.096829],[26.006358,71.12519],[26.029796,71.116523],[26.033702,71.087226],[25.990977,71.067043],[25.889822,71.051988],[25.964366,71.037746],[25.964366,71.017279],[25.930186,71.011054],[25.956391,71.002021],[26.053722,71.004218]]],[[[12.882335,66.276801],[12.879242,66.243394],[12.824962,66.215888],[12.700206,66.243232],[12.792817,66.294989],[12.793793,66.311225],[12.812185,66.296698],[12.867198,66.291693],[12.882335,66.276801]]],[[[12.960704,66.459459],[12.938487,66.394436],[12.9074,66.398912],[12.899669,66.416083],[12.885997,66.401679],[12.884288,66.376451],[12.898936,66.355048],[12.800792,66.384711],[12.850271,66.409613],[12.817231,66.442572],[12.896739,66.456204],[12.919444,66.431586],[12.928884,66.457831],[12.960704,66.459459]]],[[[15.303966,67.945054],[15.289236,67.925849],[15.253673,67.916571],[15.163097,67.910712],[14.980235,67.914618],[14.961192,67.941596],[14.976899,67.959133],[14.972016,67.970038],[15.052094,67.968248],[15.105724,68.000718],[15.108897,67.976223],[15.139903,67.958441],[15.262706,67.932563],[15.303966,67.945054]]],[[[15.932953,68.004055],[15.924815,67.992865],[15.841156,67.98371],[15.72877,68.011949],[15.617361,67.985256],[15.482432,68.002631],[15.574067,68.02558],[15.859711,68.027493],[15.932953,68.004055]]],[[[15.160492,67.992621],[15.230317,68.036689],[15.286632,67.976996],[15.26824,67.966986],[15.184825,67.966783],[15.160492,67.992621]]],[[[14.987559,68.88467],[14.901215,68.872301],[14.840099,68.891669],[14.85727,68.923041],[14.899669,68.930854],[14.982921,68.917792],[14.996593,68.901597],[14.987559,68.88467]]],[[[20.698253,69.884019],[20.720714,69.837104],[20.706716,69.817288],[20.606212,69.793769],[20.553966,69.800482],[20.526703,69.821112],[20.529307,69.854193],[20.576915,69.90119],[20.722016,69.90412],[20.698253,69.884019]]],[[[30.021169,69.832343],[30.107432,69.828599],[30.087657,69.817084],[29.90504,69.777086],[29.846528,69.796576],[29.830089,69.790758],[29.846039,69.779731],[29.795746,69.756008],[29.713227,69.763414],[29.735362,69.790188],[29.830089,69.838568],[29.80836,69.865871],[29.815929,69.891059],[29.842459,69.908922],[29.971039,69.902045],[29.994477,69.893785],[30.000743,69.865871],[30.028575,69.852851],[30.021169,69.832343]]],[[[19.834239,69.994818],[19.856456,69.973131],[19.720551,69.864691],[19.434255,69.840522],[19.442719,69.858466],[19.546886,69.925482],[19.692638,69.963609],[19.774262,70.004828],[19.834239,69.994818]]],[[[18.660167,70.033596],[18.657237,70.048326],[18.712413,70.083564],[18.702403,70.111396],[18.721365,70.116034],[18.781261,70.101996],[18.806488,70.059312],[18.889822,70.106147],[18.975597,70.073635],[18.910492,70.045559],[18.765147,70.019192],[18.701671,69.984687],[18.670095,69.99901],[18.689952,70.026435],[18.660167,70.033596]]],[[[20.861664,70.068996],[20.808116,70.080552],[20.792979,70.119045],[20.807465,70.140815],[20.831798,70.150946],[20.856944,70.144924],[20.914806,70.107896],[20.894216,70.079576],[20.861664,70.068996]]],[[[19.550304,70.094916],[19.358653,70.113105],[19.334972,70.127916],[19.366547,70.154202],[19.40797,70.162055],[19.573253,70.111721],[19.550304,70.094916]]],[[[19.211436,70.250556],[19.250173,70.17414],[19.225434,70.153876],[19.226817,70.134955],[19.174164,70.115139],[19.102875,70.116889],[18.99586,70.152086],[19.064464,70.170478],[19.098643,70.157904],[19.097911,70.185858],[19.138031,70.201728],[19.091482,70.237942],[19.152029,70.237454],[19.168305,70.254869],[19.211436,70.250556]]],[[[21.792735,70.358059],[21.793712,70.323432],[21.749034,70.2744],[21.714854,70.259996],[21.676931,70.284817],[21.684581,70.363837],[21.703624,70.386379],[21.792735,70.358059]]],[[[-7.938466,71.156562],[-7.93932,71.13642],[-7.957875,71.120103],[-8.008901,71.105211],[-7.983022,71.045152],[-8.005971,71.032538],[-8.401357,70.962592],[-8.497548,70.976264],[-8.61974,70.958075],[-8.928944,70.845933],[-8.986562,70.810777],[-9.079742,70.812445],[-9.06607,70.832261],[-9.117421,70.874905],[-9.04662,70.882514],[-8.916331,70.932807],[-8.790435,70.945624],[-8.692738,70.985989],[-8.572662,70.996772],[-8.516835,71.014472],[-8.397776,71.113715],[-8.325673,71.14761],[-8.187367,71.154242],[-8.123118,71.177924],[-7.983551,71.180162],[-7.938466,71.156562]]],[[[11.075694,59.080471],[11.082367,59.067857],[11.051606,59.046129],[11.046397,59.026801],[11.01824,59.019355],[10.991466,59.033596],[11.003266,59.086493],[11.034353,59.088935],[11.047618,59.073188],[11.075694,59.080471]]],[[[10.913829,59.111558],[10.907074,59.090562],[10.877452,59.071234],[10.845714,59.075751],[10.829112,59.099433],[10.855479,59.115383],[10.867931,59.113267],[10.85727,59.099066],[10.913829,59.111558]]],[[[5.29835,60.059719],[5.297048,60.027533],[5.268809,59.994859],[5.253673,59.993109],[5.204275,60.016059],[5.171723,60.049465],[5.203624,60.088284],[5.223888,60.042304],[5.246593,60.051459],[5.204926,60.107082],[5.21754,60.118476],[5.259532,60.075588],[5.279307,60.081244],[5.29835,60.059719]]],[[[4.928396,60.864244],[4.918224,60.855373],[4.878754,60.865139],[4.868175,60.887763],[4.834727,60.895209],[4.825206,60.920478],[4.809581,60.911851],[4.781586,60.917629],[4.776866,60.929999],[4.836762,60.943183],[4.82488,60.93008],[4.882823,60.929999],[4.874034,60.91767],[4.897227,60.907416],[4.928396,60.864244]]],[[[4.732677,61.035061],[4.739024,61.013739],[4.706879,60.988511],[4.708669,61.019721],[4.680349,60.997138],[4.648692,61.026435],[4.643809,61.057603],[4.700043,61.082221],[4.711436,61.048285],[4.732677,61.035061]]],[[[5.133556,62.019843],[5.148692,61.988593],[5.095225,61.927436],[5.021495,61.93887],[5.016124,61.95246],[5.036632,61.961493],[5.04835,61.952826],[5.054373,61.972357],[4.984223,62.009467],[4.992931,62.035061],[5.079763,62.006415],[5.101817,62.021308],[5.133556,62.019843]]],[[[5.728526,62.326646],[5.603038,62.328762],[5.679861,62.346503],[5.685313,62.362047],[5.741466,62.360663],[5.728526,62.326646]]],[[[5.593923,62.339789],[5.521332,62.334866],[5.509939,62.364],[5.596365,62.354478],[5.593923,62.339789]]],[[[8.235118,63.222235],[8.325369,63.171373],[8.209809,63.161363],[8.165294,63.213446],[8.188162,63.225328],[8.235118,63.222235]]],[[[9.167003,63.647203],[9.16212,63.633857],[9.076345,63.612982],[9.014008,63.626695],[9.057872,63.661078],[9.167003,63.647203]]],[[[9.88852,64.049058],[9.943858,64.011461],[9.928477,64.00316],[9.892263,63.997016],[9.853852,64.008938],[9.881114,64.019965],[9.843761,64.033189],[9.88852,64.049058]]],[[[11.465505,64.587836],[11.480235,64.556057],[11.432872,64.542426],[11.344493,64.573676],[11.368826,64.59101],[11.366466,64.634426],[11.391449,64.611029],[11.393077,64.625922],[11.465505,64.587836]]],[[[11.355724,64.667304],[11.340099,64.620429],[11.312266,64.599677],[11.245453,64.63939],[11.173106,64.637356],[11.181651,64.657538],[11.167979,64.659735],[11.185557,64.673814],[11.303966,64.692084],[11.355724,64.667304]]],[[[11.776866,65.118476],[11.76531,65.102118],[11.673595,65.071723],[11.700857,65.064765],[11.669444,65.044908],[11.651866,65.045722],[11.65797,65.064683],[11.579845,65.042548],[11.518809,65.054592],[11.531016,65.085191],[11.580333,65.109687],[11.688975,65.117987],[11.725759,65.106635],[11.776866,65.118476]]],[[[17.419688,69.079169],[17.572113,69.089545],[17.55128,69.081244],[17.53891,69.055609],[17.457856,69.027167],[17.418956,68.996405],[17.376638,68.989325],[17.344086,69.003241],[17.364431,69.047105],[17.419688,69.079169]]],[[[24.816742,71.086005],[24.82602,71.07685],[24.776622,71.059231],[24.789073,71.047065],[24.77003,71.02619],[24.722016,71.026557],[24.614268,71.056627],[24.618988,71.069322],[24.671641,71.08808],[24.705333,71.078518],[24.704845,71.069037],[24.732921,71.06859],[24.712576,71.107571],[24.788259,71.093004],[24.836599,71.099555],[24.816742,71.086005]]],[[[5.77589,59.112738],[5.77475,59.080552],[5.750743,59.072333],[5.575206,59.12401],[5.607921,59.134426],[5.77589,59.112738]]],[[[5.466319,59.204535],[5.46461,59.183092],[5.443207,59.158922],[5.384776,59.195299],[5.375336,59.218817],[5.393891,59.240424],[5.413829,59.24079],[5.466319,59.204535]]],[[[5.952485,59.283922],[6.099864,59.276557],[6.056326,59.240709],[5.958181,59.227851],[5.929861,59.243476],[5.932465,59.268988],[5.952485,59.283922]]],[[[4.851573,60.62108],[4.836762,60.586737],[4.77947,60.598538],[4.794932,60.615424],[4.79127,60.666083],[4.820567,60.65644],[4.827322,60.631415],[4.851573,60.62108]]],[[[4.831879,61.681464],[4.838715,61.699612],[4.879893,61.711982],[4.877452,61.700995],[4.903494,61.676174],[4.902843,61.652493],[4.848155,61.664984],[4.831879,61.681464]]],[[[14.41212,67.425279],[14.412852,67.413072],[14.366466,67.390937],[14.226736,67.377346],[14.309418,67.423082],[14.371755,67.441107],[14.41212,67.425279]]]]}},{"type":"Feature","properties":{"name":"Sweden","iso":"SE","pop":10285453},"geometry":{"type":"MultiPolygon","coordinates":[[[[20.675461,69.018166],[20.79535,69.011241],[20.911209,68.9807],[20.934567,68.966954],[20.934257,68.949023],[20.887644,68.92706],[20.884544,68.9067],[20.905731,68.894607],[21.072129,68.869441],[21.216617,68.817248],[21.305397,68.755804],[21.406373,68.74888],[21.46363,68.686868],[21.572461,68.667386],[21.716845,68.619224],[21.737102,68.587908],[21.919209,68.568219],[22.072172,68.47701],[22.303062,68.476131],[22.371068,68.46838],[22.377993,68.454117],[22.662213,68.427401],[22.748616,68.385491],[22.808251,68.394896],[22.903749,68.336605],[23.066943,68.290251],[23.081619,68.265292],[23.155206,68.217439],[23.149419,68.139408],[23.165645,68.122045],[23.306515,68.145609],[23.382996,68.051248],[23.573682,67.97332],[23.662152,67.950427],[23.661222,67.932857],[23.636107,67.913478],[23.532548,67.89317],[23.481285,67.864644],[23.484592,67.737159],[23.553528,67.587038],[23.47343,67.554999],[23.484695,67.542958],[23.431262,67.48552],[23.443664,67.461025],[23.477151,67.443817],[23.594559,67.45361],[23.765195,67.420072],[23.751449,67.346226],[23.785659,67.337519],[23.735429,67.289692],[23.602724,67.260263],[23.591459,67.225019],[23.61492,67.213986],[23.573992,67.173033],[23.58133,67.153137],[23.666596,67.097921],[23.676725,67.058492],[23.72034,67.016867],[23.816665,66.9755],[23.93335,66.888761],[24.004043,66.8052],[23.939241,66.791118],[23.892422,66.750914],[23.903171,66.686318],[23.88188,66.6318],[23.893249,66.59604],[23.88188,66.563535],[23.807673,66.539247],[23.785866,66.518422],[23.731089,66.503125],[23.731089,66.487157],[23.652437,66.458839],[23.642308,66.436256],[23.665873,66.40556],[23.677035,66.363625],[23.662772,66.316522],[23.724164,66.206632],[23.785555,66.176685],[23.889322,66.161105],[23.974588,66.072816],[24.01965,66.048941],[24.055306,65.985172],[24.05479,65.947914],[24.163414,65.840788],[24.163097,65.822699],[24.14031,65.804511],[24.032725,65.809719],[24.053233,65.796047],[23.957042,65.78913],[23.926443,65.760403],[23.885427,65.773627],[23.871837,65.794867],[23.781749,65.793036],[23.761974,65.822252],[23.739431,65.829291],[23.690196,65.830146],[23.623302,65.79621],[23.607595,65.809719],[23.484141,65.815863],[23.490571,65.829779],[23.470063,65.833319],[23.422048,65.802232],[23.437836,65.792304],[23.428477,65.765326],[23.38502,65.775214],[23.374278,65.822699],[23.289724,65.795844],[23.195974,65.826972],[23.183767,65.819648],[23.190766,65.789862],[23.237641,65.768704],[23.148204,65.745592],[23.128429,65.733954],[23.129568,65.715033],[23.103038,65.704657],[23.078787,65.707221],[23.086762,65.727729],[23.045909,65.761217],[22.944021,65.775336],[22.901052,65.798651],[22.860199,65.796047],[22.785167,65.864325],[22.653005,65.908393],[22.634288,65.905219],[22.68214,65.87108],[22.699718,65.803941],[22.688731,65.775621],[22.663748,65.757514],[22.648123,65.755072],[22.653005,65.778062],[22.62794,65.790351],[22.569835,65.796047],[22.511485,65.774888],[22.511567,65.794664],[22.531993,65.809719],[22.518403,65.822659],[22.4699,65.843207],[22.477306,65.856879],[22.405528,65.863918],[22.370128,65.861721],[22.367442,65.843207],[22.325938,65.836982],[22.367442,65.809719],[22.364513,65.797797],[22.319102,65.802232],[22.360606,65.761217],[22.32602,65.7355],[22.209239,65.761217],[22.249848,65.735745],[22.361827,65.716254],[22.38795,65.672512],[22.33961,65.665025],[22.329438,65.689276],[22.281505,65.701483],[22.257579,65.69302],[22.268077,65.68122],[22.257579,65.665025],[22.284923,65.631537],[22.18922,65.624091],[22.300629,65.611518],[22.319102,65.631537],[22.284923,65.665025],[22.308604,65.669379],[22.333344,65.651353],[22.325938,65.645209],[22.380382,65.634019],[22.333344,65.604193],[22.411388,65.579006],[22.428966,65.548977],[22.405284,65.541938],[22.274913,65.587877],[22.250743,65.583157],[22.256602,65.569037],[22.228282,65.572089],[22.05128,65.617336],[22.006196,65.641791],[21.852794,65.67829],[21.764171,65.727729],[21.787771,65.686713],[21.847911,65.660956],[21.970225,65.631537],[22.202973,65.548977],[22.09311,65.535346],[22.065929,65.514309],[22.047618,65.52497],[22.011241,65.517483],[21.853526,65.535346],[21.927908,65.489447],[21.950369,65.49494],[21.921723,65.508002],[21.947113,65.509426],[22.031586,65.467027],[21.997569,65.426093],[21.942231,65.453355],[21.932302,65.441352],[21.942231,65.411811],[21.927745,65.40412],[21.88852,65.40766],[21.88087,65.418647],[21.790212,65.400092],[21.705903,65.414496],[21.688324,65.41234],[21.702647,65.398139],[21.656098,65.397162],[21.586681,65.418199],[21.544444,65.405585],[21.59962,65.391913],[21.489106,65.393378],[21.469981,65.377631],[21.489757,65.370836],[21.448904,65.357164],[21.542979,65.31859],[21.565684,65.315863],[21.583995,65.32095],[21.585948,65.336656],[21.604747,65.333726],[21.701671,65.285875],[21.699229,65.271552],[21.668142,65.252753],[21.622813,65.24079],[21.544444,65.247301],[21.489594,65.305487],[21.408946,65.333197],[21.345551,65.372789],[21.312266,65.370836],[21.332774,65.364],[21.319509,65.351386],[21.277843,65.350043],[21.264415,65.336656],[21.42213,65.308783],[21.609874,65.16885],[21.618826,65.148017],[21.544444,65.137437],[21.562836,65.122504],[21.543793,65.083075],[21.585948,65.069159],[21.479259,65.062323],[21.467052,65.055487],[21.503429,65.02143],[21.463145,65.007717],[21.42213,65.014594],[21.383149,64.986558],[21.394216,64.966783],[21.377778,64.960028],[21.243419,64.953111],[21.246837,64.92178],[21.202403,64.898505],[21.212576,64.871975],[21.172699,64.85342],[21.181326,64.835842],[21.113048,64.82274],[21.097341,64.827541],[21.085216,64.857571],[21.069102,64.860745],[21.037364,64.832709],[21.042328,64.819892],[21.085216,64.809149],[21.078949,64.794867],[21.097179,64.785305],[21.21754,64.789252],[21.305837,64.768297],[21.312266,64.753852],[21.29949,64.748847],[21.229177,64.747707],[21.312266,64.699286],[21.288748,64.686835],[21.304942,64.665717],[21.184825,64.706732],[21.143891,64.732978],[21.119884,64.729682],[21.111176,64.699368],[21.140391,64.671942],[21.231944,64.661078],[21.250255,64.643988],[21.2317,64.642646],[21.245128,64.622016],[21.304942,64.6105],[21.353282,64.569525],[21.374034,64.607978],[21.455577,64.562486],[21.467296,64.587348],[21.485606,64.583441],[21.501231,64.544176],[21.551931,64.534735],[21.510997,64.520941],[21.463145,64.548407],[21.386567,64.521715],[21.364594,64.541693],[21.347341,64.531968],[21.399181,64.505194],[21.476085,64.51496],[21.489757,64.487006],[21.479666,64.460842],[21.491954,64.454332],[21.519867,64.45539],[21.537608,64.472724],[21.578624,64.465888],[21.572439,64.48017],[21.585948,64.48017],[21.606456,64.452216],[21.525727,64.42178],[21.37322,64.33039],[21.318533,64.364081],[21.318533,64.329332],[21.332774,64.315009],[21.287771,64.302314],[21.243907,64.307074],[21.117035,64.221137],[21.078949,64.226874],[21.044688,64.191555],[20.966563,64.1494],[20.948497,64.130072],[20.960785,64.11286],[20.954275,64.094794],[20.912364,64.052924],[20.914399,64.024237],[20.896983,63.98371],[20.824962,63.944729],[20.777192,63.869371],[20.674815,63.842719],[20.677908,63.822577],[20.708995,63.822211],[20.674653,63.789252],[20.612641,63.822211],[20.542654,63.775336],[20.530935,63.781236],[20.538748,63.800767],[20.503429,63.822008],[20.455821,63.772203],[20.43686,63.761176],[20.413585,63.767564],[20.421072,63.712348],[20.394298,63.681098],[20.354747,63.689154],[20.361664,63.725491],[20.32545,63.753974],[20.307953,63.654364],[20.267589,63.6706],[20.284434,63.732856],[20.246104,63.698228],[20.236013,63.67357],[20.242849,63.650865],[20.119884,63.642483],[20.092052,63.664537],[20.034516,63.656806],[20.011078,63.634101],[20.030528,63.602484],[19.937755,63.619859],[19.886974,63.603095],[19.864431,63.573188],[19.753184,63.524319],[19.768891,63.460761],[19.687348,63.431342],[19.639496,63.444892],[19.637055,63.478339],[19.612966,63.485826],[19.619151,63.500067],[19.470225,63.561469],[19.4463,63.560858],[19.420421,63.548529],[19.468761,63.534247],[19.4546,63.508938],[19.523448,63.485826],[19.461436,63.46894],[19.511729,63.433336],[19.516612,63.41474],[19.4546,63.43122],[19.346202,63.485907],[19.372569,63.444892],[19.35141,63.440009],[19.293224,63.466539],[19.276134,63.442694],[19.269542,63.342475],[19.259288,63.329047],[19.233653,63.32567],[19.229259,63.342475],[19.20753,63.326117],[19.133067,63.308295],[19.153494,63.294013],[19.11199,63.253079],[19.133067,63.253079],[19.11671,63.23664],[19.057384,63.260484],[19.039887,63.238959],[19.056407,63.226508],[19.11199,63.21955],[19.104177,63.207831],[19.067882,63.202135],[19.052745,63.17886],[19.036794,63.177924],[18.961762,63.225775],[18.966563,63.238918],[18.906749,63.267076],[18.872895,63.269192],[18.879161,63.253079],[18.866059,63.249905],[18.75115,63.259467],[18.735199,63.253079],[18.913341,63.212063],[18.862641,63.192043],[18.796641,63.191596],[18.803477,63.177924],[18.773123,63.168769],[18.75294,63.207668],[18.823904,63.21955],[18.70045,63.225775],[18.755626,63.157457],[18.564464,63.177924],[18.643077,63.146918],[18.654633,63.113715],[18.578624,63.124498],[18.556977,63.116523],[18.52296,63.075507],[18.556977,63.075507],[18.499034,63.05508],[18.478201,63.02025],[18.403819,63.05565],[18.372081,63.047553],[18.434093,63.014106],[18.368337,63.02025],[18.34311,63.039537],[18.324229,63.014106],[18.24171,62.999823],[18.266449,62.990302],[18.524425,62.991889],[18.551117,62.985907],[18.576671,62.958401],[18.554047,62.958401],[18.543956,62.97309],[18.528087,62.953803],[18.504893,62.949205],[18.403331,62.96483],[18.392589,62.945217],[18.439626,62.928168],[18.52296,62.92475],[18.512543,62.90412],[18.400076,62.911078],[18.474457,62.876899],[18.462576,62.861151],[18.377615,62.836737],[18.324229,62.841539],[18.268321,62.88349],[18.248546,62.883734],[18.255382,62.869452],[18.207042,62.869452],[18.220225,62.852281],[18.207042,62.835354],[18.229259,62.829535],[18.262218,62.848293],[18.282725,62.841539],[18.243663,62.799018],[18.195079,62.777411],[18.182872,62.789984],[18.200857,62.80801],[18.18629,62.811672],[18.140473,62.771918],[18.077322,62.773871],[18.084727,62.786933],[18.06837,62.793891],[18.008962,62.794379],[18.034028,62.811469],[18.12143,62.805813],[18.146169,62.822252],[18.084321,62.837348],[18.071056,62.848944],[18.077322,62.85578],[18.020274,62.841254],[17.967784,62.807807],[17.935313,62.817043],[17.912771,62.883734],[17.926443,62.900539],[17.921397,62.915717],[17.878673,62.911078],[17.854503,62.955146],[17.809744,62.979315],[17.830821,62.999823],[17.761974,62.979315],[17.710785,62.998236],[17.693614,62.993598],[17.847667,62.921291],[17.901866,62.839301],[17.885509,62.814846],[17.956798,62.782538],[17.954926,62.763332],[18.002696,62.70897],[17.993419,62.659898],[17.871837,62.670844],[18.043224,62.626166],[18.06422,62.595771],[17.968272,62.560492],[17.95338,62.611762],[17.937022,62.615627],[17.909353,62.549384],[17.878673,62.541083],[17.892833,62.527493],[17.84311,62.489691],[17.73463,62.505764],[17.658946,62.47842],[17.659679,62.461371],[17.707367,62.437445],[17.561778,62.443752],[17.426768,62.541083],[17.406098,62.53559],[17.395518,62.511298],[17.330821,62.487738],[17.330577,62.472235],[17.377452,62.433905],[17.378429,62.410793],[17.337413,62.403957],[17.360525,62.389594],[17.360037,62.355658],[17.380626,62.332668],[17.454112,62.321438],[17.488292,62.286607],[17.460216,62.273017],[17.65268,62.232001],[17.544444,62.201606],[17.569509,62.232001],[17.534923,62.235012],[17.508637,62.218411],[17.508637,62.163764],[17.474457,62.116604],[17.473155,62.084662],[17.447276,62.068183],[17.469005,62.062161],[17.426117,62.026557],[17.46046,62.003323],[17.3921,61.992418],[17.385997,61.961982],[17.354747,61.955308],[17.344574,61.936672],[17.364594,61.886298],[17.343516,61.871283],[17.35377,61.847317],[17.337413,61.823676],[17.353689,61.814032],[17.40561,61.821112],[17.371593,61.800605],[17.388357,61.788316],[17.385916,61.746039],[17.399181,61.722357],[17.483084,61.734565],[17.514171,61.713813],[17.52003,61.69123],[17.496349,61.635077],[17.432872,61.63939],[17.362315,61.709133],[17.330577,61.718085],[17.350922,61.677151],[17.313162,61.681952],[17.299815,61.689927],[17.303233,61.705064],[17.266612,61.721625],[17.138031,61.725531],[17.268565,61.690823],[17.259776,61.67414],[17.228689,61.663072],[17.166189,61.656684],[17.19337,61.64232],[17.118907,61.645819],[17.097179,61.636135],[17.225597,61.622016],[17.247895,61.608832],[17.083507,61.615668],[17.145681,61.595201],[17.056326,61.58218],[17.186534,61.561021],[17.080089,61.550482],[17.166189,61.526923],[17.124522,61.513251],[17.172374,61.498969],[17.177013,61.486884],[17.151866,61.46483],[17.169281,61.441107],[17.220388,61.447984],[17.217052,61.433905],[17.166189,61.416409],[17.136567,61.437079],[17.104015,61.399359],[17.138031,61.369289],[17.200206,61.348131],[17.201834,61.337104],[17.276052,61.314032],[17.151866,61.328315],[17.16627,61.308417],[17.247895,61.287299],[17.205089,61.28852],[17.097179,61.320868],[17.180349,61.276028],[17.212738,61.235297],[17.151866,61.204169],[17.186534,61.191107],[17.181651,61.165961],[17.158702,61.149563],[17.182791,61.123236],[17.145681,61.114732],[17.19337,61.108588],[17.19988,61.095893],[17.168712,61.059312],[17.166189,61.046536],[17.186534,61.032864],[17.158702,61.019843],[17.23585,61.022284],[17.247895,61.012356],[17.167735,60.992174],[17.158214,60.948432],[17.205089,60.933905],[17.216807,60.899359],[17.246267,60.898017],[17.282237,60.84101],[17.258067,60.83275],[17.259288,60.81566],[17.282237,60.813137],[17.283051,60.781155],[17.335704,60.766913],[17.311534,60.745266],[17.186697,60.692369],[17.257986,60.694403],[17.364594,60.649237],[17.323741,60.635647],[17.339529,60.622992],[17.574962,60.647895],[17.658946,60.608303],[17.60377,60.584133],[17.638194,60.515448],[17.670584,60.504096],[17.741466,60.49844],[17.727061,60.534735],[17.816091,60.585273],[17.91863,60.600165],[17.974864,60.587836],[17.995372,60.553046],[17.967459,60.512112],[18.098399,60.464911],[18.11199,60.436957],[18.143321,60.41356],[18.262218,60.382392],[18.207042,60.355048],[18.234874,60.327094],[18.296397,60.355048],[18.427989,60.348782],[18.447765,60.341376],[18.447765,60.313463],[18.474457,60.292955],[18.426768,60.2862],[18.56544,60.259345],[18.604828,60.238349],[18.563731,60.227607],[18.400564,60.259589],[18.316905,60.32095],[18.330903,60.285712],[18.447765,60.211086],[18.392589,60.232164],[18.399669,60.207831],[18.419932,60.193508],[18.506114,60.155748],[18.534923,60.158881],[18.548513,60.17414],[18.550141,60.129096],[18.578136,60.07392],[18.590831,60.108303],[18.578136,60.142157],[18.651378,60.148261],[18.735199,60.114814],[18.745128,60.049709],[18.796641,60.00495],[18.753103,60.08218],[18.76588,60.11107],[18.816905,60.11758],[18.824474,60.068305],[18.903087,59.947211],[19.005544,59.911811],[19.032074,59.881496],[19.04363,59.882066],[19.036794,59.902533],[19.071625,59.896308],[19.067882,59.833686],[19.034679,59.835028],[18.916759,59.921291],[18.885997,59.929877],[18.930675,59.885484],[18.924083,59.852281],[18.861583,59.803046],[18.754568,59.791164],[18.733897,59.768785],[19.042003,59.78498],[19.085216,59.772203],[19.074474,59.749701],[19.035981,59.728502],[18.956798,59.719224],[18.913341,59.751776],[18.879893,59.721584],[18.781261,59.701565],[18.757823,59.691067],[18.755626,59.676663],[18.714122,59.673245],[18.693614,59.649359],[18.742035,59.649359],[18.735606,59.641506],[18.70045,59.621405],[18.660004,59.635688],[18.686534,59.60578],[18.639985,59.583645],[18.48406,59.53441],[18.379649,59.476386],[18.269054,59.477444],[18.303233,59.456977],[18.248546,59.4501],[18.282725,59.436428],[18.276866,59.422553],[18.293142,59.414049],[18.337901,59.408515],[18.307302,59.396796],[18.188487,59.407416],[18.15919,59.422187],[18.207042,59.422187],[18.199474,59.450873],[18.181407,59.458197],[18.145518,59.443834],[18.113292,59.454657],[18.084483,59.438951],[18.098399,59.408515],[18.06544,59.397162],[18.008962,59.408515],[18.146169,59.340237],[18.095063,59.338406],[18.095144,59.326809],[18.196625,59.334174],[18.220551,59.31977],[18.254731,59.362779],[18.318126,59.375922],[18.389659,59.369452],[18.447765,59.353909],[18.426768,59.340237],[18.470063,59.337104],[18.481944,59.347724],[18.447765,59.395453],[18.495616,59.395453],[18.437511,59.419257],[18.426768,59.436428],[18.48463,59.434231],[18.536632,59.415961],[18.543956,59.395453],[18.612315,59.374945],[18.600841,59.362494],[18.543956,59.36815],[18.632579,59.34691],[18.646495,59.330268],[18.619802,59.308295],[18.519298,59.298285],[18.461192,59.312445],[18.364431,59.306586],[18.337901,59.312934],[18.344737,59.334052],[18.29127,59.322699],[18.27589,59.312934],[18.316905,59.278754],[18.283051,59.278998],[18.27296,59.274237],[18.279307,59.261705],[18.412283,59.215033],[18.426768,59.196845],[18.335704,59.235907],[18.313731,59.234076],[18.313487,59.222113],[18.365245,59.209906],[18.387055,59.183092],[18.406261,59.189399],[18.392589,59.168891],[18.429698,59.174628],[18.424164,59.143948],[18.343761,59.14175],[18.290212,59.120551],[18.324229,59.1081],[18.200857,59.080756],[18.255382,59.101264],[18.24171,59.1081],[18.255382,59.120551],[18.223643,59.119534],[18.185232,59.099311],[18.138682,59.093817],[18.096202,59.058336],[18.043224,59.059719],[18.050548,59.03856],[18.013682,59.044908],[18.002696,59.03856],[18.018565,59.022895],[17.961192,58.963446],[17.970551,58.935981],[17.961192,58.922512],[17.930675,58.910061],[17.899669,58.915717],[17.892833,58.861029],[17.869395,58.877021],[17.861176,58.919094],[17.814708,58.928209],[17.773611,58.960679],[17.803477,58.908271],[17.786306,58.884223],[17.774425,58.886217],[17.78297,58.915717],[17.749278,58.923814],[17.741466,58.983954],[17.755707,59.006334],[17.756114,59.085191],[17.768809,59.120551],[17.732758,59.114447],[17.71046,59.052802],[17.665782,59.080756],[17.693614,59.131415],[17.658946,59.168891],[17.673106,59.134752],[17.647472,59.108059],[17.611095,59.093817],[17.620453,59.072577],[17.614513,59.032131],[17.631602,59.018134],[17.607107,58.965969],[17.576915,58.956692],[17.611095,58.94302],[17.601248,58.927802],[17.62672,58.917792],[17.598969,58.89411],[17.535981,58.902045],[17.590668,58.861029],[17.555675,58.854153],[17.447276,58.895209],[17.469086,58.870429],[17.449962,58.815863],[17.488292,58.799628],[17.459727,58.791449],[17.337413,58.806464],[17.371593,58.778998],[17.376801,58.76439],[17.357758,58.751166],[17.276052,58.748847],[17.276052,58.730699],[17.162364,58.732001],[17.086925,58.764838],[17.028168,58.751166],[17.083507,58.737535],[17.062511,58.710191],[17.145681,58.696601],[17.093028,58.660834],[16.974946,58.68537],[16.953868,58.669257],[17.001638,58.667873],[17.035818,58.641303],[16.924164,58.625434],[16.233735,58.669257],[16.257091,58.65176],[16.254893,58.634508],[16.17921,58.634508],[16.285411,58.615912],[16.333995,58.639146],[16.371593,58.620551],[16.371593,58.603746],[16.387706,58.59162],[16.40919,58.596625],[16.439789,58.648139],[16.517833,58.624579],[16.635916,58.626776],[16.748302,58.592922],[16.741547,58.614],[16.789317,58.607164],[16.785981,58.57274],[16.830333,58.559394],[16.816661,58.546373],[16.844005,58.546373],[16.834158,58.529527],[16.940196,58.491116],[16.844005,58.477484],[16.852875,58.46308],[16.748302,58.429023],[16.597911,58.448635],[16.441417,58.485989],[16.412608,58.477484],[16.705577,58.407701],[16.714854,58.360175],[16.766612,58.368598],[16.775076,58.339667],[16.631684,58.353949],[16.699962,58.319159],[16.698497,58.301703],[16.727061,58.303616],[16.72047,58.319159],[16.799164,58.323635],[16.789317,58.305569],[16.761404,58.305569],[16.754568,58.285102],[16.706798,58.278266],[16.802989,58.244696],[16.789317,58.23725],[16.8213,58.207099],[16.822276,58.179633],[16.788259,58.179267],[16.809825,58.162095],[16.777192,58.13052],[16.617442,58.203111],[16.671886,58.165269],[16.68629,58.147895],[16.659516,58.147895],[16.736095,58.084784],[16.714854,58.079576],[16.71225,58.059516],[16.68629,58.058539],[16.754568,58.02497],[16.69158,58.014838],[16.699962,57.997707],[16.644705,58.038642],[16.631196,58.027899],[16.637218,58.014472],[16.659516,57.99022],[16.68629,57.99022],[16.706391,57.962104],[16.735362,57.97191],[16.741547,57.946194],[16.782481,57.915107],[16.727306,57.928778],[16.768809,57.887844],[16.758149,57.877021],[16.723399,57.88349],[16.682872,57.918891],[16.670746,57.891425],[16.610606,57.89468],[16.60377,57.928778],[16.644705,57.921332],[16.51531,57.998847],[16.494477,57.984036],[16.504568,57.97016],[16.532074,57.950263],[16.590099,57.935614],[16.569591,57.921332],[16.57252,57.893948],[16.562755,57.887844],[16.480805,57.915107],[16.494477,57.902086],[16.487071,57.89468],[16.460297,57.902086],[16.706798,57.750637],[16.682953,57.747301],[16.635102,57.765692],[16.54184,57.839016],[16.419444,57.89468],[16.438975,57.865383],[16.53004,57.825263],[16.594493,57.772895],[16.665212,57.737006],[16.65211,57.72956],[16.690766,57.725653],[16.714854,57.702826],[16.693126,57.702826],[16.706798,57.688544],[16.576996,57.709662],[16.619965,57.666653],[16.617686,57.658271],[16.583263,57.661933],[16.630544,57.629096],[16.562755,57.592963],[16.555919,57.627143],[16.520518,57.627143],[16.542247,57.607327],[16.520518,57.586127],[16.542247,57.572496],[16.514985,57.566311],[16.629161,57.556871],[16.688975,57.471747],[16.659516,57.476264],[16.672211,57.459662],[16.633311,57.437079],[16.672618,57.415473],[16.625743,57.398993],[16.631684,57.380764],[16.547618,57.382514],[16.534841,57.360256],[16.569591,57.346584],[16.547374,57.328803],[16.562755,57.319281],[16.485199,57.294623],[16.469086,57.275377],[16.494477,57.242906],[16.465994,57.228013],[16.465017,57.177314],[16.509451,57.127346],[16.552501,57.110093],[16.569591,57.086493],[16.554454,57.080756],[16.583263,57.044908],[16.534841,57.051744],[16.52768,57.065375],[16.500336,57.03974],[16.439789,57.051744],[16.473399,57.031236],[16.439789,57.014106],[16.434906,56.99787],[16.46811,56.949286],[16.436371,56.911119],[16.439789,56.866848],[16.40797,56.79914],[16.428559,56.782945],[16.46339,56.797838],[16.47169,56.777411],[16.361095,56.763739],[16.377778,56.725898],[16.371593,56.661322],[16.341563,56.651272],[16.301117,56.663275],[16.246349,56.642401],[16.220958,56.60871],[16.207042,56.53852],[16.178722,56.537055],[16.095225,56.419379],[16.038259,56.255072],[15.93214,56.174709],[15.851736,56.086371],[15.788748,56.106431],[15.826508,56.159369],[15.806163,56.167914],[15.731212,56.157213],[15.713634,56.174709],[15.648204,56.194566],[15.592133,56.160549],[15.575938,56.174709],[15.596202,56.203762],[15.586436,56.208889],[15.492931,56.176337],[15.479991,56.151842],[15.433279,56.1789],[15.403982,56.179755],[15.365571,56.141099],[15.295258,56.147406],[15.322602,56.153632],[15.295258,56.188381],[15.234548,56.157213],[15.192393,56.152899],[15.154307,56.168647],[15.093028,56.161078],[15.075531,56.188381],[15.034679,56.181545],[15.049001,56.153632],[14.95338,56.172919],[14.848155,56.163967],[14.84962,56.147406],[14.830251,56.142646],[14.774587,56.167914],[14.724946,56.167629],[14.685802,56.147406],[14.682302,56.117133],[14.70338,56.109442],[14.767751,56.030707],[14.715505,56.002346],[14.70574,56.017035],[14.673025,56.005316],[14.611501,56.011135],[14.62379,56.024482],[14.603282,56.058051],[14.582205,56.043769],[14.569102,56.058051],[14.497406,56.040473],[14.407725,55.977037],[14.346446,55.953315],[14.323253,55.915717],[14.271007,55.894477],[14.234711,55.862698],[14.208507,55.821275],[14.195811,55.725653],[14.273692,55.667629],[14.284516,55.622952],[14.367524,55.545396],[14.348806,55.510565],[14.264903,55.461249],[14.181163,55.390815],[14.06422,55.390774],[13.897227,55.434882],[13.842296,55.42121],[13.629568,55.41828],[13.580821,55.388821],[13.503429,55.388373],[13.381358,55.346015],[13.280528,55.345445],[12.979177,55.403266],[12.932628,55.388007],[12.832774,55.382554],[12.828787,55.400092],[12.859386,55.434882],[12.929698,55.418769],[12.965831,55.434882],[12.963227,55.45425],[12.985688,55.447903],[12.917491,55.547187],[12.929373,55.578925],[13.038341,55.635199],[13.057953,55.660712],[13.054861,55.694037],[13.011485,55.72842],[12.974376,55.726467],[12.965831,55.746161],[12.922618,55.749457],[12.911306,55.763861],[12.931895,55.769477],[12.93865,55.790473],[12.926036,55.834052],[12.8213,55.886705],[12.804942,55.929267],[12.770763,55.948432],[12.752289,55.996568],[12.719493,56.012152],[12.698009,56.0515],[12.602224,56.123196],[12.553722,56.181545],[12.504568,56.275336],[12.451427,56.304429],[12.646251,56.25727],[12.704845,56.22248],[12.814464,56.236151],[12.833507,56.265692],[12.829438,56.278551],[12.783458,56.293402],[12.731781,56.359687],[12.643809,56.396064],[12.621593,56.419338],[12.656912,56.455268],[12.713715,56.467353],[12.833263,56.442572],[12.890147,56.455268],[12.93336,56.506537],[12.934418,56.547065],[12.871755,56.649482],[12.731781,56.64704],[12.679861,56.679592],[12.664317,56.714301],[12.615733,56.750067],[12.594737,56.787991],[12.598318,56.82099],[12.533865,56.84634],[12.469574,56.892035],[12.356456,56.923814],[12.342133,56.962958],[12.354259,56.985663],[12.340994,57.014065],[12.271251,57.042873],[12.247406,57.060736],[12.245291,57.079047],[12.218598,57.092719],[12.237641,57.108059],[12.204356,57.147935],[12.197439,57.184882],[12.149099,57.1883],[12.191254,57.212592],[12.101329,57.236721],[12.156505,57.242906],[12.095063,57.250393],[12.147227,57.285468],[12.144054,57.310126],[12.104991,57.34455],[12.067149,57.339789],[12.049815,57.351142],[12.108735,57.394355],[12.060313,57.394355],[12.092052,57.411363],[12.059255,57.458808],[12.04363,57.461819],[12.006602,57.434149],[11.979015,57.346584],[11.972179,57.364081],[11.933604,57.360826],[11.944835,57.3876],[11.903331,57.394355],[11.915212,57.403388],[11.907074,57.465277],[11.944835,57.489936],[11.910167,57.503607],[11.931163,57.511054],[11.903331,57.524115],[11.917654,57.539537],[11.91684,57.620917],[11.897146,57.627143],[11.891856,57.612982],[11.867361,57.607408],[11.834972,57.661933],[11.844574,57.68301],[11.909516,57.686835],[11.923676,57.702826],[11.845876,57.693305],[11.747732,57.713609],[11.751801,57.69599],[11.705414,57.698432],[11.706309,57.721991],[11.810395,57.781399],[11.751801,57.784817],[11.686778,57.837633],[11.656261,57.839423],[11.703949,57.8605],[11.693614,57.881171],[11.707286,57.891425],[11.759288,57.902086],[11.745616,57.915107],[11.766124,57.928778],[11.736583,57.938666],[11.800141,58.022284],[11.78297,58.069159],[11.800955,58.086412],[11.793468,58.100084],[11.818126,58.103176],[11.828461,58.121243],[11.841319,58.193793],[11.875743,58.199164],[11.889659,58.216783],[11.851817,58.22663],[11.80893,58.302191],[11.882823,58.332831],[11.870372,58.345364],[11.806977,58.326606],[11.726736,58.327094],[11.725759,58.312974],[11.678966,58.30744],[11.581065,58.250922],[11.52589,58.257758],[11.539561,58.23725],[11.50587,58.243069],[11.496593,58.258368],[11.503673,58.280219],[11.541759,58.333564],[11.622081,58.388129],[11.607758,58.394965],[11.621755,58.405992],[11.669932,58.422187],[11.652599,58.437405],[11.628917,58.431342],[11.588634,58.401109],[11.553233,58.463202],[11.551768,58.399359],[11.522472,58.336249],[11.465994,58.294135],[11.396169,58.264594],[11.44337,58.305569],[11.399181,58.302965],[11.3838,58.318183],[11.401052,58.336819],[11.448578,58.341742],[11.422862,58.363837],[11.424083,58.388129],[11.406993,58.387356],[11.370616,58.34748],[11.345876,58.346015],[11.424083,58.442694],[11.334158,58.367621],[11.253591,58.365912],[11.2317,58.339667],[11.220876,58.346259],[11.208995,58.418931],[11.259044,58.422187],[11.251475,58.442328],[11.293712,58.470038],[11.25766,58.482164],[11.238536,58.50788],[11.252208,58.518459],[11.255626,58.555732],[11.286306,58.579901],[11.265798,58.579901],[11.269786,58.592231],[11.252208,58.607164],[11.259044,58.634508],[11.210623,58.679185],[11.218028,58.707953],[11.177419,58.718573],[11.178559,58.736477],[11.210623,58.757392],[11.206879,58.770941],[11.233409,58.808173],[11.2317,58.843695],[11.197602,58.864163],[11.197602,58.922512],[11.146739,58.93122],[11.108165,58.953559],[11.117442,58.968817],[11.183849,58.9914],[11.122813,58.994086],[11.115001,59.008205],[11.193614,59.080146],[11.320974,59.099514],[11.354666,59.09162],[11.393809,59.019436],[11.438144,58.991129],[11.453233,58.960485],[11.451993,58.896044],[11.547078,58.884727],[11.61157,58.893151],[11.664383,58.920074],[11.745308,59.092156],[11.748512,59.140061],[11.775591,59.202537],[11.811661,59.249666],[11.783962,59.360616],[11.677406,59.559053],[11.674925,59.607112],[11.693735,59.622305],[11.828404,59.659719],[11.897237,59.713979],[11.902095,59.785137],[11.842977,59.838416],[11.849592,59.872419],[11.942196,59.90203],[12.143734,59.898412],[12.290598,59.958719],[12.483248,60.081243],[12.524692,60.161704],[12.491723,60.312289],[12.577919,60.375902],[12.605308,60.419156],[12.612646,60.455381],[12.594352,60.514938],[12.482524,60.657332],[12.377001,60.754096],[12.350026,60.793345],[12.313232,60.901865],[12.256078,60.981318],[12.253288,61.001704],[12.280986,61.015192],[12.511773,61.049117],[12.703803,61.046197],[12.73915,61.142445],[12.839815,61.226987],[12.888184,61.349616],[12.877126,61.370984],[12.613783,61.547045],[12.550944,61.566915],[12.416482,61.582289],[12.161717,61.724838],[12.31747,62.234032],[12.314266,62.286122],[12.091231,62.58631],[12.090094,62.606335],[12.154069,62.710514],[12.156239,62.733691],[12.093298,62.907427],[12.222695,63.001479],[11.992425,63.288903],[12.219801,63.474266],[12.170295,63.598135],[12.293182,63.656994],[12.681892,63.956356],[12.755273,63.991392],[12.982442,64.05883],[13.234106,64.090869],[13.964243,64.009531],[14.147797,64.169004],[14.16144,64.205436],[14.115551,64.441236],[14.096948,64.465317],[13.940058,64.49131],[13.642764,64.584018],[14.172602,64.991538],[14.310682,65.084142],[14.338484,65.122899],[14.380238,65.240282],[14.482144,65.288677],[14.514287,65.318081],[14.510359,65.464739],[14.560692,65.701055],[14.648852,65.802393],[14.644408,65.842907],[14.540538,66.125448],[15.053375,66.153276],[15.481876,66.274871],[15.491798,66.287996],[15.482083,66.34081],[15.426272,66.491214],[15.669462,66.599424],[16.038845,66.887546],[16.125661,66.934365],[16.39965,67.035961],[16.415566,67.052704],[16.443781,67.182619],[16.43789,67.200318],[16.127108,67.422759],[16.199559,67.508284],[16.428589,67.534018],[16.587235,67.625899],[16.782882,67.896994],[17.220065,68.040086],[17.321454,68.105301],[17.895372,67.969651],[17.921004,67.972855],[18.166674,68.158476],[18.188584,68.198732],[18.135668,68.395723],[18.161506,68.530185],[18.436218,68.573852],[18.644577,68.501246],[19.038145,68.505639],[19.481735,68.424042],[19.971215,68.351281],[20.245927,68.477372],[19.962223,68.541192],[20.151772,68.606821],[20.236625,68.659066],[20.338841,68.765468],[20.356514,68.804587],[20.341115,68.910058],[20.102266,69.022145],[20.623165,69.036356],[20.675461,69.018166]]],[[[17.097016,57.317369],[17.042003,57.270901],[17.066254,57.226711],[17.04949,57.1883],[17.028168,57.181464],[17.01531,57.147935],[16.973481,57.104193],[16.960623,57.063218],[16.898611,57.038072],[16.93393,57.017564],[16.871267,56.969184],[16.883067,56.916246],[16.858165,56.896796],[16.841807,56.844062],[16.830333,56.825832],[16.768728,56.79678],[16.682791,56.593492],[16.636974,56.559719],[16.638438,56.524156],[16.575857,56.405748],[16.566417,56.346137],[16.490896,56.239569],[16.428477,56.217963],[16.412608,56.229315],[16.412608,56.270941],[16.398936,56.298245],[16.414073,56.402777],[16.391449,56.458686],[16.398936,56.544664],[16.419444,56.585639],[16.62086,56.87226],[16.731293,56.903998],[16.79363,57.003852],[16.888357,57.118232],[16.909923,57.202216],[16.959239,57.230699],[16.966482,57.304592],[17.054861,57.358222],[17.081879,57.341376],[17.104015,57.352769],[17.124522,57.319281],[17.097016,57.317369]]],[[[19.014008,57.881293],[19.085216,57.825751],[19.014985,57.822008],[18.986583,57.80744],[18.981619,57.770494],[18.948741,57.78266],[18.93214,57.752265],[18.941254,57.72956],[18.865245,57.723334],[18.80714,57.734442],[18.810313,57.709662],[18.764659,57.626899],[18.762462,57.617174],[18.810313,57.607327],[18.761404,57.507636],[18.776134,57.497463],[18.773204,57.472235],[18.803477,57.469428],[18.789806,57.448961],[18.908865,57.439154],[18.926117,57.418199],[18.92628,57.392646],[18.858165,57.394355],[18.801524,57.376207],[18.680431,57.310492],[18.666759,57.29678],[18.673676,57.277655],[18.710948,57.274319],[18.714122,57.242906],[18.591482,57.218695],[18.564464,57.209418],[18.578136,57.195746],[18.406423,57.143012],[18.385753,57.127427],[18.4546,57.127427],[18.359874,57.096137],[18.344737,57.08275],[18.337901,57.031236],[18.400076,57.003974],[18.344737,57.003974],[18.358409,56.989691],[18.321462,56.969062],[18.311534,56.948065],[18.203949,56.915188],[18.138682,56.922024],[18.203868,56.986274],[18.200857,57.017564],[18.265636,57.04149],[18.290212,57.092719],[18.223318,57.060289],[18.200857,57.065375],[18.225108,57.094916],[18.227306,57.107489],[18.214366,57.113837],[18.228038,57.133694],[18.185313,57.144843],[18.159841,57.229804],[18.099376,57.258979],[18.115571,57.297024],[18.165863,57.33161],[18.166026,57.367092],[18.17921,57.379543],[18.146169,57.408026],[18.113455,57.487982],[18.128184,57.548163],[18.325043,57.672593],[18.463064,57.803168],[18.550141,57.839423],[18.608653,57.83633],[18.640798,57.886176],[18.677745,57.913886],[18.742442,57.917914],[18.769298,57.887844],[18.764659,57.86518],[18.803477,57.825751],[18.81072,57.851223],[18.844086,57.873603],[18.851899,57.891262],[18.837413,57.912177],[18.851329,57.915107],[18.913341,57.921332],[18.89796,57.89765],[18.917247,57.888129],[18.995779,57.912055],[19.009532,57.908271],[19.002126,57.902086],[19.014008,57.881293]]],[[[19.305675,57.976386],[19.338552,57.963568],[19.296072,57.943671],[19.247895,57.95246],[19.161957,57.925971],[19.139903,57.908271],[19.160655,57.896064],[19.16033,57.880316],[19.129649,57.846869],[19.084483,57.859361],[19.036794,57.905219],[19.098318,57.976549],[19.222423,57.99022],[19.240082,57.970608],[19.305675,57.976386]]],[[[11.73878,58.058539],[11.745616,58.031195],[11.731944,57.997707],[11.710216,57.992906],[11.711436,58.011379],[11.695079,58.015082],[11.650645,57.95539],[11.618907,57.95425],[11.594737,57.935614],[11.527843,57.954291],[11.515636,58.0008],[11.567556,58.003892],[11.505626,58.013007],[11.497895,58.028062],[11.50587,58.046047],[11.52475,58.050727],[11.659679,58.045478],[11.716563,58.064521],[11.73878,58.058539]]],[[[11.806977,58.230414],[11.804698,58.125718],[11.708181,58.098212],[11.654633,58.107978],[11.628917,58.100084],[11.612315,58.118598],[11.585297,58.123114],[11.533946,58.106879],[11.516287,58.086005],[11.463878,58.106879],[11.457693,58.07217],[11.447439,58.103461],[11.406586,58.13109],[11.428966,58.160956],[11.527843,58.212795],[11.601573,58.23725],[11.663097,58.23725],[11.660004,58.258124],[11.677419,58.271389],[11.669932,58.285102],[11.686371,58.291205],[11.73878,58.285102],[11.749848,58.262885],[11.806977,58.230414]]],[[[19.331716,58.367621],[19.250336,58.342841],[19.214122,58.354682],[19.187755,58.394965],[19.331716,58.367621]]],[[[18.427094,59.260891],[18.413097,59.278754],[18.344737,59.299262],[18.461681,59.298245],[18.612315,59.258287],[18.539073,59.259955],[18.516124,59.271308],[18.517263,59.24901],[18.5324,59.241889],[18.578136,59.244615],[18.551606,59.225898],[18.427094,59.260891]]],[[[18.554698,60.324774],[18.567882,60.321275],[18.566905,60.30744],[18.402192,60.369818],[18.389171,60.391018],[18.378754,60.507799],[18.406261,60.505845],[18.426768,60.485419],[18.426768,60.464911],[18.466075,60.442694],[18.474457,60.430813],[18.419932,60.443793],[18.48463,60.3664],[18.507823,60.356024],[18.529796,60.368109],[18.554698,60.324774]]],[[[20.864919,63.79682],[20.904633,63.793524],[20.920421,63.773749],[20.873546,63.753974],[20.87322,63.770697],[20.839203,63.767564],[20.864919,63.79682]]],[[[18.488455,59.095038],[18.435883,59.04975],[18.413585,59.011664],[18.37672,59.006903],[18.344412,59.025702],[18.361583,59.039211],[18.351085,59.05683],[18.376313,59.063788],[18.374766,59.078355],[18.465994,59.117255],[18.47934,59.116645],[18.488455,59.095038]]],[[[18.743826,59.206692],[18.737966,59.19774],[18.659679,59.176907],[18.690929,59.208808],[18.743826,59.206692]]],[[[18.803233,59.293931],[18.807628,59.283149],[18.775157,59.252183],[18.722667,59.262397],[18.75766,59.294582],[18.803233,59.293931]]],[[[18.68214,59.331244],[18.638031,59.367987],[18.705903,59.371243],[18.74171,59.350775],[18.747081,59.331855],[18.726573,59.311998],[18.677501,59.299547],[18.68214,59.331244]]],[[[18.122732,59.389106],[18.237478,59.372789],[18.249278,59.366685],[18.203949,59.365912],[18.222423,59.351793],[18.212087,59.341498],[18.165538,59.340644],[18.122813,59.356757],[18.105317,59.377631],[18.122732,59.389106]]],[[[18.854259,59.402533],[18.865489,59.389716],[18.847667,59.38935],[18.854259,59.402533]]],[[[18.946462,59.388739],[18.937673,59.373236],[18.899425,59.400702],[18.92156,59.405911],[18.946462,59.388739]]],[[[18.925792,59.434027],[18.872325,59.408637],[18.860606,59.424506],[18.873546,59.439765],[18.911794,59.447211],[18.925792,59.434027]]],[[[18.739106,59.540432],[18.632986,59.489651],[18.594412,59.486884],[18.601817,59.456122],[18.578461,59.463935],[18.580903,59.430732],[18.556407,59.422309],[18.510509,59.48314],[18.538097,59.495551],[18.557384,59.482001],[18.577647,59.495063],[18.548106,59.498969],[18.551117,59.510077],[18.609711,59.54564],[18.654307,59.550035],[18.688975,59.533393],[18.739106,59.540432]]],[[[18.952485,59.652981],[18.98463,59.624335],[18.968028,59.619371],[18.927501,59.622463],[18.905284,59.583238],[18.863455,59.58397],[18.858572,59.595771],[18.937755,59.649075],[18.952485,59.652981]]],[[[18.830821,59.59162],[18.756847,59.572659],[18.924327,59.656928],[18.905284,59.633612],[18.830821,59.59162]]],[[[18.987966,59.850531],[18.997813,59.794623],[18.972016,59.786607],[18.885753,59.793931],[18.959158,59.863715],[18.987966,59.850531]]],[[[18.72877,60.196723],[18.71225,60.212144],[18.753103,60.209174],[18.806895,60.16059],[18.724376,60.155463],[18.713064,60.182563],[18.72877,60.196723]]],[[[15.669119,56.123928],[15.726899,56.118354],[15.700857,56.105658],[15.696788,56.074286],[15.651134,56.089993],[15.642345,56.104641],[15.669119,56.123928]]],[[[16.877289,58.299709],[16.87908,58.280585],[16.855805,58.271877],[16.83253,58.304185],[16.877289,58.299709]]],[[[16.870291,58.333238],[16.918956,58.336371],[16.89503,58.320705],[16.846039,58.31981],[16.814952,58.339179],[16.785167,58.380072],[16.859711,58.400295],[16.851248,58.383368],[16.828787,58.381537],[16.847179,58.372138],[16.830577,58.355943],[16.870291,58.333238]]],[[[18.350841,58.979682],[18.353852,58.967353],[18.338878,58.957913],[18.289806,58.941392],[18.316417,58.926947],[18.216319,58.905585],[18.193614,58.911322],[18.22641,58.944729],[18.350841,58.979682]]],[[[18.194591,58.997992],[18.148123,59.005276],[18.144705,58.969062],[18.098969,58.978827],[18.050629,58.960924],[18.058604,58.985093],[18.103526,59.02265],[18.216563,59.024482],[18.178722,59.01142],[18.198253,59.00967],[18.194591,58.997992]]],[[[17.694102,59.038967],[17.704112,58.955268],[17.680675,58.92182],[17.684825,58.900824],[17.648123,58.918931],[17.624278,58.963935],[17.648123,59.017524],[17.652192,59.071519],[17.694102,59.038967]]],[[[18.124685,62.687934],[18.027029,62.684516],[18.006114,62.705552],[18.028331,62.745185],[18.064301,62.75788],[18.103201,62.745185],[18.159841,62.747138],[18.146983,62.70954],[18.117035,62.701728],[18.124685,62.687934]]],[[[20.864594,63.659369],[20.843028,63.644192],[20.825938,63.643622],[20.864594,63.676744],[20.864594,63.659369]]],[[[20.88087,63.742377],[20.948497,63.774604],[20.923106,63.703192],[20.864757,63.683092],[20.88087,63.742377]]],[[[22.417817,65.449937],[22.375662,65.430732],[22.285167,65.431627],[22.306407,65.45539],[22.33253,65.44302],[22.37086,65.459459],[22.417817,65.449937]]],[[[22.148285,65.434638],[22.147309,65.468655],[22.174001,65.474311],[22.210216,65.465806],[22.206554,65.450181],[22.233165,65.423896],[22.148285,65.434638]]],[[[22.55893,65.538275],[22.617198,65.517483],[22.604747,65.510321],[22.552989,65.530097],[22.55893,65.538275]]],[[[22.280121,65.478217],[22.186778,65.537828],[22.22641,65.543931],[22.318614,65.523993],[22.358246,65.495063],[22.332693,65.491645],[22.278819,65.513251],[22.270518,65.496894],[22.280121,65.478217]]],[[[22.529145,65.576239],[22.641449,65.589097],[22.637462,65.579657],[22.597423,65.553941],[22.539317,65.563666],[22.529145,65.576239]]],[[[22.558604,65.600979],[22.595063,65.612982],[22.604503,65.600287],[22.589122,65.593736],[22.558604,65.600979]]],[[[22.976899,65.709866],[22.981944,65.69359],[22.960948,65.690131],[22.971934,65.66706],[22.882172,65.720445],[22.886241,65.737372],[22.930024,65.741889],[22.976899,65.709866]]],[[[23.800792,65.749823],[23.784679,65.718207],[23.738292,65.696723],[23.681488,65.721666],[23.689626,65.74844],[23.704763,65.735989],[23.713552,65.751899],[23.753673,65.741278],[23.800792,65.749823]]],[[[22.732432,65.718695],[22.735525,65.766343],[22.746837,65.770413],[22.790782,65.750312],[22.811371,65.714097],[22.805431,65.705227],[22.732432,65.718695]]]]}},{"type":"Feature","properties":{"name":"Finland","iso":"FI","pop":5520314},"geometry":{"type":"MultiPolygon","coordinates":[[[[28.833464,68.984473],[28.410234,68.898535],[28.413128,68.880086],[28.444238,68.865823],[28.728251,68.865048],[28.801477,68.835489],[28.716366,68.727951],[28.447907,68.52972],[28.460981,68.491066],[28.663759,68.204003],[28.727218,68.172687],[29.33085,68.072694],[29.651192,67.823562],[30.009413,67.685844],[29.977684,67.662228],[29.959907,67.571587],[29.916241,67.508129],[29.519831,67.298167],[29.490685,67.262976],[29.429397,67.232771],[29.099908,66.991132],[29.051539,66.907803],[29.089159,66.837549],[29.32222,66.680065],[29.392397,66.60529],[29.40945,66.56847],[29.524482,66.491214],[29.569699,66.378172],[29.650882,66.287893],[29.900169,66.108059],[29.95846,65.973881],[30.075146,65.822805],[30.111733,65.712011],[30.113903,65.665502],[30.098503,65.656381],[30.003005,65.678137],[29.76426,65.648087],[29.702869,65.62938],[29.838571,65.564888],[29.72633,65.491507],[29.718165,65.454171],[29.730567,65.365365],[29.720129,65.329088],[29.615122,65.269402],[29.580085,65.235399],[29.626698,65.215219],[29.766844,65.217364],[29.833197,65.205013],[29.839294,65.166902],[29.808185,65.135302],[29.850198,65.121504],[29.820484,65.093651],[29.667832,65.077941],[29.627318,65.062231],[29.598379,65.034378],[29.588147,64.991435],[29.633622,64.90715],[29.698321,64.839144],[29.78028,64.795581],[30.062537,64.78416],[30.118864,64.767934],[30.109149,64.720082],[30.17054,64.681686],[30.1878,64.662359],[30.180824,64.642774],[30.136434,64.615385],[29.954843,64.56898],[29.968486,64.56283],[29.9905,64.504178],[30.070391,64.47188],[30.032461,64.396949],[30.093129,64.361241],[30.321126,64.317677],[30.370477,64.300831],[30.445976,64.250756],[30.50344,64.24378],[30.558475,64.219699],[30.532792,64.162545],[30.586432,64.084668],[30.58049,64.051079],[30.552326,64.021726],[30.328567,63.895998],[30.265573,63.830679],[30.201546,63.792645],[29.980785,63.741537],[30.001145,63.715337],[30.242474,63.581805],[30.38045,63.532454],[30.461065,63.472871],[30.82094,63.375668],[30.974936,63.289161],[31.203966,63.21268],[31.22567,63.19604],[31.262773,63.100594],[31.480641,62.986337],[31.535832,62.91952],[31.569525,62.905929],[31.441264,62.788701],[31.363336,62.651577],[31.284064,62.572978],[31.243757,62.503344],[31.168619,62.476007],[31.12335,62.434821],[30.98062,62.358805],[30.925636,62.302116],[30.647721,62.192768],[30.607206,62.151272],[30.339574,61.991669],[29.977684,61.728171],[29.84224,61.660165],[29.779143,61.593115],[29.635121,61.511104],[29.51704,61.47506],[29.4634,61.413824],[29.318396,61.338428],[29.203158,61.245901],[28.797601,61.09684],[28.688977,61.027387],[28.614563,60.961939],[28.480928,60.933465],[28.335924,60.859387],[28.24394,60.791588],[28.148132,60.757714],[27.807872,60.553046],[27.762055,60.580146],[27.739513,60.574164],[27.753184,60.559882],[27.733409,60.544257],[27.753184,60.518948],[27.732677,60.512112],[27.753184,60.505845],[27.705414,60.485419],[27.636485,60.492255],[27.691661,60.518948],[27.632172,60.521674],[27.615977,60.512112],[27.61085,60.492133],[27.629649,60.471137],[27.508474,60.513861],[27.472667,60.505845],[27.493175,60.492255],[27.472667,60.477973],[27.506684,60.457465],[27.456798,60.46369],[27.369314,60.49787],[27.232432,60.512112],[27.230805,60.526313],[27.308116,60.525784],[27.211925,60.559882],[27.227712,60.579576],[27.21461,60.584947],[27.177745,60.567328],[27.200694,60.523261],[27.177745,60.512112],[27.169688,60.528632],[27.137706,60.529039],[27.112559,60.54682],[27.08839,60.525784],[27.054373,60.54682],[27.024425,60.536078],[27.02711,60.519924],[26.99822,60.488023],[26.931407,60.485419],[26.965343,60.458482],[26.962413,60.447211],[26.914724,60.474555],[26.79363,60.457465],[26.814708,60.485419],[26.797048,60.485907],[26.742442,60.468004],[26.739024,60.436957],[26.687348,60.418158],[26.635916,60.450629],[26.594412,60.452297],[26.553396,60.43301],[26.482677,60.468004],[26.474864,60.48725],[26.536632,60.51553],[26.56365,60.543362],[26.567393,60.580959],[26.625011,60.609605],[26.666677,60.606431],[26.753184,60.574164],[26.699229,60.640204],[26.65919,60.651801],[26.591807,60.628567],[26.465831,60.508124],[26.456228,60.474555],[26.485688,60.443793],[26.469412,60.427476],[26.416352,60.411933],[26.424164,60.395982],[26.383311,60.41649],[26.381196,60.398749],[26.35141,60.392808],[26.342052,60.375556],[26.245616,60.450873],[26.231781,60.450629],[26.22934,60.438422],[26.273448,60.402167],[26.178966,60.410631],[26.142426,60.395982],[25.980968,60.475775],[25.917247,60.485419],[26.028982,60.433336],[26.04005,60.405951],[26.006847,60.400539],[26.012218,60.388577],[26.108165,60.335924],[26.091319,60.306627],[26.04005,60.299791],[26.038829,60.322659],[25.997081,60.354926],[26.00587,60.368109],[25.956554,60.356024],[25.842052,60.402167],[25.917247,60.361274],[25.883067,60.306627],[25.930186,60.245185],[25.894867,60.249579],[25.861013,60.284003],[25.800548,60.292955],[25.753754,60.320746],[25.739024,60.313463],[25.745372,60.295803],[25.848888,60.265692],[25.761974,60.240383],[25.735525,60.24726],[25.649669,60.299791],[25.670584,60.32746],[25.649669,60.341376],[25.704356,60.341376],[25.690196,60.36286],[25.66863,60.364651],[25.602712,60.338568],[25.526134,60.327094],[25.54127,60.316352],[25.545095,60.292304],[25.502778,60.246161],[25.361664,60.245185],[25.363455,60.260077],[25.350922,60.267239],[25.313813,60.272528],[25.3213,60.25141],[25.19752,60.245185],[25.185802,60.223131],[25.156261,60.232164],[25.203949,60.20425],[25.181407,60.200507],[25.197113,60.190619],[25.094737,60.176337],[25.101573,60.190619],[25.058604,60.177314],[25.047862,60.168891],[25.067393,60.162665],[25.029307,60.147854],[24.997895,60.162665],[25.02589,60.199449],[24.99879,60.212836],[24.950938,60.143459],[24.845225,60.143744],[24.834158,60.155829],[24.870942,60.161689],[24.868826,60.179755],[24.842459,60.194648],[24.806814,60.190619],[24.827322,60.162665],[24.772634,60.142157],[24.679698,60.130113],[24.670258,60.101223],[24.656423,60.100979],[24.630626,60.136298],[24.554047,60.155951],[24.596853,60.127265],[24.540375,60.087551],[24.608165,60.101223],[24.573985,60.07392],[24.594493,60.060248],[24.445649,59.992255],[24.41627,59.99136],[24.464122,60.046576],[24.446137,60.047512],[24.374766,60.00495],[24.367686,60.02204],[24.312673,59.997504],[24.319102,60.014146],[24.357677,60.036038],[24.367931,60.07392],[24.319672,60.075832],[24.295909,60.072211],[24.278575,60.060248],[24.292247,60.052802],[24.252452,60.03974],[24.158458,60.043036],[24.182953,60.025458],[24.164236,60.019436],[24.105968,60.031928],[24.009613,60.010565],[24.002615,60.020982],[24.019216,60.03974],[24.000824,60.038275],[23.955333,60.003567],[23.873057,59.993069],[23.79949,59.95661],[23.771251,59.967963],[23.607595,59.95661],[23.573497,59.977688],[23.429454,59.95661],[23.483572,60.011298],[23.540863,60.02912],[23.534353,60.053697],[23.546153,60.07392],[23.498302,60.0633],[23.47877,60.036119],[23.453787,60.027981],[23.439708,59.994452],[23.326427,59.923041],[23.237153,59.898017],[23.222341,59.886217],[23.222179,59.867825],[23.251313,59.841132],[22.905121,59.811225],[22.888194,59.813178],[22.946137,59.847968],[23.168142,59.888902],[23.165863,59.91767],[23.247081,59.922431],[23.293712,59.958686],[23.326427,60.009345],[23.332856,60.029853],[23.223399,59.929877],[23.203624,59.929877],[23.209727,59.943549],[23.188813,59.950181],[23.171235,59.936428],[23.131847,59.942939],[23.110688,59.923285],[23.100597,59.940416],[23.111339,59.97427],[23.203624,59.997504],[23.257579,60.03974],[23.205089,60.049709],[23.035492,60.044582],[22.996918,60.062079],[22.990733,60.077338],[23.045909,60.121649],[23.025401,60.135321],[23.004893,60.107367],[22.969493,60.094387],[22.958669,60.121568],[22.874685,60.149604],[22.88559,60.169338],[22.867198,60.183743],[22.92156,60.231147],[23.007579,60.277004],[23.080577,60.355048],[23.03419,60.34394],[22.998057,60.306627],[22.941173,60.316474],[22.877126,60.301093],[22.736176,60.238186],[22.525076,60.20425],[22.593435,60.232164],[22.572032,60.242662],[22.590343,60.262274],[22.648123,60.278713],[22.449474,60.245185],[22.459158,60.26496],[22.540294,60.318996],[22.545665,60.33393],[22.627615,60.375393],[22.624278,60.399075],[22.580821,60.375922],[22.543468,60.372545],[22.463064,60.375556],[22.483572,60.402167],[22.291515,60.382636],[22.181488,60.430487],[22.11671,60.436957],[22.101085,60.462144],[22.064464,60.436347],[22.047048,60.438788],[22.018077,60.457465],[22.018077,60.471137],[21.981944,60.476752],[21.983897,60.492255],[21.935395,60.492255],[21.950369,60.518948],[21.903168,60.528876],[21.843923,60.51553],[21.874034,60.477973],[21.806,60.485989],[21.78533,60.477973],[21.807872,60.575588],[21.846039,60.587836],[21.828461,60.606391],[21.840505,60.62873],[21.731781,60.581732],[21.661794,60.567328],[21.668956,60.545233],[21.654307,60.508979],[21.612071,60.488837],[21.558116,60.492255],[21.583751,60.505032],[21.517751,60.567328],[21.578624,60.567328],[21.486095,60.574164],[21.442638,60.567328],[21.408539,60.58039],[21.428396,60.594062],[21.414806,60.608303],[21.469981,60.608303],[21.379649,60.64704],[21.353282,60.690172],[21.438975,60.680325],[21.445649,60.692857],[21.42213,60.725002],[21.469981,60.731147],[21.38738,60.752346],[21.42213,60.759101],[21.374278,60.779608],[21.374278,60.807603],[21.328868,60.827541],[21.336436,60.844713],[21.318533,60.864691],[21.407888,60.864569],[21.428396,60.8758],[21.38087,60.882025],[21.353282,60.902533],[21.390798,60.916815],[21.428396,60.902533],[21.412771,60.933498],[21.392589,60.939032],[21.318533,61.012356],[21.339041,61.026597],[21.311534,61.037543],[21.298676,61.060126],[21.38738,61.040269],[21.407725,61.050727],[21.366954,61.060126],[21.395274,61.069403],[21.453868,61.054999],[21.48227,61.060126],[21.454845,61.078192],[21.45045,61.090766],[21.463145,61.101142],[21.435232,61.142727],[21.469981,61.149563],[21.442638,61.155748],[21.456309,61.169989],[21.442638,61.169989],[21.503429,61.177436],[21.496593,61.191107],[21.558116,61.204169],[21.543468,61.225084],[21.476085,61.245754],[21.508311,61.266832],[21.503429,61.279853],[21.544444,61.279853],[21.544444,61.320868],[21.530772,61.334459],[21.524262,61.375312],[21.448904,61.402777],[21.572439,61.416409],[21.510265,61.457994],[21.42213,61.485338],[21.555675,61.475165],[21.592133,61.485338],[21.565603,61.519477],[21.510265,61.519477],[21.469981,61.54682],[21.460134,61.562405],[21.48227,61.567857],[21.716319,61.526923],[21.614268,61.585435],[21.591807,61.628119],[21.537608,61.649848],[21.544119,61.672838],[21.517751,61.711249],[21.585948,61.697659],[21.489268,61.736965],[21.469981,61.759711],[21.486095,61.811184],[21.444591,61.826321],[21.448904,61.84162],[21.403168,61.87641],[21.394216,61.88939],[21.414073,61.906887],[21.393565,61.913235],[21.380544,61.937812],[21.312511,61.939846],[21.277517,61.951483],[21.294932,61.97134],[21.236583,61.985012],[21.276215,62.050198],[21.289073,62.121568],[21.296397,62.130439],[21.312266,62.109117],[21.329112,62.138129],[21.325938,62.163764],[21.383962,62.194485],[21.389903,62.208157],[21.353282,62.232001],[21.374278,62.266791],[21.352306,62.266018],[21.312266,62.232001],[21.339041,62.355536],[21.270681,62.349311],[21.260427,62.371975],[21.277517,62.39647],[21.270681,62.410793],[21.205089,62.359687],[21.216075,62.335028],[21.194347,62.337063],[21.202403,62.390326],[21.181326,62.39647],[21.202403,62.417629],[21.166759,62.421332],[21.133556,62.403957],[21.154552,62.464789],[21.116384,62.46015],[21.115571,62.495795],[21.154552,62.527493],[21.12672,62.554145],[21.188162,62.584866],[21.209239,62.582099],[21.193533,62.600898],[21.121593,62.609442],[21.106212,62.623033],[21.065196,62.595771],[21.078949,62.67829],[21.125743,62.690172],[21.160818,62.719306],[21.160167,62.73017],[21.116466,62.749661],[21.113536,62.781195],[21.15089,62.794379],[21.18336,62.782375],[21.216075,62.814846],[21.226736,62.858466],[21.243419,62.869452],[21.335704,62.855455],[21.390798,62.880316],[21.42213,62.941799],[21.463145,62.951402],[21.446544,62.987006],[21.444102,63.04092],[21.480479,63.043036],[21.495128,63.071723],[21.625743,63.023871],[21.688487,63.027086],[21.559581,63.09512],[21.553233,63.108588],[21.572439,63.123358],[21.520844,63.126776],[21.516124,63.155463],[21.503429,63.157457],[21.551931,63.177924],[21.512869,63.185004],[21.496593,63.20897],[21.558116,63.232611],[21.647227,63.197659],[21.667979,63.21955],[21.742361,63.199652],[21.764171,63.205878],[21.702647,63.225775],[21.894542,63.260484],[21.88087,63.177924],[21.983897,63.143215],[21.955903,63.18476],[21.994395,63.196438],[22.02475,63.239407],[22.043142,63.245592],[22.072032,63.225775],[22.127208,63.239407],[22.175059,63.232611],[22.181895,63.246812],[22.202973,63.239407],[22.24464,63.267076],[22.278087,63.301459],[22.307628,63.275865],[22.330089,63.28384],[22.373709,63.321357],[22.250499,63.411322],[22.218272,63.414374],[22.195567,63.43122],[22.190929,63.458441],[22.246755,63.469631],[22.304942,63.435858],[22.401622,63.418158],[22.279959,63.487616],[22.271251,63.513739],[22.281423,63.52619],[22.337413,63.523342],[22.333344,63.493232],[22.380219,63.485419],[22.396821,63.476955],[22.394786,63.452338],[22.4074,63.456936],[22.435802,63.472805],[22.431488,63.497382],[22.463064,63.554755],[22.497244,63.585761],[22.545665,63.575181],[22.497244,63.622992],[22.531993,63.64411],[22.525076,63.657701],[22.585704,63.65705],[22.589041,63.703315],[22.637055,63.683092],[22.654063,63.703762],[22.675304,63.702379],[22.702322,63.683417],[22.702647,63.657701],[22.73406,63.62759],[22.773448,63.627509],[22.829275,63.646226],[22.840343,63.677639],[22.901866,63.705512],[22.833018,63.72602],[22.901866,63.72602],[22.874685,63.746527],[22.925792,63.743394],[22.92921,63.76435],[22.907725,63.772406],[22.902517,63.794867],[22.942882,63.800482],[22.973155,63.770982],[23.000662,63.763617],[22.990733,63.815375],[23.062836,63.852973],[23.121349,63.849555],[23.153494,63.863471],[23.141856,63.875963],[23.167328,63.886949],[23.275238,63.888902],[23.326427,63.910956],[23.372813,63.900621],[23.415782,63.924628],[23.37086,63.946519],[23.378754,63.96894],[23.367442,63.99726],[23.381602,64.048163],[23.396495,64.056138],[23.477306,64.035102],[23.506602,64.041653],[23.604503,64.027655],[23.619802,64.038031],[23.566091,64.096584],[23.573578,64.107245],[23.622081,64.107123],[23.723643,64.178534],[23.724376,64.20893],[23.819102,64.220649],[23.861095,64.26789],[23.94337,64.246772],[23.927582,64.271186],[23.929047,64.301418],[23.984223,64.349799],[24.004405,64.389106],[24.068614,64.405585],[24.084727,64.41474],[24.080577,64.431708],[24.20574,64.452216],[24.217784,64.487006],[24.257579,64.485989],[24.285981,64.51496],[24.344086,64.530748],[24.361095,64.548407],[24.354991,64.572414],[24.373871,64.579535],[24.375499,64.617255],[24.422862,64.675605],[24.530284,64.717841],[24.546072,64.733385],[24.5324,64.753852],[24.587657,64.781195],[24.538422,64.805325],[24.668305,64.78913],[24.670665,64.829739],[24.7317,64.835842],[24.736339,64.855373],[24.896983,64.873114],[25.094737,64.918362],[25.14324,64.884223],[25.177257,64.884223],[25.187266,64.860663],[25.217621,64.841457],[25.259288,64.835842],[25.225108,64.82274],[25.259532,64.816474],[25.354828,64.829576],[25.351817,64.860663],[25.3685,64.898505],[25.359548,64.911119],[25.3213,64.904731],[25.241222,64.929023],[25.190929,64.966783],[25.220958,64.990546],[25.321625,64.983588],[25.42156,64.948879],[25.443533,64.966783],[25.416759,64.998603],[25.41627,65.035061],[25.38087,65.055976],[25.355479,65.096503],[25.211436,65.123765],[25.225841,65.156643],[25.282481,65.191392],[25.279796,65.219957],[25.327485,65.226874],[25.300141,65.233629],[25.313813,65.254136],[25.279796,65.260972],[25.3213,65.31623],[25.306977,65.32982],[25.334972,65.343492],[25.266124,65.377631],[25.3213,65.385077],[25.355479,65.411811],[25.344493,65.428534],[25.358653,65.465522],[25.323578,65.506781],[25.219005,65.557278],[25.124848,65.561103],[25.074229,65.614163],[24.937185,65.624091],[24.859141,65.659125],[24.780284,65.659735],[24.706798,65.633287],[24.675792,65.635443],[24.667735,65.690863],[24.583995,65.716864],[24.550466,65.763495],[24.575369,65.808173],[24.645763,65.879462],[24.70753,65.899237],[24.710623,65.912095],[24.617931,65.889228],[24.614513,65.866156],[24.518809,65.796047],[24.452973,65.796942],[24.404796,65.769232],[24.238292,65.822699],[24.251231,65.794135],[24.244314,65.781562],[24.206228,65.778754],[24.163097,65.815863],[24.163414,65.840788],[24.05479,65.947914],[24.055306,65.985172],[24.01965,66.048941],[23.974588,66.072816],[23.911439,66.148625],[23.750002,66.189656],[23.689437,66.25699],[23.662772,66.316522],[23.677035,66.363625],[23.665873,66.40556],[23.642308,66.436256],[23.652437,66.458839],[23.731089,66.487157],[23.731089,66.503125],[23.785866,66.518422],[23.807673,66.539247],[23.88188,66.563535],[23.893249,66.59604],[23.88188,66.6318],[23.903171,66.686318],[23.892422,66.750914],[23.939241,66.791118],[24.004043,66.8052],[23.93335,66.888761],[23.816665,66.9755],[23.72034,67.016867],[23.676725,67.058492],[23.666596,67.097921],[23.58133,67.153137],[23.573992,67.173033],[23.61492,67.213986],[23.591459,67.225019],[23.602724,67.260263],[23.735429,67.289692],[23.785659,67.337519],[23.751449,67.346226],[23.765195,67.420072],[23.594559,67.45361],[23.477151,67.443817],[23.443664,67.461025],[23.431262,67.48552],[23.484695,67.542958],[23.47343,67.554999],[23.553528,67.587038],[23.484592,67.737159],[23.481285,67.864644],[23.532548,67.89317],[23.636107,67.913478],[23.661222,67.932857],[23.662152,67.950427],[23.573682,67.97332],[23.382996,68.051248],[23.306515,68.145609],[23.165645,68.122045],[23.149419,68.139408],[23.155206,68.217439],[23.081619,68.265292],[23.066943,68.290251],[22.903749,68.336605],[22.808251,68.394896],[22.748616,68.385491],[22.662213,68.427401],[22.377993,68.454117],[22.371068,68.46838],[22.303062,68.476131],[22.072172,68.47701],[21.919209,68.568219],[21.737102,68.587908],[21.716845,68.619224],[21.572461,68.667386],[21.46363,68.686868],[21.406373,68.74888],[21.305397,68.755804],[21.216617,68.817248],[21.072129,68.869441],[20.905731,68.894607],[20.884544,68.9067],[20.887644,68.92706],[20.934257,68.949023],[20.934567,68.966954],[20.911209,68.9807],[20.79535,69.011241],[20.675461,69.018166],[20.623165,69.036356],[20.716595,69.098781],[20.744397,69.104362],[21.071509,69.036666],[21.099001,69.043797],[21.156362,69.087619],[21.033579,69.181205],[21.098381,69.239496],[21.313562,69.291431],[21.638813,69.27138],[22.023079,69.012016],[22.160745,68.956102],[22.200226,68.908457],[22.277224,68.857452],[22.371378,68.822622],[22.409205,68.712913],[22.570126,68.726814],[22.851659,68.675706],[23.071491,68.680874],[23.197581,68.618035],[23.481595,68.685628],[23.641585,68.694981],[23.734809,68.715445],[23.787209,68.799781],[23.852631,68.816679],[23.929009,68.816214],[24.131167,68.776165],[24.186875,68.744539],[24.332499,68.708624],[24.663435,68.666094],[24.754179,68.637879],[24.879235,68.554835],[24.905177,68.556953],[24.951789,68.605064],[25.13245,68.647646],[25.144232,68.668006],[25.13214,68.676584],[25.149607,68.764641],[25.201283,68.812648],[25.43393,68.883859],[25.627769,68.874143],[25.726367,68.94246],[25.753859,68.978375],[25.79582,68.993309],[25.801091,69.013153],[25.765848,69.030671],[25.750242,69.059248],[25.771222,69.135109],[25.734119,69.191333],[25.737219,69.218205],[25.786622,69.312773],[25.877366,69.370806],[25.841399,69.417779],[25.886668,69.455193],[25.885737,69.479119],[25.906408,69.501857],[25.886668,69.520874],[25.960255,69.548676],[26.003973,69.587175],[26.00511,69.610843],[25.961702,69.652545],[26.00511,69.689339],[26.198276,69.715436],[26.316822,69.794914],[26.418728,69.835635],[26.447874,69.856047],[26.435885,69.874237],[26.500687,69.918317],[26.533863,69.925242],[26.864592,69.938084],[27.10034,69.901755],[27.3118,69.929479],[27.352418,69.948703],[27.323169,69.959684],[27.334538,69.968624],[27.563309,70.023582],[27.570906,70.040894],[27.612557,70.062055],[27.792184,70.058929],[27.866908,70.07531],[27.927163,70.05327],[28.167355,69.894339],[28.381192,69.856202],[28.379745,69.822354],[28.40455,69.802252],[29.131224,69.674198],[29.203158,69.585986],[29.344544,69.464392],[29.229254,69.376852],[28.86478,69.216603],[28.84411,69.181256],[28.827573,69.090771],[28.954077,69.027261],[28.833464,68.984473]]],[[[22.401866,60.075751],[22.430431,60.081855],[22.449474,60.066474],[22.442638,59.997504],[22.409516,60.009345],[22.382823,59.99258],[22.353201,60.032294],[22.354828,60.075629],[22.38266,60.07453],[22.387218,60.051663],[22.408376,60.052802],[22.401866,60.075751]]],[[[21.496593,60.135321],[21.571056,60.170356],[21.654307,60.155829],[21.613292,60.129096],[21.636974,60.123684],[21.613129,60.102118],[21.514415,60.097357],[21.48227,60.114814],[21.558116,60.121649],[21.533051,60.13703],[21.496593,60.135321]]],[[[21.723481,60.18358],[21.853526,60.196763],[21.887706,60.176337],[21.846039,60.170111],[21.867849,60.155829],[21.791515,60.155829],[21.826182,60.149604],[21.79656,60.141384],[21.805675,60.135321],[21.783214,60.123236],[21.720225,60.113715],[21.695811,60.121649],[21.702647,60.142157],[21.722504,60.149604],[21.705089,60.160712],[21.723481,60.18358]]],[[[21.368907,60.196601],[21.448904,60.183743],[21.409353,60.184516],[21.380544,60.162665],[21.270681,60.190619],[21.306407,60.209703],[21.353282,60.211086],[21.368907,60.196601]]],[[[22.072032,60.196763],[22.011241,60.170111],[22.037852,60.155829],[22.009288,60.137274],[21.950694,60.149075],[21.935395,60.176337],[22.041759,60.211412],[22.072032,60.196763]]],[[[25.822032,60.216295],[25.840587,60.218817],[25.876231,60.217231],[25.835623,60.196031],[25.820649,60.197211],[25.822032,60.216295]]],[[[22.209239,60.20425],[22.271658,60.252997],[22.291759,60.245185],[22.296886,60.221259],[22.269298,60.195868],[22.23227,60.184963],[22.209239,60.20425]]],[[[25.592052,60.24258],[25.564464,60.278266],[25.581716,60.296373],[25.684418,60.245185],[25.643728,60.228095],[25.635997,60.20425],[25.603363,60.215399],[25.622325,60.238349],[25.592052,60.24258]]],[[[22.814952,60.226996],[22.920746,60.296698],[22.956391,60.292955],[22.949474,60.270453],[22.833507,60.193061],[22.840343,60.170111],[22.819347,60.162665],[22.840343,60.155829],[22.833018,60.142157],[22.846853,60.111029],[22.813162,60.082099],[22.730479,60.046576],[22.757986,60.032294],[22.729828,60.00495],[22.68214,59.997504],[22.654959,60.032294],[22.600271,59.984524],[22.598969,60.008043],[22.579112,60.00495],[22.57488,60.017035],[22.593435,60.046576],[22.529959,60.008246],[22.4699,59.997504],[22.473643,60.090969],[22.42213,60.114814],[22.480479,60.13231],[22.600271,60.142157],[22.415212,60.149604],[22.44809,60.221381],[22.477306,60.224677],[22.45102,60.188544],[22.466482,60.183743],[22.56658,60.193305],[22.620616,60.211086],[22.814952,60.226996]]],[[[22.132009,60.31566],[22.249766,60.311469],[22.33961,60.2862],[22.331798,60.269436],[22.289806,60.273139],[22.215505,60.253119],[22.200857,60.25434],[22.216645,60.265692],[22.203949,60.276313],[22.181163,60.281317],[22.14088,60.278713],[22.181895,60.278713],[22.163341,60.259223],[22.080089,60.269477],[22.083832,60.301459],[22.132009,60.31566]]],[[[22.38795,60.32095],[22.312836,60.32095],[22.350271,60.347846],[22.398204,60.355048],[22.401622,60.341376],[22.469005,60.331529],[22.477306,60.32095],[22.394786,60.293158],[22.367442,60.292955],[22.38795,60.32095]]],[[[21.979666,60.328599],[21.901378,60.327094],[21.901378,60.341376],[21.794119,60.373969],[21.792247,60.396959],[21.846039,60.409654],[21.79835,60.443793],[21.808116,60.466702],[21.832367,60.471137],[21.931977,60.423326],[21.950369,60.395982],[21.894542,60.395982],[21.950369,60.375556],[21.942231,60.368109],[21.988617,60.365912],[21.997569,60.355048],[21.96339,60.347602],[21.997569,60.341376],[21.979666,60.328599]]],[[[21.764171,60.525784],[21.687999,60.455308],[21.681651,60.464911],[21.714203,60.508612],[21.764171,60.525784]]],[[[21.32488,60.482082],[21.250255,60.49844],[21.26059,60.519721],[21.229177,60.559882],[21.278494,60.542304],[21.32488,60.482082]]],[[[21.410981,60.542914],[21.461925,60.539374],[21.48227,60.525784],[21.463145,60.525784],[21.463145,60.492255],[21.433604,60.489081],[21.442638,60.471137],[21.392263,60.489976],[21.360118,60.533189],[21.336111,60.519436],[21.325938,60.543158],[21.35255,60.561835],[21.394216,60.559882],[21.410981,60.542914]]],[[[21.281016,60.566352],[21.213878,60.61636],[21.259288,60.647528],[21.291189,60.615139],[21.278331,60.586127],[21.298676,60.567328],[21.281016,60.566352]]],[[[21.318126,60.880194],[21.202403,60.889472],[21.227794,60.899726],[21.298676,60.895697],[21.291189,60.90998],[21.312266,60.923],[21.243419,60.950873],[21.27003,60.967963],[21.304942,60.971381],[21.374278,60.930406],[21.327891,60.910142],[21.318126,60.880194]]],[[[21.415212,63.233466],[21.428396,63.198432],[21.377452,63.190131],[21.363943,63.193671],[21.380544,63.205878],[21.362804,63.206244],[21.291189,63.177924],[21.318533,63.164944],[21.301524,63.156155],[21.243419,63.150702],[21.188813,63.191596],[21.147227,63.182196],[21.133556,63.198432],[21.154552,63.205878],[21.102794,63.235989],[21.078949,63.287787],[21.120291,63.271959],[21.243419,63.280992],[21.195079,63.239407],[21.195079,63.225775],[21.209483,63.221381],[21.286794,63.211371],[21.297862,63.223049],[21.291189,63.239407],[21.355968,63.260728],[21.396332,63.260688],[21.42213,63.246812],[21.415212,63.233466]]],[[[21.315278,63.304023],[21.277517,63.301459],[21.229177,63.328803],[21.345958,63.363756],[21.374278,63.34927],[21.358246,63.31566],[21.318533,63.287787],[21.315278,63.304023]]],[[[25.033586,65.057512],[25.061818,65.04348],[25.028009,65.034619],[24.819657,65.04328],[24.801552,65.024266],[24.722367,65.003467],[24.750775,64.975966],[24.827322,64.972968],[24.734711,64.950914],[24.700694,64.958157],[24.710623,64.972968],[24.68393,64.996568],[24.658376,64.971991],[24.631602,64.967841],[24.562755,65.037177],[24.65419,65.080221],[24.834506,65.0948],[24.883096,65.086904],[24.896983,65.072415],[24.873013,65.065834],[24.882842,65.059139],[25.033586,65.057512]]],[[[23.923513,59.969306],[23.886078,59.947984],[23.847423,59.954657],[23.870291,59.972805],[23.923513,59.969306]]],[[[22.855154,60.055569],[22.926606,60.065375],[22.91684,60.049221],[22.880056,60.011054],[22.859548,60.01142],[22.855724,60.041327],[22.8838,60.048082],[22.855154,60.055569]]],[[[22.961681,60.104397],[22.946788,60.084703],[22.84547,60.082221],[22.873302,60.109849],[22.917003,60.125067],[22.950043,60.118638],[22.961681,60.104397]]],[[[21.962087,60.137885],[22.01238,60.122748],[21.987641,60.112047],[21.929942,60.124579],[21.962087,60.137885]]],[[[22.375011,60.204047],[22.38559,60.195258],[22.367931,60.177395],[22.319998,60.164049],[22.336925,60.148505],[22.288341,60.149848],[22.304535,60.188788],[22.375011,60.204047]]],[[[21.995779,60.287299],[21.972911,60.285346],[22.008311,60.297309],[21.995779,60.287299]]],[[[21.944591,60.277086],[21.884939,60.289496],[21.875336,60.304877],[21.973806,60.309312],[21.944591,60.277086]]],[[[22.299653,60.36758],[22.191091,60.341742],[22.157074,60.358303],[22.284923,60.374986],[22.299653,60.36758]]],[[[22.20753,60.375556],[22.112478,60.352932],[22.104259,60.354153],[22.137869,60.379096],[22.20753,60.375556]]],[[[21.352306,60.370429],[21.355317,60.351793],[21.294444,60.37051],[21.319835,60.391506],[21.352306,60.370429]]],[[[26.593435,60.44595],[26.649669,60.421536],[26.57309,60.405341],[26.548595,60.378363],[26.507172,60.403469],[26.574718,60.42178],[26.593435,60.44595]]],[[[22.007579,63.324897],[22.060802,63.302151],[22.046641,63.282172],[22.013845,63.277737],[22.004568,63.291164],[21.978282,63.280015],[21.989024,63.31037],[22.029959,63.308417],[22.007579,63.324897]]],[[[22.136485,63.250556],[22.079356,63.266303],[22.068696,63.283881],[22.088878,63.294623],[22.069184,63.318549],[22.110199,63.328925],[22.195649,63.30976],[22.231293,63.338813],[22.246267,63.307074],[22.208669,63.273261],[22.156505,63.28856],[22.114431,63.284166],[22.158539,63.274075],[22.157237,63.256537],[22.136485,63.250556]]],[[[21.948985,63.333808],[21.99643,63.384711],[22.096039,63.38349],[22.079438,63.376858],[22.076182,63.360053],[22.012706,63.363715],[21.984141,63.341132],[21.948985,63.333808]]],[[[22.823416,63.779242],[22.802094,63.738186],[22.782074,63.744818],[22.776052,63.728176],[22.739594,63.720526],[22.702891,63.736396],[22.681488,63.763414],[22.763845,63.791449],[22.823416,63.779242]]],[[[22.510265,59.876288],[22.443696,59.851467],[22.413829,59.861233],[22.457042,59.872992],[22.510265,59.876288]]],[[[21.586925,60.269355],[21.62672,60.25259],[21.601736,60.222561],[21.563487,60.226223],[21.586925,60.269355]]],[[[21.267345,60.85106],[21.263194,60.830268],[21.18629,60.856513],[21.206554,60.863186],[21.226573,60.847113],[21.267345,60.85106]]],[[[21.429373,61.173],[21.352387,61.176011],[21.342947,61.190619],[21.380056,61.214016],[21.391368,61.209621],[21.389171,61.192206],[21.429373,61.173]]],[[[21.523936,61.633124],[21.507823,61.618069],[21.459972,61.62934],[21.484548,61.640448],[21.523936,61.633124]]],[[[21.221934,62.951361],[21.146658,62.953274],[21.136485,62.967231],[21.150564,62.963568],[21.159353,62.975409],[21.130382,63.0008],[21.151622,63.010321],[21.207367,62.986151],[21.221934,62.951361]]]]}},{"type":"Feature","properties":{"name":"Luxembourg","iso":"LU","pop":619896},"geometry":{"type":"Polygon","coordinates":[[[6.117487,50.120456],[6.0994,50.064129],[6.109425,50.06356],[6.096403,50.048626],[6.113766,50.036378],[6.117177,50.004391],[6.161928,49.942482],[6.172677,49.956228],[6.189834,49.938297],[6.2227,49.887137],[6.286779,49.86104],[6.302592,49.834944],[6.334424,49.840215],[6.397056,49.808589],[6.462478,49.805488],[6.497205,49.799442],[6.502579,49.79567],[6.485526,49.733761],[6.499686,49.712212],[6.402741,49.655782],[6.417933,49.639142],[6.350754,49.566588],[6.345307,49.455349],[6.193554,49.499409],[6.13609,49.495275],[6.142601,49.486076],[6.107255,49.48251],[6.078006,49.452021],[5.9607,49.441324],[5.928144,49.482304],[5.839571,49.499874],[5.790685,49.537753],[5.8374,49.56111],[5.846909,49.576717],[5.829959,49.582763],[5.885459,49.643534],[5.879878,49.657745],[5.845772,49.666582],[5.857347,49.70043],[5.850216,49.714021],[5.805361,49.721876],[5.778489,49.773035],[5.727743,49.800217],[5.720198,49.824712],[5.736528,49.83944],[5.726916,49.845227],[5.731877,49.859955],[5.758129,49.858198],[5.714927,49.881866],[5.718958,49.891374],[5.76371,49.946823],[5.812596,49.977571],[5.802674,50.002479],[5.836367,50.01855],[5.83771,50.047437],[5.864375,50.067488],[5.872437,50.096892],[5.941063,50.128311],[5.96163,50.165621],[5.998321,50.174975],[6.014134,50.153581],[6.038628,50.148413],[6.084207,50.159317],[6.102604,50.124745],[6.117487,50.120456]]]}},{"type":"Feature","properties":{"name":"Belgium","iso":"BE","pop":11484055},"geometry":{"type":"Polygon","coordinates":[[[2.5218,51.087541],[3.124848,51.329657],[3.349415,51.375223],[3.353211,51.288602],[3.391658,51.24677],[3.501212,51.240284],[3.503383,51.273952],[3.514338,51.281031],[3.609526,51.290436],[3.776234,51.254521],[3.781402,51.219872],[3.808687,51.205325],[3.927026,51.206255],[4.168562,51.29687],[4.207939,51.330589],[4.221491,51.368001],[4.302989,51.296088],[4.296723,51.267564],[4.30836,51.271226],[4.330821,51.296088],[4.289317,51.309149],[4.283051,51.350084],[4.261068,51.369379],[4.345605,51.352293],[4.411234,51.356737],[4.416195,51.373971],[4.379918,51.409525],[4.38922,51.434588],[4.377128,51.442882],[4.429424,51.461976],[4.525232,51.475929],[4.533191,51.467583],[4.521512,51.428645],[4.630136,51.418206],[4.731215,51.485618],[4.778654,51.495359],[4.823922,51.475645],[4.822682,51.413685],[4.779067,51.426423],[4.762117,51.413375],[4.910325,51.391903],[4.957144,51.410997],[5.012128,51.474327],[5.027527,51.476807],[5.079927,51.438541],[5.065251,51.405907],[5.068145,51.37454],[5.102561,51.350665],[5.122922,51.313381],[5.197336,51.308342],[5.214906,51.294338],[5.215423,51.258733],[5.389056,51.258707],[5.493235,51.286535],[5.535197,51.26204],[5.545532,51.219924],[5.568373,51.207651],[5.659013,51.179074],[5.730844,51.18375],[5.781383,51.152409],[5.829132,51.156465],[5.840501,51.138921],[5.823241,51.118741],[5.845979,51.103393],[5.804948,51.096624],[5.811769,51.082309],[5.79885,51.061484],[5.771461,51.058125],[5.76402,51.035181],[5.777559,51.023553],[5.722369,50.959423],[5.76402,50.959423],[5.722369,50.911674],[5.622323,50.852659],[5.624493,50.830284],[5.700458,50.795557],[5.688366,50.76083],[5.706556,50.754216],[5.727846,50.754164],[5.752444,50.773439],[5.793165,50.752149],[5.99491,50.749927],[6.010826,50.737059],[6.01155,50.708534],[6.081003,50.713495],[6.100227,50.701299],[6.161102,50.642181],[6.147769,50.636755],[6.159448,50.622389],[6.249055,50.614431],[6.232932,50.587146],[6.160688,50.543583],[6.177328,50.530198],[6.170817,50.517951],[6.190557,50.515212],[6.182599,50.506582],[6.207197,50.486325],[6.255566,50.494593],[6.336905,50.481003],[6.323262,50.466016],[6.351167,50.433564],[6.337732,50.368089],[6.374525,50.315483],[6.285952,50.303856],[6.269415,50.286492],[6.271792,50.267424],[6.157174,50.222724],[6.146839,50.214042],[6.165132,50.181899],[6.123171,50.164898],[6.115833,50.145467],[6.129476,50.134047],[6.117487,50.120456],[6.102604,50.124745],[6.084207,50.159317],[6.038628,50.148413],[6.014134,50.153581],[5.998321,50.174975],[5.96163,50.165621],[5.941063,50.128311],[5.872437,50.096892],[5.864375,50.067488],[5.83771,50.047437],[5.836367,50.01855],[5.802674,50.002479],[5.812596,49.977571],[5.76371,49.946823],[5.718958,49.891374],[5.714927,49.881866],[5.758129,49.858198],[5.731877,49.859955],[5.726916,49.845227],[5.736528,49.83944],[5.720198,49.824712],[5.727743,49.800217],[5.778489,49.773035],[5.805361,49.721876],[5.850216,49.714021],[5.857347,49.70043],[5.845772,49.666582],[5.879878,49.657745],[5.885459,49.643534],[5.829959,49.582763],[5.846909,49.576717],[5.8374,49.56111],[5.790685,49.537753],[5.746346,49.549431],[5.710276,49.531086],[5.644647,49.543799],[5.602273,49.513723],[5.547599,49.523438],[5.477732,49.495223],[5.456132,49.498944],[5.450241,49.545762],[5.402078,49.602451],[5.334899,49.625809],[5.32167,49.61258],[5.297898,49.613252],[5.299449,49.662499],[5.259244,49.691335],[5.169431,49.687201],[5.081891,49.752727],[4.970993,49.797065],[4.884177,49.784146],[4.849037,49.794171],[4.849244,49.831585],[4.834878,49.85303],[4.860199,49.913337],[4.783925,49.958295],[4.826713,50.036017],[4.827229,50.064077],[4.84604,50.09069],[4.862886,50.084076],[4.871878,50.139783],[4.862679,50.147586],[4.820098,50.146449],[4.815551,50.161332],[4.788575,50.153374],[4.681915,50.083921],[4.672924,50.01638],[4.656697,49.989095],[4.464771,49.935609],[4.277599,49.960156],[4.201118,49.953024],[4.131665,49.974987],[4.137349,50.025061],[4.210006,50.06015],[4.180551,50.127226],[4.125774,50.128156],[4.152749,50.204534],[4.201325,50.241534],[4.197604,50.258484],[4.162774,50.272953],[4.143654,50.251611],[4.125257,50.25714],[4.097868,50.294812],[4.0033,50.34406],[3.895917,50.325301],[3.84021,50.345197],[3.755047,50.346334],[3.696859,50.298223],[3.661719,50.319307],[3.644356,50.445501],[3.608286,50.476507],[3.499145,50.48679],[3.486743,50.492681],[3.498008,50.511853],[3.477131,50.519863],[3.361066,50.489787],[3.271045,50.526943],[3.229808,50.65541],[3.24376,50.672102],[3.232391,50.695925],[3.188983,50.715097],[3.129245,50.779072],[3.103304,50.784085],[2.971425,50.757833],[2.886883,50.696648],[2.786734,50.723365],[2.691856,50.808838],[2.620439,50.816486],[2.586746,50.845425],[2.596668,50.867646],[2.576928,50.911519],[2.611654,50.941233],[2.60845,50.961128],[2.547059,51.020479],[2.5218,51.087541]]]}},{"type":"Feature","properties":{"name":"Georgia","iso":"GE","pop":3720382},"geometry":{"type":"Polygon","coordinates":[[[41.500173,42.64057],[41.457367,42.71369],[41.424327,42.739895],[41.307302,42.767646],[41.225352,42.802314],[41.150238,42.79564],[41.104747,42.846584],[41.081798,42.908149],[41.023123,42.989976],[40.958995,42.976386],[40.933767,42.982733],[40.855968,43.063056],[40.682872,43.094306],[40.591807,43.085639],[40.520193,43.127265],[40.398285,43.16234],[40.361176,43.165473],[40.335134,43.140855],[40.268403,43.216376],[40.272797,43.247992],[40.219086,43.319037],[40.133474,43.34162],[40.086925,43.370307],[39.985976,43.38899],[40.059187,43.535199],[40.096705,43.562639],[40.164297,43.575843],[40.23313,43.575765],[40.519624,43.505175],[40.651916,43.538971],[40.740179,43.495279],[40.874952,43.455643],[41.011791,43.375416],[41.146666,43.37986],[41.278751,43.333196],[41.350271,43.34335],[41.380657,43.334772],[41.41311,43.291286],[41.506128,43.25979],[41.577544,43.215296],[41.919332,43.205943],[42.043356,43.18057],[42.185363,43.225476],[42.354551,43.236018],[42.422867,43.22899],[42.534902,43.165067],[42.615207,43.13698],[42.673602,43.165893],[42.75153,43.176952],[42.829768,43.168761],[42.914827,43.121943],[43.000093,43.098662],[42.989758,43.05267],[42.998853,43.042206],[43.155588,42.942393],[43.517426,42.86046],[43.586259,42.835629],[43.662843,42.779845],[43.800613,42.746462],[43.811775,42.717265],[43.725682,42.6544],[43.722581,42.624867],[43.751107,42.598745],[43.885362,42.579211],[43.939726,42.55221],[44.055068,42.615307],[44.197384,42.629105],[44.272005,42.702382],[44.360682,42.703751],[44.508115,42.750286],[44.600977,42.749123],[44.679422,42.723672],[44.73637,42.677551],[44.773473,42.609648],[44.833676,42.734085],[44.85936,42.75951],[44.902974,42.753076],[45.029788,42.688765],[45.122961,42.702278],[45.155362,42.693261],[45.282693,42.586394],[45.32269,42.530118],[45.35597,42.519964],[45.47927,42.54234],[45.620657,42.530377],[45.698688,42.507587],[45.739616,42.471466],[45.62138,42.224478],[45.631405,42.201172],[45.811601,42.115492],[45.881364,42.102031],[45.947562,42.022914],[45.995156,42.033456],[46.02673,42.01679],[46.05846,42.02033],[46.074996,41.993484],[46.099181,41.985061],[46.224341,41.993484],[46.294156,41.93863],[46.406552,41.91504],[46.430892,41.890442],[46.371309,41.805692],[46.328314,41.766418],[46.297773,41.750812],[46.208321,41.755514],[46.188994,41.740141],[46.180002,41.655159],[46.192767,41.610174],[46.21969,41.593302],[46.2539,41.615911],[46.278394,41.578393],[46.29674,41.510387],[46.313948,41.493747],[46.445103,41.425948],[46.591554,41.372928],[46.607367,41.345023],[46.62287,41.349622],[46.657079,41.320631],[46.694803,41.269782],[46.674649,41.261669],[46.669482,41.229888],[46.64447,41.207977],[46.621113,41.114597],[46.601786,41.09403],[46.543546,41.097027],[46.522411,41.087002],[46.496779,41.044834],[46.47492,41.044111],[46.41265,41.09186],[46.332345,41.115889],[46.228578,41.195419],[46.135406,41.199915],[46.041613,41.165447],[45.969163,41.168289],[45.820748,41.208804],[45.709747,41.267715],[45.685872,41.29624],[45.74406,41.335359],[45.511826,41.39458],[45.464801,41.430185],[45.396794,41.423261],[45.281711,41.452923],[45.24962,41.4445],[44.955168,41.262702],[44.820706,41.273347],[44.801275,41.258516],[44.847061,41.230766],[44.857706,41.219346],[44.847784,41.208907],[44.674926,41.208494],[44.612863,41.223118],[44.551523,41.177023],[44.531008,41.181467],[44.516641,41.20684],[44.45494,41.180485],[44.344921,41.213248],[44.284976,41.190872],[44.180331,41.229939],[44.160074,41.1979],[44.124727,41.178056],[44.061269,41.184154],[43.955849,41.160486],[43.863245,41.158988],[43.754156,41.108241],[43.566622,41.124054],[43.450453,41.104676],[43.440428,41.106588],[43.451797,41.132581],[43.437586,41.156197],[43.383274,41.187203],[43.322606,41.19206],[43.230622,41.17263],[43.172021,41.242342],[43.103136,41.248801],[43.157241,41.26973],[43.18401,41.298979],[43.12391,41.312932],[43.002057,41.382695],[42.957719,41.437007],[42.888989,41.469976],[42.868008,41.500207],[42.829974,41.472508],[42.766516,41.504341],[42.806823,41.542995],[42.819949,41.572347],[42.800932,41.57922],[42.660992,41.588264],[42.585235,41.578755],[42.554952,41.550333],[42.535522,41.493489],[42.463072,41.431839],[42.262464,41.482327],[42.18929,41.481707],[42.158387,41.499897],[42.069401,41.498605],[42.019585,41.485066],[41.947961,41.505581],[41.894011,41.485531],[41.812982,41.421814],[41.760996,41.453543],[41.706839,41.463155],[41.702601,41.489045],[41.63997,41.47871],[41.520763,41.514228],[41.615733,41.632636],[41.676036,41.662177],[41.739757,41.749905],[41.743907,41.778632],[41.773936,41.821601],[41.773936,41.906928],[41.755707,42.006415],[41.664073,42.113959],[41.649181,42.212226],[41.596202,42.349433],[41.554861,42.389838],[41.500173,42.64057]]]}},{"type":"Feature","properties":{"name":"North Macedonia","iso":"MK","pop":2083459},"geometry":{"type":"Polygon","coordinates":[[[20.567147,41.873182],[20.61872,41.850522],[20.643422,41.873647],[20.681456,41.84401],[20.723313,41.866619],[20.750495,41.906797],[20.741814,41.970773],[20.755353,42.042784],[20.784912,42.082032],[21.003916,42.141951],[21.098484,42.195953],[21.164423,42.16704],[21.237804,42.097354],[21.28886,42.089706],[21.301263,42.10061],[21.294958,42.148979],[21.353766,42.215977],[21.384255,42.224943],[21.429834,42.215848],[21.419912,42.240058],[21.436345,42.24688],[21.467557,42.235123],[21.48151,42.247784],[21.676886,42.234945],[21.8172,42.305145],[21.88438,42.309512],[21.929028,42.335117],[22.060906,42.301088],[22.233402,42.348889],[22.268852,42.370335],[22.276914,42.341241],[22.307609,42.31933],[22.345023,42.313439],[22.443622,42.214427],[22.481449,42.193317],[22.531058,42.129109],[22.718437,42.044463],[22.780862,42.043171],[22.798949,42.021235],[22.838223,42.019478],[22.880804,41.872691],[22.901372,41.860418],[22.939716,41.776702],[22.991185,41.760992],[23.008859,41.739934],[23.009582,41.71637],[22.967001,41.647046],[22.940852,41.63764],[22.932998,41.612345],[22.948707,41.560978],[22.954598,41.432408],[22.937339,41.410755],[22.940852,41.349829],[22.916978,41.335773],[22.780966,41.334894],[22.751303,41.315205],[22.727222,41.165809],[22.704898,41.139661],[22.64454,41.180227],[22.629347,41.177074],[22.624489,41.152631],[22.590176,41.125139],[22.451477,41.113667],[22.380163,41.131702],[22.308746,41.124984],[22.302649,41.1455],[22.205807,41.161416],[22.103384,41.121522],[22.048194,41.151856],[21.909081,41.097493],[21.894301,41.053826],[21.783714,40.964167],[21.765524,40.923911],[21.685115,40.927994],[21.6569,40.918227],[21.648838,40.895799],[21.623724,40.894404],[21.581556,40.866292],[21.55365,40.870426],[21.509519,40.900502],[21.404926,40.908615],[21.344878,40.873062],[21.295372,40.860866],[21.183027,40.870168],[21.112127,40.853942],[20.965262,40.849394],[20.956684,40.894766],[20.939941,40.907065],[20.837415,40.924066],[20.766102,40.893732],[20.717216,40.913214],[20.65386,41.075272],[20.576966,41.093513],[20.565494,41.147412],[20.500071,41.23552],[20.481674,41.341199],[20.49604,41.337788],[20.523429,41.356805],[20.540172,41.400678],[20.522189,41.42569],[20.490873,41.436025],[20.483535,41.46548],[20.452012,41.493592],[20.444157,41.549661],[20.507409,41.56227],[20.534694,41.585266],[20.508339,41.661748],[20.500381,41.734095],[20.550921,41.793522],[20.541722,41.86158],[20.567147,41.873182]]]}},{"type":"Feature","properties":{"name":"Albania","iso":"AL","pop":2854191},"geometry":{"type":"Polygon","coordinates":[[[20.541722,41.86158],[20.550921,41.793522],[20.500381,41.734095],[20.508339,41.661748],[20.534694,41.585266],[20.507409,41.56227],[20.444157,41.549661],[20.452012,41.493592],[20.483535,41.46548],[20.490873,41.436025],[20.522189,41.42569],[20.540172,41.400678],[20.523429,41.356805],[20.49604,41.337788],[20.481674,41.341199],[20.500071,41.23552],[20.565494,41.147412],[20.576966,41.093513],[20.65386,41.075272],[20.717216,40.913214],[20.766102,40.893732],[20.837415,40.924066],[20.956684,40.894766],[20.967019,40.802007],[20.943662,40.765265],[21.018593,40.690902],[21.036679,40.639743],[21.013528,40.548896],[20.957924,40.514944],[20.93684,40.472518],[20.911932,40.459547],[20.839999,40.471639],[20.8092,40.436603],[20.770649,40.421978],[20.770442,40.36255],[20.736646,40.303639],[20.699129,40.278369],[20.696442,40.215066],[20.68528,40.191191],[20.660372,40.178892],[20.668226,40.138068],[20.647556,40.09404],[20.577793,40.067271],[20.432789,40.063809],[20.400439,40.045257],[20.376461,39.993736],[20.297913,39.986914],[20.317964,39.918391],[20.397028,39.818087],[20.371604,39.784291],[20.280033,39.80398],[20.275692,39.760055],[20.296466,39.71737],[20.249027,39.684814],[20.24603,39.662903],[20.212027,39.667037],[20.199935,39.640062],[20.184122,39.637013],[20.089347,39.682799],[20.01607,39.701402],[19.989024,39.686713],[19.98699,39.717963],[20.002696,39.748236],[19.980642,39.75731],[20.014171,39.832953],[20.009776,39.865668],[19.906423,39.90644],[19.941173,39.940009],[19.863455,40.045356],[19.807384,40.052883],[19.777354,40.077786],[19.770518,40.063463],[19.732677,40.110256],[19.653168,40.132392],[19.476248,40.21369],[19.381114,40.295233],[19.344249,40.374335],[19.289561,40.420396],[19.316173,40.437812],[19.348155,40.43065],[19.39324,40.386298],[19.423595,40.330024],[19.474946,40.348375],[19.47877,40.453925],[19.418793,40.491889],[19.391368,40.521796],[19.386404,40.54328],[19.398611,40.520941],[19.433604,40.505927],[19.446056,40.511135],[19.4546,40.55386],[19.415701,40.583482],[19.391612,40.578315],[19.386404,40.550727],[19.304373,40.653144],[19.360525,40.709784],[19.368826,40.802151],[19.406749,40.820746],[19.39324,40.844916],[19.414236,40.868842],[19.381196,40.908271],[19.440929,40.948635],[19.427013,40.936835],[19.435395,40.913398],[19.427257,40.87226],[19.437836,40.886542],[19.440929,40.87226],[19.523448,40.92064],[19.525157,40.945258],[19.495453,41.002631],[19.479666,40.953925],[19.453868,40.923977],[19.447765,40.934312],[19.477224,40.975002],[19.474946,40.995795],[19.440603,41.020657],[19.456391,41.106676],[19.441905,41.143866],[19.463715,41.151313],[19.468761,41.187567],[19.516612,41.256415],[19.488048,41.306464],[19.418956,41.322577],[19.414236,41.382799],[19.39324,41.41352],[19.406423,41.400377],[19.428722,41.401313],[19.44516,41.415188],[19.440929,41.440863],[19.489268,41.466132],[19.516612,41.513414],[19.514171,41.529975],[19.468028,41.554267],[19.440929,41.585395],[19.528087,41.576565],[19.565196,41.58511],[19.584809,41.619574],[19.596039,41.602729],[19.612966,41.605292],[19.600108,41.639106],[19.591645,41.632636],[19.557628,41.660549],[19.578136,41.687649],[19.5713,41.770413],[19.589529,41.765692],[19.598969,41.778713],[19.591645,41.818793],[19.432953,41.868598],[19.365082,41.852362],[19.364947,41.888995],[19.34531,41.910337],[19.346447,41.961548],[19.365774,41.969713],[19.371045,41.98656],[19.350581,42.027823],[19.372491,42.104253],[19.272033,42.180682],[19.400397,42.325893],[19.412076,42.368397],[19.517806,42.45803],[19.549328,42.508595],[19.588086,42.532857],[19.621779,42.604997],[19.699293,42.654814],[19.722134,42.64608],[19.746009,42.5989],[19.73433,42.524382],[19.75159,42.493402],[19.784456,42.474566],[19.819596,42.466479],[19.907549,42.506399],[19.981757,42.510765],[20.039221,42.557765],[20.152599,42.493712],[20.204689,42.420099],[20.192803,42.393693],[20.218848,42.371446],[20.237762,42.319924],[20.333363,42.317883],[20.481674,42.230705],[20.538622,42.150116],[20.552161,42.07379],[20.59929,41.960567],[20.562496,41.900105],[20.567147,41.873182],[20.541722,41.86158]]]}},{"type":"Feature","properties":{"name":"Azerbaijan","iso":"AZ","pop":10023318},"geometry":{"type":"MultiPolygon","coordinates":[[[[45.018885,41.07491],[45.029995,41.046281],[45.015732,41.023234],[44.979456,41.032639],[44.960697,41.059924],[44.979456,41.082041],[45.018885,41.07491]]],[[[45.0024,41.290452],[45.24962,41.4445],[45.281711,41.452923],[45.396794,41.423261],[45.464801,41.430185],[45.511826,41.39458],[45.74406,41.335359],[45.685872,41.29624],[45.709747,41.267715],[45.820748,41.208804],[46.017428,41.163793],[46.113133,41.19604],[46.210595,41.200174],[46.332345,41.115889],[46.41265,41.09186],[46.456988,41.052431],[46.496779,41.044834],[46.522411,41.087002],[46.543546,41.097027],[46.601786,41.09403],[46.621113,41.114597],[46.64447,41.207977],[46.669482,41.229888],[46.674649,41.261669],[46.694803,41.269782],[46.688499,41.284355],[46.631034,41.345539],[46.607367,41.345023],[46.591554,41.372928],[46.445103,41.425948],[46.313948,41.493747],[46.29674,41.510387],[46.278394,41.578393],[46.2539,41.615911],[46.21969,41.593302],[46.192767,41.610174],[46.180002,41.655159],[46.188994,41.740141],[46.208321,41.755514],[46.313741,41.756651],[46.371309,41.805692],[46.430892,41.890442],[46.543546,41.874293],[46.544321,41.814761],[46.567576,41.786675],[46.740795,41.851245],[46.769114,41.77572],[46.834795,41.730245],[46.902232,41.712752],[46.915978,41.680945],[47.003932,41.60542],[47.027031,41.556948],[47.107491,41.569919],[47.141391,41.5524],[47.159323,41.503514],[47.187073,41.485634],[47.239059,41.415716],[47.24092,41.338925],[47.268411,41.302803],[47.375588,41.259447],[47.500955,41.246321],[47.547309,41.205651],[47.622498,41.229061],[47.743731,41.192681],[47.828739,41.198417],[47.894627,41.219294],[47.892146,41.283269],[47.929456,41.313552],[47.953228,41.355771],[48.001648,41.362076],[48.053532,41.461295],[48.201843,41.493489],[48.393046,41.598883],[48.455419,41.714406],[48.578949,41.845282],[48.655447,41.800605],[48.777843,41.68301],[48.797618,41.643134],[48.865896,41.585395],[48.904063,41.523383],[48.941173,41.504625],[48.994477,41.440416],[49.042491,41.414374],[49.135916,41.27497],[49.154307,41.166449],[49.178477,41.128852],[49.195486,41.057278],[49.382009,40.866645],[49.448741,40.831285],[49.471039,40.835761],[49.538829,40.788072],[49.509532,40.699042],[49.53891,40.653998],[49.58961,40.62519],[49.652599,40.619208],[49.723806,40.580756],[49.816742,40.565375],[49.938162,40.58747],[50.052013,40.584296],[50.109386,40.527086],[50.237559,40.496161],[50.27589,40.436591],[50.317393,40.42121],[50.350597,40.385891],[50.391124,40.235012],[50.387869,40.221137],[50.32309,40.296576],[50.229991,40.34276],[50.127696,40.358954],[50.055186,40.351508],[49.983735,40.324205],[49.955821,40.351508],[49.893403,40.369045],[49.840343,40.337836],[49.847179,40.314154],[49.819021,40.29206],[49.577159,40.216742],[49.492524,40.153998],[49.496593,40.09455],[49.442638,40.078437],[49.432628,40.062974],[49.448741,40.022528],[49.483897,39.988674],[49.435395,39.957668],[49.423676,39.935492],[49.443126,39.873358],[49.416515,39.843736],[49.421397,39.810248],[49.394786,39.782457],[49.396332,39.756171],[49.423595,39.70954],[49.383962,39.690131],[49.318044,39.621405],[49.284923,39.522203],[49.295746,39.476711],[49.408946,39.38642],[49.397309,39.34516],[49.407074,39.323676],[49.366873,39.350979],[49.407074,39.289496],[49.306407,39.346503],[49.273123,39.336575],[49.247325,39.310696],[49.237071,39.278957],[49.237804,39.169501],[49.203298,39.034125],[49.193858,39.016343],[49.079275,38.963324],[49.051524,38.981024],[49.055837,39.007514],[49.125499,39.028144],[49.147716,39.083441],[49.116384,39.110297],[49.068614,39.111396],[49.05893,39.172797],[49.041189,39.184394],[48.967621,39.183824],[48.946951,39.127509],[48.934825,39.124416],[48.936371,39.053127],[48.952647,39.031643],[48.921723,38.935452],[48.867931,38.863837],[48.831798,38.871161],[48.834727,38.819281],[48.863129,38.756659],[48.874278,38.434068],[48.777725,38.444812],[48.683209,38.398019],[48.607865,38.395978],[48.433715,38.569972],[48.415267,38.618109],[48.310312,38.600151],[48.228043,38.662189],[48.222979,38.721462],[48.077974,38.780941],[48.012966,38.821559],[47.993122,38.850085],[47.990745,38.891219],[48.052446,38.927909],[48.058544,38.948373],[48.243184,38.973875],[48.293672,39.004597],[48.306798,39.045396],[48.271296,39.108312],[48.199104,39.138232],[48.142157,39.181201],[48.104329,39.234841],[48.10619,39.26918],[48.153525,39.319048],[48.33894,39.378941],[48.288608,39.445035],[48.052033,39.650087],[47.971418,39.704554],[47.957258,39.707345],[47.922945,39.684142],[47.823106,39.680318],[47.745282,39.623784],[47.606995,39.563581],[47.54116,39.51516],[47.406904,39.476816],[47.291356,39.379613],[47.10222,39.308403],[47.020468,39.18996],[46.953754,39.16066],[46.898718,39.171744],[46.866162,39.165362],[46.806011,39.102395],[46.773765,39.085367],[46.744826,39.040254],[46.65217,38.992944],[46.585352,38.907704],[46.514039,38.882176],[46.475075,38.95106],[46.494609,39.025526],[46.491921,39.081905],[46.479312,39.114771],[46.396268,39.164432],[46.395286,39.19518],[46.418334,39.211923],[46.514142,39.184431],[46.602612,39.215489],[46.517656,39.278844],[46.49528,39.324009],[46.374616,39.378838],[46.36087,39.410257],[46.373996,39.435992],[46.405725,39.451185],[46.491405,39.466429],[46.492025,39.510199],[46.518276,39.525444],[46.524271,39.554641],[46.495435,39.575932],[46.396423,39.576655],[46.343713,39.618616],[46.309504,39.620528],[46.206461,39.587921],[46.18424,39.593243],[46.131685,39.652154],[46.045127,39.687553],[46.006576,39.747911],[45.97924,39.768478],[45.861882,39.804548],[45.816821,39.839171],[45.742768,39.940509],[45.579419,39.970171],[45.576267,39.993891],[45.63957,40.025413],[45.803901,40.004484],[45.873768,40.009755],[45.894025,40.029082],[45.909528,40.082671],[45.962961,40.141685],[45.97924,40.223592],[45.93919,40.260283],[45.861676,40.261265],[45.818371,40.2978],[45.585413,40.398724],[45.526192,40.441047],[45.48542,40.505281],[45.455447,40.523626],[45.444647,40.566362],[45.387803,40.609512],[45.37354,40.632715],[45.373643,40.675296],[45.39881,40.708937],[45.555855,40.776582],[45.58221,40.799371],[45.599159,40.862675],[45.537871,40.875904],[45.47927,40.929906],[45.416432,40.961325],[45.419119,41.017342],[45.312562,40.99662],[45.221611,41.014449],[45.120016,41.079613],[45.111024,41.049537],[45.070044,41.062094],[45.057177,41.078786],[45.067822,41.110928],[45.166731,41.107776],[45.201044,41.126741],[45.186781,41.156869],[45.134433,41.187875],[45.034853,41.197693],[45.0394,41.23118],[45.0024,41.290452]],[[45.547173,40.621553],[45.560712,40.647649],[45.534667,40.658915],[45.491776,40.657106],[45.471312,40.629873],[45.47927,40.609822],[45.513687,40.601967],[45.547173,40.621553]]],[[[46.135871,38.863701],[45.716878,38.954781],[45.530843,38.969276],[45.438601,39.004235],[45.425268,39.025629],[45.434518,39.052785],[45.396381,39.073327],[45.379328,39.111154],[45.345273,39.138439],[45.348219,39.163916],[45.311115,39.176292],[45.311115,39.200528],[45.283106,39.193061],[45.178927,39.219829],[45.152727,39.213525],[45.135828,39.278482],[45.096038,39.341114],[45.006379,39.417957],[44.957028,39.434493],[44.961627,39.453769],[44.928399,39.488237],[44.886438,39.605956],[44.865354,39.617583],[44.872279,39.625076],[44.809647,39.636962],[44.774559,39.702797],[44.927159,39.724708],[45.033509,39.77039],[45.067512,39.757213],[45.151538,39.667709],[45.148334,39.57526],[45.16792,39.565545],[45.204765,39.572314],[45.259955,39.599703],[45.312975,39.533815],[45.374884,39.525857],[45.434828,39.488857],[45.586447,39.545391],[45.714656,39.569472],[45.788088,39.548957],[45.803075,39.448188],[45.758633,39.369484],[45.767004,39.354395],[45.823745,39.343078],[45.985802,39.24944],[45.986009,39.234686],[45.955107,39.203241],[45.958104,39.151513],[46.02549,39.063767],[46.07758,38.950492],[46.135871,38.863701]]],[[[45.186781,40.970834],[45.183784,40.997912],[45.220474,40.97905],[45.209932,40.967991],[45.186781,40.970834]]],[[[50.618907,40.299994],[50.572765,40.310045],[50.565278,40.337836],[50.606944,40.337836],[50.621267,40.326077],[50.618907,40.299994]]],[[[50.396251,40.408515],[50.353689,40.399888],[50.358653,40.424221],[50.32602,40.458075],[50.326427,40.481879],[50.353689,40.480658],[50.395274,40.420396],[50.396251,40.408515]]]]}},{"type":"Feature","properties":{"name":"Kosovo","iso":"XK","pop":1794248},"geometry":{"type":"Polygon","coordinates":[[[20.077048,42.55991],[20.075704,42.603085],[20.10392,42.653108],[20.024751,42.723414],[20.034673,42.751423],[20.076325,42.773437],[20.183398,42.742508],[20.208409,42.763282],[20.209236,42.791704],[20.226083,42.806768],[20.4763,42.855525],[20.498831,42.877875],[20.488909,42.899191],[20.450979,42.922032],[20.459454,42.950015],[20.476403,42.966371],[20.530457,42.975156],[20.562393,43.009495],[20.596396,43.007092],[20.664919,43.085407],[20.669157,43.109799],[20.632053,43.117266],[20.620581,43.133337],[20.600117,43.173826],[20.604044,43.197959],[20.666986,43.209663],[20.745328,43.252865],[20.79442,43.263071],[20.838449,43.245863],[20.8647,43.217337],[20.839999,43.212092],[20.838552,43.170467],[21.005157,43.099128],[21.092593,43.090678],[21.124012,43.058277],[21.147887,42.992622],[21.165354,42.985103],[21.209795,42.995878],[21.225298,42.973554],[21.23243,42.910896],[21.260542,42.886556],[21.40844,42.846998],[21.378674,42.744136],[21.565226,42.720184],[21.629408,42.672203],[21.687389,42.686827],[21.738652,42.68215],[21.764387,42.669619],[21.772758,42.647501],[21.734725,42.624247],[21.718291,42.591019],[21.727697,42.574147],[21.717671,42.551151],[21.618969,42.449245],[21.617419,42.386639],[21.51603,42.341939],[21.514893,42.317832],[21.564066,42.246289],[21.499287,42.238663],[21.48151,42.247784],[21.467557,42.235123],[21.436345,42.24688],[21.419912,42.240058],[21.429834,42.215848],[21.366788,42.223858],[21.294958,42.148979],[21.299299,42.091411],[21.237804,42.097354],[21.164423,42.16704],[21.098484,42.195953],[21.003916,42.141951],[20.784912,42.082032],[20.765378,42.064333],[20.743054,41.993484],[20.750495,41.906797],[20.723313,41.866619],[20.681456,41.84401],[20.643422,41.873647],[20.602391,41.849876],[20.567147,41.873182],[20.562496,41.900105],[20.59929,41.960567],[20.552161,42.07379],[20.549371,42.123476],[20.500795,42.211223],[20.456973,42.250497],[20.333363,42.317883],[20.237762,42.319924],[20.218848,42.371446],[20.192803,42.393693],[20.199728,42.427799],[20.135546,42.509629],[20.064956,42.546758],[20.077048,42.55991]]]}},{"type":"Feature","properties":{"name":"Turkey","iso":"TR","pop":83429615},"geometry":{"type":"MultiPolygon","coordinates":[[[[43.436294,41.08323],[43.460479,41.022872],[43.565433,40.988145],[43.636178,40.933523],[43.659536,40.851978],[43.720618,40.762888],[43.729351,40.677105],[43.699534,40.634575],[43.707182,40.611941],[43.664807,40.574062],[43.652508,40.529414],[43.631476,40.536855],[43.638969,40.522592],[43.5937,40.509001],[43.559491,40.477892],[43.625326,40.42017],[43.594217,40.345445],[43.675969,40.265967],[43.691369,40.23863],[43.673075,40.227727],[43.721393,40.169384],[43.652508,40.138998],[43.665427,40.110163],[43.912131,40.024328],[44.032433,40.008618],[44.10447,40.035955],[44.135476,40.022313],[44.255262,40.043397],[44.325645,40.034663],[44.464345,39.97229],[44.522171,39.933533],[44.591056,39.857827],[44.598187,39.831007],[44.611519,39.837311],[44.647693,39.805117],[44.692031,39.793024],[44.784325,39.69024],[44.806993,39.639902],[44.646504,39.719541],[44.590435,39.771527],[44.565734,39.765894],[44.459487,39.698457],[44.457627,39.638719],[44.414012,39.560894],[44.404814,39.43439],[44.387967,39.414495],[44.29495,39.381215],[44.176507,39.411549],[44.061372,39.400284],[44.014863,39.374084],[44.047213,39.33791],[44.069434,39.287009],[44.082663,39.235668],[44.077702,39.200063],[44.186636,39.145131],[44.194801,39.120533],[44.169893,39.07436],[44.179143,39.034931],[44.139197,38.993952],[44.151961,38.964625],[44.174647,38.945763],[44.205756,38.875664],[44.275002,38.843573],[44.279808,38.814221],[44.248648,38.721824],[44.260481,38.679242],[44.244307,38.658959],[44.282547,38.645394],[44.297017,38.622321],[44.289524,38.382258],[44.363369,38.36461],[44.409051,38.381793],[44.438817,38.367556],[44.458764,38.338333],[44.43675,38.29694],[44.372413,38.249501],[44.376702,38.201545],[44.360579,38.147853],[44.327092,38.128397],[44.33381,38.10088],[44.29588,38.07902],[44.227564,37.98099],[44.225496,37.929314],[44.202087,37.897171],[44.219605,37.875312],[44.319238,37.876862],[44.367142,37.860222],[44.4044,37.809735],[44.433029,37.806117],[44.43644,37.767799],[44.506461,37.779349],[44.559378,37.752012],[44.59612,37.716381],[44.588162,37.693979],[44.54527,37.663025],[44.540878,37.632717],[44.583511,37.601091],[44.587438,37.584012],[44.56992,37.514404],[44.579273,37.476964],[44.565941,37.447173],[44.572142,37.430791],[44.638184,37.412601],[44.661646,37.375653],[44.698026,37.380045],[44.721384,37.343277],[44.801585,37.292686],[44.798485,37.260311],[44.753526,37.215326],[44.772336,37.161247],[44.766135,37.14192],[44.733786,37.167242],[44.610279,37.178352],[44.539379,37.143677],[44.454423,37.076343],[44.343112,37.042443],[44.306628,36.977227],[44.284821,36.969166],[44.234281,36.983661],[44.180021,37.087608],[44.18922,37.129208],[44.248337,37.16967],[44.235005,37.236772],[44.184465,37.279173],[44.088037,37.31116],[43.990369,37.312504],[43.89363,37.224912],[43.809398,37.199694],[43.746921,37.230648],[43.594217,37.22946],[43.529518,37.253903],[43.479599,37.243361],[43.336145,37.32023],[43.270309,37.30868],[43.114815,37.371131],[43.043501,37.360253],[42.937048,37.320152],[42.814058,37.346817],[42.801139,37.36909],[42.780468,37.375498],[42.715666,37.355292],[42.561257,37.146623],[42.545237,37.140887],[42.357238,37.109984],[42.354551,37.15241],[42.335328,37.171169],[42.353208,37.227031],[42.346696,37.239769],[42.292023,37.285064],[42.267218,37.274522],[42.22319,37.288139],[42.211201,37.324906],[42.052968,37.196645],[42.009249,37.175613],[41.479773,37.075568],[41.20134,37.064974],[40.896449,37.122696],[40.708967,37.100476],[40.525722,37.025881],[40.413894,37.004022],[40.190136,36.884416],[39.765252,36.742151],[39.239599,36.661278],[39.185856,36.659521],[39.03217,36.701172],[38.795389,36.686651],[38.725005,36.693937],[38.66413,36.719517],[38.529358,36.833722],[38.479956,36.855736],[38.224261,36.908394],[38.122975,36.884623],[38.007943,36.825764],[37.819738,36.760548],[37.654063,36.732126],[37.446117,36.634199],[37.241892,36.65859],[37.156109,36.643914],[37.104432,36.650994],[37.053066,36.619936],[37.014515,36.642261],[37.018443,36.706649],[36.964699,36.75383],[36.639861,36.828089],[36.643272,36.803646],[36.603274,36.746957],[36.569271,36.620143],[36.565344,36.5325],[36.531237,36.479015],[36.552735,36.408166],[36.593352,36.373492],[36.577643,36.332874],[36.648646,36.305899],[36.67004,36.237324],[36.593456,36.2181],[36.480181,36.225542],[36.450726,36.19991],[36.398119,36.20823],[36.373004,36.227609],[36.361429,36.218152],[36.375795,36.20451],[36.358638,36.166992],[36.358018,35.99398],[36.336727,35.988244],[36.29735,36.000749],[36.277506,35.994187],[36.269031,35.958736],[36.196891,35.951708],[36.174877,35.922666],[36.157617,35.822569],[36.138497,35.819779],[36.05075,35.865409],[36.003931,35.869181],[35.980263,35.926852],[35.911305,35.91775],[35.976736,36.000963],[35.975434,36.0185],[35.948416,36.087836],[35.787364,36.304267],[35.824474,36.36107],[35.856781,36.369778],[35.873546,36.397691],[35.908458,36.418158],[35.918712,36.448188],[35.990245,36.479641],[36.044932,36.537665],[36.178722,36.59634],[36.211192,36.642401],[36.202485,36.769192],[36.188975,36.801744],[36.09547,36.897121],[36.020274,36.926337],[35.985037,36.915595],[35.805431,36.775092],[35.684093,36.764635],[35.647716,36.753974],[35.613536,36.719875],[35.618175,36.731635],[35.6067,36.740383],[35.573009,36.70067],[35.579438,36.685126],[35.594493,36.701728],[35.616873,36.696234],[35.619802,36.712388],[35.634044,36.699368],[35.634044,36.726711],[35.648123,36.733222],[35.664806,36.712388],[35.709158,36.719875],[35.622569,36.680732],[35.608653,36.646877],[35.695567,36.706204],[35.65797,36.675198],[35.623546,36.602525],[35.55714,36.58747],[35.490001,36.613918],[35.478689,36.598538],[35.531016,36.582709],[35.445486,36.59634],[35.346039,36.541083],[35.32016,36.564683],[34.98227,36.720771],[34.900401,36.719875],[34.907888,36.740383],[34.85255,36.781317],[34.770763,36.816067],[34.692882,36.81387],[34.554698,36.767646],[34.533865,36.740383],[34.415212,36.662909],[34.276215,36.586982],[34.177745,36.473375],[34.077322,36.413886],[34.077891,36.328843],[33.999766,36.302924],[33.958995,36.213568],[33.941417,36.213365],[33.950938,36.237698],[33.930919,36.290473],[33.871104,36.314887],[33.811046,36.267401],[33.824718,36.259914],[33.799083,36.230658],[33.742849,36.213365],[33.705251,36.181708],[33.688243,36.13703],[33.647227,36.192572],[33.619884,36.185452],[33.552257,36.127509],[33.530528,36.130805],[33.5442,36.144477],[33.458263,36.158149],[33.386485,36.13703],[33.326834,36.150092],[33.30836,36.132229],[33.212413,36.124091],[33.156912,36.13703],[33.134044,36.131781],[33.087738,36.082831],[32.940929,36.103502],[32.865245,36.071845],[32.803722,36.027167],[32.670665,36.046698],[32.567882,36.096096],[32.513438,36.103013],[32.365489,36.177965],[32.318696,36.228583],[32.287283,36.244818],[32.276134,36.287828],[32.192149,36.358385],[32.174327,36.402411],[32.132091,36.438666],[32.102061,36.486151],[32.018809,36.546536],[31.90797,36.562649],[31.862478,36.58869],[31.816742,36.589504],[31.769054,36.610012],[31.736583,36.642279],[31.703461,36.643622],[31.627615,36.670844],[31.596202,36.695705],[31.378591,36.767646],[31.376313,36.791938],[31.340831,36.80858],[30.939708,36.857001],[30.77589,36.849555],[30.686534,36.891181],[30.601736,36.838121],[30.569835,36.781317],[30.565766,36.700181],[30.576671,36.6789],[30.556163,36.637885],[30.576671,36.589504],[30.583507,36.59634],[30.569835,36.528022],[30.520844,36.489732],[30.47462,36.401597],[30.476329,36.384223],[30.501638,36.363593],[30.494151,36.349311],[30.519867,36.341864],[30.47877,36.30858],[30.466807,36.287828],[30.487966,36.287828],[30.427419,36.226386],[30.398611,36.205959],[30.400401,36.248114],[30.384288,36.274237],[30.360525,36.268622],[30.254568,36.308295],[30.158539,36.298651],[30.144705,36.25434],[30.131033,36.274237],[30.124766,36.246894],[30.110606,36.25434],[30.110606,36.240058],[30.048188,36.258775],[30.034841,36.25434],[30.055919,36.246894],[29.988455,36.21776],[29.916515,36.219062],[29.830089,36.185452],[29.836925,36.177965],[29.802582,36.17182],[29.82309,36.164984],[29.779552,36.13935],[29.761729,36.13703],[29.775401,36.158149],[29.754893,36.150702],[29.719249,36.162665],[29.672374,36.123358],[29.668224,36.143785],[29.633962,36.15705],[29.623871,36.177965],[29.63738,36.172431],[29.6421,36.186957],[29.583507,36.185452],[29.623871,36.199123],[29.494477,36.211005],[29.43214,36.240058],[29.420421,36.230618],[29.411632,36.267401],[29.381602,36.263902],[29.34962,36.232611],[29.23463,36.324286],[29.174978,36.33983],[29.158458,36.356757],[29.144705,36.349311],[29.144705,36.377183],[29.096365,36.390937],[29.130382,36.411363],[29.124197,36.453599],[29.096365,36.473456],[29.124278,36.493313],[29.114919,36.55268],[29.096365,36.547919],[29.084321,36.560248],[29.014415,36.547919],[29.036876,36.561469],[29.020518,36.589504],[29.041759,36.624254],[29.055837,36.614244],[29.096365,36.64411],[29.090587,36.627102],[29.116873,36.634223],[29.096365,36.665229],[28.956309,36.727525],[28.938975,36.751288],[28.89088,36.712388],[28.897716,36.699368],[28.863536,36.692572],[28.862478,36.667914],[28.849946,36.665229],[28.870372,36.63052],[28.888031,36.648424],[28.884044,36.671454],[28.901703,36.658271],[28.863536,36.616848],[28.86964,36.606635],[28.828868,36.602525],[28.818614,36.620795],[28.84254,36.637885],[28.805024,36.65526],[28.787852,36.650946],[28.782725,36.677395],[28.746349,36.697699],[28.701671,36.705064],[28.664887,36.692572],[28.649181,36.718329],[28.623383,36.699368],[28.603526,36.733547],[28.61671,36.766995],[28.603526,36.794989],[28.610362,36.816067],[28.59669,36.794989],[28.575857,36.819525],[28.546153,36.823432],[28.524425,36.8133],[28.527843,36.788764],[28.486827,36.801744],[28.500499,36.816067],[28.456065,36.828518],[28.452647,36.849555],[28.466319,36.853339],[28.451996,36.883612],[28.436209,36.864732],[28.37672,36.854438],[28.390636,36.835924],[28.424815,36.829088],[28.396007,36.789496],[28.314952,36.816067],[28.314952,36.794989],[28.278168,36.796454],[28.278331,36.814154],[28.314952,36.829088],[28.273123,36.851996],[28.257172,36.846177],[28.236664,36.813218],[28.253429,36.788764],[28.248871,36.766832],[28.288585,36.74258],[28.295095,36.719875],[28.267263,36.730902],[28.246593,36.712388],[28.233572,36.719875],[28.225434,36.706204],[28.233572,36.699368],[28.162283,36.672675],[28.111501,36.604193],[28.088145,36.589057],[28.061697,36.59634],[28.035899,36.564765],[28.013845,36.575873],[28.003673,36.561916],[27.977712,36.565741],[27.959239,36.602525],[28.034434,36.602525],[28.08961,36.64411],[28.075938,36.657782],[28.048025,36.637885],[28.061209,36.66474],[28.037934,36.690619],[28.029633,36.670356],[27.980154,36.675849],[27.966075,36.688788],[28.04184,36.719875],[28.08961,36.726711],[28.085948,36.710598],[28.100597,36.709621],[28.116384,36.718817],[28.116873,36.733547],[28.082205,36.747138],[28.110037,36.775092],[28.130544,36.753974],[28.118419,36.800605],[28.094981,36.801418],[28.047211,36.763332],[28.034434,36.775092],[27.966075,36.747138],[27.954112,36.759589],[27.917654,36.740383],[27.912446,36.754136],[27.89031,36.740383],[27.870372,36.75259],[27.856212,36.740383],[27.806488,36.76081],[27.719412,36.756252],[27.684255,36.726711],[27.671153,36.657782],[27.619884,36.676459],[27.559744,36.674628],[27.554535,36.685126],[27.472667,36.650946],[27.448416,36.665229],[27.404307,36.665229],[27.394054,36.684149],[27.362804,36.685126],[27.368663,36.697414],[27.355805,36.712388],[27.414317,36.709296],[27.449555,36.753974],[27.611501,36.765326],[27.623383,36.801744],[27.645356,36.806464],[27.691173,36.784329],[27.76002,36.781317],[27.799083,36.806627],[27.897146,36.812323],[27.939952,36.79564],[27.994151,36.798407],[28.027517,36.781317],[28.055431,36.80858],[28.039561,36.826646],[28.007009,36.829088],[28.024587,36.839097],[28.007009,36.857001],[28.055431,36.870673],[28.021251,36.911607],[28.04184,36.911607],[28.027517,36.92593],[28.061697,36.92593],[28.04184,36.93891],[28.157237,36.932115],[28.165294,36.911607],[28.157237,36.945787],[28.185232,36.93891],[28.212413,36.97309],[28.198904,36.980536],[28.212413,37.000434],[28.24464,36.988186],[28.246593,37.00788],[28.329356,37.03677],[28.304698,37.050849],[28.126231,37.035875],[28.10727,37.032131],[28.110037,37.014106],[27.986583,37.035142],[27.951834,37.02147],[27.886241,37.02619],[27.787852,37.00788],[27.780447,36.993598],[27.687673,37.005439],[27.636485,36.980536],[27.567149,36.996649],[27.562022,36.97309],[27.528331,36.991278],[27.472667,36.993598],[27.438487,37.027737],[27.408051,37.016832],[27.396821,37.027737],[27.383311,36.993598],[27.376475,37.027737],[27.328624,37.014106],[27.326508,36.985989],[27.300629,36.97309],[27.308116,36.959418],[27.263194,36.963365],[27.22877,37.061835],[27.239106,37.082953],[27.294444,37.110297],[27.260427,37.110297],[27.25294,37.123969],[27.321788,37.123969],[27.321788,37.158677],[27.33961,37.150539],[27.342296,37.130113],[27.383311,37.151842],[27.386567,37.130072],[27.438487,37.123969],[27.431,37.117743],[27.459809,37.089504],[27.565115,37.125637],[27.575531,37.1376],[27.554535,37.130113],[27.527843,37.192816],[27.587657,37.198798],[27.575531,37.178534],[27.609874,37.199652],[27.588552,37.211127],[27.589366,37.230699],[27.609874,37.247463],[27.615977,37.274726],[27.594412,37.28384],[27.553233,37.272935],[27.514659,37.229315],[27.500011,37.233832],[27.517751,37.245998],[27.5088,37.268052],[27.463634,37.252021],[27.491384,37.327338],[27.472667,37.343695],[27.468516,37.315619],[27.446137,37.305609],[27.396821,37.323147],[27.388682,37.345282],[27.396739,37.365627],[27.438487,37.390815],[27.407237,37.412746],[27.370291,37.405097],[27.346202,37.370592],[27.321788,37.370917],[27.330333,37.35163],[27.246104,37.336168],[27.190766,37.357327],[27.20753,37.37641],[27.205089,37.398261],[27.226248,37.405097],[27.222504,37.476752],[27.192638,37.478664],[27.177745,37.466539],[27.19044,37.512681],[27.180431,37.544582],[27.184581,37.555894],[27.200369,37.547553],[27.209321,37.5633],[27.208507,37.596869],[27.136241,37.631049],[27.011485,37.665717],[27.020763,37.686265],[27.127208,37.688544],[27.213145,37.713446],[27.249522,37.74433],[27.261567,37.803534],[27.237153,37.845445],[27.239106,37.864407],[27.260427,37.884223],[27.260427,37.919013],[27.27475,37.929023],[27.239106,37.987942],[27.141124,37.986029],[27.07016,38.020006],[27.055919,38.045722],[26.975434,38.065253],[26.893403,38.05622],[26.873057,38.035102],[26.842052,38.076077],[26.835216,38.131293],[26.79363,38.172268],[26.776052,38.165229],[26.773692,38.207017],[26.760265,38.216742],[26.635916,38.203599],[26.622895,38.138739],[26.609223,38.144965],[26.612153,38.117865],[26.594981,38.103949],[26.567638,38.144965],[26.567149,38.123969],[26.556895,38.122301],[26.523774,38.147406],[26.519298,38.179674],[26.49171,38.174018],[26.417491,38.220649],[26.417491,38.200181],[26.390147,38.223822],[26.390147,38.261664],[26.375011,38.234809],[26.354015,38.228258],[26.233084,38.28026],[26.23878,38.295803],[26.265391,38.286689],[26.285899,38.318671],[26.307628,38.323065],[26.28891,38.340644],[26.294119,38.369859],[26.307628,38.357856],[26.321137,38.377672],[26.325938,38.354926],[26.314301,38.336737],[26.35613,38.316881],[26.38502,38.318427],[26.383311,38.343573],[26.417491,38.336737],[26.475922,38.366889],[26.477061,38.386868],[26.451508,38.426093],[26.489106,38.406195],[26.513031,38.432929],[26.440766,38.472805],[26.387869,38.45425],[26.403819,38.487535],[26.36964,38.535346],[26.375824,38.528551],[26.348969,38.635484],[26.356293,38.661689],[26.414073,38.679389],[26.505626,38.652655],[26.630382,38.519232],[26.643321,38.467719],[26.588145,38.460883],[26.605235,38.453803],[26.588145,38.418687],[26.622081,38.405341],[26.673106,38.307196],[26.699962,38.325751],[26.677501,38.343573],[26.670665,38.385159],[26.702403,38.430162],[26.725352,38.432929],[26.766856,38.364081],[26.787364,38.371527],[26.795095,38.358629],[26.924571,38.377672],[27.013357,38.412502],[27.088634,38.402248],[27.164236,38.446601],[27.15447,38.459418],[27.022309,38.46247],[26.935395,38.434882],[26.945079,38.446601],[26.897634,38.494696],[26.849294,38.512397],[26.814708,38.542792],[26.889822,38.508043],[26.835216,38.549018],[26.848888,38.597398],[26.834239,38.608222],[26.79363,38.597398],[26.801036,38.611721],[26.753184,38.617906],[26.759451,38.638414],[26.719086,38.652655],[26.753184,38.666327],[26.719086,38.720933],[26.818207,38.755439],[26.903494,38.734565],[26.897227,38.748277],[26.923025,38.762152],[26.931407,38.755072],[26.935069,38.770453],[26.931407,38.789252],[26.924571,38.781724],[26.897227,38.816555],[26.937673,38.830227],[26.943858,38.808743],[26.960785,38.806138],[26.971446,38.819159],[26.958751,38.844468],[27.013357,38.871161],[27.033539,38.8605],[27.062673,38.886868],[27.04127,38.891669],[27.057872,38.918524],[27.04127,38.94009],[26.982595,38.919623],[26.962413,38.94009],[26.934255,38.930894],[26.924571,38.94009],[26.866222,38.913398],[26.806488,38.950141],[26.799164,38.998358],[26.814708,39.021959],[26.79363,39.021959],[26.873057,39.062934],[26.883149,39.071601],[26.875255,39.090888],[26.823741,39.149075],[26.737804,39.197211],[26.718761,39.262885],[26.609223,39.275214],[26.645518,39.317572],[26.653819,39.306464],[26.635916,39.296942],[26.670665,39.28266],[26.670258,39.305976],[26.814708,39.399359],[26.801036,39.406195],[26.801036,39.433539],[26.850841,39.439765],[26.863048,39.44717],[26.852061,39.461819],[26.867931,39.471503],[26.929861,39.487738],[26.945079,39.539618],[26.937673,39.574774],[26.893403,39.584377],[26.832856,39.55683],[26.807872,39.570705],[26.456798,39.521186],[26.362153,39.48135],[26.286632,39.487616],[26.249278,39.465644],[26.231781,39.474514],[26.112966,39.459174],[26.074229,39.474514],[26.069998,39.496283],[26.110688,39.597886],[26.148204,39.626044],[26.156749,39.649237],[26.163585,39.704169],[26.136404,39.755683],[26.154959,39.826158],[26.136404,39.837592],[26.156749,39.898993],[26.149913,39.933783],[26.167654,39.973578],[26.197765,40.008857],[26.25115,39.994859],[26.311046,40.019477],[26.362153,40.063463],[26.369395,40.102932],[26.39324,40.108222],[26.40797,40.193671],[26.500743,40.212958],[26.735606,40.403551],[26.897227,40.406155],[26.991466,40.388617],[27.013357,40.392483],[27.096365,40.452297],[27.215343,40.447699],[27.286957,40.468207],[27.328624,40.41356],[27.294444,40.406155],[27.337576,40.370307],[27.452322,40.322008],[27.55128,40.308824],[27.612966,40.331],[27.687999,40.313788],[27.71225,40.324205],[27.762706,40.315375],[27.789806,40.320461],[27.813243,40.347113],[27.883556,40.386298],[27.815278,40.399888],[27.791759,40.39289],[27.785818,40.412909],[27.756358,40.432603],[27.750173,40.457587],[27.725841,40.461371],[27.684255,40.496161],[27.722423,40.526272],[27.750173,40.524726],[27.76002,40.537055],[27.780447,40.515326],[27.804698,40.522773],[27.9699,40.502997],[28.034434,40.474433],[28.016775,40.451077],[27.903982,40.399888],[27.908458,40.374213],[27.944672,40.366034],[28.027517,40.372016],[28.11199,40.396064],[28.347992,40.404039],[28.486827,40.399888],[28.458832,40.379462],[28.545421,40.391303],[28.637706,40.36518],[28.771983,40.402533],[28.884044,40.386298],[28.938731,40.36518],[29.051606,40.367336],[29.090099,40.427232],[29.151541,40.434068],[29.111501,40.466132],[29.065684,40.481879],[29.010997,40.481879],[28.969493,40.461371],[28.916677,40.470893],[28.828461,40.513007],[28.774181,40.522773],[28.792654,40.55329],[28.897716,40.591742],[28.986339,40.644761],[29.281586,40.66592],[29.391856,40.707831],[29.41684,40.686754],[29.490571,40.72724],[29.527517,40.721503],[29.559906,40.691067],[29.753266,40.724555],[29.867198,40.728909],[29.924164,40.716457],[29.939301,40.735053],[29.92921,40.758043],[29.775401,40.748725],[29.737559,40.769843],[29.666189,40.783515],[29.428722,40.776068],[29.377778,40.756537],[29.329112,40.790351],[29.343435,40.797797],[29.339529,40.807807],[29.31544,40.824449],[29.254568,40.810777],[29.274587,40.838772],[29.294932,40.838772],[29.263927,40.869778],[29.144786,40.91413],[29.083181,40.959662],[29.028087,40.982123],[29.034841,40.989569],[29.007579,41.030504],[29.062348,41.076321],[29.090587,41.140937],[29.069102,41.152777],[29.130056,41.2119],[29.169688,41.2331],[29.206228,41.229193],[29.231781,41.240709],[29.884613,41.148993],[30.136892,41.143785],[30.217052,41.167141],[30.282481,41.215522],[30.369965,41.181342],[30.699229,41.121527],[30.748057,41.091986],[30.833263,41.079901],[31.090587,41.08515],[31.124766,41.098131],[31.231212,41.091986],[31.323578,41.133857],[31.392751,41.188422],[31.419607,41.280341],[31.396169,41.295478],[31.403575,41.316474],[31.471039,41.324774],[31.498302,41.352037],[31.658946,41.397935],[31.871593,41.504584],[32.039399,41.575588],[32.161876,41.612006],[32.263357,41.72016],[32.351817,41.729438],[32.382579,41.75609],[32.399669,41.742499],[32.534841,41.810736],[32.57781,41.811347],[32.612559,41.839545],[32.67921,41.83633],[32.755382,41.859117],[32.926117,41.881822],[33.324474,42.019029],[33.540538,42.010647],[33.613455,41.99372],[33.873546,41.974433],[34.003591,41.982652],[34.331309,41.947943],[34.482677,41.975246],[34.561778,41.95185],[34.694184,41.94595],[34.798595,41.962226],[34.889008,42.007799],[34.941905,42.069281],[34.94809,42.098782],[35.003429,42.08511],[35.023936,42.092515],[35.048839,42.065131],[35.044444,42.051581],[35.081554,42.029202],[35.1338,42.023627],[35.171235,42.044135],[35.216319,42.023627],[35.137543,42.019517],[35.11671,42.006903],[35.092133,41.928046],[35.125743,41.875312],[35.209483,41.811347],[35.195811,41.804511],[35.224783,41.761868],[35.298188,41.715155],[35.401052,41.691555],[35.48585,41.645087],[35.576671,41.629706],[35.893809,41.707465],[35.956798,41.736274],[35.928966,41.70893],[35.915294,41.646226],[35.934337,41.692125],[35.972911,41.728583],[36.038097,41.687812],[36.044932,41.701483],[36.120453,41.627753],[36.134451,41.599066],[36.119965,41.49433],[36.134451,41.4619],[36.204763,41.40648],[36.236827,41.358873],[36.331879,41.323188],[36.343761,41.288723],[36.39503,41.256415],[36.45102,41.240424],[36.517914,41.262641],[36.579356,41.307318],[36.619884,41.375067],[36.758067,41.366278],[36.836681,41.350775],[36.984874,41.294501],[37.01531,41.274604],[37.031912,41.242825],[37.039724,41.181545],[37.135509,41.146633],[37.299327,41.140367],[37.333507,41.11933],[37.395356,41.108466],[37.52475,41.037177],[37.580577,41.03677],[37.607921,41.050442],[37.640147,41.101549],[37.689789,41.140367],[37.715099,41.114732],[37.783865,41.122626],[37.785167,41.060004],[37.867931,41.01557],[37.895763,40.982123],[37.934744,40.995103],[38.201427,40.941352],[38.268321,40.950385],[38.330903,40.917873],[38.539399,40.926907],[38.591563,40.962551],[38.637055,40.97602],[38.677908,40.948635],[38.717621,40.954779],[38.783702,41.001776],[38.875824,41.018948],[38.908376,41.037665],[39.041759,41.043402],[39.122325,41.057278],[39.168305,41.079739],[39.273204,41.050442],[39.430186,41.112494],[39.492931,41.10102],[39.630056,41.00849],[39.669688,41.002631],[39.729991,41.017157],[39.799164,41.000312],[39.895681,40.954779],[39.99936,40.982123],[40.085704,40.926459],[40.142751,40.922797],[40.301036,40.968451],[40.464854,41.050442],[40.499685,41.038764],[40.557384,41.042467],[40.62615,41.08218],[40.698253,41.098131],[40.757579,41.158352],[40.827485,41.197943],[40.922048,41.190619],[41.042735,41.232489],[41.121349,41.285549],[41.190766,41.295722],[41.285004,41.353827],[41.390391,41.37934],[41.424164,41.407864],[41.438162,41.451361],[41.520763,41.514228],[41.63997,41.47871],[41.702601,41.489045],[41.706839,41.463155],[41.760996,41.453543],[41.812982,41.421814],[41.894011,41.485531],[41.947961,41.505581],[42.019585,41.485066],[42.069401,41.498605],[42.158387,41.499897],[42.18929,41.481707],[42.262464,41.482327],[42.463072,41.431839],[42.535522,41.493489],[42.565184,41.567128],[42.660992,41.588264],[42.819949,41.572347],[42.802689,41.534107],[42.766516,41.504341],[42.829974,41.472508],[42.868008,41.500207],[42.888989,41.469976],[42.957719,41.437007],[43.002057,41.382695],[43.12391,41.312932],[43.18401,41.298979],[43.157241,41.26973],[43.103136,41.248801],[43.172021,41.242342],[43.230622,41.17263],[43.351751,41.193611],[43.410559,41.175162],[43.451797,41.132581],[43.436294,41.08323]]],[[[28.016775,41.972561],[28.044932,41.890204],[27.97755,41.887356],[27.966075,41.848944],[27.972016,41.822252],[28.08839,41.676907],[28.075938,41.660549],[28.097179,41.626695],[28.232758,41.518988],[28.384288,41.447455],[28.908458,41.266547],[29.024262,41.242825],[29.045177,41.256415],[29.068696,41.25373],[29.109223,41.235297],[29.086762,41.191881],[29.040782,41.164293],[29.070649,41.130194],[29.042166,41.066352],[28.989513,41.031073],[28.992361,41.008205],[28.946137,41.009467],[28.822032,40.961615],[28.770193,40.979315],[28.625255,40.968411],[28.595225,40.977973],[28.603526,41.009467],[28.575531,41.023668],[28.58253,41.046373],[28.551931,41.080512],[28.527843,41.08515],[28.562511,41.03677],[28.560313,41.012274],[28.541352,40.989569],[28.512462,40.992662],[28.435313,41.042914],[28.264008,41.070868],[28.236664,41.08515],[28.165294,41.08515],[28.013031,41.040717],[27.986583,41.023668],[27.959239,40.975287],[27.941254,40.971096],[27.860688,40.978461],[27.815278,41.002631],[27.737804,41.012641],[27.524181,40.989203],[27.493175,40.975287],[27.47169,40.94184],[27.446544,40.861721],[27.424815,40.831285],[27.330821,40.760972],[27.287934,40.703559],[27.177745,40.632636],[27.115245,40.613715],[27.047537,40.612209],[26.989757,40.563788],[26.911632,40.550727],[26.821056,40.503119],[26.759451,40.496161],[26.68336,40.455471],[26.674327,40.425686],[26.631521,40.400051],[26.601573,40.346137],[26.539724,40.303697],[26.497244,40.289944],[26.426524,40.230292],[26.345551,40.199774],[26.375824,40.15351],[26.230642,40.064887],[26.157481,40.055325],[26.259776,40.194485],[26.271983,40.230414],[26.266938,40.257758],[26.21811,40.296861],[26.231781,40.310126],[26.209972,40.321926],[26.219086,40.331448],[26.321137,40.36518],[26.336111,40.385321],[26.432791,40.439846],[26.49171,40.456529],[26.564464,40.499457],[26.622895,40.515326],[26.683767,40.515326],[26.732758,40.563788],[26.756196,40.554836],[26.788259,40.562934],[26.828949,40.601996],[26.790375,40.66059],[26.609223,40.639472],[26.505626,40.598578],[26.444672,40.619045],[26.39975,40.604153],[26.373057,40.614447],[26.302582,40.601142],[26.091319,40.605414],[26.076915,40.611802],[26.053722,40.66059],[26.058116,40.697699],[26.033214,40.735053],[26.112287,40.746971],[26.158279,40.812187],[26.212022,40.84743],[26.205821,40.865],[26.226182,40.899313],[26.239204,40.885671],[26.260391,40.920449],[26.304006,40.909029],[26.294395,40.92665],[26.359093,40.964684],[26.333152,40.990729],[26.368085,41.007731],[26.374183,41.03114],[26.347621,41.040959],[26.32509,41.074083],[26.339456,41.114494],[26.317339,41.122297],[26.336046,41.15258],[26.32106,41.187616],[26.336046,41.228906],[26.320543,41.246217],[26.412113,41.265699],[26.540168,41.351792],[26.591121,41.329313],[26.609724,41.330708],[26.631738,41.357528],[26.636389,41.399593],[26.595461,41.537414],[26.595461,41.612448],[26.576445,41.591003],[26.46441,41.648518],[26.476192,41.675726],[26.404362,41.691823],[26.377387,41.710633],[26.333359,41.713036],[26.316305,41.743758],[26.334185,41.789543],[26.375527,41.816622],[26.478363,41.813289],[26.526112,41.824244],[26.558978,41.901733],[26.542958,41.920362],[26.605693,41.967414],[26.736745,41.958965],[26.780566,41.983433],[26.819427,41.965657],[26.860768,41.987903],[26.938903,41.996223],[27.046545,42.082936],[27.173824,42.057072],[27.216405,42.095623],[27.273353,42.091747],[27.332471,42.057434],[27.39686,41.989324],[27.494321,41.942841],[27.546411,41.901164],[27.562741,41.906435],[27.548892,41.91088],[27.560674,41.917675],[27.550752,41.924212],[27.603359,41.93863],[27.609301,41.953487],[27.687074,41.968602],[27.723971,41.967595],[27.789807,41.942686],[27.815335,41.946795],[27.802726,41.96005],[27.815955,41.995138],[28.016775,41.972561]]],[[[26.077159,39.844672],[26.074962,39.784898],[25.997081,39.814154],[25.978038,39.834174],[26.004242,39.845201],[26.077159,39.844672]]],[[[26.012218,40.146064],[25.765961,40.097154],[25.663259,40.126166],[25.686209,40.160834],[25.759044,40.206732],[25.925955,40.242825],[25.971853,40.221137],[25.963064,40.157131],[26.012218,40.166571],[26.012218,40.146064]]],[[[27.605235,40.663275],[27.727794,40.642646],[27.732677,40.62519],[27.657563,40.605414],[27.604747,40.576809],[27.535981,40.601996],[27.53891,40.623358],[27.526378,40.639106],[27.545909,40.660346],[27.554535,40.646918],[27.605235,40.663275]]],[[[27.635102,40.466783],[27.656586,40.449449],[27.645681,40.447821],[27.596365,40.457994],[27.579926,40.476549],[27.60727,40.505439],[27.640473,40.494127],[27.635102,40.466783]]]]}},{"type":"Feature","properties":{"name":"Spain","iso":"ES","pop":47076781},"geometry":{"type":"MultiPolygon","coordinates":[[[[-5.340728,35.847357],[-5.398859,35.924504],[-5.3662,35.92475],[-5.309316,35.900824],[-5.28307,35.911689],[-5.340728,35.847357]]],[[[-2.947825,35.329779],[-2.912913,35.276923],[-2.943046,35.267874],[-2.963768,35.286219],[-2.96692,35.313866],[-2.947825,35.329779]]],[[[-1.794075,43.386015],[-1.796914,43.341128],[-1.75578,43.318546],[-1.747356,43.291002],[-1.683019,43.304929],[-1.654907,43.297539],[-1.639043,43.255681],[-1.621886,43.247],[-1.587573,43.251599],[-1.559047,43.284077],[-1.466392,43.260771],[-1.432233,43.265009],[-1.403501,43.243331],[-1.399677,43.206744],[-1.425774,43.135275],[-1.487837,43.081816],[-1.457141,43.045074],[-1.410529,43.030915],[-1.366139,43.033318],[-1.348259,43.093081],[-1.308623,43.113571],[-1.286041,43.109179],[-1.315083,43.082875],[-1.293689,43.055203],[-1.216898,43.03926],[-1.149925,43.005722],[-1.112408,43.008254],[-1.028485,42.986705],[-0.943219,42.947896],[-0.759665,42.946501],[-0.740286,42.884799],[-0.648302,42.849789],[-0.610165,42.799094],[-0.582931,42.795839],[-0.56903,42.772636],[-0.535647,42.784211],[-0.53389,42.808008],[-0.423923,42.790671],[-0.351679,42.829247],[-0.335169,42.824958],[-0.322792,42.842502],[-0.247034,42.80483],[-0.235149,42.786227],[-0.161407,42.795348],[-0.157789,42.760699],[-0.119032,42.716851],[-0.038933,42.685148],[0.169168,42.726463],[0.238362,42.710366],[0.275388,42.668689],[0.354169,42.717497],[0.389283,42.685148],[0.409282,42.682254],[0.656735,42.68799],[0.66645,42.714758],[0.63348,42.744782],[0.65074,42.763386],[0.639681,42.774677],[0.656321,42.83842],[0.706757,42.846585],[0.812901,42.831624],[0.921111,42.784366],[0.950257,42.796123],[0.982916,42.780361],[1.08906,42.771318],[1.151485,42.706723],[1.342584,42.70866],[1.338243,42.694449],[1.361084,42.686724],[1.429297,42.595386],[1.418032,42.569832],[1.4263,42.561796],[1.406456,42.52924],[1.428987,42.531462],[1.449968,42.504073],[1.407593,42.486762],[1.447901,42.434646],[1.51663,42.429504],[1.544432,42.450356],[1.639517,42.466427],[1.653986,42.496529],[1.686336,42.490612],[1.707006,42.502781],[1.927458,42.436894],[1.963735,42.367234],[2.00921,42.34708],[2.063264,42.357907],[2.136954,42.416223],[2.184187,42.411805],[2.277411,42.428626],[2.375493,42.389326],[2.422518,42.383693],[2.445566,42.351964],[2.514812,42.325661],[2.548092,42.352248],[2.662194,42.339019],[2.640283,42.372841],[2.690409,42.406172],[2.788594,42.412012],[2.850813,42.448366],[2.900835,42.45126],[2.933702,42.470225],[3.029613,42.465652],[3.053591,42.437643],[3.086147,42.427179],[3.18097,42.431484],[3.170177,42.396593],[3.187348,42.349514],[3.317719,42.322984],[3.263031,42.239854],[3.210134,42.239732],[3.170177,42.25967],[3.1303,42.239732],[3.118826,42.218329],[3.122488,42.140489],[3.173106,42.112006],[3.214496,42.068334],[3.195896,42.033118],[3.207856,41.990017],[3.235688,41.965522],[3.232188,41.946031],[3.150165,41.845351],[3.116829,41.847569],[3.078631,41.826618],[3.069058,41.799076],[2.950938,41.73428],[2.932991,41.712464],[2.84018,41.694648],[2.813162,41.670315],[2.792003,41.669013],[2.778497,41.645582],[2.449474,41.535224],[2.371349,41.489203],[2.267345,41.448635],[2.191905,41.356757],[2.130544,41.303656],[2.019705,41.265855],[1.819835,41.237128],[1.62436,41.192165],[1.539236,41.187445],[1.217784,41.104682],[1.172944,41.058661],[1.097667,41.070868],[1.017426,41.051785],[0.877452,40.954779],[0.714203,40.815212],[0.694835,40.785997],[0.750173,40.76557],[0.767263,40.771023],[0.750173,40.785997],[0.766938,40.78502],[0.841807,40.732123],[0.873709,40.727932],[0.858084,40.686265],[0.784028,40.660956],[0.677094,40.565172],[0.615896,40.553453],[0.592459,40.582099],[0.640636,40.586859],[0.663178,40.574734],[0.696218,40.590359],[0.732677,40.633734],[0.599783,40.613715],[0.563487,40.590033],[0.501313,40.484198],[0.452647,40.434068],[0.446137,40.408433],[0.420258,40.388251],[0.350597,40.284898],[0.205251,40.171536],[0.144542,40.078843],[0.066173,40.031928],[-0.028676,39.901801],[-0.091298,39.847927],[-0.194488,39.71544],[-0.208933,39.664089],[-0.257436,39.616238],[-0.323354,39.516221],[-0.327472,39.430675],[-0.30134,39.322008],[-0.215493,39.181839],[-0.242182,39.166275],[-0.226703,39.111782],[-0.15803,39.002143],[-0.105946,38.93651],[-0.009755,38.869696],[0.111013,38.849921],[0.153982,38.831],[0.185313,38.803534],[0.170909,38.796088],[0.227712,38.770209],[0.234548,38.742255],[0.176768,38.724026],[0.14503,38.686347],[0.083018,38.660956],[0.073131,38.645209],[0.080577,38.631008],[-0.01476,38.624416],[-0.042958,38.611721],[-0.060048,38.55272],[-0.075429,38.539944],[-0.176991,38.527248],[-0.329416,38.470038],[-0.395172,38.413764],[-0.413686,38.364814],[-0.460194,38.360053],[-0.474355,38.336737],[-0.509836,38.338365],[-0.518788,38.298651],[-0.504018,38.207221],[-0.515452,38.195502],[-0.591379,38.189643],[-0.623687,38.162421],[-0.645009,38.116034],[-0.65453,37.989325],[-0.718414,37.94302],[-0.758616,37.863349],[-0.760732,37.796129],[-0.787994,37.822821],[-0.812408,37.770087],[-0.856109,37.742499],[-0.809926,37.666897],[-0.754791,37.641303],[-0.734853,37.63935],[-0.726471,37.651516],[-0.707997,37.643012],[-0.705312,37.619534],[-0.736643,37.599433],[-0.886708,37.574286],[-0.92516,37.555894],[-0.9735,37.576402],[-1.087758,37.580878],[-1.119985,37.559027],[-1.105767,37.532135],[-1.167057,37.543755],[-1.178585,37.563883],[-1.242699,37.579203],[-1.261671,37.557661],[-1.323735,37.561991],[-1.470896,37.482245],[-1.496938,37.427802],[-1.515004,37.433214],[-1.641618,37.381036],[-1.652839,37.361259],[-1.670888,37.363308],[-1.728505,37.282416],[-1.812734,37.207058],[-1.855214,37.076606],[-1.906117,36.987616],[-1.900339,36.941189],[-1.988922,36.900499],[-2.013051,36.845771],[-2.056874,36.810085],[-2.071156,36.775336],[-2.100819,36.765163],[-2.126698,36.736396],[-2.166127,36.727566],[-2.203643,36.737128],[-2.282786,36.810085],[-2.361684,36.836778],[-2.433095,36.81627],[-2.481435,36.829942],[-2.56078,36.818793],[-2.576894,36.811306],[-2.617177,36.72842],[-2.658884,36.69481],[-2.718251,36.682034],[-2.756663,36.680365],[-2.820994,36.713894],[-2.848256,36.700222],[-2.886098,36.734402],[-2.933258,36.751654],[-2.987719,36.737109],[-3.227895,36.754828],[-3.329579,36.7449],[-3.415155,36.695516],[-3.477602,36.696096],[-3.515963,36.721047],[-3.549832,36.712373],[-3.6011,36.74255],[-3.731281,36.724097],[-3.838541,36.75197],[-3.960961,36.726793],[-4.056711,36.747992],[-4.110172,36.725733],[-4.224721,36.712388],[-4.403188,36.723863],[-4.433258,36.710679],[-4.524826,36.580715],[-4.5878,36.573818],[-4.615021,36.530556],[-4.65925,36.507636],[-4.722768,36.492987],[-4.902659,36.506537],[-4.994166,36.457094],[-5.062489,36.452216],[-5.186554,36.4112],[-5.253651,36.297105],[-5.290598,36.277411],[-5.285308,36.26081],[-5.334055,36.187812],[-5.338773,36.14112],[-5.358387,36.141109],[-5.382517,36.172309],[-5.425445,36.179755],[-5.442332,36.14879],[-5.4287,36.080797],[-5.438629,36.062812],[-5.611765,36.006456],[-5.629709,36.03677],[-5.689361,36.067125],[-5.713124,36.059963],[-5.796051,36.085517],[-5.917185,36.184068],[-5.983551,36.176988],[-6.036773,36.189521],[-6.104726,36.280707],[-6.159454,36.304307],[-6.184193,36.370714],[-6.218373,36.402452],[-6.279612,36.511298],[-6.310007,36.534125],[-6.289377,36.537299],[-6.257517,36.51378],[-6.231475,36.472683],[-6.179351,36.513536],[-6.224355,36.51085],[-6.234893,36.575751],[-6.283193,36.612372],[-6.379791,36.624254],[-6.394683,36.636908],[-6.437896,36.733303],[-6.433339,36.751207],[-6.345611,36.794989],[-6.335194,36.818264],[-6.338206,36.883734],[-6.304351,36.907213],[-6.223256,36.90233],[-6.194814,36.932115],[-6.239654,36.913398],[-6.283559,36.92593],[-6.344716,36.901272],[-6.346669,36.819892],[-6.352447,36.80858],[-6.38801,36.808173],[-6.471099,36.935614],[-6.499582,36.959662],[-6.744862,37.101386],[-6.892893,37.166571],[-6.917633,37.215074],[-6.852691,37.295233],[-6.931142,37.233873],[-6.962554,37.233832],[-6.928456,37.172349],[-7.10104,37.224251],[-7.127349,37.214748],[-7.085561,37.206488],[-7.32787,37.201565],[-7.381418,37.179918],[-7.414418,37.192816],[-7.468868,37.475569],[-7.529122,37.556701],[-7.514343,37.601401],[-7.471606,37.636903],[-7.444011,37.730153],[-7.334405,37.811931],[-7.306862,37.850766],[-7.268621,37.949235],[-7.272704,37.977011],[-7.223301,37.993832],[-7.159739,37.996803],[-7.123256,38.040005],[-7.023985,38.022564],[-6.947504,38.196636],[-6.964196,38.206145],[-7.026414,38.199633],[-7.063053,38.177542],[-7.103515,38.173588],[-7.126873,38.1909],[-7.167181,38.272084],[-7.317146,38.424581],[-7.35921,38.446362],[-7.335181,38.469436],[-7.345619,38.494137],[-7.317714,38.556252],[-7.27043,38.617696],[-7.292961,38.656272],[-7.27043,38.737507],[-7.151006,38.819285],[-7.104859,38.827192],[-7.056076,38.855149],[-7.0522,38.884992],[-7.06605,38.904603],[-7.022125,38.94287],[-6.973291,39.013951],[-6.986313,39.030074],[-6.985693,39.066764],[-7.015769,39.096814],[-7.064913,39.114771],[-7.127286,39.097485],[-7.157207,39.105444],[-7.168886,39.121851],[-7.155812,39.151513],[-7.168059,39.170633],[-7.244127,39.195645],[-7.258079,39.211303],[-7.264332,39.252334],[-7.250845,39.270627],[-7.326654,39.341321],[-7.331925,39.384729],[-7.313528,39.457438],[-7.399414,39.493663],[-7.417553,39.524204],[-7.451349,39.537846],[-7.515841,39.59376],[-7.557286,39.679801],[-7.341433,39.671843],[-7.235755,39.686519],[-7.18289,39.675099],[-7.021143,39.694012],[-6.993031,39.774214],[-7.000266,39.802533],[-6.92766,39.861909],[-6.925231,39.917926],[-6.879705,40.009187],[-6.955721,40.102928],[-7.015769,40.119051],[-7.043105,40.181373],[-7.015769,40.225504],[-6.954687,40.253358],[-6.878051,40.265244],[-6.870196,40.295526],[-6.794438,40.356401],[-6.851283,40.409524],[-6.857122,40.442132],[-6.812525,40.514634],[-6.850456,40.582227],[-6.814282,40.647184],[-6.839139,40.757513],[-6.836658,40.840247],[-6.816194,40.856835],[-6.855262,40.887221],[-6.885182,40.948923],[-6.942491,41.015999],[-6.927867,41.047935],[-6.906835,41.0561],[-6.845288,41.051914],[-6.80436,41.06442],[-6.764776,41.108861],[-6.755216,41.158833],[-6.70695,41.194334],[-6.646644,41.267611],[-6.563496,41.270712],[-6.495852,41.294948],[-6.430998,41.339028],[-6.399579,41.377475],[-6.379167,41.377475],[-6.379167,41.397319],[-6.321134,41.411013],[-6.282945,41.465635],[-6.279534,41.497003],[-6.205947,41.57028],[-6.272248,41.628235],[-6.365937,41.663608],[-6.460815,41.676553],[-6.503035,41.653092],[-6.541534,41.658905],[-6.577397,41.739727],[-6.524222,41.86742],[-6.575795,41.882897],[-6.571661,41.942609],[-6.609488,41.962324],[-6.622821,41.940955],[-6.727983,41.930853],[-6.757903,41.93757],[-6.794387,41.979713],[-6.824928,41.983769],[-6.831232,41.953952],[-6.854952,41.942945],[-6.945127,41.943358],[-6.992359,41.96638],[-7.05127,41.942015],[-7.145373,41.98749],[-7.199943,41.963719],[-7.197928,41.9015],[-7.21865,41.879047],[-7.322468,41.845406],[-7.391921,41.842047],[-7.442719,41.805951],[-7.469384,41.852537],[-7.515841,41.864991],[-7.546692,41.832047],[-7.606068,41.825536],[-7.622812,41.841737],[-7.60736,41.873182],[-7.661156,41.874913],[-7.72203,41.899252],[-7.896593,41.857937],[-7.906102,41.913851],[-7.925791,41.908167],[-7.944756,41.866955],[-7.993642,41.863673],[-8.048574,41.816389],[-8.179574,41.810705],[-8.177041,41.84985],[-8.220398,41.868195],[-8.230216,41.904678],[-8.182132,41.965424],[-8.108028,42.010899],[-8.095083,42.040923],[-8.137612,42.072911],[-8.191304,42.062085],[-8.204016,42.069552],[-8.204327,42.128799],[-8.222362,42.15363],[-8.346747,42.101695],[-8.501208,42.083091],[-8.572805,42.054411],[-8.626885,42.051026],[-8.67081,41.999815],[-8.750803,41.96898],[-8.777089,41.937161],[-8.864654,41.888902],[-8.881256,41.893297],[-8.895497,42.119086],[-8.826527,42.13052],[-8.82372,42.14761],[-8.846995,42.160834],[-8.815989,42.174506],[-8.805776,42.197496],[-8.771962,42.222235],[-8.625152,42.301947],[-8.622711,42.34748],[-8.649892,42.335598],[-8.674794,42.299018],[-8.784983,42.260077],[-8.867502,42.256415],[-8.853261,42.304836],[-8.832997,42.28913],[-8.827219,42.296698],[-8.830719,42.34162],[-8.771962,42.342719],[-8.655263,42.441352],[-8.694488,42.439643],[-8.757639,42.407213],[-8.843577,42.403713],[-8.867502,42.4147],[-8.88801,42.455634],[-8.942616,42.469306],[-8.881256,42.496568],[-8.860829,42.485012],[-8.874338,42.469306],[-8.826527,42.461859],[-8.825063,42.49494],[-8.812856,42.502753],[-8.822987,42.569525],[-8.775502,42.604722],[-8.730946,42.688422],[-8.753896,42.656887],[-8.784983,42.64057],[-8.839508,42.68244],[-8.857004,42.649115],[-8.846995,42.64057],[-8.868764,42.617499],[-8.880523,42.611802],[-8.894846,42.620103],[-8.889475,42.630601],[-8.903432,42.625474],[-8.936391,42.606431],[-8.922231,42.593695],[-8.969879,42.579169],[-8.980784,42.551215],[-9.011545,42.530707],[-9.026357,42.543118],[-9.033355,42.578111],[-9.070872,42.596137],[-9.030141,42.707709],[-8.922231,42.788113],[-8.898264,42.792304],[-8.887685,42.831122],[-8.908437,42.839464],[-8.912587,42.816596],[-8.951039,42.795111],[-9.04894,42.794745],[-9.045644,42.778022],[-9.068674,42.759711],[-9.10025,42.757514],[-9.134999,42.812771],[-9.113189,42.816352],[-9.10025,42.833279],[-9.141225,42.857449],[-9.148671,42.884467],[-9.134511,42.917548],[-9.195872,42.949327],[-9.19579,42.926581],[-9.224233,42.940212],[-9.273061,42.893337],[-9.291982,42.928778],[-9.250966,43.016791],[-9.272125,43.031277],[-9.27953,43.054999],[-9.257924,43.060899],[-9.2176,43.114447],[-9.189809,43.102322],[-9.141225,43.134874],[-9.107737,43.14114],[-9.163319,43.139757],[-9.162262,43.148505],[-9.208363,43.137885],[-9.2176,43.155341],[-9.137929,43.201524],[-9.100413,43.189521],[-9.052398,43.196357],[-9.026967,43.21015],[-9.011545,43.238756],[-8.985748,43.226874],[-8.932525,43.235297],[-8.915273,43.245022],[-8.94815,43.249945],[-8.988026,43.283026],[-8.829986,43.341213],[-8.785553,43.312445],[-8.693105,43.293402],[-8.592519,43.324205],[-8.55842,43.313218],[-8.505971,43.331529],[-8.443023,43.375312],[-8.388295,43.385891],[-8.353586,43.348619],[-8.330719,43.405666],[-8.267201,43.385932],[-8.210194,43.313218],[-8.209625,43.390692],[-8.175404,43.416327],[-8.26476,43.427314],[-8.305165,43.451077],[-8.178782,43.473293],[-8.168568,43.492011],[-8.257314,43.477729],[-8.243723,43.485175],[-8.257314,43.492011],[-8.288971,43.472968],[-8.333119,43.471503],[-8.31664,43.522895],[-8.292104,43.532945],[-8.312652,43.567125],[-8.232249,43.575507],[-8.086659,43.65648],[-8.074615,43.639635],[-8.051869,43.642808],[-8.065541,43.642808],[-8.051869,43.65648],[-8.073964,43.678534],[-8.059316,43.709418],[-7.981191,43.717841],[-7.908559,43.766343],[-7.880849,43.763251],[-7.846506,43.717963],[-7.867584,43.717963],[-7.879262,43.700507],[-7.873769,43.684475],[-7.894887,43.684475],[-7.908559,43.670152],[-7.858388,43.668199],[-7.849233,43.675605],[-7.867584,43.697455],[-7.819163,43.697455],[-7.826039,43.711737],[-7.812001,43.72309],[-7.712758,43.760688],[-7.685536,43.793443],[-7.668324,43.772528],[-7.695627,43.745917],[-7.691558,43.72724],[-7.641021,43.752672],[-7.613026,43.704291],[-7.615956,43.688544],[-7.586415,43.717963],[-7.541412,43.731635],[-7.490142,43.725328],[-7.367055,43.68008],[-7.304107,43.598578],[-7.256744,43.58161],[-7.271067,43.561143],[-7.079335,43.56863],[-7.044301,43.559394],[-7.030873,43.53323],[-7.053619,43.496527],[-7.044586,43.479193],[-7.001373,43.556667],[-6.943959,43.565985],[-6.770823,43.56863],[-6.703725,43.557563],[-6.648671,43.579047],[-6.510121,43.547471],[-6.462961,43.554958],[-6.469106,43.575385],[-6.417633,43.561143],[-6.314605,43.56863],[-6.222768,43.595893],[-6.178049,43.575385],[-6.069163,43.569688],[-6.023508,43.588446],[-5.907379,43.588446],[-5.907379,43.636827],[-5.863515,43.641425],[-5.852203,43.66295],[-5.803822,43.650499],[-5.708852,43.56863],[-5.696767,43.582831],[-5.67748,43.561143],[-5.39387,43.555243],[-5.390736,43.541327],[-5.420806,43.513373],[-5.41393,43.506537],[-5.372426,43.520209],[-5.356801,43.538601],[-5.299875,43.537665],[-5.177887,43.489366],[-5.091664,43.486274],[-5.057037,43.468614],[-4.975168,43.458767],[-4.941029,43.471747],[-4.734934,43.4171],[-4.508168,43.402452],[-4.481679,43.383612],[-4.432525,43.402615],[-4.379262,43.383612],[-4.359364,43.399685],[-4.188588,43.405382],[-4.097727,43.435614],[-4.029205,43.438259],[-4.012766,43.452501],[-3.981435,43.438259],[-3.961008,43.445095],[-3.974599,43.458767],[-3.940053,43.477118],[-3.826731,43.497016],[-3.769154,43.479193],[-3.844309,43.445095],[-3.823842,43.430772],[-3.831288,43.424587],[-3.811187,43.425482],[-3.772288,43.452501],[-3.744985,43.438259],[-3.755523,43.471747],[-3.728871,43.465522],[-3.728871,43.479193],[-3.579416,43.518256],[-3.554351,43.516913],[-3.556264,43.499701],[-3.50536,43.479193],[-3.431508,43.466864],[-3.428619,43.446845],[-3.470041,43.454169],[-3.501698,43.430772],[-3.46109,43.412462],[-3.447011,43.430772],[-3.436187,43.419013],[-3.392486,43.424587],[-3.268951,43.40412],[-3.1315,43.35578],[-3.089508,43.366889],[-3.008168,43.320909],[-3.029286,43.376166],[-2.939931,43.4171],[-2.946685,43.430772],[-2.768625,43.452501],[-2.715199,43.424506],[-2.691029,43.36754],[-2.677805,43.406195],[-2.661204,43.411933],[-2.48351,43.370632],[-2.464426,43.349229],[-2.367421,43.315701],[-2.284657,43.303494],[-2.196278,43.314765],[-2.174469,43.297431],[-2.144846,43.301093],[-2.127797,43.287421],[-1.960357,43.343085],[-1.918691,43.32099],[-1.904652,43.328437],[-1.925689,43.342637],[-1.811269,43.395087],[-1.794075,43.386015]]],[[[1.960634,42.443715],[1.945648,42.463817],[1.967972,42.485702],[1.999495,42.443896],[1.960634,42.443715]]],[[[-0.732737,37.747748],[-0.740142,37.70246],[-0.726471,37.665188],[-0.746897,37.683783],[-0.754506,37.7744],[-0.732737,37.747748]]],[[[1.565684,38.691486],[1.582367,38.674913],[1.581391,38.653062],[1.523448,38.6494],[1.458086,38.681341],[1.412792,38.646446],[1.38295,38.642061],[1.393728,38.70421],[1.382823,38.711575],[1.401002,38.730326],[1.418142,38.727891],[1.431326,38.754869],[1.486095,38.694566],[1.526383,38.677768],[1.565684,38.691486]]],[[[1.605968,39.091295],[1.623057,39.029202],[1.593272,39.02025],[1.576182,38.985826],[1.541189,38.96776],[1.509776,38.930162],[1.458669,38.900133],[1.444998,38.913153],[1.414728,38.890622],[1.403105,38.832278],[1.37065,38.831809],[1.343516,38.862372],[1.307791,38.857896],[1.283458,38.87462],[1.259939,38.857896],[1.216645,38.885077],[1.22755,38.942003],[1.218435,38.954088],[1.300955,38.96776],[1.292817,39.033271],[1.356781,39.077623],[1.403331,39.077623],[1.522716,39.118883],[1.589692,39.102769],[1.605968,39.091295]]],[[[3.354503,39.784369],[3.439789,39.75198],[3.474376,39.749701],[3.453868,39.659695],[3.401866,39.623236],[3.406016,39.591986],[3.323253,39.523871],[3.291759,39.475775],[3.282481,39.420111],[3.268809,39.427558],[3.252615,39.386176],[3.060802,39.26907],[3.001313,39.317694],[2.991384,39.347276],[2.958832,39.363227],[2.82545,39.363593],[2.786632,39.375922],[2.761729,39.400214],[2.751231,39.454779],[2.736583,39.462104],[2.754893,39.502631],[2.7435,39.523383],[2.681651,39.558661],[2.655284,39.564724],[2.569102,39.531521],[2.520193,39.472846],[2.492686,39.470242],[2.469005,39.505886],[2.480642,39.516221],[2.453949,39.537421],[2.438162,39.525214],[2.425955,39.537421],[2.391856,39.523749],[2.350759,39.576483],[2.357677,39.611884],[2.468272,39.659369],[2.517589,39.700141],[2.569672,39.71308],[2.631358,39.770128],[2.651866,39.770128],[2.710623,39.818549],[2.813243,39.872585],[2.843598,39.872585],[2.933279,39.914496],[3.075694,39.936103],[3.179454,39.968777],[3.214203,39.955105],[3.115489,39.908759],[3.096934,39.91352],[3.094737,39.881212],[3.130219,39.87641],[3.206798,39.893012],[3.187185,39.854356],[3.126313,39.831855],[3.136485,39.788764],[3.223888,39.749701],[3.292491,39.749701],[3.354503,39.784369]]],[[[4.298025,39.941962],[4.337087,39.867174],[4.302908,39.8876],[4.300059,39.821763],[4.248139,39.816474],[3.981375,39.936062],[3.869314,39.925523],[3.830658,39.936062],[3.850515,39.983873],[3.803152,40.018134],[3.821869,40.047634],[3.891531,40.059556],[4.052013,40.058173],[4.105072,40.079413],[4.139089,40.045925],[4.135427,40.028225],[4.155935,40.034654],[4.170502,40.064602],[4.17864,40.038845],[4.254568,39.997463],[4.273367,39.969957],[4.27239,39.955349],[4.254568,39.949693],[4.298025,39.941962]]],[[[2.982308,39.139184],[2.962154,39.116062],[2.930867,39.118176],[2.913614,39.151963],[2.980582,39.18556],[2.982308,39.139184]]],[[[-4.301054,35.172902],[-4.2969,35.172249],[-4.301885,35.172664],[-4.301054,35.172902]]],[[[-3.902962,35.21531],[-3.902533,35.214787],[-3.903132,35.215039],[-3.902962,35.21531]]],[[[-3.901274,35.217624],[-3.899818,35.217285],[-3.901308,35.217319],[-3.901274,35.217624]]],[[[-2.434243,35.18523],[-2.426502,35.182114],[-2.435859,35.18119],[-2.434243,35.18523]]],[[[-5.418774,35.915597],[-5.417888,35.910874],[-5.42084,35.914269],[-5.418774,35.915597]]]]}},{"type":"Feature","properties":{"name":"Armenia","iso":"AM","pop":2957731},"geometry":{"type":"MultiPolygon","coordinates":[[[[45.0394,41.23118],[45.034853,41.197693],[45.134433,41.187875],[45.199752,41.142658],[45.201044,41.126741],[45.166731,41.107776],[45.067822,41.110928],[45.057177,41.078786],[45.070044,41.062094],[45.111024,41.049537],[45.120016,41.079613],[45.221611,41.014449],[45.312562,40.99662],[45.419119,41.017342],[45.416432,40.961325],[45.47927,40.929906],[45.537871,40.875904],[45.599159,40.862675],[45.58221,40.799371],[45.555855,40.776582],[45.437929,40.73338],[45.39881,40.708937],[45.373643,40.675296],[45.37354,40.632715],[45.387803,40.609512],[45.444647,40.566362],[45.455447,40.523626],[45.48542,40.505281],[45.526192,40.441047],[45.585413,40.398724],[45.818371,40.2978],[45.861676,40.261265],[45.924618,40.266174],[45.97924,40.223592],[45.962961,40.141685],[45.909528,40.082671],[45.894025,40.029082],[45.873768,40.009755],[45.803901,40.004484],[45.63957,40.025413],[45.576267,39.993891],[45.579419,39.970171],[45.742768,39.940509],[45.816821,39.839171],[45.861882,39.804548],[45.97924,39.768478],[46.006576,39.747911],[46.045127,39.687553],[46.131685,39.652154],[46.18424,39.593243],[46.206461,39.587921],[46.309504,39.620528],[46.343713,39.618616],[46.396423,39.576655],[46.495435,39.575932],[46.524271,39.554641],[46.518276,39.525444],[46.492025,39.510199],[46.491405,39.466429],[46.405725,39.451185],[46.373996,39.435992],[46.36087,39.410257],[46.374616,39.378838],[46.49528,39.324009],[46.517656,39.278844],[46.602612,39.215489],[46.514142,39.184431],[46.418334,39.211923],[46.395286,39.19518],[46.396268,39.164432],[46.479312,39.114771],[46.491921,39.081905],[46.494609,39.025526],[46.475075,38.95106],[46.514039,38.882176],[46.378233,38.924705],[46.291314,38.913931],[46.202482,38.870548],[46.135871,38.863701],[46.07758,38.950492],[46.02549,39.063767],[45.958104,39.151513],[45.955107,39.203241],[45.986009,39.234686],[45.985802,39.24944],[45.823745,39.343078],[45.767004,39.354395],[45.758633,39.369484],[45.803075,39.448188],[45.79708,39.536348],[45.765454,39.561566],[45.714656,39.569472],[45.586447,39.545391],[45.434828,39.488857],[45.374884,39.525857],[45.312975,39.533815],[45.259955,39.599703],[45.204765,39.572314],[45.16792,39.565545],[45.148334,39.57526],[45.151538,39.667709],[45.067512,39.757213],[45.033509,39.77039],[44.927159,39.724708],[44.774559,39.702797],[44.692031,39.793024],[44.647693,39.805117],[44.611519,39.837311],[44.598187,39.831007],[44.591056,39.857827],[44.522171,39.933533],[44.464345,39.97229],[44.325645,40.034663],[44.255262,40.043397],[44.135476,40.022313],[44.10447,40.035955],[44.032433,40.008618],[43.912131,40.024328],[43.665427,40.110163],[43.652508,40.138998],[43.721393,40.169384],[43.673075,40.227727],[43.691369,40.23863],[43.675969,40.265967],[43.594217,40.345445],[43.625326,40.42017],[43.559491,40.477892],[43.5937,40.509001],[43.638969,40.522592],[43.631476,40.536855],[43.652508,40.529414],[43.664807,40.574062],[43.707182,40.611941],[43.699534,40.634575],[43.729351,40.677105],[43.720618,40.762888],[43.659536,40.851978],[43.636178,40.933523],[43.565433,40.988145],[43.460479,41.022872],[43.436294,41.08323],[43.440428,41.106588],[43.566622,41.124054],[43.754156,41.108241],[43.863245,41.158988],[43.955849,41.160486],[44.061269,41.184154],[44.124727,41.178056],[44.160074,41.1979],[44.180331,41.229939],[44.284976,41.190872],[44.344921,41.213248],[44.45494,41.180485],[44.516641,41.20684],[44.531008,41.181467],[44.551523,41.177023],[44.612863,41.223118],[44.674926,41.208494],[44.847784,41.208907],[44.857706,41.219346],[44.847061,41.230766],[44.801275,41.258516],[44.820706,41.273347],[44.955168,41.262702],[45.0024,41.290452],[45.0394,41.23118]],[[44.963953,41.073773],[44.96695,41.044834],[45.015732,41.023234],[45.029995,41.046281],[45.018885,41.07491],[44.963953,41.073773]],[[45.220474,40.97905],[45.191846,40.997809],[45.17717,40.99383],[45.186781,40.970834],[45.209932,40.967991],[45.220474,40.97905]]],[[[45.47927,40.609822],[45.473379,40.640311],[45.491776,40.657106],[45.560712,40.647649],[45.547173,40.621553],[45.513687,40.601967],[45.47927,40.609822]]]]}},{"type":"Feature","properties":{"name":"Denmark","iso":"DK","pop":5818553},"geometry":{"type":"MultiPolygon","coordinates":[[[[8.660776,54.896311],[8.661388,54.920315],[8.674815,54.947943],[8.640961,55.023383],[8.681895,55.133205],[8.56365,55.143378],[8.557384,55.096381],[8.49936,55.065579],[8.470225,55.078599],[8.458832,55.103461],[8.470225,55.177558],[8.488943,55.19717],[8.530528,55.200751],[8.593761,55.180976],[8.552094,55.160549],[8.555186,55.149359],[8.689464,55.141588],[8.648448,55.28026],[8.659679,55.327216],[8.617686,55.437934],[8.441905,55.463935],[8.310395,55.56269],[8.332367,55.572008],[8.313162,55.582709],[8.267833,55.580512],[8.239024,55.557929],[8.271739,55.530463],[8.243663,55.516791],[8.316742,55.489407],[8.326182,55.472113],[8.313324,55.469306],[8.193614,55.525946],[8.095225,55.549058],[8.181651,55.729071],[8.18336,55.769599],[8.127778,55.987616],[8.150564,55.977037],[8.19337,55.873847],[8.181651,55.828355],[8.193614,55.811835],[8.34783,55.86933],[8.387706,55.89289],[8.393321,55.909166],[8.372895,55.943427],[8.319509,55.986029],[8.308116,56.052924],[8.2824,56.075873],[8.149669,56.111151],[8.134776,55.993964],[8.120128,55.996568],[8.107921,56.024319],[8.106456,56.119452],[8.1338,56.205471],[8.122406,56.551663],[8.178722,56.672065],[8.219981,56.709174],[8.232432,56.688381],[8.202159,56.640204],[8.233165,56.633979],[8.253917,56.606106],[8.305919,56.597805],[8.291515,56.593004],[8.292491,56.567694],[8.307384,56.554348],[8.318044,56.563625],[8.312022,56.578803],[8.3921,56.585273],[8.436534,56.580227],[8.514659,56.544664],[8.565766,56.578803],[8.596039,56.531806],[8.601085,56.501125],[8.636974,56.479722],[8.726573,56.483222],[8.742035,56.497748],[8.762543,56.563381],[8.708995,56.588568],[8.681895,56.626532],[8.740896,56.634955],[8.805431,56.695461],[8.916759,56.708808],[8.840831,56.722357],[8.876638,56.764309],[8.95574,56.802965],[9.014903,56.797838],[9.063162,56.812567],[9.105968,56.800116],[9.120453,56.764594],[9.176036,56.708564],[9.093435,56.674994],[9.097504,56.658433],[9.059337,56.633979],[9.048839,56.607164],[9.060557,56.565741],[9.093435,56.57807],[9.106781,56.610785],[9.155447,56.612942],[9.141124,56.626044],[9.121349,56.620347],[9.155447,56.661322],[9.149425,56.638861],[9.276215,56.632961],[9.2824,56.610541],[9.250336,56.578803],[9.326182,56.530341],[9.34669,56.552069],[9.373057,56.55272],[9.372732,56.565375],[9.293712,56.561021],[9.32602,56.66942],[9.305675,56.695461],[9.270844,56.702338],[9.199067,56.676581],[9.177908,56.675849],[9.169119,56.688666],[9.22641,56.716254],[9.242524,56.747056],[9.196544,56.770453],[9.174978,56.806057],[9.210623,56.863105],[9.199555,56.879828],[9.162852,56.89411],[9.200206,56.93891],[9.279959,56.979804],[9.288748,56.997138],[9.437022,57.0244],[9.586762,56.997138],[9.57309,56.978827],[9.607921,56.969875],[9.688975,57.03913],[9.761241,57.05858],[9.915782,57.05858],[9.795665,57.106391],[9.711925,57.061265],[9.675141,57.079169],[9.580821,57.049302],[9.493988,57.04857],[9.245372,57.002346],[9.114513,57.05858],[9.112804,57.038642],[9.042654,57.017727],[8.996755,57.028062],[8.901622,56.986274],[8.893077,56.999661],[8.850434,57.003485],[8.833344,56.997138],[8.847992,56.988471],[8.811697,56.969875],[8.679535,56.952541],[8.621104,56.89411],[8.607921,56.849677],[8.569591,56.818427],[8.491384,56.794257],[8.491466,56.731391],[8.47641,56.715969],[8.525564,56.715969],[8.527029,56.695299],[8.500987,56.688666],[8.452891,56.702338],[8.408214,56.688666],[8.500987,56.674994],[8.586274,56.688666],[8.586274,56.653876],[8.608084,56.631049],[8.583018,56.60932],[8.546641,56.601711],[8.559581,56.593004],[8.511485,56.607001],[8.444835,56.664049],[8.352224,56.692939],[8.319509,56.722154],[8.302013,56.763739],[8.243663,56.777411],[8.263194,56.71894],[8.260753,56.70539],[8.24586,56.704006],[8.236176,56.771186],[8.247895,56.812445],[8.449718,57.003974],[8.618012,57.12287],[8.783946,57.104804],[8.914561,57.127427],[8.980479,57.161038],[9.230642,57.141099],[9.41212,57.165432],[9.497813,57.197008],[9.573253,57.242906],[9.788422,57.459296],[9.96697,57.591376],[10.197602,57.601223],[10.350597,57.648993],[10.539073,57.743842],[10.596039,57.751166],[10.648936,57.737006],[10.542491,57.69892],[10.46046,57.630561],[10.430431,57.570543],[10.458344,57.525458],[10.54656,57.435289],[10.517426,57.391303],[10.539073,57.236721],[10.446788,57.184882],[10.411469,57.144436],[10.347179,57.010199],[10.319672,56.997504],[10.239757,56.992825],[9.99464,57.092719],[9.926931,57.05858],[10.001964,57.083889],[10.192393,56.994045],[10.313731,56.982856],[10.279552,56.955512],[10.26588,56.907701],[10.295421,56.778876],[10.340587,56.717353],[10.318696,56.708238],[10.237559,56.715969],[10.203868,56.702338],[10.146495,56.722357],[9.945567,56.658149],[9.805919,56.640204],[9.851329,56.635728],[10.001475,56.661322],[10.062836,56.688666],[10.101329,56.682685],[10.150564,56.714423],[10.18336,56.708564],[10.175792,56.695461],[10.241954,56.688381],[10.334239,56.703843],[10.352794,56.68183],[10.357677,56.648749],[10.340343,56.620347],[10.214366,56.558295],[10.206798,56.490953],[10.18336,56.46955],[10.225597,56.475735],[10.237641,56.554389],[10.330333,56.603217],[10.350922,56.595893],[10.365245,56.558417],[10.4699,56.520901],[10.551524,56.51557],[10.822276,56.534247],[10.854991,56.524156],[10.964122,56.448432],[10.928477,56.40648],[10.911632,56.334052],[10.819591,56.260932],[10.755382,56.229315],[10.738617,56.154527],[10.707042,56.150865],[10.672211,56.165188],[10.648936,56.188381],[10.685232,56.196234],[10.687673,56.222235],[10.628591,56.237535],[10.549164,56.178209],[10.573741,56.112616],[10.548025,56.101264],[10.518565,56.102729],[10.491222,56.13996],[10.525401,56.153632],[10.509451,56.170111],[10.46811,56.177069],[10.408702,56.164862],[10.354666,56.202053],[10.42921,56.22248],[10.477794,56.202338],[10.491222,56.216295],[10.475434,56.244696],[10.504731,56.277777],[10.442638,56.298651],[10.403005,56.298245],[10.393809,56.276516],[10.36378,56.26557],[10.312511,56.215155],[10.258474,56.190253],[10.220225,56.147895],[10.265636,56.073717],[10.23113,56.017035],[10.277517,56.017768],[10.252452,55.986233],[10.245372,55.914618],[10.18336,55.873725],[10.199392,55.850735],[10.18214,55.833686],[10.151052,55.838121],[10.101817,55.882392],[10.004649,55.879869],[9.944509,55.853583],[9.867442,55.851996],[9.892589,55.836249],[10.045746,55.813951],[10.017345,55.76557],[10.059825,55.749498],[10.018809,55.736274],[10.006847,55.725043],[10.01824,55.708564],[10.005219,55.701117],[9.9817,55.709418],[9.792247,55.674465],[9.686534,55.708564],[9.556407,55.711575],[9.552745,55.701117],[9.573578,55.695461],[9.658539,55.690375],[9.738292,55.629706],[9.85377,55.626654],[9.75766,55.571601],[9.712413,55.560289],[9.706879,55.537299],[9.60727,55.516791],[9.559581,55.523627],[9.566417,55.516791],[9.551931,55.505113],[9.498057,55.489447],[9.602387,55.495795],[9.660167,55.477973],[9.648936,55.441067],[9.586762,55.427436],[9.607921,55.393256],[9.600841,55.365912],[9.645274,55.342719],[9.634613,55.317572],[9.706065,55.265082],[9.710297,55.248684],[9.684418,55.197577],[9.569835,55.192532],[9.486339,55.156236],[9.511892,55.133205],[9.456554,55.125718],[9.521332,55.115871],[9.559581,55.085395],[9.516612,55.056545],[9.434337,55.037543],[9.455251,55.023179],[9.579926,55.050686],[9.662608,55.009711],[9.730968,54.995429],[9.763194,54.900458],[9.711436,54.898586],[9.703461,54.886176],[9.744477,54.866278],[9.745942,54.836005],[9.719574,54.835842],[9.696625,54.858873],[9.623302,54.865302],[9.634613,54.87934],[9.610362,54.903225],[9.644216,54.913275],[9.615001,54.932685],[9.586762,54.92772],[9.545909,54.87934],[9.522146,54.879299],[9.456391,54.843817],[9.436922,54.810144],[9.385039,54.819394],[9.317033,54.801617],[9.226392,54.805906],[9.21151,54.841822],[9.194766,54.8504],[8.824246,54.9059],[8.695882,54.889984],[8.660776,54.896311]]],[[[11.855479,54.743598],[11.806977,54.707994],[11.846446,54.697821],[11.842621,54.676215],[11.81072,54.655097],[11.766124,54.646552],[11.610525,54.666409],[11.512218,54.646552],[11.474376,54.626125],[11.187755,54.732245],[11.030528,54.760647],[10.999197,54.78677],[11.005707,54.803656],[11.089692,54.810614],[11.108165,54.831529],[11.018809,54.886176],[11.0324,54.919257],[11.073985,54.948188],[11.2317,54.961249],[11.338878,54.919135],[11.368907,54.88109],[11.594737,54.811103],[11.572765,54.847968],[11.656261,54.866278],[11.644786,54.889635],[11.649425,54.91352],[11.787283,54.831529],[11.77296,54.824693],[11.787608,54.806871],[11.848643,54.773179],[11.855479,54.743598]]],[[[10.450206,54.899807],[10.518565,54.851996],[10.440115,54.841498],[10.406261,54.824693],[10.383474,54.830756],[10.211436,54.939358],[10.18922,54.977484],[10.288748,54.940741],[10.34962,54.896715],[10.391368,54.895453],[10.388845,54.920315],[10.426036,54.872504],[10.460948,54.874498],[10.450206,54.899807]]],[[[12.504731,55.019761],[12.537608,55.002387],[12.553722,54.968085],[12.542654,54.951158],[12.348399,54.960028],[12.28004,54.934556],[12.207774,54.886176],[12.115001,54.907294],[12.149099,54.940823],[12.129161,54.954413],[12.177013,54.968085],[12.177013,54.989203],[12.232188,54.975531],[12.286876,54.989203],[12.281261,55.007148],[12.2942,55.023383],[12.252696,55.04385],[12.247569,55.05386],[12.261974,55.064276],[12.335297,55.033271],[12.504731,55.019761]]],[[[10.02589,54.959784],[10.064464,54.881008],[9.953624,54.862616],[9.874278,54.893012],[9.90089,54.900702],[9.991547,54.87934],[9.898285,54.912991],[9.814708,54.901068],[9.780935,54.916815],[9.761241,54.943061],[9.758149,54.981757],[9.827403,54.945461],[9.847504,54.948188],[9.832774,54.965155],[9.842133,54.970282],[9.786794,55.000149],[9.799083,55.016547],[9.674164,55.021064],[9.668793,55.030219],[9.696625,55.050686],[9.645518,55.044867],[9.628429,55.058051],[9.716645,55.082221],[9.793468,55.080756],[9.853038,55.040107],[9.960948,55.015041],[10.02589,54.959784]]],[[[10.86199,55.072089],[10.934255,55.159654],[10.956716,55.153713],[10.908946,55.030219],[10.837738,54.937242],[10.741059,54.752387],[10.731293,54.740058],[10.693858,54.735297],[10.656423,54.803656],[10.601085,54.838324],[10.64088,54.843207],[10.684418,54.887844],[10.724457,54.886176],[10.717784,54.907294],[10.682953,54.907294],[10.697032,54.931342],[10.854991,55.04385],[10.86199,55.072089]]],[[[15.146658,55.128241],[15.137706,55.119534],[15.144705,55.087104],[15.106619,55.044664],[15.113242,55.018295],[15.072666,54.991638],[14.98287,55.001013],[14.780833,55.051128],[14.684173,55.101347],[14.697045,55.122654],[14.709239,55.235826],[14.760916,55.309272],[14.851422,55.2482],[14.926799,55.215799],[14.973399,55.216132],[15.000499,55.188422],[15.131602,55.145453],[15.146658,55.128241]]],[[[8.451671,55.339748],[8.402354,55.380032],[8.370942,55.427436],[8.364268,55.449042],[8.37436,55.463284],[8.408214,55.468411],[8.411957,55.438707],[8.46339,55.427436],[8.450206,55.393378],[8.47641,55.345445],[8.451671,55.339748]]],[[[10.62143,55.064276],[10.538259,55.029731],[10.312755,55.063666],[10.234223,55.092231],[10.205251,55.093695],[10.197032,55.064276],[10.141775,55.092231],[10.083507,55.086982],[10.065929,55.092231],[10.156016,55.140082],[10.094005,55.188422],[10.039317,55.180976],[10.003591,55.197333],[9.991547,55.188422],[9.994477,55.172797],[10.029145,55.142401],[10.025645,55.125718],[9.985525,55.127753],[9.98878,55.151842],[9.972016,55.184719],[9.979503,55.212836],[9.911388,55.228502],[9.883962,55.253485],[9.895356,55.28026],[9.881684,55.314439],[9.884776,55.348863],[9.802419,55.362372],[9.778087,55.380276],[9.840099,55.400092],[9.785492,55.413764],[9.819591,55.413764],[9.791026,55.43183],[9.737315,55.438178],[9.703461,55.468411],[9.786306,55.437201],[9.812185,55.441067],[9.71339,55.491034],[9.67628,55.495673],[9.755138,55.544135],[9.827403,55.548407],[9.840099,55.523627],[9.888194,55.508694],[10.237315,55.605536],[10.272146,55.605536],[10.279552,55.58511],[10.29363,55.58808],[10.293793,55.616116],[10.307628,55.618232],[10.4074,55.582953],[10.444184,55.553168],[10.518809,55.533433],[10.475271,55.531968],[10.486013,55.494778],[10.457042,55.489447],[10.419607,55.458808],[10.436046,55.442125],[10.471528,55.443061],[10.491222,55.465277],[10.609141,55.49258],[10.566905,55.523627],[10.569835,55.532416],[10.601085,55.516791],[10.61378,55.527899],[10.594249,55.578274],[10.614594,55.564602],[10.608572,55.612982],[10.627615,55.613593],[10.704112,55.550279],[10.742361,55.487494],[10.657481,55.459703],[10.5713,55.461249],[10.554047,55.442572],[10.594249,55.441067],[10.595958,55.459662],[10.697927,55.440253],[10.796641,55.358547],[10.834321,55.290269],[10.796886,55.307685],[10.780284,55.304918],[10.77296,55.287095],[10.805349,55.250434],[10.815196,55.214057],[10.783376,55.124213],[10.717784,55.064276],[10.62143,55.064276]]],[[[12.673839,55.605536],[12.639415,55.578274],[12.556326,55.550482],[12.534841,55.569322],[12.520193,55.619208],[12.608409,55.701117],[12.673839,55.605536]]],[[[10.57309,55.878852],[10.580251,55.911526],[10.566905,55.92829],[10.515391,55.951239],[10.518565,55.976142],[10.543956,55.997992],[10.556814,55.995795],[10.56422,55.953843],[10.580251,55.93651],[10.628266,55.920844],[10.615408,55.900336],[10.62143,55.879869],[10.638682,55.866116],[10.669281,55.880032],[10.628266,55.845771],[10.614594,55.776842],[10.582205,55.759752],[10.54713,55.765204],[10.520274,55.78856],[10.511567,55.825263],[10.517263,55.845526],[10.57309,55.878852]]],[[[12.023936,54.898017],[12.096446,54.898098],[12.170177,54.838324],[12.067149,54.786811],[12.022716,54.735297],[11.960704,54.694078],[11.969005,54.56977],[11.949067,54.56859],[11.869151,54.659613],[11.870616,54.680365],[11.910167,54.721666],[11.875824,54.729722],[11.882823,54.756415],[11.809093,54.804918],[11.793468,54.84455],[11.749685,54.873114],[11.742035,54.925442],[11.711436,54.940823],[11.759288,54.968085],[11.803966,54.948188],[11.837576,54.966132],[11.862478,54.96369],[11.882823,54.981757],[11.841807,55.030219],[11.72877,55.064276],[11.665538,55.066392],[11.615896,55.092231],[11.827485,55.050686],[11.717621,55.125718],[11.803966,55.134833],[11.806977,55.146877],[11.785411,55.157213],[11.728526,55.154771],[11.711436,55.167914],[11.734711,55.188666],[11.717621,55.208319],[11.695079,55.208075],[11.649425,55.180976],[11.423188,55.22191],[11.299978,55.208319],[11.320486,55.194648],[11.260997,55.200588],[11.238536,55.242418],[11.267833,55.235907],[11.286306,55.25609],[11.241954,55.248684],[11.241547,55.27851],[11.152843,55.328437],[11.188243,55.335273],[11.190115,55.345445],[11.142345,55.352281],[11.108165,55.331855],[11.087738,55.358547],[11.214203,55.403795],[11.16391,55.501899],[11.13559,55.515123],[11.080903,55.513088],[11.088552,55.53384],[11.13795,55.542914],[11.145681,55.576117],[11.087901,55.626939],[10.929942,55.667629],[11.087738,55.660142],[11.071056,55.676947],[10.98463,55.701117],[10.960216,55.724351],[10.875499,55.742743],[11.033051,55.729071],[11.162771,55.749498],[11.121837,55.736518],[11.163422,55.70539],[11.192638,55.700344],[11.218028,55.708564],[11.176443,55.729071],[11.190115,55.736518],[11.252208,55.729071],[11.364024,55.765123],[11.375662,55.807929],[11.348399,55.838324],[11.398448,55.826402],[11.44337,55.845771],[11.47755,55.841539],[11.505219,55.86872],[11.510509,55.908271],[11.477387,55.941352],[11.304535,55.967841],[11.272634,55.996568],[11.400564,55.961982],[11.599376,55.942084],[11.768321,55.970526],[11.779796,55.961859],[11.73878,55.920844],[11.750499,55.910386],[11.743988,55.903754],[11.711436,55.907172],[11.717621,55.920844],[11.663097,55.907172],[11.731619,55.830715],[11.717621,55.810981],[11.656261,55.810981],[11.607758,55.783026],[11.73878,55.797349],[11.762706,55.749498],[11.657237,55.730862],[11.684337,55.721625],[11.746349,55.731024],[11.794444,55.687934],[11.779796,55.660142],[11.855479,55.732815],[11.841807,55.756415],[11.869151,55.804755],[11.937348,55.825263],[11.953624,55.853502],[11.909516,55.915473],[11.91684,55.934516],[11.934744,55.933661],[11.99822,55.902818],[11.992035,55.873725],[12.031261,55.816596],[12.051931,55.73664],[12.026134,55.715399],[11.972667,55.721422],[11.958181,55.693427],[11.910167,55.660142],[11.959158,55.665107],[12.00115,55.698676],[12.040375,55.674465],[12.009288,55.680487],[12.011404,55.669013],[12.060313,55.653998],[12.095063,55.729071],[12.026134,55.941352],[11.992442,55.960598],[11.865489,55.939358],[11.848643,55.948188],[11.865571,55.972724],[12.245128,56.12873],[12.328461,56.126899],[12.414887,56.099026],[12.486095,56.099026],[12.621918,56.043769],[12.512706,55.92829],[12.554454,55.88288],[12.602224,55.797349],[12.587901,55.729071],[12.602224,55.708564],[12.487153,55.609849],[12.403575,55.619208],[12.331309,55.595404],[12.24822,55.546129],[12.19809,55.487494],[12.224864,55.434882],[12.273448,55.410224],[12.368826,55.400092],[12.434744,55.363674],[12.465017,55.290269],[12.392426,55.255316],[12.182791,55.2272],[12.121104,55.191067],[12.10906,55.170722],[12.115001,55.153713],[12.098969,55.141425],[12.08074,55.146877],[12.088145,55.168362],[12.076671,55.181952],[12.056407,55.185696],[12.014659,55.167467],[12.012462,55.157131],[12.046641,55.140082],[12.16863,55.128485],[12.171397,55.095445],[12.1185,55.073554],[12.163341,55.023383],[12.162283,55.004381],[12.03297,54.968085],[11.910167,55.009711],[11.91684,55.002875],[11.897146,54.995429],[11.901541,54.976386],[11.882823,54.940823],[11.918468,54.921942],[11.931163,54.92772],[11.923676,54.940823],[11.957856,54.948188],[12.023936,54.898017]]],[[[11.509532,56.71015],[11.520844,56.715399],[11.649425,56.729641],[11.56422,56.677436],[11.524587,56.684719],[11.509532,56.71015]]],[[[8.812673,56.734565],[8.771251,56.715969],[8.766124,56.698717],[8.658376,56.678127],[8.586274,56.736477],[8.514659,56.738227],[8.522797,56.755072],[8.553233,56.768134],[8.545258,56.791083],[8.643809,56.808051],[8.668793,56.825832],[8.621104,56.832017],[8.655121,56.866848],[8.651622,56.894192],[8.81365,56.910346],[8.867442,56.962958],[8.890391,56.95482],[8.91627,56.979071],[8.928884,56.97663],[8.908458,56.948717],[8.922699,56.922024],[8.900401,56.874823],[8.88795,56.866848],[8.867442,56.89411],[8.83961,56.879828],[8.855154,56.81977],[8.881114,56.805365],[8.853282,56.797838],[8.867442,56.791083],[8.812673,56.734565]]],[[[11.169932,57.332709],[11.197276,57.313381],[11.189113,57.294283],[11.143231,57.301351],[11.06658,57.291327],[11.094165,57.268996],[11.091101,57.252784],[11.028835,57.201914],[10.997905,57.19791],[10.951815,57.23373],[10.888799,57.245344],[10.854991,57.264635],[10.946601,57.304643],[11.169932,57.332709]]]]}},{"type":"Feature","properties":{"name":"Libya","iso":"LY","pop":6777452},"geometry":{"type":"MultiPolygon","coordinates":[[[[11.505112,33.181225],[11.574962,33.157945],[11.587657,33.13231],[11.635753,33.10871],[11.793468,33.080756],[11.77296,33.099351],[11.707774,33.117174],[11.691091,33.135972],[11.847016,33.082831],[12.08074,32.957831],[12.122406,32.921332],[12.348318,32.832668],[12.729828,32.79857],[12.824392,32.804348],[13.074474,32.86636],[13.164724,32.912746],[13.257091,32.918647],[13.351736,32.904242],[13.571462,32.802802],[13.830333,32.794094],[13.991222,32.744574],[14.185313,32.714504],[14.469493,32.519029],[14.631602,32.495673],[14.726817,32.450751],[14.911143,32.443915],[15.181977,32.395494],[15.283051,32.317288],[15.300792,32.26081],[15.364513,32.174709],[15.361095,31.965318],[15.490408,31.664862],[15.622813,31.49726],[15.761485,31.388129],[16.044607,31.275539],[16.358653,31.227118],[16.728038,31.223822],[16.941905,31.183295],[17.16033,31.118801],[17.365896,31.086615],[17.457774,31.033352],[17.5844930283915,31.0],[10.243246234358251,31.0],[10.244832,31.078156],[10.213206,31.135362],[10.106235,31.429194],[10.116881,31.494409],[10.196462,31.57859],[10.263952,31.680496],[10.315422,31.715843],[10.427766,31.714603],[10.498873,31.744317],[10.542384,31.806638],[10.584552,31.84028],[10.605946,31.953606],[10.628477,31.974122],[10.683564,31.957017],[10.703098,31.962185],[10.772861,32.004508],[10.805624,32.032361],[10.845932,32.111788],[10.873217,32.136696],[11.444035,32.36849],[11.546354,32.434275],[11.564131,32.465487],[11.560617,32.507578],[11.537363,32.543519],[11.47039,32.599277],[11.449926,32.637957],[11.463775,32.798464],[11.456541,32.902101],[11.477418,33.041214],[11.506047,33.136376],[11.505112,33.181225]]],[[[20.146658,31.045559],[20.146658,31.216783],[20.103282,31.308743],[20.022227,31.396796],[19.954845,31.559475],[19.948009,31.645087],[19.917247,31.759223],[19.948009,31.925971],[19.940115,31.95775],[20.071544,32.176418],[20.261729,32.339545],[20.32545,32.409817],[20.385509,32.434638],[20.562673,32.557847],[20.79656,32.643012],[20.934093,32.722602],[21.050955,32.772284],[21.09669,32.781073],[21.286794,32.771145],[21.414806,32.793402],[21.608653,32.930732],[21.716319,32.950385],[21.787446,32.915961],[21.877452,32.903225],[22.096202,32.923082],[22.11671,32.944159],[22.149587,32.947943],[22.206798,32.888129],[22.33961,32.882148],[22.513845,32.790961],[22.578868,32.784613],[22.812511,32.724514],[22.92921,32.676703],[22.976899,32.676703],[23.10613,32.639838],[23.120942,32.61522],[23.094412,32.577379],[23.103852,32.516343],[23.148936,32.478095],[23.128429,32.395494],[23.108653,32.40233],[23.109874,32.420315],[23.094412,32.436469],[23.080577,32.334052],[23.195079,32.291653],[23.2435,32.220608],[23.285411,32.203762],[23.312185,32.162746],[23.299083,32.224189],[23.36199,32.217108],[23.405284,32.19066],[23.669688,32.183254],[23.840343,32.149115],[23.998709,32.093899],[23.970714,32.066596],[24.090668,32.005764],[24.546072,31.991441],[24.670258,32.032416],[24.733735,32.033149],[24.791759,32.007758],[24.9817,31.967922],[25.017914,31.949042],[25.033376,31.916327],[25.022227,31.854682],[25.029552,31.8369],[25.116873,31.737982],[25.156261,31.663072],[25.060413,31.579366],[25.023723,31.494409],[24.861252,31.38036],[24.848953,31.34863],[24.859495,31.145955],[24.900201535359233,31.0],[20.127374495445704,31.0],[20.146658,31.045559]]]]}},{"type":"Feature","properties":{"name":"Tunisia","iso":"TN","pop":11694719},"geometry":{"type":"MultiPolygon","coordinates":[[[[11.506047,33.136376],[11.477418,33.041214],[11.456541,32.902101],[11.463775,32.798464],[11.449926,32.637957],[11.47039,32.599277],[11.537363,32.543519],[11.560617,32.507578],[11.564131,32.465487],[11.546354,32.434275],[11.444035,32.36849],[10.873217,32.136696],[10.845932,32.111788],[10.805624,32.032361],[10.772861,32.004508],[10.703098,31.962185],[10.683564,31.957017],[10.628477,31.974122],[10.605946,31.953606],[10.584552,31.84028],[10.542384,31.806638],[10.498873,31.744317],[10.427766,31.714603],[10.315422,31.715843],[10.263952,31.680496],[10.196462,31.57859],[10.116881,31.494409],[10.106235,31.429194],[10.213206,31.135362],[10.244832,31.078156],[10.243246234358251,31.0],[9.32107601818826,31.0],[9.033743,32.090756],[8.331253,32.527628],[8.296423,32.804407],[8.282884,32.836369],[8.086824,33.094286],[8.002178,33.108368],[7.871953,33.184125],[7.75072,33.207664],[7.724985,33.231409],[7.709689,33.278151],[7.708242,33.414861],[7.693153,33.454109],[7.553006,33.658748],[7.534196,33.736236],[7.498539,33.799979],[7.479832,33.893901],[7.503707,34.067973],[7.517453,34.095026],[7.631451,34.199102],[7.733874,34.223778],[7.765293,34.244707],[7.831542,34.414386],[8.094058,34.530142],[8.167232,34.578562],[8.192864,34.617733],[8.236479,34.647654],[8.210641,34.681192],[8.266554,34.750283],[8.248881,34.901953],[8.300454,35.06768],[8.313683,35.103078],[8.360916,35.145918],[8.431299,35.241726],[8.317404,35.289475],[8.294356,35.32508],[8.290016,35.402595],[8.336731,35.508376],[8.337041,35.537935],[8.323605,35.652192],[8.257666,35.750325],[8.24144,35.827737],[8.275649,36.03682],[8.317094,36.145909],[8.302314,36.202339],[8.307069,36.243629],[8.354404,36.350909],[8.357712,36.430387],[8.349237,36.448784],[8.295597,36.46868],[8.167852,36.491365],[8.169919,36.525834],[8.193484,36.548985],[8.286915,36.583401],[8.430369,36.662621],[8.461788,36.732798],[8.406701,36.767989],[8.413109,36.783906],[8.554495,36.803646],[8.641725,36.836357],[8.608239,36.890721],[8.60251,36.939511],[8.692149,36.969387],[8.824392,36.979478],[8.925792,37.038886],[8.987641,37.116848],[9.038748,37.151842],[9.15919,37.192816],[9.210704,37.233832],[9.34254,37.235338],[9.419119,37.275824],[9.453868,37.268297],[9.552745,37.309516],[9.591482,37.302924],[9.649262,37.331855],[9.74464,37.345201],[9.773448,37.330512],[9.858897,37.328803],[9.861664,37.271186],[9.792735,37.238023],[9.771821,37.213324],[9.815929,37.151842],[9.879893,37.150092],[9.914317,37.17829],[9.924978,37.213121],[9.861176,37.233832],[9.819591,37.227607],[9.882498,37.263577],[9.979828,37.246039],[10.059825,37.264838],[10.075857,37.24494],[10.146251,37.236518],[10.178722,37.212714],[10.272146,37.178534],[10.211274,37.158677],[10.205821,37.175116],[10.177989,37.177965],[10.128103,37.158677],[10.135427,37.14232],[10.161632,37.134345],[10.211274,37.1376],[10.227061,37.117662],[10.224376,37.095933],[10.21754,37.110297],[10.174327,37.076239],[10.182384,37.027045],[10.220063,36.97663],[10.313731,36.918443],[10.347179,36.880276],[10.298839,36.821763],[10.272146,36.829088],[10.279552,36.844306],[10.25294,36.84634],[10.210704,36.831855],[10.188487,36.797593],[10.247244,36.786282],[10.272146,36.816067],[10.320079,36.748765],[10.355317,36.731187],[10.436995,36.728839],[10.518713,36.755797],[10.538233,36.772026],[10.566905,36.863227],[10.584972,36.876166],[10.652599,36.876899],[10.733466,36.895812],[10.887543,37.006008],[10.90211,37.048814],[10.974132,37.061265],[11.012706,37.084784],[11.051036,37.080308],[11.060313,37.062486],[11.04835,37.020331],[11.087738,36.959418],[11.094493,36.918443],[11.136227,36.87053],[11.130545,36.854039],[11.02214,36.788276],[10.879519,36.588475],[10.825662,36.479811],[10.799929,36.451885],[10.717154,36.434551],[10.620441,36.39028],[10.585564,36.398132],[10.550928,36.377256],[10.519085,36.337472],[10.491068,36.258066],[10.474695,36.112486],[10.518565,35.979967],[10.582286,35.92182],[10.622081,35.842597],[10.693696,35.787787],[10.74362,35.769672],[10.803722,35.786933],[10.82309,35.780463],[10.84142,35.766548],[10.824522,35.733389],[10.841156,35.698798],[10.971816,35.654138],[11.011974,35.657904],[11.040998,35.63773],[11.055022,35.614476],[11.0171,35.602281],[11.014903,35.555162],[11.039236,35.5185],[11.085057,35.506785],[11.05769,35.486733],[11.050666,35.459782],[11.042233,35.334435],[11.101329,35.266832],[11.160782,35.238232],[11.15916,35.218757],[11.111578,35.205595],[11.062912,35.153639],[11.01588,35.092841],[11.018105,35.034191],[10.917654,34.957424],[10.916336,34.873569],[10.856293,34.830878],[10.871421,34.797367],[10.811262,34.76888],[10.717296,34.66474],[10.625255,34.633246],[10.597023,34.544713],[10.559376,34.52349],[10.465994,34.511949],[10.431895,34.496324],[10.378724,34.42308],[10.288097,34.414008],[10.247244,34.372138],[10.12672,34.325629],[10.102161,34.304075],[10.032777,34.184655],[10.005219,34.17064],[10.021495,34.07331],[10.0713,33.946234],[10.163097,33.836249],[10.330251,33.702826],[10.489268,33.647121],[10.634072,33.673628],[10.716645,33.706936],[10.739992,33.671578],[10.736924,33.60285],[10.691417,33.576117],[10.674083,33.5456],[10.703624,33.496039],[10.738129,33.478013],[10.909434,33.539618],[10.932791,33.574042],[10.906505,33.616441],[10.936209,33.636298],[10.960623,33.627672],[10.98463,33.643134],[11.042817,33.617865],[11.111583,33.540025],[11.116621,33.489973],[11.089929,33.454149],[11.110783,33.39297],[11.102074,33.364081],[11.131114,33.371527],[11.170665,33.331773],[11.293712,33.286811],[11.28004,33.280015],[11.133637,33.311428],[11.121837,33.280015],[11.179535,33.211086],[11.245372,33.217922],[11.372244,33.183783],[11.433116,33.193549],[11.351899,33.258857],[11.505112,33.181225],[11.506047,33.136376]]],[[[10.929942,33.896308],[11.060313,33.800727],[10.971039,33.738715],[10.956716,33.69774],[10.956716,33.732489],[10.941091,33.728217],[10.887786,33.640142],[10.871056,33.654333],[10.876921,33.688218],[10.858995,33.711061],[10.80893,33.73432],[10.781922,33.703696],[10.76342,33.700163],[10.733791,33.730666],[10.728314,33.784568],[10.747593,33.812748],[10.736013,33.884752],[10.77296,33.896308],[10.897797,33.87934],[10.929942,33.896308]]],[[[10.964122,34.656684],[11.101329,34.670966],[11.110842,34.659506],[11.055708,34.620962],[10.964122,34.656684]]],[[[11.265798,34.773383],[11.304796,34.742294],[11.297035,34.728693],[11.130746,34.663291],[11.122306,34.680426],[11.170647,34.728592],[11.173025,34.758002],[11.198189,34.74402],[11.222111,34.747645],[11.217502,34.781615],[11.25427,34.825822],[11.304171,34.805289],[11.278087,34.797675],[11.265798,34.773383]]]]}},{"type":"Feature","properties":{"name":"Romania","iso":"RO","pop":19356544},"geometry":{"type":"Polygon","coordinates":[[[22.877601,47.946739],[22.924213,47.972732],[22.915738,47.992989],[22.924109,48.004823],[23.004415,47.983067],[23.063119,48.007458],[23.098982,48.071227],[23.139083,48.098125],[23.231377,48.079728],[23.360052,47.993144],[23.460821,47.971337],[23.481595,47.972163],[23.514461,47.998983],[23.563243,48.005753],[23.710521,47.985083],[23.780078,47.987511],[23.848394,47.949658],[23.855215,47.934233],[24.008798,47.961208],[24.094787,47.937928],[24.131167,47.914544],[24.231006,47.897026],[24.297876,47.919789],[24.347175,47.920875],[24.409187,47.952061],[24.542098,47.943819],[24.633669,47.908291],[24.679144,47.84013],[24.808232,47.79574],[24.896599,47.710061],[25.079947,47.742927],[25.121908,47.770315],[25.218956,47.878474],[25.261744,47.898576],[25.752516,47.934595],[25.90124,47.965962],[26.125723,47.978416],[26.173058,47.993144],[26.204788,48.037379],[26.270727,48.093603],[26.297495,48.156338],[26.30349,48.212045],[26.5874,48.249356],[26.688531,48.274832],[26.722379,48.259769],[26.733127,48.27075],[26.744031,48.255583],[26.821908,48.252534],[26.897665,48.208971],[26.908001,48.184528],[26.938128,48.204811],[26.963088,48.175381],[26.997607,48.16657],[26.966602,48.143367],[27.048044,48.122232],[27.034298,48.101768],[27.041739,48.077273],[27.109332,48.033503],[27.088971,48.019809],[27.095793,48.005598],[27.121476,48.013194],[27.143748,47.986839],[27.16876,47.983067],[27.150983,47.957797],[27.178268,47.937928],[27.160698,47.921727],[27.212375,47.889507],[27.212375,47.847933],[27.253406,47.828089],[27.219196,47.813775],[27.287512,47.752332],[27.295057,47.718174],[27.272009,47.71497],[27.281104,47.693007],[27.369161,47.60831],[27.428382,47.581024],[27.473134,47.491779],[27.575867,47.460412],[27.582998,47.450671],[27.562534,47.416538],[27.580311,47.405996],[27.572353,47.375197],[27.599948,47.360728],[27.636948,47.306674],[27.733273,47.275617],[27.788309,47.204277],[27.807687,47.162471],[27.794665,47.155831],[27.849855,47.12852],[27.843757,47.114386],[27.938429,47.061056],[27.938739,47.046638],[28.008295,47.026304],[28.028036,47.03297],[28.069067,46.988503],[28.102295,46.935121],[28.096869,46.902616],[28.11356,46.894761],[28.121518,46.8343],[28.234121,46.662424],[28.247144,46.607156],[28.225439,46.569562],[28.234121,46.553129],[28.221099,46.541191],[28.219032,46.503726],[28.2458,46.475511],[28.246058,46.427865],[28.22606,46.415359],[28.233294,46.401768],[28.212934,46.388694],[28.207146,46.358153],[28.190351,46.351074],[28.192883,46.311231],[28.177794,46.287047],[28.135212,46.269322],[28.132112,46.239918],[28.108961,46.23413],[28.144721,46.183229],[28.090151,46.073365],[28.096869,46.05967],[28.082709,46.014712],[28.124981,45.918387],[28.117436,45.895236],[28.131078,45.871361],[28.110511,45.854308],[28.113302,45.825369],[28.154953,45.761807],[28.167975,45.632461],[28.107721,45.6244],[28.062142,45.593601],[28.140949,45.560218],[28.165391,45.528282],[28.165908,45.494589],[28.212934,45.450198],[28.237635,45.452059],[28.286418,45.421725],[28.281198,45.401829],[28.330239,45.322919],[28.577046,45.248092],[28.710061,45.226956],[28.778687,45.23109],[28.802665,45.244165],[28.767267,45.257755],[28.75967,45.274189],[28.79016,45.292069],[28.789746,45.321421],[28.831811,45.322299],[28.929893,45.279098],[28.952837,45.285092],[28.973663,45.323695],[29.174322,45.388962],[29.228169,45.42374],[29.281809,45.422293],[29.322117,45.443842],[29.569699,45.394956],[29.650262,45.346122],[29.667109,45.311861],[29.666488,45.230625],[29.659028,45.215888],[29.623871,45.210273],[29.667003,45.164211],[29.699555,45.161811],[29.664399,45.116929],[29.656261,45.028957],[29.623871,44.929104],[29.630382,44.90766],[29.605154,44.880032],[29.617849,44.861477],[29.561778,44.820258],[29.542003,44.827826],[29.156098,44.78441],[29.055837,44.735175],[29.000743,44.68891],[28.974946,44.74494],[29.098155,44.775377],[29.138682,44.804023],[29.138845,44.839179],[29.096365,44.875067],[29.10377,44.840277],[29.060313,44.832343],[29.044119,44.865546],[29.041759,44.925686],[29.052094,44.944648],[29.110606,44.970038],[29.058279,45.000963],[28.983246,45.012274],[28.960216,44.987698],[28.91684,44.979682],[28.869395,44.943345],[28.863536,44.922309],[28.876638,44.904853],[28.866466,44.882636],[28.952403,44.826646],[28.924978,44.813056],[28.938731,44.80622],[28.925466,44.783677],[28.946137,44.765204],[28.868826,44.753567],[28.79835,44.720201],[28.78712,44.693305],[28.80836,44.696357],[28.785411,44.679674],[28.784028,44.649237],[28.869477,44.661811],[28.911957,44.696357],[28.897716,44.716783],[28.967459,44.700995],[28.987559,44.675279],[28.962087,44.63939],[28.938731,44.634263],[28.975352,44.686835],[28.952403,44.696357],[28.957774,44.678778],[28.918224,44.682685],[28.854177,44.634345],[28.774181,44.600775],[28.794688,44.634263],[28.757823,44.626776],[28.764415,44.595893],[28.787852,44.586493],[28.732677,44.567857],[28.732677,44.552314],[28.746918,44.565985],[28.774181,44.552314],[28.745616,44.486151],[28.758474,44.465277],[28.778331,44.507392],[28.855642,44.567694],[28.906261,44.587714],[28.924978,44.620551],[28.909679,44.584215],[28.844005,44.49372],[28.796723,44.467922],[28.706554,44.381049],[28.693126,44.346137],[28.664399,44.348375],[28.635102,44.316392],[28.631033,44.26435],[28.671723,44.168687],[28.645844,44.172024],[28.63087,44.154486],[28.671723,43.997382],[28.609386,43.874498],[28.57838,43.741278],[28.434574,43.735213],[28.221254,43.761981],[27.98101,43.84934],[27.935845,43.964398],[27.912074,43.993336],[27.85647,43.988634],[27.721698,43.94874],[27.656275,44.023877],[27.633434,44.029768],[27.574523,44.016281],[27.383837,44.015092],[27.341669,44.053074],[27.285342,44.072453],[27.26431,44.089765],[27.269012,44.112399],[27.251132,44.122373],[27.100237,44.14449],[27.027476,44.177046],[27.001535,44.165109],[26.884126,44.156531],[26.753695,44.10811],[26.310518,44.052609],[26.150734,44.012405],[26.079317,43.969049],[26.054306,43.934322],[25.934003,43.870321],[25.869304,43.800893],[25.806259,43.763661],[25.781144,43.732009],[25.671384,43.717359],[25.556558,43.670359],[25.467417,43.667749],[25.403131,43.65005],[25.35962,43.654287],[25.252339,43.704646],[25.0816,43.718935],[24.963675,43.749605],[24.705603,43.743765],[24.466341,43.802418],[24.358234,43.760017],[24.159383,43.752938],[23.799922,43.818463],[23.742871,43.8427],[23.592699,43.837429],[23.484695,43.880604],[23.325151,43.886592],[23.234478,43.877297],[23.131849,43.847945],[22.888763,43.839522],[22.863441,43.855412],[22.850522,43.896986],[22.885869,43.994525],[23.023018,44.031629],[23.040071,44.062325],[23.030976,44.093072],[22.906436,44.122889],[22.690739,44.228878],[22.68154,44.305307],[22.582838,44.328406],[22.549352,44.348974],[22.522687,44.37507],[22.505117,44.404061],[22.505427,44.435015],[22.477005,44.463954],[22.484136,44.499766],[22.548422,44.511703],[22.580461,44.565498],[22.621182,44.569219],[22.700144,44.54183],[22.741692,44.551855],[22.765153,44.58281],[22.700144,44.63061],[22.587489,44.649369],[22.483723,44.72399],[22.426052,44.733653],[22.38068,44.700528],[22.304922,44.677377],[22.185136,44.515113],[22.126639,44.502659],[22.086951,44.52178],[22.076306,44.550718],[22.045197,44.569219],[21.994347,44.658567],[21.855441,44.698461],[21.756842,44.677274],[21.65628,44.687661],[21.619693,44.713913],[21.595612,44.765951],[21.578042,44.777681],[21.395934,44.790239],[21.378571,44.816645],[21.342811,44.831942],[21.355523,44.856591],[21.536287,44.889302],[21.539078,44.908474],[21.51634,44.933899],[21.40844,44.958342],[21.385185,44.969504],[21.383945,44.986661],[21.351389,44.998236],[21.363378,45.01653],[21.421875,45.031413],[21.442443,45.092908],[21.494119,45.119314],[21.493292,45.145101],[21.405546,45.199671],[21.239251,45.229385],[21.139412,45.303696],[21.09156,45.288089],[20.981489,45.33279],[20.816021,45.462859],[20.767135,45.479344],[20.760727,45.493348],[20.797624,45.516499],[20.800208,45.530504],[20.754423,45.605589],[20.777264,45.657524],[20.785739,45.752557],[20.765171,45.766768],[20.726827,45.736176],[20.68807,45.7431],[20.645902,45.788731],[20.636704,45.827023],[20.572108,45.887691],[20.481674,45.912703],[20.35393,45.976678],[20.305665,46.053572],[20.242826,46.108091],[20.283237,46.1438],[20.444157,46.1469],[20.468549,46.174134],[20.548957,46.15615],[20.600117,46.12964],[20.663989,46.137753],[20.698819,46.15646],[20.710291,46.188086],[20.744707,46.192272],[20.739333,46.237489],[20.798658,46.267616],[20.999162,46.251597],[21.033475,46.231339],[21.099208,46.27635],[21.144476,46.283739],[21.17879,46.384457],[21.280695,46.416393],[21.245142,46.47688],[21.247623,46.497473],[21.291341,46.546721],[21.300953,46.603926],[21.316249,46.616639],[21.396037,46.626354],[21.436241,46.673741],[21.483577,46.684852],[21.501767,46.703507],[21.505178,46.723247],[21.470451,46.743014],[21.502904,46.80531],[21.536597,46.835023],[21.583416,46.847943],[21.589927,46.908869],[21.648528,46.942976],[21.671369,46.99336],[21.632819,47.022686],[21.763767,47.105214],[21.77989,47.140741],[21.819887,47.172729],[21.823608,47.214923],[21.862159,47.297424],[21.919003,47.349669],[21.981531,47.366102],[22.001582,47.393827],[21.988869,47.492942],[22.007886,47.517411],[22.09956,47.570948],[22.162089,47.586244],[22.207874,47.673732],[22.27309,47.723755],[22.395873,47.735692],[22.423675,47.782563],[22.454371,47.787394],[22.562994,47.757215],[22.637719,47.771555],[22.703864,47.817186],[22.75182,47.827676],[22.763602,47.874753],[22.819723,47.892323],[22.877601,47.946739]]]}},{"type":"Feature","properties":{"name":"Hungary","iso":"HU","pop":9769949},"geometry":{"type":"Polygon","coordinates":[[[22.877601,47.946739],[22.819723,47.892323],[22.763602,47.874753],[22.75182,47.827676],[22.703864,47.817186],[22.637719,47.771555],[22.562994,47.757215],[22.454371,47.787394],[22.423675,47.782563],[22.395873,47.735692],[22.27309,47.723755],[22.207874,47.673732],[22.162089,47.586244],[22.09956,47.570948],[22.007886,47.517411],[21.988869,47.492942],[22.001582,47.393827],[21.981531,47.366102],[21.919003,47.349669],[21.862159,47.297424],[21.823608,47.214923],[21.819887,47.172729],[21.77989,47.140741],[21.763767,47.105214],[21.632819,47.022686],[21.671369,46.99336],[21.648528,46.942976],[21.589927,46.908869],[21.583416,46.847943],[21.536597,46.835023],[21.502904,46.80531],[21.470451,46.743014],[21.505178,46.723247],[21.501767,46.703507],[21.483577,46.684852],[21.436241,46.673741],[21.396037,46.626354],[21.316249,46.616639],[21.300953,46.603926],[21.291341,46.546721],[21.247623,46.497473],[21.245142,46.47688],[21.280695,46.416393],[21.195636,46.398099],[21.168661,46.362753],[21.164527,46.318259],[21.144476,46.283739],[21.099208,46.27635],[21.051459,46.236094],[20.906558,46.26219],[20.875139,46.254387],[20.819638,46.271699],[20.739333,46.237489],[20.744707,46.192272],[20.710291,46.188086],[20.698819,46.15646],[20.663989,46.137753],[20.600117,46.12964],[20.548957,46.15615],[20.468549,46.174134],[20.444157,46.1469],[20.283237,46.1438],[20.242826,46.108091],[20.188462,46.140389],[20.138026,46.136461],[20.098442,46.154962],[20.034983,46.142973],[19.993125,46.159406],[19.92915,46.16354],[19.79045,46.129072],[19.669321,46.1731],[19.549948,46.16416],[19.487523,46.134239],[19.499305,46.108608],[19.453727,46.07755],[19.404738,46.060239],[19.378899,46.033677],[19.306966,46.026649],[19.263454,45.981432],[19.148009,45.984068],[19.088478,46.018846],[19.049721,45.993111],[19.048584,45.963449],[18.981818,45.950788],[18.981818,45.921849],[18.886526,45.930428],[18.828339,45.905726],[18.804878,45.913633],[18.775525,45.882834],[18.655636,45.907587],[18.57347,45.816688],[18.530269,45.79085],[18.481797,45.791418],[18.404385,45.741809],[18.367178,45.75819],[18.317672,45.747286],[18.211219,45.785372],[18.12895,45.785372],[18.080477,45.771729],[17.975367,45.792141],[17.889791,45.792141],[17.858062,45.771729],[17.809176,45.814414],[17.656524,45.84542],[17.645775,45.891825],[17.591102,45.936215],[17.511933,45.95394],[17.426667,45.956731],[17.406203,45.943657],[17.38915,45.963087],[17.345328,45.955697],[17.337887,45.984636],[17.327138,45.972027],[17.290138,45.984636],[17.316803,45.997659],[17.275875,46.012025],[17.24859,46.080238],[17.208593,46.116566],[17.101209,46.128193],[16.974808,46.210565],[16.889232,46.292163],[16.875073,46.342857],[16.837659,46.381873],[16.827531,46.374018],[16.769343,46.39611],[16.75508,46.381873],[16.659272,46.464193],[16.594263,46.482978],[16.577623,46.470653],[16.515302,46.501711],[16.500832,46.544809],[16.368437,46.642994],[16.410502,46.668367],[16.405024,46.687255],[16.357585,46.699011],[16.357275,46.715832],[16.343426,46.714178],[16.314177,46.743324],[16.298157,46.775802],[16.325339,46.839442],[16.272009,46.863962],[16.094035,46.862774],[16.170723,46.918533],[16.22395,46.941064],[16.232942,46.966075],[16.261054,46.97809],[16.274903,47.004315],[16.387764,47.002042],[16.415566,46.989433],[16.486363,46.998554],[16.467553,47.018423],[16.424661,47.024082],[16.493184,47.049145],[16.493701,47.059816],[16.454323,47.081701],[16.509514,47.137537],[16.497318,47.149681],[16.433653,47.145754],[16.441818,47.177121],[16.412776,47.187173],[16.421354,47.243138],[16.473237,47.276805],[16.424351,47.345199],[16.436443,47.358506],[16.433963,47.39685],[16.456597,47.411836],[16.481919,47.392302],[16.640875,47.452919],[16.636845,47.4932],[16.677359,47.509866],[16.689141,47.53803],[16.65059,47.566555],[16.656172,47.585934],[16.63023,47.622004],[16.481919,47.638954],[16.407815,47.66133],[16.43913,47.690475],[16.45453,47.681768],[16.512924,47.706004],[16.531115,47.742978],[16.567805,47.754192],[16.689865,47.729568],[16.730379,47.685902],[16.797455,47.675463],[16.850165,47.712929],[16.864738,47.686729],[16.902668,47.682026],[17.075371,47.708484],[17.050566,47.730989],[17.040644,47.801114],[17.05563,47.812354],[17.004057,47.863281],[17.067619,47.881626],[17.087463,47.922632],[17.07413,47.932114],[17.095731,47.95573],[17.085603,47.970148],[17.184821,48.020274],[17.337887,47.998725],[17.472039,47.888809],[17.526609,47.872118],[17.572601,47.829536],[17.604227,47.834239],[17.676678,47.789177],[17.825713,47.750006],[18.11262,47.762486],[18.23592,47.753882],[18.347851,47.776775],[18.552593,47.792846],[18.692843,47.777963],[18.767671,47.822302],[18.816453,47.83256],[18.748757,47.870723],[18.754751,47.951803],[18.743176,47.971052],[18.794232,47.993144],[18.838467,48.040015],[18.996494,48.066214],[19.222526,48.060582],[19.29322,48.087764],[19.428199,48.085852],[19.481735,48.111328],[19.513982,48.203958],[19.623226,48.227006],[19.686994,48.196904],[19.756551,48.200315],[19.774327,48.185897],[19.766679,48.159],[19.776084,48.149517],[19.821663,48.157914],[19.884295,48.129621],[19.928633,48.130087],[19.99695,48.167914],[20.105263,48.202795],[20.134512,48.246669],[20.170892,48.244033],[20.22908,48.270905],[20.272385,48.252456],[20.324268,48.279948],[20.370157,48.334338],[20.420593,48.429241],[20.481674,48.478747],[20.481674,48.526083],[20.800311,48.569233],[20.945832,48.518978],[21.035956,48.514637],[21.109336,48.489109],[21.219924,48.518719],[21.261782,48.50319],[21.32183,48.54758],[21.424563,48.561275],[21.49939,48.535075],[21.521818,48.50009],[21.591684,48.49301],[21.613388,48.440352],[21.67757,48.372346],[21.759012,48.333769],[21.929338,48.372914],[22.077856,48.375808],[22.13284,48.404798],[22.201983,48.418157],[22.271849,48.403455],[22.25676,48.357282],[22.29128,48.357566],[22.308126,48.293694],[22.363627,48.23871],[22.481449,48.242586],[22.55576,48.177164],[22.605472,48.097039],[22.745722,48.116289],[22.830988,48.072442],[22.861581,48.028387],[22.832435,47.978933],[22.877601,47.946739]]]}},{"type":"Feature","properties":{"name":"Slovakia","iso":"SK","pop":5454073},"geometry":{"type":"Polygon","coordinates":[[[22.539637,49.0722],[22.520516,48.992928],[22.448996,48.971431],[22.411789,48.887766],[22.368898,48.856451],[22.365694,48.794387],[22.330761,48.756405],[22.310297,48.681681],[22.243221,48.651192],[22.219036,48.620935],[22.138731,48.569595],[22.148343,48.508823],[22.13377,48.476835],[22.13284,48.404798],[22.09646,48.379425],[21.929338,48.372914],[21.789398,48.335526],[21.727697,48.340901],[21.67757,48.372346],[21.621553,48.429655],[21.591684,48.49301],[21.521818,48.50009],[21.49939,48.535075],[21.424563,48.561275],[21.32183,48.54758],[21.261782,48.50319],[21.219924,48.518719],[21.109336,48.489109],[21.035956,48.514637],[20.945832,48.518978],[20.800311,48.569233],[20.51051,48.533783],[20.481674,48.526083],[20.481674,48.478747],[20.420593,48.429241],[20.370157,48.334338],[20.324268,48.279948],[20.272385,48.252456],[20.22908,48.270905],[20.170892,48.244033],[20.134512,48.246669],[20.105263,48.202795],[19.99695,48.167914],[19.928633,48.130087],[19.884295,48.129621],[19.821663,48.157914],[19.776084,48.149517],[19.766679,48.159],[19.774327,48.185897],[19.756551,48.200315],[19.686994,48.196904],[19.623226,48.227006],[19.513982,48.203958],[19.481735,48.111328],[19.428199,48.085852],[19.29322,48.087764],[19.222526,48.060582],[18.996494,48.066214],[18.838467,48.040015],[18.794232,47.993144],[18.743176,47.971052],[18.754751,47.951803],[18.748757,47.870723],[18.816453,47.83256],[18.767671,47.822302],[18.692843,47.777963],[18.552593,47.792846],[18.347851,47.776775],[18.23592,47.753882],[18.11262,47.762486],[17.825713,47.750006],[17.741997,47.76538],[17.676678,47.789177],[17.61911,47.829226],[17.572601,47.829536],[17.526609,47.872118],[17.472039,47.888809],[17.337887,47.998725],[17.184821,48.020274],[17.148338,48.005443],[17.069686,48.035674],[17.075061,48.052081],[17.059144,48.060427],[17.080228,48.097608],[17.047465,48.130991],[16.98194,48.161299],[16.954345,48.273127],[16.916621,48.2908],[16.898431,48.316173],[16.901945,48.339402],[16.84448,48.365602],[16.864944,48.458077],[16.913934,48.519339],[16.946903,48.539726],[16.947523,48.623157],[16.974808,48.649874],[17.025348,48.746328],[17.098728,48.805756],[17.113715,48.83392],[17.167458,48.859758],[17.260269,48.857794],[17.374371,48.819605],[17.453332,48.842756],[17.498497,48.816763],[17.535084,48.812991],[17.727217,48.86291],[17.795533,48.920581],[17.860336,48.921718],[17.878733,48.933552],[17.914079,49.010498],[18.012885,49.019128],[18.075516,49.047188],[18.102905,49.09225],[18.105075,49.169765],[18.117788,49.202579],[18.160576,49.2587],[18.385162,49.342261],[18.387642,49.389751],[18.416788,49.385462],[18.514663,49.440601],[18.535643,49.481684],[18.635896,49.496721],[18.732531,49.480288],[18.792269,49.509537],[18.932208,49.504318],[18.961147,49.492794],[18.952362,49.475948],[18.962284,49.389183],[19.007139,49.388098],[19.067601,49.406133],[19.106255,49.391405],[19.141705,49.394195],[19.172504,49.402257],[19.18935,49.442203],[19.208987,49.444993],[19.20444,49.460548],[19.234102,49.507212],[19.339522,49.528761],[19.443392,49.60178],[19.505197,49.563384],[19.55677,49.453882],[19.634801,49.441324],[19.627044,49.401868],[19.706321,49.387529],[19.769263,49.39311],[19.78952,49.309188],[19.779702,49.293375],[19.808641,49.270895],[19.747766,49.205887],[19.785903,49.188162],[19.854219,49.191262],[19.905896,49.222785],[19.937935,49.22511],[20.050486,49.173227],[20.07002,49.183097],[20.08604,49.243042],[20.135856,49.308878],[20.16035,49.305622],[20.207169,49.334199],[20.284374,49.338643],[20.317653,49.391612],[20.422143,49.382982],[20.421936,49.40019],[20.437543,49.402515],[20.543996,49.370838],[20.605284,49.400035],[20.689517,49.4005],[20.778297,49.331202],[20.849301,49.320505],[20.91896,49.290326],[20.964022,49.308103],[21.017249,49.352441],[21.072543,49.357195],[21.080708,49.366342],[21.068512,49.381431],[21.033269,49.399673],[21.053526,49.414453],[21.124943,49.423651],[21.172588,49.398278],[21.194086,49.400603],[21.260542,49.449438],[21.42787,49.409802],[21.6199,49.423341],[21.65876,49.402464],[21.69173,49.402154],[21.757566,49.348927],[21.819577,49.377246],[21.964478,49.308568],[21.99321,49.278182],[22.012434,49.211054],[22.040752,49.197463],[22.197952,49.171987],[22.215936,49.139999],[22.339442,49.12646],[22.390085,49.093025],[22.505013,49.083413],[22.539637,49.0722]]]}},{"type":"Feature","properties":{"name":"Poland","iso":"PL","pop":37970874},"geometry":{"type":"Polygon","coordinates":[[[18.837434,49.526952],[18.788444,49.668597],[18.727673,49.668907],[18.617706,49.713866],[18.566753,49.804765],[18.566339,49.831585],[18.593831,49.852204],[18.567269,49.861454],[18.559208,49.907187],[18.481797,49.896645],[18.368832,49.932044],[18.328524,49.92884],[18.292454,49.907808],[18.255867,49.946048],[18.162023,49.98124],[18.098151,49.989043],[18.085128,49.998758],[18.091639,50.017207],[18.002446,50.046765],[18.00689,50.024131],[18.035726,50.017207],[18.032418,50.00284],[17.941571,49.992764],[17.875735,49.968682],[17.839355,49.973643],[17.763287,50.025216],[17.719466,50.080872],[17.731971,50.094876],[17.632753,50.106348],[17.584177,50.145881],[17.589448,50.163244],[17.675334,50.174716],[17.738173,50.202363],[17.747578,50.217504],[17.719156,50.252799],[17.734452,50.28949],[17.707994,50.311039],[17.684533,50.312382],[17.629549,50.262101],[17.469352,50.265563],[17.424187,50.240552],[17.388013,50.272643],[17.365896,50.271558],[17.355044,50.253264],[17.341711,50.259724],[17.334063,50.295691],[17.319077,50.308248],[17.337474,50.313002],[17.210866,50.336412],[17.187612,50.378476],[17.131698,50.376823],[17.084672,50.397958],[16.892953,50.432943],[16.865771,50.422401],[16.865874,50.408449],[16.897914,50.378218],[16.926543,50.319255],[16.987831,50.284942],[17.014806,50.218486],[16.996306,50.212905],[16.960339,50.231974],[16.955275,50.213474],[16.918998,50.217091],[16.880964,50.191563],[16.817712,50.186757],[16.701233,50.094928],[16.660616,50.093016],[16.566668,50.142212],[16.535042,50.207738],[16.437787,50.297965],[16.371021,50.318377],[16.353244,50.333518],[16.343736,50.36995],[16.2625,50.36442],[16.232011,50.402609],[16.199559,50.406278],[16.190153,50.424158],[16.198008,50.440023],[16.217955,50.437129],[16.211237,50.451289],[16.287719,50.492785],[16.352624,50.492785],[16.391175,50.521827],[16.394482,50.559344],[16.425901,50.567561],[16.416806,50.586629],[16.331644,50.644042],[16.232011,50.660888],[16.175477,50.624095],[16.086491,50.64678],[16.024479,50.608592],[15.982001,50.603631],[15.998641,50.635567],[15.971459,50.678613],[15.941486,50.68838],[15.848159,50.675151],[15.792245,50.742692],[15.684345,50.731426],[15.641866,50.755766],[15.441775,50.800208],[15.400124,50.797986],[15.370255,50.772613],[15.356096,50.775455],[15.341006,50.83173],[15.28778,50.854881],[15.25605,50.899892],[15.269796,50.952653],[15.227111,50.977406],[15.170164,50.977975],[15.144429,51.011564],[15.107946,50.981024],[15.003973,51.020685],[14.960978,50.992651],[14.996635,50.959216],[14.997771,50.930174],[14.981132,50.90909],[14.982062,50.859067],[14.810393,50.858447],[14.810496,50.877051],[14.860209,50.916842],[14.955293,51.064042],[14.991364,51.18897],[15.022059,51.23677],[15.019476,51.271678],[14.963768,51.328393],[14.946922,51.422909],[14.955397,51.435415],[14.945061,51.449186],[14.710037,51.530241],[14.712724,51.567422],[14.743937,51.606644],[14.732465,51.658347],[14.648439,51.717206],[14.634176,51.769012],[14.585807,51.803893],[14.58281,51.825081],[14.595936,51.842418],[14.687093,51.911897],[14.699082,51.992512],[14.761403,52.076667],[14.686369,52.121032],[14.70704,52.179452],[14.69257,52.19958],[14.712104,52.215444],[14.712414,52.235908],[14.696911,52.253478],[14.584153,52.291228],[14.590148,52.309418],[14.545396,52.382153],[14.539815,52.421866],[14.591595,52.449797],[14.632316,52.496745],[14.609061,52.517803],[14.644821,52.576921],[14.549943,52.636194],[14.490102,52.650638],[14.431915,52.686088],[14.382202,52.738152],[14.21601,52.817992],[14.152758,52.828327],[14.123923,52.850651],[14.150485,52.86463],[14.164954,52.895661],[14.14449,52.959921],[14.343341,53.048624],[14.38954,53.131668],[14.380651,53.189855],[14.44163,53.251841],[14.403286,53.27879],[14.359878,53.444077],[14.30417,53.508518],[14.297039,53.597763],[14.260969,53.656209],[14.263901,53.699976],[14.304861,53.712551],[14.288585,53.727973],[14.301606,53.734849],[14.288585,53.741645],[14.2942,53.749091],[14.414561,53.682359],[14.531016,53.657782],[14.590587,53.598375],[14.62379,53.652818],[14.575938,53.659654],[14.544932,53.704047],[14.575938,53.769517],[14.62379,53.769517],[14.61671,53.794745],[14.630626,53.851508],[14.587087,53.812649],[14.569102,53.824164],[14.58961,53.837836],[14.575857,53.854804],[14.441173,53.869615],[14.425548,53.879828],[14.431895,53.906155],[14.422048,53.896145],[14.385102,53.897284],[14.363048,53.879381],[14.417654,53.865139],[14.405284,53.844184],[14.328298,53.831],[14.341319,53.818915],[14.318858,53.818183],[14.274669,53.830797],[14.175289,53.906478],[14.193066,53.911491],[14.210053,53.938463],[14.268077,53.92182],[14.406749,53.92182],[14.517345,53.965237],[14.781912,54.034613],[15.010102,54.06981],[15.288341,54.138861],[15.665782,54.198432],[15.859711,54.249986],[16.020844,54.261786],[16.131521,54.283515],[16.069347,54.263007],[16.091075,54.253974],[16.17921,54.263007],[16.172374,54.276597],[16.220063,54.276597],[16.21518,54.299628],[16.137706,54.290269],[16.213552,54.316107],[16.275401,54.358588],[16.231781,54.322577],[16.323904,54.349921],[16.336762,54.358588],[16.32488,54.373114],[16.281586,54.358588],[16.439789,54.488267],[16.434418,54.472357],[16.444509,54.469875],[16.473399,54.482123],[16.473888,54.499661],[16.446056,54.488267],[16.466563,54.512152],[16.569591,54.557196],[16.778494,54.575141],[16.939952,54.606024],[17.035818,54.66706],[17.337413,54.74901],[17.715668,54.790432],[17.885427,54.824123],[18.152354,54.838324],[18.339529,54.833482],[18.75172,54.69009],[18.813975,54.643215],[18.835297,54.603095],[18.817638,54.598131],[18.784028,54.623521],[18.707774,54.701239],[18.654552,54.71015],[18.456309,54.787665],[18.42921,54.781684],[18.413097,54.746527],[18.413097,54.73192],[18.447765,54.718248],[18.474457,54.687567],[18.475922,54.640082],[18.506358,54.634101],[18.52296,54.646552],[18.5171,54.62995],[18.570649,54.55036],[18.567556,54.48786],[18.588064,54.433661],[18.694347,54.404527],[18.717296,54.382025],[18.885916,54.350165],[18.954356,54.358588],[19.002126,54.344916],[19.377208,54.377631],[19.531016,54.414944],[19.609548,54.456732],[19.680276,54.436678],[22.698387,54.342937],[22.76722,54.35627],[22.837603,54.400918],[22.96266,54.381695],[22.989738,54.353376],[23.041622,54.340974],[23.032113,54.309554],[23.050096,54.294827],[23.117069,54.303457],[23.235408,54.254157],[23.316023,54.236277],[23.391471,54.180105],[23.449039,54.154938],[23.496167,54.044558],[23.496477,54.021975],[23.45865,53.981616],[23.49038,53.95061],[23.486866,53.909992],[23.520662,53.837335],[23.52986,53.78416],[23.564794,53.742405],[23.567068,53.681014],[23.590942,53.611251],[23.675795,53.455705],[23.742974,53.365478],[23.800645,53.242462],[23.848084,53.183809],[23.893663,53.151951],[23.859349,53.067976],[23.911336,53.00506],[23.91795,52.9508],[23.901104,52.923257],[23.922498,52.742596],[23.908752,52.699859],[23.868961,52.670042],[23.736153,52.614903],[23.569031,52.585887],[23.392298,52.509638],[23.21205,52.347504],[23.165645,52.289393],[23.19448,52.271462],[23.189726,52.240533],[23.395812,52.19958],[23.391368,52.182501],[23.43674,52.175679],[23.450485,52.185911],[23.470949,52.171623],[23.487693,52.181622],[23.484695,52.158626],[23.512497,52.124442],[23.579366,52.121548],[23.637451,52.084471],[23.676415,51.994088],[23.628666,51.946339],[23.621845,51.877429],[23.594559,51.843297],[23.628666,51.809759],[23.617504,51.786504],[23.56035,51.754542],[23.552288,51.736636],[23.546604,51.713589],[23.559213,51.695166],[23.546087,51.689637],[23.56035,51.671963],[23.532444,51.658967],[23.543813,51.6438],[23.5434,51.592743],[23.573992,51.555304],[23.56035,51.555304],[23.572752,51.539672],[23.602311,51.530783],[23.614817,51.49722],[23.662772,51.480192],[23.648716,51.453966],[23.697602,51.404435],[23.678895,51.394073],[23.683856,51.370276],[23.63404,51.339296],[23.635177,51.304699],[23.687267,51.2924],[23.742664,51.216255],[23.863587,51.148274],[23.874749,51.13613],[23.854492,51.121532],[23.904205,51.062724],[23.911749,51.00681],[23.955054,50.983556],[23.979342,50.937512],[24.143156,50.856432],[24.130857,50.839069],[24.046935,50.829095],[23.992881,50.836226],[23.957638,50.808011],[23.974278,50.776178],[24.025851,50.767032],[24.012828,50.743312],[24.026884,50.728016],[24.081041,50.712978],[24.074943,50.690189],[24.10843,50.629882],[24.085279,50.604406],[24.107706,50.540844],[24.075047,50.514282],[24.010658,50.492785],[24.007764,50.448498],[23.981306,50.40478],[23.928699,50.390827],[23.747522,50.38938],[23.682203,50.368245],[23.644169,50.312692],[23.565311,50.257812],[23.436429,50.193475],[23.101463,49.957107],[22.951188,49.826624],[22.933101,49.79107],[22.888246,49.769728],[22.826648,49.697381],[22.766186,49.67423],[22.741692,49.633664],[22.665831,49.567363],[22.640922,49.528761],[22.679576,49.418948],[22.719781,49.382982],[22.737764,49.275391],[22.681747,49.161238],[22.705725,49.168835],[22.853416,49.084757],[22.843184,49.043106],[22.866955,49.009981],[22.855276,48.994013],[22.755334,49.044708],[22.642886,49.043157],[22.560721,49.085532],[22.539637,49.0722],[22.390085,49.093025],[22.339442,49.12646],[22.215936,49.139999],[22.197952,49.171987],[22.040752,49.197463],[22.012434,49.211054],[21.99321,49.278182],[21.928408,49.330788],[21.819577,49.377246],[21.757566,49.348927],[21.69173,49.402154],[21.65876,49.402464],[21.601193,49.426493],[21.42787,49.409802],[21.260542,49.449438],[21.194086,49.400603],[21.172588,49.398278],[21.124943,49.423651],[21.068822,49.419207],[21.033269,49.399673],[21.068512,49.381431],[21.080708,49.366342],[21.072543,49.357195],[21.017249,49.352441],[20.964022,49.308103],[20.91896,49.290326],[20.849301,49.320505],[20.778297,49.331202],[20.689517,49.4005],[20.605284,49.400035],[20.543996,49.370838],[20.437543,49.402515],[20.421936,49.40019],[20.422143,49.382982],[20.317653,49.391612],[20.284374,49.338643],[20.207169,49.334199],[20.16035,49.305622],[20.135856,49.308878],[20.08604,49.243042],[20.07002,49.183097],[20.050486,49.173227],[19.937935,49.22511],[19.905896,49.222785],[19.831998,49.185888],[19.760685,49.194208],[19.747766,49.205887],[19.751797,49.219064],[19.808641,49.270895],[19.779702,49.293375],[19.78952,49.309188],[19.769263,49.39311],[19.706321,49.387529],[19.627044,49.401868],[19.634801,49.441324],[19.55677,49.453882],[19.505197,49.563384],[19.457344,49.598059],[19.437604,49.600126],[19.339522,49.528761],[19.248675,49.516255],[19.220459,49.493001],[19.20444,49.460548],[19.208987,49.444993],[19.18935,49.442203],[19.172504,49.402257],[19.11659,49.39094],[19.067601,49.406133],[19.007139,49.388098],[18.962284,49.389183],[18.952362,49.475948],[18.961147,49.492794],[18.833196,49.510261],[18.837434,49.526952]]]}},{"type":"Feature","properties":{"name":"Ireland","iso":"IE","pop":4941444},"geometry":{"type":"MultiPolygon","coordinates":[[[[-7.2471,55.069322],[-7.291152,55.046615],[-7.355024,55.040931],[-7.405254,55.003569],[-7.408665,54.951117],[-7.445251,54.932152],[-7.45507,54.863009],[-7.543385,54.793091],[-7.551705,54.754695],[-7.543075,54.741673],[-7.649683,54.744877],[-7.736603,54.707463],[-7.770503,54.706016],[-7.845899,54.731027],[-7.929666,54.696714],[-7.907135,54.686689],[-7.914835,54.671651],[-7.906619,54.661316],[-7.846416,54.631447],[-7.814996,54.639457],[-7.753553,54.614497],[-7.710558,54.624264],[-7.707871,54.604162],[-7.749264,54.596152],[-7.848844,54.54091],[-7.887137,54.532125],[-8.002194,54.543442],[-8.072448,54.487063],[-8.173837,54.461741],[-8.05648,54.365882],[-8.002194,54.357923],[-7.950802,54.300873],[-7.880264,54.287023],[-7.856441,54.211421],[-7.70477,54.200362],[-7.632682,54.168529],[-7.609014,54.139901],[-7.502302,54.125121],[-7.414659,54.145688],[-7.425769,54.136955],[-7.39466,54.121917],[-7.326964,54.113597],[-7.310324,54.114683],[-7.333165,54.142743],[-7.325982,54.154577],[-7.295545,54.165119],[-7.297353,54.125896],[-7.280042,54.126155],[-7.263505,54.140986],[-7.265366,54.16114],[-7.24578,54.166979],[-7.261128,54.18088],[-7.249088,54.197416],[-7.153331,54.224237],[-7.159739,54.24067],[-7.14589,54.25209],[-7.181495,54.269763],[-7.1755,54.283664],[-7.209038,54.293431],[-7.211467,54.30418],[-7.184647,54.316634],[-7.19245,54.334721],[-7.127028,54.349759],[-7.078504,54.394717],[-7.017836,54.413166],[-6.922028,54.372703],[-6.905956,54.349035],[-6.879705,54.341594],[-6.856657,54.292811],[-6.882185,54.277257],[-6.837743,54.260513],[-6.823946,54.23235],[-6.787824,54.202998],[-6.744777,54.184187],[-6.694651,54.197985],[-6.640339,54.168013],[-6.634552,54.150133],[-6.666436,54.114786],[-6.657082,54.091945],[-6.672534,54.068432],[-6.630624,54.041819],[-6.47854,54.067709],[-6.450894,54.068432],[-6.433892,54.055306],[-6.377513,54.063264],[-6.354827,54.110652],[-6.327128,54.097888],[-6.28465,54.105226],[-6.107289,54.013617],[-6.160756,53.974433],[-6.359853,54.016018],[-6.347808,54.003607],[-6.378285,53.934882],[-6.372955,53.899319],[-6.350819,53.881415],[-6.243235,53.865139],[-6.254994,53.822211],[-6.222768,53.796291],[-6.243276,53.782538],[-6.248443,53.755764],[-6.229888,53.656562],[-6.169789,53.605658],[-6.092397,53.577135],[-6.077301,53.554633],[-6.081532,53.525946],[-6.133372,53.461086],[-6.158355,53.472846],[-6.194814,53.461086],[-6.130605,53.442613],[-6.112904,53.412665],[-6.126536,53.398993],[-6.050852,53.385403],[-6.062001,53.367377],[-6.132314,53.391588],[-6.215321,53.358059],[-6.21817,53.347154],[-6.155181,53.299384],[-6.096995,53.285549],[-6.104888,53.229438],[-6.071034,53.184272],[-6.078114,53.166205],[-6.030385,53.111029],[-6.051625,53.009263],[-5.99352,52.957424],[-6.037953,52.919664],[-6.071929,52.872016],[-6.064443,52.864569],[-6.130116,52.815985],[-6.153879,52.768378],[-6.147857,52.746161],[-6.215321,52.665961],[-6.209096,52.545844],[-6.356191,52.409003],[-6.366119,52.344428],[-6.390045,52.358832],[-6.468861,52.360012],[-6.462961,52.377997],[-6.49649,52.364325],[-6.456125,52.335842],[-6.454986,52.312242],[-6.423736,52.307929],[-6.409169,52.289252],[-6.372955,52.322699],[-6.38976,52.2956],[-6.318349,52.24079],[-6.347035,52.197252],[-6.377065,52.178209],[-6.399485,52.185492],[-6.382314,52.211982],[-6.425608,52.193793],[-6.469106,52.19359],[-6.448638,52.199774],[-6.472564,52.206977],[-6.579742,52.178209],[-6.715566,52.21662],[-6.805572,52.212836],[-6.77599,52.233222],[-6.764027,52.261298],[-6.792958,52.240424],[-6.832265,52.24079],[-6.839101,52.212836],[-6.818593,52.220364],[-6.832265,52.19359],[-6.818593,52.186184],[-6.932118,52.124661],[-6.948964,52.130927],[-6.903717,52.172187],[-6.92101,52.212836],[-6.970123,52.247382],[-6.997385,52.289211],[-6.969472,52.220364],[-6.97997,52.18594],[-6.955149,52.179348],[-7.017201,52.138373],[-7.106028,52.130927],[-7.071848,52.165717],[-7.106353,52.173],[-7.120229,52.165717],[-7.106028,52.152045],[-7.149648,52.156317],[-7.187367,52.132758],[-7.435455,52.125678],[-7.565297,52.083726],[-7.582631,52.104234],[-7.599965,52.10102],[-7.631093,52.079047],[-7.627349,52.06269],[-7.602162,52.071682],[-7.545155,52.054999],[-7.582631,52.02851],[-7.589915,51.991156],[-7.709299,51.973863],[-7.723297,51.944566],[-7.829335,51.953437],[-7.849843,51.980129],[-7.869862,51.929511],[-7.922231,51.911811],[-7.880605,51.891995],[-7.891469,51.881903],[-8.008168,51.85578],[-8.023061,51.843573],[-8.00414,51.829901],[-8.020579,51.82392],[-8.134185,51.804755],[-8.246205,51.80272],[-8.247955,51.813422],[-8.223256,51.823676],[-8.230092,51.836737],[-8.175404,51.857164],[-8.202789,51.864],[-8.18224,51.884508],[-8.187082,51.893134],[-8.210194,51.884508],[-8.284657,51.891995],[-8.293202,51.903306],[-8.408844,51.891791],[-8.429351,51.884508],[-8.329254,51.861314],[-8.347401,51.829901],[-8.298329,51.829901],[-8.305165,51.81623],[-8.292104,51.810004],[-8.319488,51.802558],[-8.284657,51.802558],[-8.305165,51.782131],[-8.297353,51.766018],[-8.345693,51.724677],[-8.435536,51.692694],[-8.4558,51.712307],[-8.483957,51.713813],[-8.464182,51.695014],[-8.483957,51.678412],[-8.491119,51.698676],[-8.512441,51.706041],[-8.55842,51.706366],[-8.497548,51.692694],[-8.539174,51.648383],[-8.531728,51.610785],[-8.572662,51.644965],[-8.757639,51.644965],[-8.690012,51.631293],[-8.702952,51.617011],[-8.682525,51.610785],[-8.699778,51.597235],[-8.696156,51.576646],[-8.853871,51.595933],[-8.88801,51.555569],[-8.933176,51.535346],[-8.991119,51.562974],[-9.072865,51.549384],[-9.120758,51.562974],[-9.107737,51.549384],[-9.115712,51.537909],[-9.1433,51.523871],[-9.192535,51.524604],[-9.189605,51.508368],[-9.223785,51.487291],[-9.26476,51.487291],[-9.272125,51.508368],[-9.335317,51.476996],[-9.381418,51.473619],[-9.346669,51.500922],[-9.372914,51.491278],[-9.367787,51.508368],[-9.319936,51.535061],[-9.327463,51.542548],[-9.401845,51.500922],[-9.413889,51.511135],[-9.401845,51.545966],[-9.443267,51.559516],[-9.456532,51.555569],[-9.447987,51.543647],[-9.547475,51.525295],[-9.556304,51.508124],[-9.611318,51.493842],[-9.628407,51.494086],[-9.655914,51.520168],[-9.717193,51.480414],[-9.703521,51.473619],[-9.820221,51.445705],[-9.813385,51.473619],[-9.833892,51.487291],[-9.683095,51.542548],[-9.621653,51.582831],[-9.545888,51.610785],[-9.59203,51.613715],[-9.785024,51.552476],[-9.847524,51.549384],[-9.786366,51.573472],[-9.770334,51.592231],[-9.594553,51.655504],[-9.458608,51.683987],[-9.442942,51.720038],[-9.489817,51.714545],[-9.525461,51.726874],[-9.525461,51.747301],[-9.560211,51.761623],[-9.545888,51.720038],[-9.62682,51.685045],[-9.874135,51.656195],[-9.930084,51.637437],[-9.941884,51.621324],[-10.028798,51.596503],[-10.116119,51.600287],[-10.156077,51.582831],[-10.162831,51.590277],[-10.149241,51.610785],[-10.059804,51.631293],[-10.070668,51.65705],[-10.100819,51.659247],[-10.088124,51.671617],[-10.003774,51.678046],[-9.956858,51.706366],[-9.997792,51.713813],[-9.980702,51.731879],[-9.888539,51.761623],[-9.902252,51.741156],[-9.867909,51.748603],[-9.8544,51.775295],[-9.785512,51.7685],[-9.813385,51.788275],[-9.73766,51.836737],[-9.671051,51.843004],[-9.580719,51.877672],[-9.758046,51.846991],[-9.791737,51.826809],[-9.840077,51.823676],[-9.833892,51.81623],[-9.86384,51.804267],[-9.874867,51.802558],[-9.868031,51.823676],[-9.882192,51.823676],[-10.016754,51.774644],[-10.039377,51.782131],[-10.13561,51.741156],[-10.12975,51.75434],[-10.224355,51.782131],[-10.186147,51.789618],[-10.177073,51.813666],[-10.194203,51.839097],[-10.234609,51.85102],[-10.341054,51.788275],[-10.341054,51.843573],[-10.388905,51.846177],[-10.381947,51.877672],[-10.395619,51.884508],[-10.25414,51.908677],[-10.255035,51.925482],[-10.306874,51.953437],[-10.258453,51.973863],[-10.266225,51.988471],[-10.128163,52.02851],[-10.033274,52.041083],[-9.992665,52.055894],[-9.971059,52.089911],[-9.954335,52.064154],[-9.926381,52.06269],[-9.908437,52.130927],[-9.877512,52.119534],[-9.77184,52.124701],[-9.792958,52.138373],[-9.758168,52.152045],[-9.956858,52.145209],[-9.943756,52.124701],[-9.954661,52.108791],[-9.970326,52.131659],[-9.997792,52.138373],[-10.186269,52.109442],[-10.217519,52.130927],[-10.242055,52.119778],[-10.27892,52.136379],[-10.306874,52.124701],[-10.272084,52.111721],[-10.368316,52.124701],[-10.354075,52.111721],[-10.436594,52.097398],[-10.467519,52.115139],[-10.478179,52.152045],[-10.450917,52.165717],[-10.461293,52.179999],[-10.409291,52.199774],[-10.416656,52.186184],[-10.37206,52.175605],[-10.366567,52.228217],[-10.320546,52.234565],[-10.275787,52.268134],[-10.171864,52.286811],[-10.156077,52.278632],[-10.166249,52.234565],[-10.100819,52.24079],[-10.044911,52.269273],[-10.036041,52.290351],[-10.059804,52.309638],[-10.013539,52.306342],[-10.008778,52.253363],[-9.947499,52.237616],[-9.872222,52.232652],[-9.825592,52.258246],[-9.810048,52.242133],[-9.73766,52.248236],[-9.869374,52.273139],[-9.881093,52.296047],[-9.849233,52.284735],[-9.833892,52.289211],[-9.861887,52.303453],[-9.826487,52.309638],[-9.837636,52.326402],[-9.834462,52.37523],[-9.949941,52.412095],[-9.748931,52.456732],[-9.703521,52.483547],[-9.634633,52.473578],[-9.650502,52.493842],[-9.683095,52.494615],[-9.675649,52.545844],[-9.648305,52.57038],[-9.617909,52.577216],[-9.470326,52.561835],[-9.438385,52.577135],[-9.272125,52.577216],[-9.052398,52.631822],[-9.044179,52.620836],[-9.005605,52.620836],[-8.95995,52.652289],[-8.751169,52.67296],[-8.867502,52.693305],[-8.960846,52.693671],[-8.949371,52.706936],[-8.952056,52.73432],[-8.969879,52.748481],[-8.942616,52.775214],[-9.02359,52.747138],[-9.058217,52.696763],[-9.146799,52.623765],[-9.254791,52.611396],[-9.285797,52.590806],[-9.333079,52.597724],[-9.278676,52.625718],[-9.278961,52.639309],[-9.434478,52.612006],[-9.524892,52.63703],[-9.544179,52.666653],[-9.580719,52.665961],[-9.552805,52.639309],[-9.694407,52.605618],[-9.706858,52.580227],[-9.93635,52.556708],[-9.87564,52.586819],[-9.824086,52.59516],[-9.621653,52.713772],[-9.628407,52.727444],[-9.498647,52.752509],[-9.483795,52.78266],[-9.491282,52.803168],[-9.450347,52.830471],[-9.42748,52.877753],[-9.365305,52.91413],[-9.354075,52.933498],[-9.477651,52.940334],[-9.387603,53.008612],[-9.39509,53.015448],[-9.272206,53.146674],[-9.251088,53.151923],[-9.158599,53.111029],[-9.096669,53.127021],[-9.072865,53.118476],[-9.070058,53.134467],[-9.128163,53.15941],[-9.069569,53.166205],[-9.004058,53.145738],[-9.045644,53.173733],[-9.009633,53.166083],[-8.986684,53.176988],[-8.974233,53.157945],[-8.936391,53.145738],[-8.956858,53.179877],[-8.894846,53.220893],[-9.045644,53.220893],[-8.963124,53.235175],[-8.991119,53.248196],[-8.942616,53.261786],[-9.022084,53.275458],[-9.401438,53.247992],[-9.511708,53.228339],[-9.566396,53.261786],[-9.547271,53.27912],[-9.554555,53.290717],[-9.57136,53.290473],[-9.585194,53.250434],[-9.612294,53.236151],[-9.628407,53.248196],[-9.60912,53.276313],[-9.617299,53.321479],[-9.576975,53.32392],[-9.56078,53.341213],[-9.601145,53.364895],[-9.552805,53.385403],[-9.621653,53.378485],[-9.606597,53.349351],[-9.634633,53.330064],[-9.652496,53.341254],[-9.637766,53.377509],[-9.652659,53.392808],[-9.743072,53.314399],[-9.806711,53.301581],[-9.842926,53.32331],[-9.902252,53.32392],[-9.887196,53.359198],[-9.785512,53.392768],[-9.820221,53.398993],[-9.799184,53.419501],[-9.860178,53.394232],[-9.881093,53.40644],[-9.847524,53.433743],[-9.884755,53.419501],[-9.911448,53.425971],[-9.925649,53.409735],[-9.922353,53.389228],[-9.961415,53.379584],[-10.01415,53.381252],[-10.063222,53.412665],[-10.176503,53.412665],[-10.142242,53.445705],[-10.067983,53.443834],[-10.052968,53.453599],[-10.087148,53.481513],[-10.020579,53.470445],[-10.012074,53.481513],[-10.107289,53.494452],[-10.152659,53.543606],[-10.203236,53.543606],[-10.180287,53.555487],[-10.107655,53.549791],[-10.115102,53.570299],[-10.070668,53.570014],[-10.025746,53.562893],[-10.005238,53.543606],[-9.971059,53.562893],[-10.046783,53.59927],[-9.930735,53.599799],[-9.867909,53.617377],[-9.822865,53.606431],[-9.696767,53.598212],[-9.714101,53.609849],[-9.783762,53.606269],[-9.908437,53.646064],[-9.922678,53.690741],[-9.899526,53.743842],[-9.908437,53.762112],[-9.789215,53.786607],[-9.752024,53.776353],[-9.566396,53.796291],[-9.621653,53.817328],[-9.560211,53.865139],[-9.586903,53.871975],[-9.566396,53.899319],[-9.758168,53.899319],[-9.910756,53.85871],[-9.943756,53.879381],[-9.908437,53.920356],[-9.915883,53.953843],[-9.868031,53.961371],[-9.811635,53.941718],[-9.807607,53.91828],[-9.787506,53.916083],[-9.785512,53.947089],[-9.812652,53.966295],[-9.831695,53.956285],[-9.849599,53.997504],[-9.877675,54.001899],[-9.898915,54.025336],[-9.897694,54.055121],[-9.861887,54.071234],[-9.876088,54.080634],[-9.833892,54.112128],[-9.881093,54.112128],[-9.879709,54.100246],[-9.895375,54.097886],[-9.888539,54.091051],[-9.917388,54.069729],[-9.945546,54.06623],[-9.970693,54.078559],[-9.990956,54.104682],[-9.908437,54.118354],[-9.95108,54.141262],[-9.956858,54.153144],[-9.930084,54.145697],[-9.977284,54.180487],[-9.952016,54.174628],[-9.93635,54.187323],[-10.010894,54.218329],[-10.025746,54.20775],[-10.011464,54.197089],[-10.016998,54.188666],[-10.052968,54.187323],[-10.039377,54.166815],[-10.087148,54.159329],[-10.06664,54.12519],[-10.094594,54.118354],[-10.066884,54.094916],[-10.117421,54.095893],[-10.128163,54.12519],[-10.091217,54.194973],[-10.059804,54.222073],[-10.115102,54.235053],[-10.096059,54.235175],[-10.073476,54.269192],[-9.997792,54.303941],[-9.971791,54.277248],[-9.881093,54.263007],[-9.927154,54.226752],[-9.977284,54.242499],[-9.983632,54.222968],[-9.909901,54.204413],[-9.868031,54.228217],[-9.881663,54.240383],[-9.875152,54.256496],[-9.843861,54.276597],[-9.765004,54.255561],[-9.799184,54.283515],[-9.758168,54.283515],[-9.829213,54.296861],[-9.846018,54.321438],[-9.785512,54.33808],[-9.706939,54.317613],[-9.494374,54.317613],[-9.384511,54.297187],[-9.334218,54.318305],[-9.268422,54.303941],[-9.24767,54.276597],[-9.211008,54.275621],[-9.2176,54.248725],[-9.195872,54.242499],[-9.215077,54.227118],[-9.210357,54.217841],[-9.149322,54.180609],[-9.141225,54.145697],[-9.134999,54.20775],[-9.090199,54.22663],[-9.051259,54.289496],[-8.939036,54.289984],[-8.856597,54.263007],[-8.765126,54.276597],[-8.737457,54.264106],[-8.676422,54.271308],[-8.648346,54.263007],[-8.63329,54.232367],[-8.572662,54.200344],[-8.51122,54.20775],[-8.559234,54.227729],[-8.572133,54.246527],[-8.621002,54.255561],[-8.593739,54.283515],[-8.470286,54.276597],[-8.572662,54.31391],[-8.567209,54.324164],[-8.531728,54.310207],[-8.511708,54.317369],[-8.519154,54.326728],[-8.661366,54.338039],[-8.663889,54.35928],[-8.47411,54.429999],[-8.466705,54.475002],[-8.443023,54.447333],[-8.210194,54.501939],[-8.270985,54.523668],[-8.216379,54.55036],[-8.218861,54.56977],[-8.172515,54.594468],[-8.175404,54.619289],[-8.137563,54.605618],[-8.120839,54.646552],[-8.234934,54.629381],[-8.292104,54.605618],[-8.280344,54.629625],[-8.301747,54.639797],[-8.456614,54.564643],[-8.432281,54.587795],[-8.384755,54.605658],[-8.387685,54.619859],[-8.400054,54.628567],[-8.421864,54.619289],[-8.418691,54.641303],[-8.43163,54.641303],[-8.461537,54.602851],[-8.49413,54.632961],[-8.553456,54.622626],[-8.564036,54.608832],[-8.672597,54.619452],[-8.690012,54.626125],[-8.681956,54.63581],[-8.691396,54.641303],[-8.791819,54.659613],[-8.778147,54.68008],[-8.79776,54.691962],[-8.755198,54.705756],[-8.733266,54.732611],[-8.636586,54.768459],[-8.456614,54.756415],[-8.5454,54.783759],[-8.529897,54.788072],[-8.484934,54.789374],[-8.444692,54.763129],[-8.408193,54.762641],[-8.461293,54.793524],[-8.55842,54.817857],[-8.490712,54.851996],[-8.471018,54.840522],[-8.401967,54.84455],[-8.325673,54.831529],[-8.381337,54.855943],[-8.366689,54.88109],[-8.312652,54.87934],[-8.337026,54.903632],[-8.374013,54.907294],[-8.380849,54.886176],[-8.409291,54.88703],[-8.450795,54.922065],[-8.46345,54.940823],[-8.450429,54.946275],[-8.418446,54.934556],[-8.366567,54.948188],[-8.418609,54.968085],[-8.456614,55.002875],[-8.415028,55.002875],[-8.403188,55.030666],[-8.374013,55.036363],[-8.347401,55.064276],[-8.335072,55.035061],[-8.319976,55.034329],[-8.305165,55.058051],[-8.320424,55.104926],[-8.278472,55.160549],[-8.206532,55.146877],[-8.141265,55.160549],[-8.159576,55.138739],[-8.156484,55.124498],[-8.114858,55.154731],[-8.020985,55.188788],[-7.999582,55.219631],[-7.976796,55.22191],[-7.950185,55.210273],[-8.00414,55.17414],[-7.908559,55.188422],[-7.894887,55.17414],[-7.898793,55.156399],[-7.860097,55.167914],[-7.894887,55.140082],[-7.856435,55.138983],[-7.834706,55.164984],[-7.866119,55.214911],[-7.798695,55.25609],[-7.791249,55.248684],[-7.815745,55.194648],[-7.798695,55.180976],[-7.770741,55.188422],[-7.7176,55.166571],[-7.695627,55.133205],[-7.702504,55.099066],[-7.668202,55.147203],[-7.695058,55.207465],[-7.716054,55.22191],[-7.723948,55.214586],[-7.709299,55.17414],[-7.723134,55.175727],[-7.791737,55.206],[-7.788157,55.218573],[-7.760854,55.25609],[-7.725087,55.252672],[-7.673492,55.273871],[-7.643951,55.272773],[-7.611399,55.2414],[-7.614491,55.19599],[-7.572743,55.180976],[-7.525787,55.116156],[-7.541412,55.092231],[-7.641021,55.050686],[-7.561838,55.044501],[-7.572743,55.023383],[-7.634185,54.995429],[-7.681386,54.954413],[-7.456166,55.056138],[-7.454416,55.086249],[-7.477528,55.096381],[-7.46288,55.143459],[-7.541412,55.198065],[-7.54955,55.215399],[-7.516225,55.254136],[-7.524322,55.290269],[-7.478586,55.283922],[-7.46288,55.290269],[-7.469106,55.3039],[-7.405914,55.286933],[-7.347524,55.314276],[-7.312082,55.290269],[-7.339955,55.290269],[-7.320872,55.282172],[-7.256744,55.284003],[-7.350697,55.335191],[-7.353017,55.358547],[-7.400217,55.380276],[-7.384429,55.386379],[-7.208852,55.34512],[-7.129058,55.285834],[-6.975697,55.248684],[-6.953521,55.25434],[-6.939565,55.239081],[-6.942779,55.218573],[-7.159495,55.150784],[-7.2471,55.069322]]],[[[-9.638336,53.251044],[-9.658315,53.232652],[-9.692372,53.226386],[-9.720082,53.266059],[-9.671457,53.280748],[-9.638336,53.251044]]],[[[-9.963612,53.953843],[-9.930653,53.959052],[-9.922678,53.947089],[-9.937367,53.923529],[-9.93635,53.892483],[-9.957997,53.880601],[-10.0183,53.912909],[-10.055531,53.913723],[-10.055816,53.958808],[-10.06664,53.967597],[-10.162831,53.961371],[-10.26594,53.981838],[-10.218495,53.986029],[-10.189565,54.016018],[-10.156077,54.016018],[-10.134429,54.000312],[-10.063222,54.022773],[-9.975901,54.021145],[-9.93635,53.989244],[-9.956858,53.989244],[-9.963612,53.953843]]],[[[-8.509023,55.005561],[-8.483957,54.975531],[-8.527415,54.967515],[-8.565826,54.975531],[-8.565826,54.995429],[-8.5454,55.002875],[-8.543528,55.015326],[-8.509023,55.005561]]],[[[-9.8072,51.640286],[-9.807362,51.629706],[-9.892161,51.611274],[-9.917877,51.619371],[-9.881663,51.641059],[-9.8072,51.640286]]],[[[-10.301625,51.924791],[-10.304555,51.910712],[-10.361562,51.892035],[-10.429026,51.889838],[-10.351674,51.931138],[-10.301625,51.924791]]],[[[-9.671539,53.109198],[-9.642445,53.093817],[-9.660512,53.090644],[-9.811431,53.1376],[-9.777496,53.146796],[-9.752187,53.135403],[-9.696685,53.136542],[-9.671051,53.13052],[-9.671539,53.109198]]]]}},{"type":"Feature","properties":{"name":"United Kingdom","iso":"GB","pop":66834405},"geometry":{"type":"MultiPolygon","coordinates":[[[[-7.256744,55.050686],[-7.17748,55.056952],[-7.099477,55.040961],[-7.0537,55.048733],[-7.017201,55.071112],[-7.009918,55.10224],[-6.974924,55.135443],[-6.962554,55.194648],[-6.883778,55.17414],[-6.754506,55.177802],[-6.640452,55.208319],[-6.571278,55.211249],[-6.519846,55.240668],[-6.475942,55.248684],[-6.415924,55.231879],[-6.352895,55.242621],[-6.239817,55.208319],[-6.160024,55.22191],[-6.100982,55.212388],[-6.037099,55.167914],[-6.040639,55.112047],[-6.062082,55.074123],[-5.988678,55.059475],[-5.968251,55.04385],[-5.986236,54.981757],[-5.930328,54.970893],[-5.886342,54.940823],[-5.869252,54.910386],[-5.820953,54.875067],[-5.800526,54.820746],[-5.715647,54.783759],[-5.797597,54.84455],[-5.781728,54.861721],[-5.751617,54.856879],[-5.701975,54.824693],[-5.689849,54.793118],[-5.692616,54.765204],[-5.729319,54.728502],[-5.845367,54.701239],[-5.890736,54.672309],[-5.927235,54.632961],[-5.907379,54.605618],[-5.839019,54.649726],[-5.747955,54.680406],[-5.694692,54.668687],[-5.574696,54.68008],[-5.53661,54.657457],[-5.514394,54.597886],[-5.478912,54.569485],[-5.468617,54.516262],[-5.430776,54.485175],[-5.433827,54.461005],[-5.464263,54.425238],[-5.461171,54.392076],[-5.489125,54.369574],[-5.474843,54.358588],[-5.515777,54.33808],[-5.57665,54.402777],[-5.543691,54.457831],[-5.558013,54.511908],[-5.644887,54.567776],[-5.701975,54.577704],[-5.697418,54.551215],[-5.715647,54.536689],[-5.6256,54.516262],[-5.670318,54.505683],[-5.639963,54.495754],[-5.644602,54.472113],[-5.6256,54.461005],[-5.6256,54.441107],[-5.661448,54.379584],[-5.708852,54.351752],[-5.579701,54.383694],[-5.550526,54.365424],[-5.540679,54.327338],[-5.553049,54.298529],[-5.61262,54.255561],[-5.633127,54.255561],[-5.639963,54.235053],[-5.655751,54.229682],[-5.678822,54.246161],[-5.736887,54.249091],[-5.86205,54.230536],[-5.86852,54.161322],[-5.893788,54.104682],[-6.027252,54.040229],[-6.079579,54.034573],[-6.112904,54.043891],[-6.08495,54.056952],[-6.174306,54.074286],[-6.185862,54.092678],[-6.263661,54.104682],[-6.327128,54.097888],[-6.354827,54.110652],[-6.377513,54.063264],[-6.433892,54.055306],[-6.450894,54.068432],[-6.47854,54.067709],[-6.630624,54.041819],[-6.672534,54.068432],[-6.657082,54.091945],[-6.666436,54.114786],[-6.634552,54.150133],[-6.640339,54.168013],[-6.694651,54.197985],[-6.744777,54.184187],[-6.787824,54.202998],[-6.823946,54.23235],[-6.837743,54.260513],[-6.882185,54.277257],[-6.856657,54.292811],[-6.879705,54.341594],[-6.905956,54.349035],[-6.922028,54.372703],[-7.017836,54.413166],[-7.078504,54.394717],[-7.127028,54.349759],[-7.19245,54.334721],[-7.184647,54.316634],[-7.211467,54.30418],[-7.209038,54.293431],[-7.1755,54.283664],[-7.181495,54.269763],[-7.14589,54.25209],[-7.159739,54.24067],[-7.153331,54.224237],[-7.249088,54.197416],[-7.261128,54.18088],[-7.24578,54.166979],[-7.265366,54.16114],[-7.263505,54.140986],[-7.280042,54.126155],[-7.297353,54.125896],[-7.295545,54.165119],[-7.333165,54.149409],[-7.310324,54.114683],[-7.39466,54.121917],[-7.425769,54.136955],[-7.414659,54.145688],[-7.502302,54.125121],[-7.609014,54.139901],[-7.632682,54.168529],[-7.70477,54.200362],[-7.856441,54.211421],[-7.880264,54.287023],[-7.950802,54.300873],[-8.002194,54.357923],[-8.05648,54.365882],[-8.173837,54.461741],[-8.072448,54.487063],[-8.002194,54.543442],[-7.887137,54.532125],[-7.848844,54.54091],[-7.749264,54.596152],[-7.707871,54.604162],[-7.710558,54.624264],[-7.753553,54.614497],[-7.814996,54.639457],[-7.846416,54.631447],[-7.906619,54.661316],[-7.914835,54.671651],[-7.907135,54.686689],[-7.929666,54.696714],[-7.845899,54.731027],[-7.770503,54.706016],[-7.736603,54.707463],[-7.649683,54.744877],[-7.543075,54.741673],[-7.551705,54.754695],[-7.543385,54.793091],[-7.45507,54.863009],[-7.445251,54.932152],[-7.408665,54.951117],[-7.405254,55.003569],[-7.355024,55.040931],[-7.291152,55.046615],[-7.2471,55.069322],[-7.256744,55.050686]]],[[[-2.693756,51.596177],[-2.858713,51.546129],[-2.943349,51.542548],[-2.97468,51.562974],[-3.172719,51.453111],[-3.160064,51.43183],[-3.184804,51.39761],[-3.218861,51.402777],[-3.289418,51.384223],[-3.539174,51.398505],[-3.663197,51.476223],[-3.695424,51.471503],[-3.73762,51.490871],[-3.770131,51.5633],[-3.841624,51.621527],[-3.976633,51.611884],[-3.999908,51.590888],[-3.974599,51.562974],[-4.026519,51.554023],[-4.046457,51.568427],[-4.070221,51.555569],[-4.121653,51.565985],[-4.166412,51.542548],[-4.196767,51.549384],[-4.200551,51.538764],[-4.289906,51.555569],[-4.297353,51.569241],[-4.27831,51.578192],[-4.289906,51.617011],[-4.255767,51.623847],[-4.234731,51.644965],[-4.221018,51.623847],[-4.091298,51.639879],[-4.070546,51.675971],[-4.106842,51.664252],[-4.200551,51.685858],[-4.315297,51.677476],[-4.379262,51.726874],[-4.310455,51.73371],[-4.362538,51.742865],[-4.371816,51.754788],[-4.358022,51.773139],[-4.365102,51.789049],[-4.399159,51.761623],[-4.44579,51.773261],[-4.426503,51.747301],[-4.460764,51.735785],[-4.645375,51.732123],[-4.678212,51.717434],[-4.680287,51.692694],[-4.71231,51.650092],[-4.734934,51.659247],[-4.759185,51.644965],[-4.863515,51.64411],[-4.941029,51.596503],[-5.045766,51.626899],[-5.03661,51.637437],[-5.051178,51.656928],[-5.11974,51.678412],[-5.03661,51.678412],[-5.043446,51.692694],[-4.988189,51.685858],[-4.844838,51.713813],[-4.873402,51.737738],[-4.879018,51.76203],[-4.862538,51.782375],[-4.82433,51.788275],[-4.82433,51.795722],[-4.933583,51.775295],[-4.900543,51.762112],[-4.906239,51.747301],[-4.892079,51.739407],[-4.910553,51.718207],[-5.009918,51.706366],[-5.149241,51.718085],[-5.1669,51.713813],[-5.156972,51.697577],[-5.182851,51.689276],[-5.180653,51.706366],[-5.249501,51.73371],[-5.213938,51.735745],[-5.11026,51.77851],[-5.125885,51.856024],[-5.221588,51.877672],[-5.310943,51.864],[-5.290517,51.891995],[-5.298329,51.910956],[-5.119537,51.95893],[-5.088043,51.97602],[-5.085032,52.001858],[-5.07079,52.001858],[-5.081207,52.021186],[-5.070221,52.026353],[-5.026601,52.027411],[-4.961741,52.007514],[-4.913686,52.014838],[-4.920522,52.02851],[-4.84142,52.014838],[-4.832265,52.018988],[-4.838002,52.049018],[-4.777577,52.064887],[-4.720286,52.113349],[-4.673451,52.097398],[-4.675689,52.126939],[-4.637522,52.138495],[-4.502268,52.138373],[-4.385569,52.203437],[-4.315826,52.216295],[-4.197133,52.279283],[-4.109609,52.365302],[-4.056549,52.48786],[-4.056549,52.529446],[-4.016184,52.521959],[-3.947336,52.549262],[-3.974477,52.556545],[-4.053131,52.542426],[-4.125478,52.603909],[-4.105946,52.65351],[-4.056549,52.70067],[-3.988271,52.73428],[-4.048818,52.721584],[-4.125152,52.778306],[-4.149037,52.812079],[-4.11734,52.830756],[-4.129872,52.889228],[-4.064036,52.919176],[-4.077626,52.926663],[-4.100494,52.91413],[-4.11856,52.926663],[-4.144399,52.914781],[-4.228505,52.919176],[-4.33731,52.892035],[-4.406606,52.892524],[-4.481679,52.850898],[-4.475494,52.844143],[-4.500966,52.826809],[-4.489125,52.803168],[-4.516469,52.789496],[-4.594635,52.816799],[-4.64859,52.799628],[-4.704498,52.803168],[-4.747426,52.783433],[-4.762847,52.789496],[-4.734934,52.830471],[-4.596059,52.928412],[-4.523997,52.944241],[-4.358225,53.028469],[-4.340891,53.112738],[-4.327626,53.114691],[-4.320668,53.101508],[-4.177968,53.217597],[-4.122222,53.233466],[-4.066884,53.229071],[-3.974599,53.261786],[-3.831288,53.28913],[-3.878407,53.337592],[-3.810129,53.317084],[-3.76887,53.319159],[-3.716298,53.286933],[-3.602203,53.288886],[-3.37206,53.350898],[-3.330312,53.351793],[-3.122222,53.262274],[-3.087758,53.234687],[-3.084543,53.275458],[-3.185211,53.377265],[-3.18635,53.392768],[-3.058258,53.43476],[-3.012196,53.416693],[-2.952952,53.32392],[-2.8815,53.288398],[-2.850575,53.28913],[-2.837554,53.302802],[-2.775502,53.299872],[-2.748118,53.309638],[-2.743153,53.338528],[-2.699778,53.351793],[-2.764394,53.34516],[-2.799794,53.321031],[-2.924957,53.350002],[-2.980824,53.392768],[-3.101918,53.558051],[-3.087636,53.587714],[-3.02184,53.652818],[-2.899037,53.735419],[-2.984853,53.73607],[-3.021474,53.745795],[-3.049184,53.769517],[-3.056386,53.803046],[-3.044911,53.878485],[-3.05663,53.906155],[-3.017568,53.931952],[-2.925689,53.952704],[-2.888539,53.946031],[-2.857981,53.967597],[-2.869252,53.978827],[-2.834462,53.999823],[-2.830068,54.016018],[-2.895497,54.002346],[-2.918202,54.034329],[-2.858876,54.081],[-2.826772,54.088813],[-2.795969,54.12519],[-2.854237,54.194078],[-2.810292,54.2119],[-2.795969,54.248725],[-2.820872,54.221747],[-2.904652,54.187649],[-2.939198,54.155097],[-2.997711,54.159573],[-3.017323,54.19009],[-3.008168,54.200344],[-3.01537,54.2119],[-3.049184,54.222073],[-3.061025,54.161933],[-3.117909,54.108832],[-3.145253,54.100043],[-3.145375,54.063788],[-3.189768,54.097886],[-3.240956,54.112128],[-3.233144,54.159166],[-3.248402,54.173651],[-3.215199,54.179836],[-3.207387,54.263007],[-3.231353,54.247219],[-3.240956,54.222073],[-3.232167,54.202541],[-3.306793,54.191881],[-3.407379,54.277737],[-3.413442,54.342963],[-3.440175,54.351752],[-3.474273,54.3935],[-3.634185,54.512885],[-3.590321,54.564643],[-3.563832,54.642768],[-3.509185,54.721666],[-3.468129,54.735297],[-3.439565,54.761461],[-3.430979,54.780463],[-3.440175,54.797431],[-3.387929,54.883368],[-3.34496,54.902533],[-3.306467,54.886176],[-3.254628,54.899807],[-3.317291,54.920315],[-3.276519,54.943427],[-3.213612,54.954413],[-3.122792,54.932685],[-3.02184,54.954413],[-3.090728,54.954413],[-3.02184,54.975531],[-3.046295,54.982123],[-3.135406,54.968085],[-3.501047,54.992499],[-3.526031,54.977118],[-3.570546,54.995429],[-3.583608,54.968085],[-3.568756,54.916002],[-3.581695,54.883612],[-3.717641,54.880845],[-3.739247,54.859809],[-3.810129,54.866278],[-3.803334,54.858873],[-3.812367,54.85517],[-3.831288,54.866278],[-3.819976,54.878567],[-3.810129,54.872504],[-3.816965,54.886176],[-3.844309,54.866278],[-3.837473,54.851996],[-3.8579,54.84455],[-3.823842,54.824693],[-3.964182,54.771918],[-4.011708,54.768215],[-4.042877,54.769477],[-4.055776,54.782538],[-4.047719,54.813056],[-4.064036,54.831529],[-4.090077,54.80976],[-4.083852,54.776923],[-4.122955,54.773017],[-4.17394,54.792304],[-4.209137,54.826239],[-4.200551,54.866278],[-4.270741,54.839423],[-4.356923,54.865546],[-4.38679,54.904771],[-4.402903,54.907294],[-4.426503,54.869452],[-4.417226,54.845933],[-4.402903,54.824693],[-4.359609,54.816636],[-4.344472,54.794501],[-4.358144,54.770982],[-4.343861,54.756415],[-4.356516,54.741889],[-4.348134,54.701972],[-4.382395,54.68008],[-4.496734,54.700629],[-4.596669,54.775295],[-4.781077,54.833075],[-4.799631,54.861274],[-4.85912,54.866278],[-4.925771,54.837388],[-4.954823,54.804755],[-4.895985,54.704535],[-4.867258,54.690131],[-4.87206,54.649237],[-4.85912,54.632961],[-4.953684,54.659735],[-4.954701,54.728502],[-4.988189,54.735297],[-5.003285,54.771308],[-5.128245,54.848944],[-5.157135,54.879096],[-5.180653,54.954413],[-5.170806,55.008694],[-5.124582,55.016791],[-5.115142,55.031562],[-5.069488,54.986029],[-5.060862,54.931138],[-5.030995,54.911322],[-4.995595,54.920315],[-4.988189,54.934556],[-5.050282,55.026801],[-5.007802,55.141181],[-4.867258,55.22248],[-4.838002,55.284003],[-4.832509,55.331122],[-4.773101,55.369371],[-4.749257,55.413764],[-4.650502,55.448472],[-4.626332,55.468411],[-4.617787,55.495592],[-4.650787,55.537055],[-4.687164,55.544135],[-4.666249,55.562201],[-4.692738,55.605211],[-4.818105,55.637193],[-4.810618,55.653998],[-4.920522,55.708564],[-4.861073,55.756741],[-4.882721,55.821357],[-4.886464,55.919664],[-4.849355,55.948228],[-4.799387,55.957913],[-4.672515,55.933783],[-4.505971,55.919094],[-4.481679,55.92829],[-4.673451,55.961859],[-4.724517,55.998358],[-4.783437,56.017646],[-4.82433,56.078518],[-4.844309,56.072984],[-4.837554,56.050605],[-4.77892,55.992092],[-4.803619,55.982082],[-4.851552,55.988023],[-4.862294,56.002143],[-4.865387,56.066718],[-4.826324,56.124213],[-4.755442,56.188381],[-4.755523,56.206529],[-4.851674,56.112616],[-4.880605,56.119859],[-4.878977,56.150539],[-4.893544,56.174262],[-4.920522,56.167914],[-4.88622,56.08039],[-4.904368,56.054348],[-4.892649,55.989732],[-4.954701,55.996568],[-4.913686,55.961859],[-4.983144,55.871039],[-5.04247,55.884752],[-5.07079,55.958686],[-5.123606,56.009914],[-5.139638,56.002753],[-5.085683,55.931871],[-5.078236,55.910956],[-5.086537,55.901272],[-5.171539,55.935533],[-5.180653,55.969306],[-5.242055,55.89289],[-5.20108,55.831488],[-5.296702,55.852688],[-5.338287,55.903754],[-5.323964,55.958686],[-5.338287,55.996568],[-5.204498,56.119452],[-5.104604,56.151516],[-5.043446,56.216295],[-4.940094,56.25141],[-4.920522,56.277777],[-4.975087,56.247992],[-5.064565,56.229315],[-5.108876,56.174709],[-5.228139,56.129218],[-5.310943,56.058051],[-5.345693,56.051215],[-5.368642,56.009426],[-5.433827,56.010199],[-5.444407,56.027574],[-5.454986,55.955634],[-5.430776,55.948188],[-5.40038,55.89289],[-5.407216,55.879869],[-5.392893,55.873725],[-5.407216,55.866278],[-5.351796,55.832424],[-5.317779,55.783026],[-5.324574,55.769232],[-5.387563,55.750312],[-5.433461,55.721015],[-5.461171,55.688137],[-5.468617,55.653998],[-5.490102,55.644599],[-5.483876,55.610053],[-5.454986,55.591946],[-5.488759,55.569078],[-5.482289,55.550279],[-5.509633,55.516791],[-5.510976,55.484442],[-5.584625,55.427436],[-5.543691,55.406928],[-5.514963,55.373684],[-5.525054,55.358629],[-5.616282,55.306586],[-5.680898,55.311347],[-5.754547,55.297349],[-5.782867,55.313544],[-5.791412,55.398627],[-5.715647,55.447903],[-5.721913,55.513861],[-5.707753,55.543362],[-5.721832,55.564602],[-5.673329,55.640611],[-5.669423,55.660712],[-5.680898,55.674465],[-5.626536,55.700629],[-5.581207,55.757636],[-5.504628,55.789374],[-5.454986,55.845771],[-5.599436,55.764228],[-5.61262,55.763861],[-5.605784,55.776842],[-5.66039,55.797349],[-5.674062,55.845771],[-5.571034,55.934516],[-5.671702,55.886908],[-5.687978,55.893378],[-5.696401,55.915961],[-5.571034,56.037543],[-5.6256,56.024482],[-5.631703,56.005927],[-5.674875,55.977729],[-5.674062,55.955634],[-5.690785,55.937649],[-5.707509,55.942572],[-5.696441,55.982164],[-5.577463,56.096991],[-5.531606,56.08633],[-5.558705,56.130805],[-5.509633,56.188381],[-5.539906,56.183417],[-5.605784,56.13996],[-5.586415,56.181138],[-5.550526,56.216295],[-5.559438,56.22956],[-5.492828,56.260403],[-5.512685,56.270941],[-5.592152,56.249823],[-5.59557,56.269924],[-5.572581,56.32807],[-5.543691,56.352851],[-5.44811,56.359687],[-5.537506,56.359687],[-5.509633,56.400621],[-5.478017,56.412909],[-5.482289,56.421129],[-5.457021,56.440863],[-5.322865,56.454983],[-5.20873,56.446845],[-5.11852,56.507758],[-5.064565,56.565131],[-5.20108,56.462104],[-5.350168,56.472968],[-5.378082,56.45897],[-5.394276,56.465481],[-5.410553,56.503648],[-5.454986,56.46955],[-5.468617,56.475735],[-5.427642,56.537828],[-5.356679,56.51968],[-5.242055,56.565131],[-5.372426,56.530341],[-5.41393,56.544664],[-5.360707,56.606269],[-5.298451,56.64643],[-5.317779,56.661322],[-5.218902,56.688666],[-5.15331,56.68122],[-4.995595,56.715969],[-5.160553,56.695868],[-5.238271,56.71662],[-5.228424,56.736477],[-5.11974,56.818427],[-5.233469,56.760688],[-5.268463,56.71308],[-5.309804,56.706488],[-5.388051,56.655219],[-5.434397,56.64289],[-5.599599,56.529039],[-5.674062,56.496894],[-5.770253,56.537828],[-5.749135,56.571967],[-5.793853,56.54328],[-5.85436,56.550482],[-6.003407,56.61872],[-6.008168,56.642279],[-5.933583,56.654731],[-5.839182,56.626532],[-5.831695,56.633979],[-5.865834,56.661322],[-5.759999,56.700751],[-5.647369,56.68122],[-5.543691,56.695461],[-5.636545,56.688666],[-5.749989,56.714545],[-5.896799,56.675116],[-6.098622,56.696967],[-6.161733,56.678209],[-6.222768,56.695461],[-6.234486,56.728583],[-6.180531,56.754625],[-6.026967,56.763739],[-5.965199,56.784857],[-5.852203,56.746975],[-5.858144,56.768459],[-5.886342,56.784857],[-5.756663,56.784857],[-5.831695,56.805365],[-5.851186,56.828925],[-5.733876,56.844794],[-5.66039,56.872992],[-5.692006,56.875312],[-5.744496,56.854153],[-5.783925,56.859931],[-5.735504,56.89411],[-5.921132,56.89411],[-5.852203,56.900336],[-5.880116,56.922024],[-5.862538,56.933743],[-5.831695,56.997138],[-5.755238,57.026557],[-5.729319,57.02383],[-5.658559,56.979478],[-5.571278,56.983832],[-5.523264,57.003974],[-5.628814,56.991889],[-5.685536,57.009589],[-5.680043,57.0362],[-5.701975,57.044908],[-5.74234,57.038072],[-5.780181,57.051744],[-5.791127,57.059272],[-5.776194,57.075832],[-5.715647,57.120063],[-5.645863,57.129462],[-5.558258,57.100409],[-5.40038,57.106391],[-5.420033,57.120673],[-5.540639,57.106391],[-5.584625,57.133694],[-5.680898,57.157904],[-5.6256,57.216254],[-5.644154,57.233222],[-5.578236,57.26675],[-5.543691,57.270901],[-5.446278,57.223049],[-5.407216,57.229926],[-5.501943,57.277655],[-5.440663,57.319281],[-5.464996,57.324937],[-5.506174,57.298163],[-5.57844,57.277655],[-5.656972,57.291327],[-5.72057,57.284491],[-5.729319,57.298163],[-5.701975,57.332343],[-5.654368,57.353949],[-5.636545,57.339789],[-5.613189,57.341986],[-5.501291,57.370998],[-5.456654,57.393541],[-5.44811,57.421698],[-5.465077,57.423896],[-5.563466,57.363105],[-5.639963,57.373928],[-5.607086,57.389106],[-5.619618,57.416693],[-5.707183,57.359768],[-5.807769,57.354926],[-5.824859,57.394355],[-5.811187,57.40119],[-5.825266,57.4289],[-5.811187,57.442206],[-5.859039,57.452704],[-5.87267,57.49372],[-5.847076,57.558905],[-5.831695,57.558824],[-5.839182,57.579291],[-5.803619,57.581366],[-5.639963,57.511054],[-5.653554,57.531562],[-5.512685,57.54149],[-5.588368,57.561021],[-5.66039,57.544582],[-5.694488,57.566311],[-5.680898,57.579291],[-5.714223,57.582709],[-5.762807,57.633979],[-5.805898,57.642646],[-5.805409,57.667182],[-5.785024,57.679511],[-5.790761,57.69599],[-5.734486,57.707953],[-5.692494,57.691067],[-5.674062,57.709662],[-5.72053,57.733385],[-5.803822,57.743842],[-5.811187,57.833197],[-5.776519,57.867906],[-5.698638,57.869086],[-5.674062,57.8605],[-5.66039,57.792222],[-5.637359,57.774237],[-5.605784,57.770494],[-5.6256,57.792222],[-5.584625,57.784817],[-5.585276,57.831448],[-5.65038,57.877753],[-5.639963,57.887844],[-5.653554,57.89468],[-5.61262,57.928778],[-5.550526,57.915107],[-5.556264,57.887763],[-5.48705,57.855862],[-5.454986,57.853705],[-5.461171,57.8605],[-5.437123,57.89765],[-5.414906,57.908149],[-5.221588,57.846869],[-5.320668,57.898505],[-5.392893,57.918199],[-5.392893,57.935614],[-5.371734,57.931057],[-5.3662,57.943061],[-5.297353,57.908271],[-5.256256,57.915107],[-5.198801,57.897773],[-5.119985,57.867987],[-5.07079,57.833197],[-5.097157,57.870917],[-5.221588,57.921332],[-5.193959,57.935981],[-5.204498,57.96015],[-5.292633,57.980618],[-5.333892,58.008531],[-5.359364,58.011379],[-5.351918,58.017524],[-5.366933,58.028876],[-5.427642,58.031195],[-5.41393,58.052314],[-5.447011,58.084377],[-5.42809,58.097968],[-5.390045,58.09219],[-5.3662,58.065985],[-5.344309,58.075507],[-5.300771,58.070136],[-5.276763,58.086412],[-5.290517,58.120551],[-5.276763,58.127387],[-5.297353,58.134833],[-5.242055,58.147895],[-5.290842,58.156317],[-5.331451,58.182034],[-5.323964,58.203111],[-5.346791,58.206855],[-5.392893,58.244696],[-5.392079,58.261379],[-5.293853,58.240912],[-5.216054,58.26142],[-5.173207,58.250922],[-5.129384,58.271389],[-5.067698,58.250922],[-5.002431,58.250922],[-4.933583,58.223049],[-4.982004,58.250922],[-4.926747,58.264594],[-5.009918,58.271389],[-5.05012,58.259914],[-5.13622,58.305569],[-5.173207,58.353949],[-5.15331,58.353949],[-5.162913,58.374498],[-5.143056,58.414781],[-5.057973,58.387274],[-5.016184,58.388129],[-5.053375,58.406643],[-5.057037,58.422187],[-5.098053,58.414781],[-5.085032,58.429023],[-5.10554,58.43651],[-5.05012,58.453803],[-4.995595,58.43651],[-5.10554,58.487372],[-5.105621,58.505561],[-5.027984,58.544094],[-5.004954,58.617743],[-4.988189,58.628323],[-4.835927,58.605048],[-4.803822,58.559394],[-4.818105,58.524644],[-4.791819,58.541653],[-4.771596,58.590399],[-4.776519,58.607164],[-4.660024,58.555854],[-4.667307,58.53205],[-4.714467,58.505601],[-4.760976,58.447984],[-4.612131,58.524644],[-4.58495,58.574164],[-4.517486,58.575507],[-4.426503,58.546373],[-4.426503,58.524644],[-4.495351,58.44953],[-4.461171,58.46247],[-4.433909,58.483629],[-4.434234,58.496283],[-4.343861,58.538886],[-4.306996,58.546373],[-4.234731,58.524644],[-4.248931,58.53205],[-4.221018,58.551947],[-4.176991,58.546373],[-4.149322,58.565619],[-4.081451,58.561835],[-4.029042,58.59516],[-4.003774,58.570624],[-3.895741,58.565619],[-3.810129,58.573065],[-3.698354,58.611151],[-3.597564,58.627143],[-3.542592,58.620836],[-3.556264,58.614],[-3.532053,58.602118],[-3.447011,58.614],[-3.364084,58.600816],[-3.350819,58.620836],[-3.412913,58.655585],[-3.374867,58.677069],[-3.358266,58.675482],[-3.340566,58.648139],[-3.204091,58.661119],[-3.151926,58.641262],[-3.019114,58.640326],[-3.049184,58.586737],[-3.129262,58.512641],[-3.118723,58.484442],[-3.064443,58.482978],[-3.053334,58.465766],[-3.077056,58.44953],[-3.086334,58.414211],[-3.129791,58.369289],[-3.22053,58.305569],[-3.384999,58.264594],[-3.4381,58.236029],[-3.473459,58.193427],[-3.515289,58.168402],[-3.735015,58.07217],[-3.809193,58.051907],[-3.851715,58.003892],[-3.990956,57.960395],[-4.001943,57.935614],[-4.023061,57.943061],[-4.016184,57.949286],[-4.084381,57.964179],[-4.077626,57.943061],[-4.016184,57.932196],[-3.988271,57.908271],[-4.008941,57.889594],[-4.009348,57.867906],[-4.070221,57.874172],[-4.10497,57.853705],[-4.21817,57.874172],[-4.298899,57.862779],[-4.392405,57.908271],[-4.307729,57.851467],[-4.208241,57.859198],[-4.149729,57.82982],[-4.133453,57.830146],[-4.139068,57.846869],[-4.039906,57.818183],[-3.98351,57.842353],[-3.951487,57.838324],[-3.933705,57.82567],[-3.947336,57.81269],[-3.914784,57.807685],[-3.877675,57.816718],[-3.798451,57.866523],[-3.779449,57.855658],[-3.790028,57.830715],[-3.988271,57.69599],[-4.023671,57.697821],[-4.016184,57.723334],[-4.042958,57.737291],[-4.168568,57.689439],[-4.294789,57.680162],[-4.308827,57.654853],[-4.403188,57.609524],[-4.428456,57.577541],[-4.379872,57.589342],[-4.328725,57.626288],[-4.201894,57.674994],[-4.096791,57.658108],[-4.009348,57.688544],[-4.004506,57.675971],[-4.025258,57.655219],[-4.11856,57.592963],[-4.10497,57.579291],[-4.170644,57.570746],[-4.184926,57.548163],[-4.262603,57.552069],[-4.207997,57.538398],[-4.248931,57.497463],[-4.194814,57.491604],[-4.034983,57.556871],[-4.083852,57.586127],[-3.837473,57.592963],[-3.684804,57.654446],[-3.625152,57.661933],[-3.645619,57.641425],[-3.590972,57.641425],[-3.611562,57.668118],[-3.535756,57.661933],[-3.505442,57.678656],[-3.491851,57.713121],[-3.409169,57.723334],[-3.284739,57.720445],[-3.210072,57.693996],[-3.034901,57.668606],[-2.916086,57.702826],[-2.758046,57.702826],[-2.731068,57.688544],[-2.658925,57.697455],[-2.541982,57.682359],[-2.526112,57.668606],[-2.497955,57.682359],[-2.432851,57.668118],[-2.360504,57.682359],[-2.328969,57.674058],[-2.295644,57.69599],[-2.20995,57.675523],[-2.108144,57.704983],[-1.99767,57.702826],[-1.9735,57.675523],[-1.932485,57.682359],[-1.829457,57.613471],[-1.79601,57.544582],[-1.800038,57.525865],[-1.761138,57.497463],[-1.77538,57.496527],[-1.781239,57.480414],[-1.759348,57.473578],[-1.830149,57.426174],[-1.849965,57.394355],[-1.980295,57.319281],[-2.068512,57.174628],[-2.071401,57.135565],[-2.049306,57.118842],[-2.18692,56.984687],[-2.200103,56.948717],[-2.186391,56.914537],[-2.219879,56.872626],[-2.319814,56.801581],[-2.426422,56.751288],[-2.45165,56.690985],[-2.487457,56.653876],[-2.480621,56.626532],[-2.514556,56.591498],[-2.623769,56.543402],[-2.64094,56.522366],[-2.699778,56.503648],[-2.727651,56.46955],[-2.764801,56.475735],[-3.060618,56.451728],[-3.133901,56.426947],[-3.238189,56.367743],[-3.280181,56.357896],[-3.323476,56.365912],[-3.294016,56.352769],[-3.230621,56.356024],[-2.884999,56.457994],[-2.802805,56.427965],[-2.808258,56.391059],[-2.837554,56.365912],[-2.812978,56.365912],[-2.802805,56.345404],[-2.655263,56.32217],[-2.576812,56.277777],[-2.648346,56.228705],[-2.783599,56.191962],[-2.830719,56.190741],[-2.892079,56.208889],[-2.964345,56.205634],[-3.091054,56.13227],[-3.127553,56.12287],[-3.163564,56.06387],[-3.248443,56.055976],[-3.342681,56.027167],[-3.671498,56.050849],[-3.745432,56.072211],[-3.817006,56.11225],[-3.837473,56.106431],[-3.760854,56.072455],[-3.721425,56.030707],[-3.686635,56.030707],[-3.656239,56.010199],[-3.577382,56.017035],[-3.405426,55.989732],[-3.331044,55.994086],[-3.303456,55.977607],[-3.121816,55.969306],[-3.078236,55.946845],[-2.939931,55.969306],[-2.882883,56.00849],[-2.857981,56.010199],[-2.870961,56.030707],[-2.82315,56.05976],[-2.635121,56.058051],[-2.569407,56.024482],[-2.583648,56.002753],[-2.528961,55.996568],[-2.507924,56.010199],[-2.307769,55.935004],[-2.13801,55.914618],[-2.128774,55.889797],[-2.08019,55.869371],[-2.009674,55.790839],[-1.877838,55.694892],[-1.816477,55.63288],[-1.781402,55.645657],[-1.74767,55.619208],[-1.767974,55.612982],[-1.699127,55.612982],[-1.630849,55.58511],[-1.634674,55.564399],[-1.617177,55.550279],[-1.630849,55.537299],[-1.602935,55.523627],[-1.611318,55.508043],[-1.58495,55.48371],[-1.589345,55.376532],[-1.555816,55.311347],[-1.568227,55.279608],[-1.556467,55.255032],[-1.520985,55.229397],[-1.529164,55.216254],[-1.507965,55.194648],[-1.517934,55.157131],[-1.495961,55.134589],[-1.480092,55.085395],[-1.459584,55.078599],[-1.412913,55.000312],[-1.36266,54.964789],[-1.355824,54.904283],[-1.275461,54.74844],[-1.240468,54.721666],[-1.172231,54.701239],[-1.192454,54.689276],[-1.164703,54.652777],[-1.203725,54.625718],[-1.152659,54.613186],[-1.138051,54.646552],[-1.103627,54.624661],[-0.787913,54.560777],[-0.562978,54.477362],[-0.522857,54.447089],[-0.520416,54.420071],[-0.447743,54.373196],[-0.41454,54.297309],[-0.390736,54.283515],[-0.397572,54.269192],[-0.370473,54.247707],[-0.277089,54.21776],[-0.260365,54.176988],[-0.233876,54.160468],[-0.11144,54.131578],[-0.07551,54.112128],[-0.16393,54.083401],[-0.194692,54.062323],[-0.219472,54.022773],[-0.151112,53.899319],[0.133474,53.642646],[0.149262,53.609605],[0.131196,53.573432],[0.10963,53.562893],[0.135997,53.610663],[0.120209,53.618109],[0.034516,53.646064],[-0.045033,53.625556],[-0.092275,53.631049],[-0.260365,53.735419],[-0.305165,53.739691],[-0.431142,53.714301],[-0.544423,53.709459],[-0.579172,53.727973],[-0.637034,53.732001],[-0.726471,53.700629],[-0.692454,53.686998],[-0.67748,53.702826],[-0.619537,53.711859],[-0.529937,53.67768],[-0.486318,53.694485],[-0.30724,53.71426],[-0.279368,53.707099],[-0.188629,53.620429],[-0.095937,53.577135],[-0.04662,53.57038],[0.095958,53.488349],[0.151866,53.475816],[0.175792,53.43769],[0.219493,53.419501],[0.211925,53.412665],[0.256114,53.375067],[0.342133,53.226304],[0.356619,53.145738],[0.329845,53.086493],[0.282481,53.074856],[0.160818,53.008979],[0.082123,52.938666],[0.022146,52.912584],[0.010265,52.886461],[0.105642,52.88935],[0.170909,52.862128],[0.246755,52.795722],[0.325531,52.803168],[0.384532,52.768378],[0.379242,52.790839],[0.43865,52.840725],[0.485688,52.933498],[0.569591,52.969306],[0.671886,52.974433],[0.664399,52.981879],[0.684744,52.986396],[0.835704,52.974433],[0.968435,52.947496],[1.013927,52.96015],[0.966075,52.974433],[1.274669,52.929185],[1.396007,52.891425],[1.644216,52.775824],[1.697032,52.731024],[1.747244,52.62519],[1.747569,52.532782],[1.771169,52.485907],[1.683604,52.32453],[1.630544,52.270453],[1.63087,52.199774],[1.582286,52.081488],[1.486827,52.049018],[1.472016,52.05622],[1.424815,52.001858],[1.332286,51.94009],[1.264415,51.994371],[1.157888,52.02851],[1.214366,51.991441],[1.270763,51.981513],[1.274425,51.960883],[1.20574,51.953437],[1.165294,51.967027],[1.069102,51.953437],[1.262055,51.939154],[1.281993,51.946601],[1.278494,51.927924],[1.199555,51.877672],[1.264415,51.864],[1.286632,51.881659],[1.276378,51.844794],[1.167817,51.790229],[1.06544,51.775295],[1.037283,51.782172],[0.979828,51.843573],[0.962087,51.813788],[0.886974,51.782131],[0.873709,51.747301],[0.835704,51.73371],[0.7671,51.739447],[0.698578,51.720038],[0.749278,51.708482],[0.760753,51.692694],[0.789073,51.71015],[0.930024,51.743598],[0.945567,51.73371],[0.938162,51.706366],[0.951834,51.678412],[0.934744,51.635891],[0.911469,51.623847],[0.951834,51.617011],[0.92449,51.588324],[0.873302,51.559475],[0.771251,51.528266],[0.650564,51.535793],[0.568858,51.508368],[0.552745,51.517971],[0.456065,51.505561],[0.428477,51.467108],[0.384532,51.453111],[0.448416,51.459947],[0.469574,51.480414],[0.534841,51.491685],[0.694835,51.477037],[0.723155,51.446723],[0.640961,51.444159],[0.554535,51.412177],[0.585948,51.391059],[0.712901,51.384223],[0.700369,51.409817],[0.72641,51.419013],[0.764415,51.364407],[0.977224,51.349189],[1.100922,51.373236],[1.423839,51.392076],[1.448253,51.38288],[1.425141,51.332953],[1.377615,51.326239],[1.413097,51.221747],[1.384451,51.151679],[1.357188,51.131008],[1.21811,51.100979],[1.192068,51.082587],[1.066905,51.064399],[0.966482,50.982733],[0.979828,50.918158],[0.94516,50.909369],[0.802257,50.939195],[0.762462,50.930894],[0.664399,50.870307],[0.624197,50.85871],[0.365245,50.818996],[0.271007,50.747382],[0.122081,50.76081],[-0.173166,50.829006],[-0.233144,50.821926],[-0.269683,50.831285],[-0.397572,50.802069],[-0.568959,50.802069],[-0.732737,50.767279],[-0.758209,50.777086],[-0.773101,50.766018],[-0.770985,50.736884],[-0.789947,50.730048],[-0.904124,50.771877],[-0.905873,50.788031],[-0.863637,50.808254],[-0.904693,50.829332],[-0.928944,50.822821],[-0.919016,50.836168],[-0.939198,50.843248],[-1.020741,50.843655],[-1.056223,50.783026],[-1.082753,50.780951],[-1.103017,50.795478],[-1.069163,50.843655],[-1.164703,50.843655],[-1.123769,50.818793],[-1.124908,50.788723],[-1.151112,50.781399],[-1.301422,50.843655],[-1.338938,50.872707],[-1.46642,50.918158],[-1.323069,50.825751],[-1.317291,50.800238],[-1.418691,50.788398],[-1.404937,50.774726],[-1.487538,50.757717],[-1.524729,50.761054],[-1.561187,50.71898],[-1.693023,50.739936],[-1.771718,50.72012],[-1.857411,50.726955],[-1.940012,50.690823],[-1.94929,50.713324],[-2.021962,50.72012],[-2.038971,50.739936],[-2.082672,50.698961],[-2.035634,50.713324],[-2.002512,50.681301],[-1.952789,50.676581],[-1.952952,50.651842],[-1.932485,50.644436],[-1.967275,50.617092],[-1.965199,50.6022],[-2.065175,50.595526],[-2.157338,50.62051],[-2.398346,50.645575],[-2.435902,50.637519],[-2.460072,50.606513],[-2.465647,50.58515],[-2.431223,50.570258],[-2.4287,50.557563],[-2.453359,50.527655],[-2.460357,50.565497],[-2.48351,50.590399],[-2.692942,50.692816],[-2.864817,50.733791],[-2.962758,50.723293],[-2.998199,50.708238],[-3.059722,50.713324],[-3.125478,50.685289],[-3.166493,50.692816],[-3.259836,50.674547],[-3.295562,50.637519],[-3.368153,50.617092],[-3.420969,50.629462],[-3.464426,50.678534],[-3.433339,50.610256],[-3.48176,50.568549],[-3.505971,50.520819],[-3.487457,50.459418],[-3.532135,50.454779],[-3.556264,50.432115],[-3.549306,50.415595],[-3.487457,50.404771],[-3.49828,50.383694],[-3.520131,50.374823],[-3.526926,50.349799],[-3.570546,50.356391],[-3.577789,50.334052],[-3.631988,50.312323],[-3.65331,50.251044],[-3.645619,50.22602],[-3.660634,50.221015],[-3.718007,50.212388],[-3.774241,50.222968],[-3.788971,50.212388],[-3.961008,50.322252],[-4.032948,50.294908],[-4.054351,50.30036],[-4.070221,50.309231],[-4.064036,50.322252],[-4.108266,50.336615],[-4.118723,50.351874],[-4.10497,50.370673],[-4.15274,50.370673],[-4.171457,50.382799],[-4.191477,50.417629],[-4.159535,50.459418],[-4.200551,50.459418],[-4.212392,50.441474],[-4.234731,50.4383],[-4.216135,50.415717],[-4.228505,50.397366],[-4.289906,50.397366],[-4.27302,50.381903],[-4.216176,50.387763],[-4.193756,50.376899],[-4.228505,50.370673],[-4.180043,50.356391],[-4.197987,50.342231],[-4.193756,50.322252],[-4.214996,50.323147],[-4.252349,50.356391],[-4.337717,50.370673],[-4.383697,50.367499],[-4.495351,50.328437],[-4.673451,50.315416],[-4.694325,50.343451],[-4.763295,50.322089],[-4.755442,50.301744],[-4.779856,50.284329],[-4.776519,50.26081],[-4.80016,50.22956],[-4.849721,50.234565],[-4.947255,50.199368],[-5.002431,50.14411],[-5.020375,50.191962],[-5.052968,50.195787],[-5.064565,50.158393],[-5.043446,50.14411],[-5.080312,50.132717],[-5.085032,50.109931],[-5.125966,50.09634],[-5.07079,50.089504],[-5.056508,50.060614],[-5.098053,50.01439],[-5.146474,50.010565],[-5.191151,49.959133],[-5.245229,49.993109],[-5.252675,50.027777],[-5.304351,50.080268],[-5.474843,50.130439],[-5.540924,50.113471],[-5.534657,50.082343],[-5.563466,50.059638],[-5.667388,50.042873],[-5.705149,50.052314],[-5.715647,50.082709],[-5.694407,50.095771],[-5.709218,50.132636],[-5.684641,50.161526],[-5.510976,50.219468],[-5.437978,50.194322],[-5.387563,50.240302],[-5.314849,50.253607],[-5.200307,50.330756],[-5.149892,50.350165],[-5.153676,50.399482],[-5.050282,50.428697],[-5.015614,50.538031],[-4.947255,50.562445],[-4.933583,50.52025],[-4.920522,50.527655],[-4.844838,50.514065],[-4.921864,50.554877],[-4.920522,50.589179],[-4.79247,50.595201],[-4.749257,50.644436],[-4.751943,50.670071],[-4.657297,50.711127],[-4.637807,50.741156],[-4.57726,50.774726],[-4.55012,50.809556],[-4.554921,50.897773],[-4.522694,50.972724],[-4.526438,51.01496],[-4.437327,51.01496],[-4.337717,50.996649],[-4.302317,51.007514],[-4.207997,51.076361],[-4.255767,51.151516],[-4.214833,51.151516],[-4.209828,51.172838],[-4.228505,51.19245],[-4.152333,51.211615],[-3.769154,51.247707],[-3.434193,51.209784],[-3.384999,51.186225],[-3.057525,51.208157],[-3.029286,51.220404],[-3.02184,51.213568],[-3.035553,51.199286],[-3.02184,51.19245],[-2.999582,51.233222],[-3.01061,51.310981],[-3.02184,51.322821],[-2.992177,51.321926],[-2.987782,51.346666],[-2.959584,51.374254],[-2.97468,51.384223],[-2.952952,51.398505],[-2.92101,51.394436],[-2.798573,51.482611],[-2.696156,51.512641],[-2.607818,51.607367],[-2.580434,51.618638],[-2.556386,51.659247],[-2.464996,51.725898],[-2.388539,51.750434],[-2.383372,51.773261],[-2.398061,51.782131],[-2.4204,51.753119],[-2.482086,51.742865],[-2.693756,51.596177]]],[[[-1.062327,50.692816],[-1.162221,50.645982],[-1.168446,50.603461],[-1.279205,50.582506],[-1.485951,50.669338],[-1.569488,50.658026],[-1.50593,50.707709],[-1.418691,50.733791],[-1.425364,50.72012],[-1.400868,50.721991],[-1.318512,50.772162],[-1.10912,50.732856],[-1.062327,50.692816]]],[[[-0.959869,50.802069],[-0.938832,50.780951],[-1.020741,50.788398],[-0.972564,50.829779],[-0.950307,50.823798],[-0.959869,50.802069]]],[[[0.932465,51.397691],[0.936371,51.371039],[0.911469,51.364407],[0.79477,51.370551],[0.733897,51.412177],[0.746837,51.439643],[0.766938,51.447943],[0.890798,51.421047],[0.932465,51.397691]]],[[[-4.590443,53.297553],[-4.558461,53.252753],[-4.571889,53.239488],[-4.632558,53.282945],[-4.676666,53.285102],[-4.693959,53.309638],[-4.667307,53.32392],[-4.626291,53.320868],[-4.590443,53.297553]]],[[[-4.121978,53.317084],[-4.042877,53.302802],[-4.098053,53.250149],[-4.195546,53.220282],[-4.220367,53.201483],[-4.222035,53.182115],[-4.343861,53.132066],[-4.406606,53.130601],[-4.411977,53.155585],[-4.385121,53.18244],[-4.410878,53.182196],[-4.447581,53.15941],[-4.495351,53.179877],[-4.499623,53.211249],[-4.571034,53.275458],[-4.558665,53.363349],[-4.571034,53.392768],[-4.425364,53.426703],[-4.324696,53.419501],[-4.276723,53.401028],[-4.266916,53.368964],[-4.234731,53.358059],[-4.235178,53.340074],[-4.203236,53.298489],[-4.142486,53.302802],[-4.121978,53.317084]]],[[[-6.184804,55.30683],[-6.171864,55.293199],[-6.194814,55.262926],[-6.187978,55.284003],[-6.21109,55.295315],[-6.283559,55.297065],[-6.249623,55.310289],[-6.184804,55.30683]]],[[[-5.093007,55.500434],[-5.078236,55.455308],[-5.117787,55.439765],[-5.217356,55.437974],[-5.304677,55.462144],[-5.345693,55.482652],[-5.359364,55.530463],[-5.345693,55.550279],[-5.389068,55.590237],[-5.392893,55.646552],[-5.355214,55.689602],[-5.290517,55.708564],[-5.297353,55.722846],[-5.198313,55.704332],[-5.145985,55.654975],[-5.125966,55.605536],[-5.137441,55.592027],[-5.094228,55.566555],[-5.091868,55.544135],[-5.125234,55.536933],[-5.11974,55.523627],[-5.07079,55.509345],[-5.093007,55.500434]]],[[[-5.029775,55.749498],[-5.009389,55.729315],[-5.028798,55.723334],[-5.050282,55.749498],[-5.11559,55.784369],[-5.139638,55.841986],[-5.180653,55.862779],[-5.199534,55.911078],[-5.1669,55.920844],[-5.080922,55.879584],[-5.075185,55.85692],[-5.050282,55.845771],[-5.02184,55.805609],[-5.011464,55.774482],[-5.029775,55.749498]]],[[[-6.030385,55.729071],[-6.023508,55.681871],[-6.058258,55.660142],[-6.064443,55.667629],[-6.131907,55.631822],[-6.215321,55.626654],[-6.226959,55.601752],[-6.287343,55.578437],[-6.311187,55.583238],[-6.325185,55.605536],[-6.319244,55.628241],[-6.243235,55.660142],[-6.277089,55.704006],[-6.325185,55.715399],[-6.320953,55.733466],[-6.249989,55.776842],[-6.328725,55.783149],[-6.349029,55.773424],[-6.386586,55.722317],[-6.462961,55.674465],[-6.503529,55.681342],[-6.489654,55.715399],[-6.503896,55.722846],[-6.448638,55.776842],[-6.482167,55.790473],[-6.460805,55.803209],[-6.445221,55.848822],[-6.33137,55.88996],[-6.318349,55.886705],[-6.338206,55.845771],[-6.310902,55.818427],[-6.31843,55.844916],[-6.296986,55.867174],[-6.140126,55.941352],[-6.120229,55.929429],[-6.099233,55.801011],[-6.049794,55.766343],[-6.058258,55.742743],[-6.030385,55.729071]]],[[[-6.198232,56.106269],[-6.182607,56.102607],[-6.174306,56.106431],[-6.181793,56.119452],[-6.149403,56.124945],[-6.133372,56.112616],[-6.165639,56.081488],[-6.174306,56.043769],[-6.221669,56.030829],[-6.269887,56.037543],[-6.198232,56.106269]]],[[[-5.873687,56.070136],[-5.715932,56.153144],[-5.694488,56.147406],[-5.68932,56.111762],[-5.740224,56.076483],[-5.886342,55.886705],[-5.945424,55.858588],[-5.962066,55.804755],[-6.026601,55.796088],[-6.062408,55.809475],[-6.086903,55.882961],[-6.075185,55.915961],[-5.997426,55.951728],[-5.919057,55.960395],[-5.886342,55.976142],[-5.980702,55.969916],[-5.995595,55.986029],[-5.924428,56.055976],[-5.873687,56.070136]]],[[[-5.688303,56.202053],[-5.673655,56.178941],[-5.694203,56.168606],[-5.749135,56.161078],[-5.722239,56.187079],[-5.688303,56.202053]]],[[[-5.645334,56.255927],[-5.61262,56.263495],[-5.610585,56.249416],[-5.637441,56.189276],[-5.666656,56.22248],[-5.645334,56.255927]]],[[[-5.620758,56.324205],[-5.584625,56.325588],[-5.605336,56.296942],[-5.598988,56.283922],[-5.621693,56.276068],[-5.646718,56.298774],[-5.620758,56.324205]]],[[[-5.557973,56.414293],[-5.502756,56.421129],[-5.536204,56.392239],[-5.584625,56.38703],[-5.557973,56.414293]]],[[[-6.160024,56.46955],[-6.237457,56.470038],[-6.263661,56.483222],[-6.215321,56.503648],[-6.160024,56.46955]]],[[[-6.989898,56.503648],[-6.741851,56.547838],[-6.729237,56.530341],[-6.743316,56.517808],[-6.803822,56.513617],[-6.805572,56.496894],[-6.869293,56.479641],[-6.887522,56.462104],[-6.881581,56.444281],[-6.965199,56.459866],[-6.989898,56.503648]]],[[[-5.688303,56.434801],[-5.657623,56.400092],[-5.703033,56.393378],[-5.74234,56.414293],[-5.739084,56.40119],[-5.783925,56.365912],[-5.712229,56.380194],[-5.695953,56.375434],[-5.702707,56.364569],[-5.808705,56.318915],[-5.848215,56.313625],[-5.880116,56.325588],[-5.853505,56.343695],[-5.852203,56.352851],[-5.87267,56.357733],[-6.065989,56.289211],[-6.102366,56.298245],[-6.146962,56.283922],[-6.239817,56.283922],[-6.266835,56.263495],[-6.327504,56.277248],[-6.366119,56.32217],[-6.357004,56.33633],[-6.310292,56.347357],[-6.290395,56.345404],[-6.247222,56.311672],[-6.228912,56.325588],[-6.249989,56.332343],[-6.186635,56.331244],[-6.08495,56.352851],[-6.020823,56.382025],[-6.154042,56.358954],[-6.178944,56.359931],[-6.203236,56.380316],[-6.157216,56.407375],[-6.126536,56.448432],[-6.081532,56.448432],[-6.009836,56.46955],[-6.003285,56.489407],[-6.016672,56.503648],[-6.127431,56.474351],[-6.174306,56.516669],[-6.288482,56.532294],[-6.338206,56.552069],[-6.290395,56.571967],[-6.325185,56.606106],[-6.256256,56.620347],[-6.230214,56.608588],[-6.220286,56.63227],[-6.151275,56.651801],[-6.058258,56.640204],[-6.064443,56.620347],[-6.033518,56.618842],[-6.008778,56.5987],[-5.962554,56.526109],[-5.794342,56.516669],[-5.756663,56.490058],[-5.710357,56.484849],[-5.680898,56.45185],[-5.648427,56.44774],[-5.653554,56.427965],[-5.688303,56.434801]]],[[[-6.452545,56.688422],[-6.497222,56.634345],[-6.616322,56.575181],[-6.668935,56.577786],[-6.677887,56.558254],[-6.701894,56.585639],[-6.674469,56.588446],[-6.591379,56.651842],[-6.505849,56.68537],[-6.452545,56.688422]]],[[[-7.389068,57.003607],[-7.373525,56.982856],[-7.411041,56.979722],[-7.442372,56.962958],[-7.445302,56.947089],[-7.556752,56.95307],[-7.544911,56.972317],[-7.51651,56.981187],[-7.514027,57.002916],[-7.524322,57.010199],[-7.457102,57.031562],[-7.449208,57.05858],[-7.414418,57.044908],[-7.434967,57.02383],[-7.389068,57.003607]]],[[[-6.325185,57.05858],[-6.250966,57.026557],[-6.269887,57.010199],[-6.243235,57.010199],[-6.256744,56.973782],[-6.303619,56.943996],[-6.359771,56.947333],[-6.376129,56.971177],[-6.455474,57.003974],[-6.364247,57.05565],[-6.325185,57.05858]]],[[[-6.606353,57.051744],[-6.537465,57.072821],[-6.489654,57.05858],[-6.606353,57.051744]]],[[[-5.984853,57.290432],[-6.013905,57.31745],[-5.955719,57.321601],[-5.929351,57.307196],[-5.925445,57.291693],[-5.984853,57.290432]]],[[[-7.370473,57.355129],[-7.195424,57.305609],[-7.256744,57.236721],[-7.353017,57.242906],[-7.271067,57.216254],[-7.259918,57.159817],[-7.271067,57.147935],[-7.307607,57.155829],[-7.346181,57.147935],[-7.277252,57.147935],[-7.215891,57.113837],[-7.239125,57.100531],[-7.321685,57.109931],[-7.353017,57.099555],[-7.390696,57.129055],[-7.416656,57.181586],[-7.414418,57.216254],[-7.455434,57.236721],[-7.389719,57.311957],[-7.428131,57.3876],[-7.353017,57.408026],[-7.26358,57.373928],[-7.298411,57.367092],[-7.222646,57.339789],[-7.250356,57.331855],[-7.371083,57.3876],[-7.393951,57.380764],[-7.370473,57.355129]]],[[[-7.369618,57.489325],[-7.202138,57.462633],[-7.26358,57.448961],[-7.249664,57.435248],[-7.212026,57.432196],[-7.205434,57.418606],[-7.318267,57.408026],[-7.407623,57.445624],[-7.389272,57.479885],[-7.369618,57.489325]]],[[[-6.075429,57.355048],[-6.061635,57.452704],[-6.016672,57.462633],[-6.037099,57.489936],[-5.995595,57.489936],[-6.009836,57.511054],[-5.993316,57.507025],[-5.982533,57.497463],[-6.017649,57.418199],[-6.016672,57.3876],[-5.989491,57.347317],[-6.054799,57.326402],[-6.071929,57.332343],[-6.064443,57.346584],[-6.075429,57.355048]]],[[[-5.983713,57.522366],[-5.982533,57.566311],[-5.961903,57.577297],[-5.968251,57.51789],[-5.983713,57.522366]]],[[[-7.189117,57.655097],[-7.074086,57.646389],[-7.065053,57.633979],[-7.099192,57.607327],[-7.171132,57.641425],[-7.215891,57.641425],[-7.197255,57.631252],[-7.202138,57.613471],[-7.164418,57.609931],[-7.154286,57.587348],[-7.106028,57.592963],[-7.1256,57.571112],[-7.236318,57.552069],[-7.256744,57.572496],[-7.312082,57.552069],[-7.144154,57.548529],[-7.133901,57.538398],[-7.157541,57.511054],[-7.305287,57.511054],[-7.346181,57.544582],[-7.318267,57.552069],[-7.442372,57.579291],[-7.470855,57.567206],[-7.54483,57.592963],[-7.476552,57.661933],[-7.387115,57.661933],[-7.414418,57.648261],[-7.396555,57.635321],[-7.312082,57.688544],[-7.332509,57.661933],[-7.256744,57.648261],[-7.277252,57.661933],[-7.181711,57.688544],[-7.165395,57.669867],[-7.189117,57.655097]]],[[[-6.580556,57.338813],[-6.695953,57.364407],[-6.714752,57.376614],[-6.731679,57.416978],[-6.773183,57.434068],[-6.783844,57.456448],[-6.722401,57.456448],[-6.747141,57.487942],[-6.715932,57.514228],[-6.638092,57.453274],[-6.606801,57.443915],[-6.612538,57.462633],[-6.599477,57.469428],[-6.630605,57.501776],[-6.61144,57.512193],[-6.564117,57.503607],[-6.599355,57.537543],[-6.654775,57.552069],[-6.631012,57.576809],[-6.640452,57.607327],[-6.572255,57.582506],[-6.554596,57.552476],[-6.464915,57.512519],[-6.420766,57.51789],[-6.443471,57.488105],[-6.412099,57.50137],[-6.400258,57.520982],[-6.310902,57.462633],[-6.324615,57.496812],[-6.389556,57.552476],[-6.359853,57.592963],[-6.400258,57.599799],[-6.395863,57.613471],[-6.415679,57.645819],[-6.359853,57.668118],[-6.337961,57.699164],[-6.310902,57.702826],[-6.153879,57.589545],[-6.133372,57.476264],[-6.146962,57.425116],[-6.187978,57.394355],[-6.126536,57.408026],[-6.117909,57.397773],[-6.140126,57.373928],[-6.135243,57.357367],[-6.099233,57.332343],[-6.153879,57.305609],[-6.0454,57.308295],[-6.041086,57.300116],[-6.078114,57.277655],[-6.008453,57.28677],[-5.976674,57.270331],[-5.923248,57.266913],[-5.900624,57.242906],[-5.767893,57.277411],[-5.647369,57.264635],[-5.663889,57.239814],[-5.662953,57.212714],[-5.690907,57.189521],[-5.782053,57.166246],[-5.800364,57.123725],[-5.852203,57.102973],[-5.934926,57.041205],[-6.006744,57.028388],[-6.030385,57.044908],[-6.027252,57.062161],[-6.000234,57.08393],[-6.003041,57.099555],[-5.986928,57.118232],[-5.941558,57.154771],[-5.845367,57.1883],[-5.986236,57.174628],[-5.995595,57.195746],[-6.044016,57.229926],[-6.023508,57.195746],[-6.050852,57.168443],[-6.044016,57.161038],[-6.088612,57.127427],[-6.10143,57.135199],[-6.112904,57.1883],[-6.164459,57.201361],[-6.174306,57.195746],[-6.15982,57.187649],[-6.177154,57.18122],[-6.318349,57.161038],[-6.276723,57.201972],[-6.345611,57.1883],[-6.379791,57.22309],[-6.345611,57.242906],[-6.408193,57.243354],[-6.482167,57.311835],[-6.416412,57.33454],[-6.310902,57.298163],[-6.323883,57.311428],[-6.406158,57.351549],[-6.462961,57.346584],[-6.448638,57.360256],[-6.475942,57.367092],[-6.462961,57.373928],[-6.478871,57.381903],[-6.475942,57.40119],[-6.523793,57.380764],[-6.517649,57.398871],[-6.530629,57.415473],[-6.571523,57.3876],[-6.564117,57.346584],[-6.580556,57.338813]]],[[[-7.180165,57.734687],[-7.152008,57.726304],[-7.222646,57.709662],[-7.180165,57.734687]]],[[[-8.621002,57.833197],[-8.569081,57.823676],[-8.552235,57.818915],[-8.590891,57.804755],[-8.621002,57.833197]]],[[[-7.044586,57.902086],[-7.079335,57.880316],[-7.079335,57.89468],[-7.03775,57.916327],[-6.997385,57.915107],[-6.99706,57.893541],[-7.044586,57.902086]]],[[[-6.862864,58.216457],[-6.882314,58.236274],[-6.880035,58.257758],[-6.818593,58.23725],[-6.791249,58.209947],[-6.87328,58.209947],[-6.862864,58.216457]]],[[[-6.9735,57.733344],[-7.112782,57.815863],[-7.125071,57.8369],[-7.096995,57.838039],[-7.079335,57.81269],[-6.984853,57.864895],[-6.914174,57.867906],[-6.962554,57.89468],[-6.881703,57.914293],[-6.832265,57.902086],[-6.865834,57.921332],[-6.839101,57.935614],[-6.897084,57.935614],[-6.952056,57.956732],[-7.009755,57.955268],[-7.036285,57.960639],[-7.044586,57.976549],[-7.065826,57.971015],[-7.112782,57.99022],[-7.05191,58.011379],[-7.058217,58.02497],[-6.934641,58.052314],[-7.058217,58.038642],[-7.045766,58.052639],[-7.024037,58.052314],[-7.05191,58.058539],[-7.024037,58.079576],[-7.075551,58.062242],[-7.112782,58.100084],[-7.107533,58.112006],[-7.126454,58.123969],[-7.123402,58.136664],[-7.093007,58.168402],[-7.112782,58.182034],[-7.017201,58.189439],[-7.053944,58.201361],[-7.058217,58.213365],[-7.030873,58.244696],[-6.907338,58.216783],[-6.937082,58.211005],[-6.897084,58.172105],[-6.888051,58.135891],[-6.859609,58.106879],[-6.859609,58.134833],[-6.887522,58.168402],[-6.869496,58.189439],[-6.798451,58.202379],[-6.736684,58.168402],[-6.709381,58.189439],[-6.742909,58.203111],[-6.757192,58.230414],[-6.783844,58.230414],[-6.811838,58.264594],[-6.791249,58.271389],[-6.818593,58.285102],[-6.715566,58.339667],[-6.557485,58.368557],[-6.345611,58.463202],[-6.267405,58.51203],[-6.223053,58.499213],[-6.16686,58.419501],[-6.192372,58.409125],[-6.215321,58.367621],[-6.16747,58.346503],[-6.233713,58.322821],[-6.249989,58.312974],[-6.246409,58.297553],[-6.31786,58.268297],[-6.318349,58.244696],[-6.366119,58.23725],[-6.347727,58.221137],[-6.270904,58.216498],[-6.150706,58.258368],[-6.16747,58.230414],[-6.160024,58.216783],[-6.233551,58.184272],[-6.400258,58.209947],[-6.366119,58.162095],[-6.378041,58.153632],[-6.372955,58.141059],[-6.441233,58.127387],[-6.489654,58.100084],[-6.523793,58.106879],[-6.619374,58.086412],[-6.581288,58.079006],[-6.407094,58.106879],[-6.366119,58.058539],[-6.400258,58.045478],[-6.352447,58.038642],[-6.424469,58.003892],[-6.544911,58.017524],[-6.542226,58.005683],[-6.455474,57.976549],[-6.507558,57.935981],[-6.551096,57.943061],[-6.537465,57.921332],[-6.57844,57.917222],[-6.629872,57.956732],[-6.612538,57.921332],[-6.619374,57.915107],[-6.660959,57.928778],[-6.709381,58.003892],[-6.694651,58.030097],[-6.665842,58.044664],[-6.59203,58.058539],[-6.688303,58.058539],[-6.692698,58.040961],[-6.764027,58.003892],[-6.730092,57.962958],[-6.67398,57.928778],[-6.695668,57.921332],[-6.667795,57.908271],[-6.660959,57.880316],[-6.787017,57.89883],[-6.805572,57.880316],[-6.764027,57.867906],[-6.736684,57.839423],[-6.741933,57.831488],[-6.791249,57.825751],[-6.783844,57.81269],[-6.852691,57.833197],[-6.859609,57.825751],[-6.839101,57.81269],[-6.887522,57.784817],[-6.87328,57.777981],[-6.9735,57.733344]]],[[[-2.996978,58.835273],[-2.883656,58.83218],[-2.885365,58.820054],[-2.919423,58.806464],[-2.913971,58.784857],[-2.92634,58.77912],[-2.911041,58.748684],[-2.939931,58.730699],[-2.987782,58.757392],[-2.974355,58.77204],[-3.015696,58.812649],[-2.978871,58.808173],[-2.967193,58.820054],[-3.035553,58.820054],[-2.996978,58.835273]]],[[[-3.248402,58.792182],[-3.131703,58.806464],[-3.156321,58.78677],[-3.299306,58.77912],[-3.327789,58.818305],[-3.378774,58.853583],[-3.378774,58.874091],[-3.430165,58.874823],[-3.433339,58.884955],[-3.416331,58.908271],[-3.349355,58.928534],[-3.246083,58.896186],[-3.193186,58.853583],[-3.207387,58.839993],[-3.172719,58.826321],[-3.248402,58.792182]]],[[[-2.713612,58.966864],[-2.706532,58.93244],[-2.714752,58.925482],[-2.771962,58.915717],[-2.808013,58.888007],[-2.839345,58.882636],[-2.926829,58.904853],[-2.981191,58.96011],[-3.023834,58.940497],[-3.084543,58.94302],[-3.070302,58.928697],[-3.101226,58.930121],[-3.118031,58.915717],[-3.202789,58.91592],[-3.227895,58.928697],[-3.238515,58.950914],[-3.235341,58.972561],[-3.207387,59.005072],[-3.227895,59.03856],[-3.245839,59.030504],[-3.240956,59.011298],[-3.275787,59.011298],[-3.256988,58.978339],[-3.289418,58.950385],[-3.323232,58.95718],[-3.353261,58.982815],[-3.366689,59.016099],[-3.343984,59.052802],[-3.350209,59.097968],[-3.323801,59.127427],[-3.279286,59.143541],[-3.182729,59.147162],[-3.121571,59.123969],[-3.084543,59.127997],[-3.049184,59.1081],[-3.070302,59.101264],[-2.994496,59.07331],[-3.008168,59.066555],[-2.994496,59.059719],[-3.062815,59.049465],[-3.090932,59.018744],[-3.131703,59.005072],[-3.116689,58.998196],[-3.059722,58.9914],[-3.011952,59.017401],[-2.974436,58.999091],[-2.933095,59.011298],[-2.895375,58.991034],[-2.878407,58.998236],[-2.885365,58.977118],[-2.780629,58.990302],[-2.78189,58.973944],[-2.837554,58.950385],[-2.794789,58.926093],[-2.77538,58.928697],[-2.795969,58.956692],[-2.713612,58.966864]]],[[[-2.548451,59.109036],[-2.51476,59.093817],[-2.59732,59.07331],[-2.599477,59.095893],[-2.614369,59.107245],[-2.651845,59.101264],[-2.649159,59.085517],[-2.686106,59.089179],[-2.665517,59.1081],[-2.622426,59.116441],[-2.624257,59.133857],[-2.665517,59.155219],[-2.62564,59.162421],[-2.611562,59.161444],[-2.617787,59.148424],[-2.590077,59.148871],[-2.569407,59.142239],[-2.592885,59.138577],[-2.583648,59.120551],[-2.535268,59.127997],[-2.548451,59.109036]]],[[[-3.036448,59.129096],[-3.091786,59.142808],[-3.120432,59.176581],[-3.074208,59.197496],[-3.029124,59.182359],[-2.952952,59.183173],[-2.977162,59.163398],[-2.97525,59.133775],[-3.036448,59.129096]]],[[[-2.830068,59.196845],[-2.785959,59.196845],[-2.7919,59.236965],[-2.777455,59.252916],[-2.761098,59.252102],[-2.768625,59.23786],[-2.743642,59.238105],[-2.727651,59.224189],[-2.761098,59.193101],[-2.758941,59.164211],[-2.734486,59.148424],[-2.789133,59.145331],[-2.801625,59.168158],[-2.830068,59.175767],[-2.830068,59.196845]]],[[[-2.446401,59.293036],[-2.404897,59.316352],[-2.392486,59.285468],[-2.458974,59.27912],[-2.51476,59.230414],[-2.516265,59.252143],[-2.576812,59.224189],[-2.569407,59.244615],[-2.604156,59.244615],[-2.661855,59.207099],[-2.67927,59.209906],[-2.692616,59.192288],[-2.687978,59.217963],[-2.59557,59.264838],[-2.591135,59.278754],[-2.611562,59.293036],[-2.522125,59.306708],[-2.576812,59.271308],[-2.563222,59.265082],[-2.446401,59.293036]]],[[[-3.008168,59.271308],[-3.077056,59.334052],[-3.008168,59.334052],[-2.965199,59.360907],[-2.94636,59.349555],[-2.963938,59.340237],[-2.960357,59.326565],[-2.987782,59.31977],[-2.895497,59.302965],[-2.870961,59.271308],[-2.830068,59.252102],[-2.885365,59.230414],[-2.870961,59.258287],[-2.947418,59.291205],[-2.97468,59.293036],[-2.960357,59.271308],[-3.008168,59.271308]]],[[[-1.643666,59.54564],[-1.625234,59.555813],[-1.583119,59.559963],[-1.608144,59.547349],[-1.59675,59.53205],[-1.645497,59.514106],[-1.643666,59.54564]]],[[[-0.769154,60.613186],[-0.754791,60.598944],[-0.760732,60.587836],[-0.785227,60.576321],[-0.870473,60.587836],[-0.856191,60.567328],[-0.883534,60.570543],[-0.938832,60.62873],[-0.822133,60.62873],[-0.809071,60.608303],[-0.769154,60.613186]]],[[[-1.088002,60.43301],[-1.034413,60.450629],[-1.125071,60.383734],[-1.117543,60.373928],[-1.068267,60.396308],[-1.070424,60.359524],[-1.172231,60.347602],[-1.075307,60.32095],[-1.137929,60.290717],[-1.134348,60.27558],[-1.089752,60.272528],[-1.147857,60.248847],[-1.192616,60.272528],[-1.19811,60.260565],[-1.18517,60.245185],[-1.21939,60.238349],[-1.179026,60.232164],[-1.199452,60.20425],[-1.157867,60.224677],[-1.192616,60.176337],[-1.155141,60.192572],[-1.143951,60.187567],[-1.157867,60.170111],[-1.123769,60.149604],[-1.151723,60.149604],[-1.144276,60.135321],[-1.199452,60.129096],[-1.18517,60.121649],[-1.189849,60.113349],[-1.213206,60.107367],[-1.18517,60.094387],[-1.20226,60.083075],[-1.19286,60.06981],[-1.164703,60.060248],[-1.18517,60.038275],[-1.21939,60.03974],[-1.192616,59.997504],[-1.201243,59.986396],[-1.247304,59.997504],[-1.245229,59.955756],[-1.26773,59.923041],[-1.274566,59.929877],[-1.263417,59.907172],[-1.274566,59.882066],[-1.260976,59.8664],[-1.274566,59.854193],[-1.295033,59.874661],[-1.311106,59.865546],[-1.301422,59.888902],[-1.34789,59.891995],[-1.375966,59.908637],[-1.358022,59.921576],[-1.355702,59.945461],[-1.322987,59.950995],[-1.349721,59.977688],[-1.322987,59.977688],[-1.328725,59.99551],[-1.262603,60.115058],[-1.26773,60.142157],[-1.288889,60.155829],[-1.269358,60.185452],[-1.312408,60.18065],[-1.26773,60.245185],[-1.286936,60.246283],[-1.329254,60.20425],[-1.357655,60.24433],[-1.411122,60.258857],[-1.349721,60.211086],[-1.356557,60.196763],[-1.398101,60.211086],[-1.404612,60.179511],[-1.418691,60.190619],[-1.455434,60.156195],[-1.527252,60.192939],[-1.509511,60.209947],[-1.46642,60.217231],[-1.503651,60.243354],[-1.525054,60.212348],[-1.536773,60.210924],[-1.548248,60.229722],[-1.624664,60.217231],[-1.632802,60.230292],[-1.669749,60.239569],[-1.690175,60.285142],[-1.638743,60.311469],[-1.602935,60.313463],[-1.548411,60.292955],[-1.555816,60.306627],[-1.520985,60.299791],[-1.528432,60.313463],[-1.481435,60.316474],[-1.4676,60.308539],[-1.46642,60.278713],[-1.445953,60.2862],[-1.459584,60.306627],[-1.439036,60.306627],[-1.445953,60.32095],[-1.42276,60.326117],[-1.374257,60.308417],[-1.364003,60.2862],[-1.33609,60.306627],[-1.364003,60.32095],[-1.343495,60.347602],[-1.315541,60.341376],[-1.328114,60.352688],[-1.260365,60.355048],[-1.337554,60.374457],[-1.343495,60.395982],[-1.373402,60.38109],[-1.395009,60.38996],[-1.384429,60.423326],[-1.439036,60.430813],[-1.445953,60.492255],[-1.480092,60.457465],[-1.499094,60.469062],[-1.480092,60.485419],[-1.609364,60.483344],[-1.586171,60.512112],[-1.555816,60.512112],[-1.548411,60.539374],[-1.526967,60.55683],[-1.513987,60.557807],[-1.488189,60.525824],[-1.455068,60.508857],[-1.41747,60.502183],[-1.384429,60.512112],[-1.480092,60.539374],[-1.452789,60.567328],[-1.411122,60.58039],[-1.425364,60.587836],[-1.418691,60.608303],[-1.366851,60.61225],[-1.315541,60.594062],[-1.308705,60.601467],[-1.323964,60.621324],[-1.301422,60.643052],[-1.292104,60.599595],[-1.308705,60.587836],[-1.301422,60.564846],[-1.33609,60.533189],[-1.315541,60.533189],[-1.33609,60.525784],[-1.315541,60.518948],[-1.33609,60.485419],[-1.295033,60.492255],[-1.308705,60.457465],[-1.327952,60.453192],[-1.370229,60.402167],[-1.322987,60.409654],[-1.32433,60.42772],[-1.296986,60.437974],[-1.233632,60.443793],[-1.295033,60.471137],[-1.271962,60.48428],[-1.260365,60.464911],[-1.217519,60.497992],[-1.186269,60.482245],[-1.192616,60.471137],[-1.169911,60.463121],[-1.157867,60.443793],[-1.164703,60.436957],[-1.151723,60.430813],[-1.185902,60.431586],[-1.220774,60.409125],[-1.18517,60.41649],[-1.199452,60.402167],[-1.165435,60.412055],[-1.144276,60.388577],[-1.088002,60.43301]]],[[[-0.997955,60.685614],[-0.979726,60.656684],[-0.993479,60.635647],[-1.062327,60.662909],[-1.013905,60.615139],[-1.069163,60.615139],[-1.052073,60.597642],[-1.020741,60.594062],[-1.028188,60.587836],[-1.011057,60.577704],[-1.022532,60.55565],[-1.04186,60.553046],[-1.02245,60.527248],[-1.023793,60.502997],[-1.100697,60.515041],[-1.107737,60.505072],[-1.097035,60.492255],[-1.153879,60.508368],[-1.167795,60.530463],[-1.180043,60.624661],[-1.171376,60.645982],[-1.138051,60.649237],[-1.130116,60.61933],[-1.103424,60.615139],[-1.123769,60.659817],[-1.11148,60.681138],[-1.113922,60.714748],[-1.092112,60.735338],[-1.069163,60.718166],[-1.057607,60.729722],[-0.993479,60.731147],[-1.000885,60.703925],[-0.987172,60.697699],[-0.997955,60.685614]]],[[[-0.846181,60.675971],[-0.966176,60.690172],[-0.966176,60.725002],[-0.943227,60.72602],[-0.952463,60.752346],[-0.926137,60.769599],[-0.938832,60.800116],[-0.904164,60.813951],[-0.8815,60.845038],[-0.856191,60.823961],[-0.888336,60.78974],[-0.853139,60.803534],[-0.822133,60.847886],[-0.763905,60.825426],[-0.760732,60.813137],[-0.787994,60.806952],[-0.760732,60.800116],[-0.808461,60.778632],[-0.801666,60.759101],[-0.821401,60.758531],[-0.801666,60.744818],[-0.850006,60.718166],[-0.821889,60.685004],[-0.846181,60.675971]]],[[[-6.292226,49.932074],[-6.287506,49.914008],[-6.309153,49.913642],[-6.307444,49.927436],[-6.292226,49.932074]]],[[[-6.328033,49.95661],[-6.332509,49.941718],[-6.341217,49.94477],[-6.348948,49.964342],[-6.328033,49.95661]]],[[[-4.671213,51.195054],[-4.670481,51.160102],[-4.676422,51.193101],[-4.671213,51.195054]]],[[[-13.688588,57.596259],[-13.690419,57.597805],[-13.687652,57.597154],[-13.688588,57.596259]]],[[[-1.308258,60.094143],[-1.333567,60.043606],[-1.334625,60.076321],[-1.367909,60.044827],[-1.338002,60.093451],[-1.345693,60.108954],[-1.315826,60.115465],[-1.323354,60.088202],[-1.308258,60.094143]]],[[[-2.048899,60.147121],[-2.048085,60.129218],[-2.062978,60.117987],[-2.112294,60.138007],[-2.08788,60.155463],[-2.048899,60.147121]]],[[[-1.050526,60.169623],[-1.073801,60.107733],[-1.122222,60.123114],[-1.119252,60.155585],[-1.134918,60.178697],[-1.097524,60.175727],[-1.079457,60.1883],[-1.069936,60.164211],[-1.050526,60.169623]]],[[[-0.912668,60.386786],[-0.975982,60.340318],[-1.034088,60.340155],[-1.006418,60.368964],[-0.912668,60.386786]]]]}},{"type":"Feature","properties":{"name":"Greece","iso":"GR","pop":10716322},"geometry":{"type":"MultiPolygon","coordinates":[[[[21.112127,40.853942],[21.183027,40.870168],[21.329271,40.866292],[21.404926,40.908615],[21.509519,40.900502],[21.55365,40.870426],[21.581556,40.866292],[21.623724,40.894404],[21.648838,40.895799],[21.6569,40.918227],[21.685115,40.927994],[21.765524,40.923911],[21.783714,40.964167],[21.894301,41.053826],[21.909081,41.097493],[22.048194,41.151856],[22.103384,41.121522],[22.205807,41.161416],[22.302649,41.1455],[22.308746,41.124984],[22.380163,41.131702],[22.451477,41.113667],[22.590176,41.125139],[22.624489,41.152631],[22.629347,41.177074],[22.64454,41.180227],[22.704898,41.139661],[22.727222,41.165809],[22.751303,41.315205],[22.780966,41.334894],[22.826027,41.340992],[23.15717,41.316342],[23.199545,41.332982],[23.224246,41.379026],[23.287705,41.398198],[23.326049,41.369311],[23.414519,41.399903],[23.513014,41.397733],[23.612439,41.371016],[23.672177,41.402952],[23.754446,41.400678],[23.777081,41.429049],[23.851598,41.439591],[23.894799,41.464344],[23.949887,41.437575],[24.000736,41.464137],[24.034739,41.451321],[24.051999,41.463],[24.047348,41.525735],[24.116491,41.533383],[24.170235,41.511576],[24.181604,41.537362],[24.23328,41.561805],[24.250747,41.563459],[24.286403,41.54036],[24.296119,41.515245],[24.438849,41.527699],[24.459209,41.549506],[24.510162,41.56165],[24.530936,41.547543],[24.549436,41.485428],[24.581062,41.460209],[24.580442,41.440521],[24.699195,41.408946],[24.774436,41.348072],[24.794279,41.3474],[24.803271,41.392668],[24.886367,41.400627],[25.08036,41.334067],[25.101858,41.336651],[25.177098,41.293863],[25.21968,41.249731],[25.285722,41.239396],[25.453464,41.280427],[25.505089,41.280582],[25.551494,41.31567],[25.639758,41.311071],[25.679962,41.29717],[25.811013,41.341044],[25.882017,41.304043],[26.120865,41.357787],[26.175642,41.431891],[26.145877,41.478038],[26.163136,41.529146],[26.152491,41.547026],[26.1312,41.552659],[26.115284,41.616634],[26.055029,41.648751],[26.048105,41.689084],[26.060507,41.7073],[26.108359,41.727893],[26.189905,41.734689],[26.226182,41.749675],[26.273931,41.714897],[26.35961,41.714897],[26.476192,41.675726],[26.46441,41.648518],[26.576445,41.591003],[26.595461,41.612448],[26.595461,41.537414],[26.636389,41.399593],[26.631738,41.357528],[26.609724,41.330708],[26.569623,41.333602],[26.540168,41.351792],[26.412113,41.265699],[26.320543,41.246217],[26.336046,41.228906],[26.32106,41.187616],[26.336046,41.15258],[26.317339,41.122297],[26.339456,41.114494],[26.32509,41.074083],[26.347621,41.040959],[26.374183,41.03114],[26.368085,41.007731],[26.333152,40.990729],[26.359093,40.964684],[26.294395,40.92665],[26.304006,40.909029],[26.260391,40.920449],[26.239204,40.885671],[26.226182,40.899313],[26.205821,40.865],[26.212022,40.84743],[26.158279,40.812187],[26.112287,40.746971],[26.081591,40.735551],[26.043956,40.738471],[26.027354,40.796129],[26.00587,40.803941],[26.053722,40.81623],[26.053966,40.830959],[26.012218,40.824449],[25.998383,40.838772],[25.998383,40.817043],[25.91863,40.852973],[25.732188,40.851752],[25.604503,40.876166],[25.537771,40.870429],[25.486827,40.897121],[25.419688,40.906399],[25.299653,40.95185],[25.266124,40.926907],[25.180675,40.942694],[25.134044,40.962877],[25.140147,40.983588],[25.169932,40.995795],[25.138438,41.010077],[25.039073,41.006049],[25.039561,40.989569],[24.99171,40.968451],[24.999034,40.949937],[24.989757,40.942125],[24.8921,40.92064],[24.802013,40.853461],[24.765798,40.865424],[24.708751,40.851752],[24.662771,40.879706],[24.628673,40.858588],[24.566661,40.951728],[24.505138,40.961615],[24.464122,40.941148],[24.443126,40.948065],[24.391775,40.936469],[24.312673,40.879706],[24.331309,40.855048],[24.305675,40.841742],[24.340668,40.831285],[24.110118,40.727851],[23.986339,40.732164],[23.842052,40.783352],[23.7317,40.751858],[23.697032,40.721422],[23.700206,40.673651],[23.755626,40.645657],[23.792654,40.587958],[23.84669,40.560289],[23.888845,40.563788],[23.914887,40.538886],[23.907237,40.525377],[23.838227,40.518744],[23.823009,40.506985],[23.826671,40.461371],[23.868175,40.41352],[23.963878,40.379462],[24.002452,40.386379],[24.011567,40.401842],[23.991222,40.447699],[24.011404,40.449164],[24.085785,40.366034],[24.179861,40.351508],[24.203949,40.317369],[24.233409,40.316881],[24.383311,40.179145],[24.393809,40.152493],[24.361095,40.132392],[24.299978,40.128079],[24.286143,40.160549],[24.238292,40.186998],[24.168956,40.275295],[24.019216,40.310492],[23.936534,40.36518],[23.833507,40.372016],[23.759613,40.349189],[23.730479,40.358954],[23.693614,40.309231],[23.716319,40.255316],[23.75766,40.231676],[23.778575,40.202704],[23.896739,40.171332],[23.991222,40.11872],[23.97755,40.090806],[24.004893,40.067206],[23.984223,40.053616],[23.986827,40.042182],[24.011729,40.043647],[24.019216,40.016303],[23.988048,39.989976],[23.998709,39.974758],[23.9699,39.968085],[23.991222,39.953599],[23.919688,39.956366],[23.922862,39.974758],[23.900645,39.971177],[23.902517,39.98843],[23.8449,40.024115],[23.824067,40.021918],[23.826671,40.008857],[23.785167,40.067206],[23.793305,40.093817],[23.675466,40.217922],[23.641775,40.235419],[23.540294,40.244778],[23.438487,40.279202],[23.365001,40.261705],[23.340099,40.227973],[23.337657,40.208441],[23.363617,40.150458],[23.400645,40.143988],[23.498871,40.042304],[23.602712,39.998481],[23.670258,39.98607],[23.697276,39.940497],[23.747895,39.930487],[23.703136,39.912665],[23.616466,39.923326],[23.470958,39.971625],[23.360606,39.961086],[23.381602,40.002672],[23.352712,40.057074],[23.305919,40.104478],[23.324555,40.174954],[23.318614,40.210517],[23.299083,40.235419],[23.148936,40.276435],[23.029145,40.325751],[23.010916,40.351223],[22.963878,40.379462],[22.888194,40.386298],[22.897716,40.402045],[22.889659,40.418362],[22.821625,40.502143],[22.94158,40.517157],[22.983165,40.55268],[22.976899,40.570624],[22.941742,40.587348],[22.949555,40.605414],[22.910492,40.644599],[22.854015,40.639472],[22.861095,40.620551],[22.850597,40.593411],[22.815929,40.570624],[22.778331,40.57807],[22.758556,40.567776],[22.742524,40.540351],[22.750336,40.522773],[22.736664,40.529608],[22.736664,40.515326],[22.723155,40.522773],[22.710948,40.511623],[22.673513,40.526842],[22.656261,40.504543],[22.675304,40.496161],[22.659679,40.492906],[22.650727,40.472805],[22.602875,40.481269],[22.579112,40.468207],[22.60377,40.443996],[22.606456,40.41356],[22.661143,40.369045],[22.620616,40.310492],[22.552501,40.166571],[22.5713,40.054267],[22.600271,40.016303],[22.707856,39.961371],[22.730479,39.885403],[22.801117,39.840318],[22.850271,39.790513],[22.871755,39.715806],[22.939464,39.580634],[23.097423,39.501776],[23.125662,39.454413],[23.271332,39.322943],[23.343761,39.179633],[23.30128,39.151353],[23.209727,39.131822],[23.230235,39.11815],[23.203624,39.10456],[23.1692,39.106594],[23.115489,39.088284],[23.052013,39.097724],[23.081065,39.147203],[23.114106,39.159125],[23.100597,39.10456],[23.171723,39.134955],[23.181326,39.158677],[23.199229,39.151435],[23.217133,39.179633],[23.175548,39.23428],[23.169119,39.268541],[23.134613,39.296942],[23.098155,39.312201],[23.020518,39.317532],[22.998057,39.357123],[22.935883,39.360582],[22.942882,39.344143],[22.929047,39.324205],[22.942882,39.303168],[22.84254,39.288479],[22.826182,39.272162],[22.826182,39.221259],[22.854015,39.159125],[22.88087,39.179633],[22.876964,39.190375],[22.89503,39.172797],[22.901866,39.179633],[22.920584,39.125149],[22.936046,39.111396],[22.936046,39.131822],[22.961111,39.119045],[22.998057,39.06977],[22.998057,39.049262],[22.958832,39.025133],[22.963878,39.008979],[23.042491,39.040107],[23.07309,39.036282],[23.023285,39.00845],[22.984548,38.954332],[22.936046,38.946845],[22.942882,38.932603],[22.898448,38.919623],[22.846528,38.926418],[22.836681,38.89647],[22.792003,38.877997],[22.732677,38.872382],[22.718272,38.889797],[22.688975,38.877997],[22.621593,38.914496],[22.538829,38.877997],[22.525076,38.885443],[22.525076,38.85814],[22.572927,38.864325],[22.553884,38.84809],[22.582774,38.831977],[22.600271,38.844468],[22.593435,38.830227],[22.641124,38.830227],[22.702647,38.850653],[22.778331,38.781724],[22.829275,38.786078],[22.867198,38.755072],[22.914887,38.77558],[22.945323,38.758124],[23.042003,38.746731],[23.104503,38.638414],[23.182465,38.653754],[23.196056,38.666327],[23.168142,38.679389],[23.186778,38.685981],[23.305919,38.652655],[23.331228,38.630276],[23.333263,38.604234],[23.293305,38.579088],[23.285411,38.556464],[23.307384,38.568549],[23.381602,38.535346],[23.340099,38.522366],[23.334972,38.503607],[23.519379,38.490668],[23.542979,38.511705],[23.567231,38.501125],[23.601329,38.473944],[23.573497,38.453437],[23.596202,38.446763],[23.594005,38.426093],[23.625011,38.414008],[23.672862,38.356431],[23.709972,38.336737],[23.781993,38.343573],[23.95102,38.29092],[24.069021,38.204739],[24.069509,38.173529],[24.080577,38.166002],[24.064138,38.155097],[24.059418,38.131293],[24.053233,38.14525],[24.037771,38.143744],[23.989024,38.122626],[24.009125,38.040595],[24.032725,38.007758],[24.011729,37.966864],[24.011729,37.925238],[24.034434,37.922919],[24.046397,37.905992],[24.011729,37.89175],[24.066905,37.864407],[24.066905,37.837104],[24.053233,37.822821],[24.076996,37.811103],[24.087413,37.785224],[24.081879,37.752509],[24.059418,37.733466],[24.07309,37.72724],[24.059418,37.719794],[24.072113,37.689521],[24.032725,37.651516],[23.949718,37.677436],[23.94337,37.72724],[23.922699,37.721177],[23.902517,37.781887],[23.888845,37.7744],[23.865571,37.807685],[23.812999,37.829657],[23.807302,37.80858],[23.778982,37.802314],[23.764496,37.815985],[23.766449,37.838935],[23.697032,37.939521],[23.628103,37.932685],[23.641775,37.952541],[23.626638,37.947496],[23.560802,37.972805],[23.552989,37.980455],[23.597911,38.021145],[23.574555,38.04678],[23.449962,38.02143],[23.395274,37.987942],[23.429454,37.980455],[23.408946,37.974311],[23.226817,37.973619],[23.094086,37.911038],[23.015147,37.925238],[22.995128,37.882148],[23.012543,37.847561],[23.073497,37.841132],[23.114106,37.850775],[23.182384,37.809149],[23.182384,37.7744],[23.128184,37.760484],[23.120942,37.740912],[23.175548,37.719794],[23.163829,37.681586],[23.175548,37.64468],[23.161876,37.64468],[23.16863,37.614163],[23.336681,37.535468],[23.360362,37.547675],[23.359141,37.574286],[23.312185,37.617377],[23.34783,37.634426],[23.398692,37.637885],[23.409028,37.625922],[23.404307,37.59927],[23.374278,37.555894],[23.422048,37.528022],[23.395274,37.51496],[23.479177,37.490668],[23.525645,37.459703],[23.525645,37.439195],[23.446544,37.414618],[23.262706,37.401028],[23.264415,37.390815],[23.230235,37.384589],[23.229991,37.374945],[23.257579,37.370917],[23.251313,37.357327],[23.278005,37.34984],[23.186046,37.340644],[23.203624,37.30268],[23.16863,37.299506],[23.141449,37.309516],[23.161876,37.323147],[23.123383,37.324774],[23.114106,37.336168],[23.134613,37.329332],[23.122406,37.345689],[23.07309,37.355211],[23.072602,37.401109],[23.094981,37.389553],[23.114106,37.425605],[23.141449,37.411933],[23.132009,37.448635],[23.097179,37.462226],[23.045909,37.459703],[23.059418,37.466539],[23.045909,37.487006],[23.004893,37.459703],[22.980724,37.508775],[22.92156,37.540351],[22.901866,37.541653],[22.922374,37.528022],[22.88502,37.533149],[22.854015,37.51496],[22.819347,37.535468],[22.826182,37.549058],[22.802013,37.560858],[22.778331,37.596869],[22.72641,37.566352],[22.730479,37.494452],[22.764822,37.431789],[22.757986,37.398261],[22.819347,37.343695],[22.819347,37.316352],[22.906586,37.193915],[22.89503,37.133857],[22.903168,37.121283],[22.956391,37.123969],[22.956391,37.095933],[22.9817,37.082709],[22.963878,37.082953],[22.999848,37.033271],[23.011729,36.986762],[22.990733,36.986762],[23.004893,36.966864],[23.011729,36.97309],[23.011729,36.93891],[23.045909,36.869086],[23.093272,36.818264],[23.080577,36.788764],[23.114106,36.781317],[23.088634,36.732896],[23.052013,36.747138],[23.030935,36.725572],[23.032237,36.692572],[23.059418,36.692572],[23.034434,36.674872],[23.035655,36.649075],[23.080577,36.579291],[23.15504,36.541083],[23.141449,36.534247],[23.148204,36.517157],[23.134613,36.507554],[23.203624,36.456122],[23.196056,36.432522],[23.161876,36.446194],[23.139334,36.434068],[23.094737,36.443183],[23.066254,36.473456],[23.072113,36.493109],[23.051036,36.522447],[22.972423,36.520209],[22.92921,36.59634],[22.874685,36.63052],[22.888927,36.642483],[22.884288,36.654242],[22.837169,36.68651],[22.814952,36.670559],[22.817149,36.717963],[22.786876,36.793443],[22.685557,36.809475],[22.622569,36.803453],[22.577403,36.783026],[22.579112,36.740383],[22.546153,36.721422],[22.525076,36.685126],[22.549815,36.67829],[22.552501,36.650946],[22.533865,36.670559],[22.516775,36.666164],[22.51002,36.648017],[22.531016,36.632799],[22.526052,36.612372],[22.512706,36.602769],[22.504649,36.624254],[22.48406,36.606635],[22.486583,36.525092],[22.511485,36.46662],[22.493907,36.43476],[22.504649,36.404527],[22.490977,36.390937],[22.4699,36.452338],[22.408376,36.487128],[22.381358,36.480455],[22.354503,36.511908],[22.367442,36.547919],[22.383556,36.544176],[22.388194,36.556057],[22.373709,36.582709],[22.38795,36.602525],[22.367442,36.602525],[22.371349,36.642727],[22.38795,36.64411],[22.368419,36.65648],[22.38795,36.706204],[22.358572,36.702094],[22.305431,36.775092],[22.291677,36.820136],[22.221528,36.897528],[22.200206,36.906399],[22.175059,36.891181],[22.137869,36.917141],[22.153168,37.021186],[22.048106,37.035142],[21.943126,36.993313],[21.921723,36.863227],[21.934906,36.834215],[21.928559,36.822252],[21.970225,36.794989],[21.945079,36.789944],[21.935883,36.766018],[21.882579,36.726549],[21.822765,36.80858],[21.764171,36.794989],[21.722504,36.822252],[21.707367,36.81802],[21.688487,36.849555],[21.688487,36.891181],[21.709972,36.942694],[21.688162,36.964545],[21.667979,36.959418],[21.681651,36.97309],[21.661794,36.959418],[21.654796,36.994696],[21.578624,37.076728],[21.569672,37.116197],[21.574392,37.192369],[21.592133,37.22016],[21.682302,37.283922],[21.695811,37.316352],[21.674815,37.395982],[21.607107,37.499498],[21.549978,37.561469],[21.443044,37.618598],[21.402192,37.655422],[21.343272,37.669338],[21.323741,37.664944],[21.312266,37.637885],[21.298676,37.672593],[21.31186,37.726304],[21.284923,37.785102],[21.122081,37.837388],[21.106212,37.878079],[21.133556,37.946357],[21.164399,37.929633],[21.207774,37.946031],[21.277517,38.000963],[21.291515,37.997219],[21.325938,38.02143],[21.318533,38.035102],[21.284353,38.015286],[21.367035,38.12108],[21.374278,38.220649],[21.408539,38.18594],[21.40089,38.214789],[21.473969,38.196031],[21.523936,38.166002],[21.622325,38.154771],[21.701345,38.205268],[21.764171,38.295803],[21.849457,38.341295],[21.955903,38.336737],[22.020356,38.313218],[22.048839,38.274807],[22.089366,38.261664],[22.113617,38.267808],[22.143321,38.249091],[22.161388,38.213202],[22.218516,38.188178],[22.312836,38.172268],[22.331228,38.1789],[22.414806,38.137885],[22.511485,38.129299],[22.680431,38.066596],[22.778331,38.000963],[22.796397,37.976793],[22.867198,37.939521],[22.9463,37.946234],[22.975352,37.97899],[22.950938,38.002427],[22.88087,38.028876],[22.887462,38.033637],[22.854015,38.035102],[22.875499,38.049302],[22.942882,38.083482],[23.068614,38.058905],[23.172862,38.079495],[23.216645,38.103339],[23.175548,38.131293],[23.175548,38.144965],[23.223399,38.159247],[23.128429,38.172268],[23.148936,38.18594],[23.122732,38.208075],[23.066661,38.183173],[23.032237,38.18594],[23.052013,38.192776],[23.025076,38.21662],[22.951915,38.225287],[22.922374,38.207017],[22.950531,38.209784],[22.969493,38.192776],[22.908702,38.192776],[22.89503,38.241156],[22.88087,38.226955],[22.874685,38.241156],[22.805675,38.226955],[22.764822,38.247992],[22.798839,38.282131],[22.696462,38.316881],[22.675304,38.343573],[22.684418,38.36107],[22.646495,38.38996],[22.626801,38.371527],[22.646169,38.361802],[22.612315,38.363837],[22.587169,38.336737],[22.606456,38.323065],[22.600271,38.302639],[22.562511,38.293524],[22.526215,38.331732],[22.538829,38.336737],[22.525157,38.358832],[22.468435,38.421129],[22.401622,38.453437],[22.408376,38.415595],[22.373709,38.392035],[22.398611,38.375922],[22.382335,38.342678],[22.224864,38.360053],[22.18922,38.323065],[22.132579,38.372748],[21.957856,38.411689],[21.879242,38.377997],[21.831228,38.396674],[21.782237,38.363674],[21.762543,38.328355],[21.716319,38.357856],[21.59962,38.35102],[21.517751,38.295803],[21.428396,38.330512],[21.445323,38.334052],[21.489757,38.309475],[21.489757,38.336737],[21.476085,38.343573],[21.489757,38.357856],[21.469981,38.357856],[21.476085,38.371527],[21.42213,38.364081],[21.428477,38.383734],[21.41627,38.39411],[21.377452,38.398871],[21.360118,38.467719],[21.32252,38.496283],[21.308604,38.494371],[21.353282,38.432929],[21.339041,38.432929],[21.336599,38.395697],[21.291189,38.377672],[21.291189,38.364081],[21.269542,38.367865],[21.272227,38.354438],[21.239268,38.331122],[21.189626,38.341376],[21.181326,38.330512],[21.199962,38.323065],[21.17449,38.302639],[21.15561,38.3039],[21.140391,38.336737],[21.085216,38.343573],[21.105724,38.352973],[21.106212,38.371527],[21.09254,38.364081],[21.106212,38.385159],[21.113536,38.373928],[21.140391,38.398871],[21.086762,38.410468],[21.085216,38.440375],[21.106781,38.425442],[21.119884,38.440375],[21.106212,38.432929],[21.106212,38.481391],[21.078949,38.487535],[21.099376,38.494371],[21.085216,38.501858],[21.095958,38.531928],[21.030528,38.51142],[21.016856,38.545885],[21.024669,38.608466],[20.988129,38.664008],[20.914399,38.686225],[20.883149,38.779364],[20.859874,38.803534],[20.811371,38.762519],[20.804047,38.773383],[20.773285,38.760932],[20.72934,38.80976],[20.74936,38.857245],[20.805186,38.867743],[20.756033,38.906887],[20.769786,38.95897],[20.781586,38.935004],[20.817068,38.921373],[20.859874,38.960517],[20.871104,38.947252],[20.86671,38.926418],[20.903819,38.928046],[20.920665,38.954332],[21.027354,38.932603],[21.025564,38.898017],[21.085216,38.864325],[21.102306,38.910834],[21.177419,38.876044],[21.16684,38.910875],[21.140147,38.941311],[21.14503,38.971381],[21.160818,38.974189],[21.159923,38.997748],[21.085216,39.062934],[21.078949,39.036282],[21.055186,39.037502],[21.037364,39.021959],[21.05836,39.008979],[20.953787,39.034166],[20.934825,39.056708],[20.948497,39.06977],[20.920177,39.064521],[20.901378,39.077216],[20.86671,39.053046],[20.886485,39.036444],[20.8449,39.036933],[20.859874,39.042467],[20.857758,39.058905],[20.846202,39.077216],[20.825694,39.06977],[20.838064,39.091742],[20.822439,39.114488],[20.777192,39.090888],[20.79184,39.080797],[20.784028,39.049262],[20.757498,39.021959],[20.743175,39.029486],[20.745372,39.014716],[20.831798,38.96369],[20.766368,38.977607],[20.735118,38.9501],[20.702159,38.998358],[20.715831,39.015123],[20.686534,39.072455],[20.595876,39.123847],[20.478852,39.225165],[20.482432,39.28266],[20.4192,39.283352],[20.393565,39.296942],[20.365571,39.287665],[20.32488,39.303778],[20.292817,39.333441],[20.290701,39.364651],[20.269705,39.387356],[20.236013,39.399359],[20.242849,39.412421],[20.215587,39.440334],[20.267345,39.446926],[20.215587,39.49494],[20.255056,39.492377],[20.263927,39.508612],[20.222016,39.521308],[20.222423,39.508612],[20.183116,39.533271],[20.133556,39.529731],[20.146658,39.570705],[20.160899,39.564358],[20.174571,39.57685],[20.174571,39.597968],[20.188243,39.604193],[20.181814,39.624457],[20.088878,39.673082],[19.999848,39.693508],[20.01607,39.701402],[20.089347,39.682799],[20.163761,39.6443],[20.199935,39.640062],[20.212027,39.667037],[20.24603,39.662903],[20.249027,39.684814],[20.296466,39.71737],[20.275692,39.760055],[20.280033,39.80398],[20.371604,39.784291],[20.388967,39.79814],[20.392998,39.835451],[20.317964,39.918391],[20.297913,39.986914],[20.376461,39.993736],[20.400439,40.045257],[20.432789,40.063809],[20.577793,40.067271],[20.647556,40.09404],[20.668226,40.138068],[20.660372,40.178892],[20.68528,40.191191],[20.696442,40.215066],[20.699129,40.278369],[20.736646,40.303639],[20.770442,40.36255],[20.770649,40.421978],[20.8092,40.436603],[20.839999,40.471639],[20.911932,40.459547],[20.93684,40.472518],[20.957924,40.514944],[21.018799,40.558972],[21.035336,40.65938],[20.943662,40.765265],[20.967019,40.802007],[20.965262,40.849394],[21.112127,40.853942]]],[[[24.122325,34.846503],[24.135265,34.815009],[24.086111,34.826321],[24.046397,34.855292],[24.09311,34.869534],[24.128429,34.862738],[24.122325,34.846503]]],[[[26.924571,35.41767],[27.013357,35.431342],[26.999685,35.424506],[27.007091,35.397773],[26.958751,35.390326],[26.87672,35.349351],[26.848399,35.372382],[26.900238,35.424506],[26.924571,35.41767]]],[[[26.312348,35.296942],[26.265961,35.259996],[26.29949,35.185533],[26.321137,35.197943],[26.285004,35.150702],[26.293956,35.136461],[26.277517,35.100043],[26.235362,35.034084],[26.147227,35.002265],[26.105235,34.999335],[26.081716,35.019761],[26.020274,35.020941],[25.984874,35.03913],[25.808116,35.005764],[25.601248,35.013577],[25.506196,34.984565],[25.347667,34.991523],[25.223155,34.954169],[25.15089,34.955715],[25.107758,34.937893],[24.738536,34.931627],[24.755219,34.957913],[24.758962,35.04149],[24.742849,35.077216],[24.71811,35.09398],[24.564626,35.106147],[24.500743,35.152411],[24.464122,35.150133],[24.403819,35.175035],[24.40211,35.191107],[24.293224,35.182278],[24.217784,35.191107],[24.203949,35.20539],[24.084646,35.204535],[24.049815,35.191107],[23.987641,35.233303],[23.901866,35.231187],[23.826671,35.25259],[23.782074,35.234687],[23.711681,35.236721],[23.68336,35.225816],[23.669119,35.237291],[23.610525,35.234931],[23.587169,35.239488],[23.580333,35.259996],[23.552989,35.266832],[23.51824,35.294135],[23.51824,35.307766],[23.552989,35.321479],[23.538585,35.374091],[23.573497,35.43476],[23.559825,35.451809],[23.577647,35.492906],[23.566091,35.527493],[23.580333,35.575914],[23.604747,35.612616],[23.619884,35.524075],[23.659434,35.501207],[23.718435,35.512844],[23.730479,35.554185],[23.711192,35.648871],[23.741547,35.686957],[23.778982,35.671536],[23.767833,35.653876],[23.778982,35.575914],[23.817149,35.534817],[24.025401,35.520697],[24.044688,35.527655],[24.057628,35.552924],[24.094086,35.554185],[24.081798,35.589911],[24.115245,35.601304],[24.182953,35.585598],[24.203298,35.541815],[24.182953,35.513251],[24.081228,35.51496],[24.066905,35.507025],[24.071951,35.498358],[24.186697,35.451809],[24.252452,35.479071],[24.265473,35.369859],[24.340099,35.348334],[24.428071,35.369696],[24.464122,35.362454],[24.720958,35.427232],[24.840831,35.403998],[24.895518,35.424506],[24.95753,35.403998],[24.971202,35.424506],[25.053233,35.403998],[25.055349,35.355211],[25.076996,35.344468],[25.197113,35.349351],[25.221365,35.335679],[25.375987,35.343166],[25.425304,35.299547],[25.453624,35.294135],[25.659923,35.349351],[25.766368,35.335679],[25.724783,35.294135],[25.729259,35.264553],[25.739024,35.259996],[25.737804,35.277411],[25.750987,35.284125],[25.758962,35.259996],[25.732188,35.246324],[25.724783,35.191107],[25.712738,35.182847],[25.728526,35.133368],[25.795258,35.115139],[25.830333,35.122382],[25.847667,35.15058],[25.883067,35.164455],[25.896658,35.184882],[25.978526,35.195461],[26.060557,35.233303],[26.11964,35.215318],[26.108246,35.20539],[26.129731,35.195868],[26.155121,35.197943],[26.197765,35.219062],[26.190929,35.225816],[26.259532,35.284491],[26.293956,35.287909],[26.293956,35.315253],[26.321137,35.315253],[26.312348,35.296942]]],[[[27.233165,35.504096],[27.232432,35.472235],[27.180919,35.46894],[27.161632,35.4501],[27.156749,35.424506],[27.171072,35.431342],[27.165863,35.423326],[27.136241,35.403998],[27.143077,35.420396],[27.108897,35.431342],[27.093028,35.45185],[27.108897,35.466051],[27.102061,35.479071],[27.118826,35.482652],[27.11378,35.550971],[27.067882,35.588935],[27.085704,35.626288],[27.115408,35.642239],[27.12794,35.693345],[27.154145,35.717963],[27.156749,35.801215],[27.184581,35.801215],[27.220958,35.82925],[27.232432,35.822333],[27.211925,35.77733],[27.218761,35.726142],[27.160981,35.651313],[27.156505,35.618801],[27.220876,35.551011],[27.203787,35.527167],[27.233165,35.504096]]],[[[23.271739,35.904242],[23.33074,35.864936],[23.333263,35.829169],[23.295665,35.859565],[23.271739,35.904242]]],[[[23.076915,36.270738],[23.103852,36.237209],[23.058442,36.216457],[23.052013,36.144843],[23.014415,36.148342],[22.990733,36.13703],[22.987559,36.151557],[22.92921,36.177965],[22.908702,36.205959],[22.916189,36.285102],[22.901622,36.338324],[22.944591,36.38939],[23.011729,36.308295],[23.076915,36.270738]]],[[[25.730235,36.380113],[25.767833,36.401597],[25.855154,36.363593],[25.846853,36.350287],[25.817638,36.363593],[25.74643,36.357978],[25.730235,36.380113]]],[[[28.225841,36.417955],[28.236339,36.373033],[28.211192,36.357652],[28.205089,36.322659],[28.175466,36.290432],[28.163422,36.237698],[28.130544,36.185452],[28.103282,36.185452],[28.085785,36.164984],[28.061697,36.116523],[28.096446,36.103502],[28.075938,36.075588],[28.08961,36.055121],[28.037608,36.068427],[27.993419,36.061957],[27.932302,36.025336],[27.827403,35.913764],[27.780447,35.890041],[27.732677,35.915107],[27.71225,35.952704],[27.75408,36.037177],[27.757091,36.084377],[27.708832,36.127102],[27.71225,36.144477],[27.684255,36.158149],[27.771983,36.197821],[27.803233,36.270209],[27.837413,36.280992],[27.899669,36.340155],[28.118419,36.42768],[28.18393,36.424465],[28.213878,36.455471],[28.239757,36.438666],[28.225841,36.417955]]],[[[25.417979,36.470404],[25.479177,36.424384],[25.491384,36.397691],[25.479991,36.357856],[25.446625,36.33633],[25.361664,36.356757],[25.409434,36.363593],[25.436778,36.390937],[25.41627,36.432522],[25.421886,36.451117],[25.3685,36.46662],[25.382091,36.479641],[25.417979,36.470404]]],[[[27.387462,36.420844],[27.420665,36.408637],[27.438487,36.418158],[27.444672,36.404527],[27.428233,36.385199],[27.399262,36.37873],[27.364757,36.393378],[27.362804,36.424994],[27.34962,36.43122],[27.314952,36.411363],[27.294444,36.435533],[27.300629,36.473456],[27.310232,36.457709],[27.355805,36.479641],[27.3685,36.472398],[27.381684,36.444159],[27.396821,36.438666],[27.387462,36.420844]]],[[[26.393321,36.636542],[26.465994,36.582709],[26.454926,36.57685],[26.444672,36.589504],[26.373302,36.572414],[26.341645,36.509345],[26.300955,36.513251],[26.265961,36.547919],[26.266449,36.595933],[26.29477,36.596584],[26.341645,36.569037],[26.365977,36.589504],[26.403819,36.589504],[26.384939,36.604804],[26.389415,36.616197],[26.362153,36.63052],[26.393321,36.636542]]],[[[27.869884,36.624254],[27.87672,36.561591],[27.863048,36.555365],[27.87672,36.541083],[27.843028,36.527899],[27.828298,36.534247],[27.849376,36.547919],[27.792491,36.566962],[27.807872,36.575873],[27.76002,36.575873],[27.787852,36.616848],[27.861013,36.646715],[27.863048,36.637885],[27.822276,36.623765],[27.815278,36.610012],[27.835704,36.602525],[27.869884,36.624254]]],[[[24.947927,36.624335],[24.963715,36.59634],[24.922862,36.602281],[24.849783,36.646918],[24.840831,36.665229],[24.868175,36.665229],[24.947927,36.624335]]],[[[25.185802,36.719143],[25.129568,36.660346],[25.09311,36.636623],[25.067393,36.637885],[25.104666,36.699368],[25.146251,36.719875],[25.185802,36.719143]]],[[[21.78004,36.747504],[21.781586,36.736396],[21.777843,36.699368],[21.764171,36.719875],[21.750499,36.712388],[21.759532,36.751899],[21.78004,36.747504]]],[[[24.474376,36.747138],[24.533376,36.768012],[24.546072,36.753974],[24.537608,36.681383],[24.48463,36.665229],[24.364594,36.663031],[24.326996,36.650946],[24.326996,36.699368],[24.340668,36.712388],[24.326996,36.719875],[24.354259,36.753974],[24.395356,36.735907],[24.407237,36.707261],[24.460704,36.699368],[24.471446,36.70425],[24.459158,36.726711],[24.427094,36.733832],[24.408865,36.76081],[24.420258,36.771064],[24.474376,36.747138]]],[[[24.656261,36.782904],[24.667735,36.763983],[24.644786,36.74726],[24.608165,36.781317],[24.621837,36.794989],[24.656261,36.782904]]],[[[25.275238,36.72191],[25.251801,36.726711],[25.262706,36.767646],[25.306977,36.794989],[25.347992,36.747138],[25.399425,36.727973],[25.409434,36.712388],[25.390147,36.703681],[25.395193,36.6789],[25.37322,36.653713],[25.337901,36.66828],[25.275238,36.72191]]],[[[21.695811,36.740383],[21.709483,36.801744],[21.72934,36.794989],[21.695811,36.740383]]],[[[24.608165,36.829088],[24.572765,36.781928],[24.539806,36.784491],[24.521169,36.817369],[24.561778,36.845649],[24.600759,36.84276],[24.608165,36.829088]]],[[[25.423106,36.832506],[25.446951,36.857408],[25.478363,36.870673],[25.477794,36.83515],[25.434418,36.822659],[25.423106,36.832506]]],[[[27.291515,36.891832],[27.340994,36.881903],[27.355805,36.863227],[27.214203,36.823879],[27.129893,36.76081],[27.047537,36.775092],[26.992035,36.753607],[26.975759,36.74079],[26.986013,36.719875],[26.965668,36.705552],[26.972911,36.6789],[26.937266,36.692776],[26.917735,36.716132],[26.92628,36.765611],[26.937673,36.76081],[26.958751,36.781317],[26.986013,36.767646],[27.061209,36.839342],[27.164236,36.891181],[27.280935,36.907904],[27.291515,36.891832]]],[[[25.608653,36.883734],[25.649669,36.911607],[25.684418,36.891181],[25.654633,36.878892],[25.608653,36.883734]]],[[[25.998383,36.93891],[26.074718,36.893297],[26.00587,36.891181],[25.921397,36.841051],[25.879649,36.794989],[25.755544,36.769965],[25.739024,36.794989],[25.84547,36.80858],[25.863129,36.835924],[25.851573,36.831122],[25.84547,36.849555],[25.971853,36.898017],[25.950694,36.918443],[25.998383,36.93891]]],[[[25.066661,36.955146],[25.02589,37.00788],[25.053233,37.034369],[25.087901,37.041978],[25.059906,36.97309],[25.081065,36.952623],[25.066661,36.955146]]],[[[24.704356,37.035142],[24.751638,36.985785],[24.765798,36.949205],[24.710623,36.904202],[24.6692,36.978461],[24.676524,37.000434],[24.642263,37.027737],[24.642263,37.048814],[24.689301,37.029202],[24.704356,37.035142]]],[[[26.911632,36.945787],[26.953868,37.027899],[26.943614,37.040717],[26.917166,37.041653],[26.88559,37.075588],[26.889822,37.089789],[26.986013,37.048814],[26.972911,37.041978],[27.00587,37.016181],[27.007091,37.000434],[27.032481,37.012356],[27.044281,36.996243],[27.040375,36.945054],[26.993419,36.952623],[26.983409,36.929511],[26.945079,36.92593],[26.911632,36.945787]]],[[[25.805431,37.099189],[25.780528,37.123969],[25.834646,37.1376],[25.836762,37.102362],[25.805431,37.099189]]],[[[25.279796,37.054999],[25.244802,37.014594],[25.188487,36.985297],[25.152843,36.986762],[25.103363,37.012885],[25.112966,37.06273],[25.156261,37.089789],[25.135753,37.093817],[25.150076,37.110541],[25.23878,37.151842],[25.223969,37.134345],[25.259288,37.123969],[25.27296,37.1376],[25.266124,37.151842],[25.293305,37.151842],[25.26295,37.08983],[25.262869,37.075588],[25.279796,37.069281],[25.266124,37.062486],[25.279796,37.054999]]],[[[25.533702,37.20067],[25.574555,37.178534],[25.592459,37.142524],[25.580821,37.017768],[25.552501,36.96894],[25.44988,36.918443],[25.423106,36.966864],[25.388927,36.986762],[25.382091,37.035142],[25.341807,37.082953],[25.371837,37.089057],[25.47462,37.161811],[25.495128,37.189114],[25.533702,37.20067]]],[[[24.436209,37.18537],[24.485606,37.206122],[24.520518,37.203925],[24.532074,37.185614],[24.5324,37.130113],[24.518809,37.144436],[24.51531,37.12287],[24.498302,37.110297],[24.498302,37.123969],[24.464122,37.123969],[24.459483,37.137193],[24.422537,37.123969],[24.423025,37.154731],[24.443696,37.178534],[24.436209,37.18537]]],[[[23.134288,37.284573],[23.158458,37.271389],[23.162364,37.244208],[23.131033,37.24372],[23.094412,37.274726],[23.134288,37.284573]]],[[[23.571137,37.358344],[23.505138,37.34984],[23.5088,37.329901],[23.496837,37.320014],[23.374278,37.30268],[23.463634,37.357327],[23.587169,37.370917],[23.571137,37.358344]]],[[[24.374848,37.438463],[24.443696,37.487006],[24.430512,37.446031],[24.482677,37.412421],[24.477794,37.390815],[24.45281,37.38345],[24.443696,37.34984],[24.367931,37.309516],[24.38559,37.361151],[24.40211,37.370917],[24.388438,37.384589],[24.394786,37.41177],[24.367931,37.411933],[24.374848,37.438463]]],[[[25.402599,37.418158],[25.306977,37.411933],[25.326427,37.462877],[25.306977,37.472724],[25.312673,37.488227],[25.347992,37.508124],[25.377289,37.467434],[25.395356,37.493964],[25.462901,37.470038],[25.457286,37.446031],[25.407725,37.436835],[25.402599,37.418158]]],[[[24.946056,37.43301],[24.964041,37.40176],[24.881847,37.363511],[24.888682,37.398261],[24.861339,37.398261],[24.881847,37.425605],[24.868175,37.431789],[24.898123,37.448676],[24.895356,37.510443],[24.929698,37.508124],[24.94809,37.485582],[24.95753,37.459703],[24.946056,37.43301]]],[[[23.481781,37.556464],[23.525645,37.521796],[23.481212,37.509589],[23.43629,37.521796],[23.475434,37.540839],[23.481781,37.556464]]],[[[25.125499,37.555894],[25.047048,37.617377],[24.997895,37.637885],[24.984874,37.67886],[25.053233,37.67886],[25.067393,37.672593],[25.059906,37.658352],[25.087901,37.64468],[25.122732,37.651679],[25.149425,37.631049],[25.164806,37.645819],[25.245616,37.624213],[25.23878,37.617377],[25.259288,37.590033],[25.215994,37.532904],[25.125499,37.555894]]],[[[24.402517,37.655748],[24.395763,37.624661],[24.312999,37.538235],[24.293468,37.525702],[24.275401,37.531684],[24.278087,37.62287],[24.305675,37.660834],[24.320649,37.658352],[24.333832,37.672593],[24.320649,37.67886],[24.374766,37.686265],[24.402517,37.655748]]],[[[26.344574,37.659491],[26.230642,37.571357],[26.12794,37.555813],[26.057872,37.519232],[25.976329,37.516018],[25.979747,37.548651],[26.074229,37.637885],[26.197439,37.63227],[26.254242,37.652004],[26.280772,37.675442],[26.362153,37.686265],[26.344574,37.659491]]],[[[23.563162,37.768256],[23.532074,37.725328],[23.525645,37.69245],[23.484141,37.67886],[23.457367,37.69245],[23.468272,37.714504],[23.434418,37.733588],[23.42449,37.761786],[23.563162,37.768256]]],[[[27.058767,37.733791],[27.061209,37.706732],[27.000824,37.70661],[26.910004,37.678046],[26.86085,37.643378],[26.787446,37.647203],[26.760916,37.689683],[26.708263,37.713568],[26.598399,37.677191],[26.580251,37.74079],[26.594981,37.761379],[26.643891,37.772406],[26.658051,37.792792],[26.806407,37.814521],[26.842052,37.809149],[26.966075,37.747748],[26.9699,37.758775],[26.945079,37.788723],[26.973643,37.784491],[26.993419,37.796129],[26.993988,37.784003],[27.067882,37.7744],[27.033865,37.761379],[27.047537,37.72724],[27.058767,37.733791]]],[[[20.917979,37.765286],[20.986827,37.729885],[20.996349,37.699286],[20.954356,37.723863],[20.893891,37.733466],[20.843516,37.701565],[20.846853,37.653306],[20.815115,37.651516],[20.619477,37.822821],[20.627696,37.857611],[20.619477,37.864407],[20.68572,37.929592],[20.708995,37.925238],[20.741954,37.862291],[20.777192,37.843329],[20.808849,37.849555],[20.850108,37.836412],[20.885997,37.813951],[20.917979,37.765286]]],[[[24.994395,37.754096],[24.95753,37.706732],[24.95753,37.686265],[24.916026,37.719794],[24.8921,37.768215],[24.865245,37.77383],[24.81658,37.823879],[24.799978,37.815985],[24.775727,37.86225],[24.738536,37.89175],[24.716156,37.879096],[24.718028,37.898586],[24.683849,37.932685],[24.695649,37.935533],[24.693614,37.965766],[24.779063,38.00023],[24.793712,37.994086],[24.794688,37.977118],[24.830089,37.96308],[24.848399,37.914862],[24.953868,37.905992],[24.963715,37.896796],[24.94337,37.843329],[24.984874,37.815985],[24.95753,37.7744],[24.99171,37.768215],[24.994395,37.754096]]],[[[23.40211,37.905992],[23.439464,37.939602],[23.468516,37.932034],[23.497732,37.966864],[23.46046,37.952541],[23.422048,37.960028],[23.457367,37.973619],[23.429454,37.987942],[23.47047,37.980455],[23.478201,37.998847],[23.51824,37.999091],[23.536876,37.988023],[23.546153,37.952541],[23.573497,37.952541],[23.539317,37.939521],[23.543468,37.92886],[23.51824,37.898586],[23.501313,37.906073],[23.467052,37.884223],[23.40211,37.905992]]],[[[20.718435,38.066311],[20.681651,38.097805],[20.614594,38.119818],[20.58074,38.115465],[20.564952,38.090318],[20.509776,38.110785],[20.468761,38.192776],[20.509776,38.179674],[20.445323,38.27619],[20.435069,38.278795],[20.427908,38.261664],[20.436046,38.21247],[20.425304,38.175279],[20.380056,38.151801],[20.374034,38.169013],[20.345388,38.182115],[20.339041,38.200181],[20.356944,38.228583],[20.351573,38.245917],[20.3921,38.300116],[20.399913,38.364081],[20.406749,38.343573],[20.427257,38.363349],[20.479015,38.309475],[20.529796,38.33747],[20.539561,38.374213],[20.530935,38.392035],[20.55128,38.385159],[20.537771,38.473944],[20.571788,38.473944],[20.625824,38.351752],[20.62615,38.328437],[20.599132,38.302639],[20.630544,38.257961],[20.642914,38.253404],[20.681651,38.282131],[20.674815,38.267808],[20.693533,38.264635],[20.708995,38.226955],[20.751313,38.196763],[20.805024,38.11579],[20.794688,38.066107],[20.718435,38.066311]]],[[[20.728038,38.389228],[20.757498,38.371527],[20.737559,38.371527],[20.763682,38.323065],[20.719412,38.315619],[20.687836,38.336737],[20.695323,38.343573],[20.647634,38.405666],[20.640147,38.446601],[20.614513,38.467108],[20.619477,38.481391],[20.635509,38.472968],[20.65447,38.501858],[20.671886,38.497545],[20.661143,38.460883],[20.708995,38.446601],[20.674815,38.377672],[20.715831,38.371527],[20.702159,38.385159],[20.728038,38.389228]]],[[[20.941091,38.604234],[20.907563,38.549018],[20.893891,38.549018],[20.93214,38.603013],[20.941091,38.604234]]],[[[26.163585,38.542792],[26.144379,38.492906],[26.121918,38.487535],[26.142426,38.473944],[26.136404,38.467719],[26.154063,38.467271],[26.139334,38.418891],[26.163585,38.302639],[26.113536,38.284247],[26.102224,38.261705],[26.112071,38.222602],[26.04005,38.200181],[26.009776,38.156724],[25.96461,38.171861],[25.910411,38.226955],[25.889822,38.220649],[25.889822,38.247992],[25.866059,38.245673],[25.876231,38.275295],[25.934255,38.302639],[25.964366,38.302639],[25.975597,38.337226],[25.992198,38.343573],[25.989024,38.379299],[25.985362,38.392035],[25.978038,38.385159],[25.950694,38.405666],[25.955577,38.428209],[25.943858,38.453437],[25.889822,38.473944],[25.843272,38.515326],[25.832774,38.544094],[25.848888,38.58039],[26.01588,38.602037],[26.063975,38.590033],[26.108246,38.542792],[26.121918,38.556464],[26.115733,38.5633],[26.143565,38.564399],[26.163585,38.542792]]],[[[25.595225,38.603949],[25.622325,38.583808],[25.604991,38.535346],[25.560802,38.535346],[25.560802,38.5633],[25.526134,38.604234],[25.595225,38.603949]]],[[[20.602306,38.626776],[20.544607,38.569525],[20.562348,38.69123],[20.60255,38.781724],[20.645274,38.828192],[20.68629,38.850084],[20.717784,38.822699],[20.72934,38.781724],[20.728852,38.730618],[20.696951,38.689846],[20.706065,38.680406],[20.722504,38.707261],[20.715994,38.627021],[20.695323,38.638414],[20.702159,38.617906],[20.687836,38.624742],[20.681651,38.604234],[20.648936,38.608588],[20.647634,38.583808],[20.63087,38.588324],[20.633311,38.604234],[20.613617,38.607001],[20.602306,38.626776]]],[[[24.678559,38.806789],[24.682872,38.784247],[24.657481,38.769232],[24.61378,38.773098],[24.600759,38.79267],[24.569998,38.778144],[24.566661,38.762519],[24.5324,38.796088],[24.573985,38.80976],[24.556977,38.845689],[24.546072,38.836982],[24.528331,38.851549],[24.505138,38.844468],[24.477794,38.877997],[24.436209,38.877997],[24.438813,38.897121],[24.462169,38.910956],[24.461111,38.967678],[24.491466,38.981024],[24.56072,38.944159],[24.573985,38.932603],[24.578624,38.875556],[24.642589,38.841702],[24.678559,38.806789]]],[[[24.578949,38.10932],[24.594493,38.062405],[24.575531,38.004462],[24.552094,37.978176],[24.476899,37.96247],[24.429698,38.021186],[24.386404,37.996527],[24.40211,37.980455],[24.371755,37.97191],[24.313813,38.029242],[24.326996,38.042548],[24.286306,38.086249],[24.248709,38.096869],[24.203949,38.090318],[24.210785,38.124457],[24.182953,38.134996],[24.210785,38.166002],[24.185313,38.217963],[24.156993,38.22956],[24.142589,38.226955],[24.148774,38.213202],[24.126231,38.217475],[24.163097,38.267808],[24.153494,38.281317],[24.125743,38.25609],[24.109386,38.256293],[24.114757,38.275295],[24.100922,38.275295],[24.121593,38.309475],[24.025401,38.330512],[24.066905,38.35102],[24.042247,38.401516],[23.912364,38.392035],[23.843761,38.405666],[23.649181,38.405666],[23.614431,38.460883],[23.594005,38.453437],[23.635753,38.500922],[23.635509,38.528551],[23.614106,38.557929],[23.505138,38.597398],[23.497732,38.631008],[23.453136,38.658026],[23.445974,38.676744],[23.381602,38.707261],[23.323009,38.762519],[23.202322,38.829901],[23.143565,38.850653],[23.069102,38.846584],[23.036388,38.874457],[22.969412,38.889106],[22.956391,38.877997],[22.991954,38.864691],[22.981781,38.845038],[22.833018,38.82274],[22.837413,38.854478],[23.035655,38.926418],[23.045909,38.946845],[23.086762,38.954332],[23.094412,38.98786],[23.127452,39.005805],[23.199718,39.008979],[23.27296,39.038764],[23.309255,39.038235],[23.371593,39.010321],[23.384613,38.967515],[23.425629,38.954332],[23.450694,38.874579],[23.480479,38.83808],[23.594005,38.789252],[23.594005,38.770209],[23.607595,38.77558],[23.662283,38.755072],[23.722667,38.761949],[23.753591,38.719184],[23.857595,38.682522],[23.947765,38.66942],[23.984223,38.686225],[24.07309,38.679389],[24.15561,38.652655],[24.126231,38.635199],[24.126475,38.598578],[24.231456,38.522366],[24.206554,38.506822],[24.188162,38.474107],[24.184337,38.439643],[24.203949,38.412502],[24.185069,38.40762],[24.210785,38.377672],[24.214854,38.336412],[24.252452,38.292385],[24.252452,38.227973],[24.326996,38.18594],[24.344412,38.159247],[24.392589,38.164008],[24.477794,38.138739],[24.587657,38.159247],[24.578949,38.10932]]],[[[23.425304,39.148668],[23.395274,39.146145],[23.398692,39.163642],[23.47047,39.213813],[23.512869,39.178534],[23.505138,39.159125],[23.489024,39.168769],[23.475108,39.157782],[23.46046,39.131822],[23.425304,39.148668]]],[[[23.669688,39.111396],[23.627778,39.147284],[23.587169,39.207587],[23.601329,39.213813],[23.665538,39.169664],[23.730479,39.146145],[23.726736,39.131496],[23.792654,39.11815],[23.741222,39.080268],[23.716807,39.077216],[23.658051,39.097724],[23.669688,39.111396]]],[[[20.140391,39.241685],[20.190115,39.202623],[20.201915,39.179633],[20.158702,39.189154],[20.125336,39.236029],[20.140391,39.241685]]],[[[23.921641,39.190416],[23.864513,39.143988],[23.833507,39.146145],[23.957042,39.289496],[23.950206,39.275214],[23.972179,39.271918],[23.96697,39.251166],[23.921641,39.190416]]],[[[26.612315,39.040229],[26.597423,39.011949],[26.539399,39.019355],[26.519298,39.036282],[26.526622,39.083441],[26.489268,39.113674],[26.437022,39.103502],[26.54713,39.008979],[26.54713,38.98786],[26.424164,38.967353],[26.339366,38.982856],[26.276378,39.010647],[26.165701,39.022406],[26.087901,39.083441],[26.160167,39.097724],[26.191417,39.12759],[26.225597,39.131822],[26.293468,39.177151],[26.28004,39.196438],[26.187348,39.202053],[26.097423,39.105658],[26.063975,39.090888],[25.888927,39.144721],[25.834646,39.179633],[25.855154,39.221259],[25.842052,39.228013],[25.858653,39.259223],[25.917247,39.296942],[25.936371,39.276557],[26.033214,39.28266],[26.046886,39.303168],[26.060557,39.289496],[26.094005,39.310492],[26.162771,39.323635],[26.172537,39.335395],[26.163585,39.378852],[26.362153,39.378852],[26.354747,39.356513],[26.417491,39.330471],[26.382172,39.277086],[26.466319,39.229234],[26.504731,39.185004],[26.539724,39.165961],[26.530772,39.150621],[26.550548,39.119208],[26.567638,39.11815],[26.566254,39.097968],[26.612315,39.040229]]],[[[25.047374,39.545356],[25.040375,39.520575],[24.984874,39.466986],[24.976573,39.537665],[25.003184,39.563218],[25.047374,39.545356]]],[[[20.081879,39.447333],[20.117686,39.377997],[20.105724,39.364651],[19.999278,39.399359],[19.954845,39.426093],[19.911794,39.430325],[19.927501,39.44717],[19.878917,39.453192],[19.865571,39.468573],[19.828868,39.572333],[19.748546,39.620022],[19.718923,39.673082],[19.681326,39.679999],[19.671723,39.724066],[19.653168,39.714667],[19.650157,39.741767],[19.626475,39.748236],[19.667491,39.793524],[19.799083,39.802802],[19.851817,39.82453],[19.934337,39.782945],[19.948009,39.790351],[19.933767,39.741156],[19.841563,39.704169],[19.839122,39.679877],[19.858653,39.666246],[19.844981,39.652655],[19.927501,39.625312],[19.923513,39.603502],[19.900157,39.604193],[19.936534,39.472968],[20.032725,39.439276],[20.081879,39.447333]]],[[[25.441173,40.026068],[25.44988,39.98843],[25.401622,39.963772],[25.38559,39.944403],[25.388927,39.919501],[25.347992,39.90644],[25.3685,39.898993],[25.340343,39.874213],[25.355479,39.865546],[25.342784,39.854641],[25.369884,39.817125],[25.348969,39.787665],[25.295258,39.807685],[25.290294,39.830756],[25.23878,39.858059],[25.279796,39.889106],[25.250662,39.918524],[25.197113,39.892808],[25.225108,39.885403],[25.194184,39.873603],[25.177257,39.845038],[25.190929,39.851874],[25.202159,39.84101],[25.221039,39.809963],[25.214529,39.803412],[25.14324,39.817084],[25.169932,39.848456],[25.164887,39.859076],[25.135753,39.837592],[25.122081,39.858059],[25.047048,39.837592],[25.067393,39.858059],[25.047048,39.865546],[25.047048,39.878567],[25.059906,39.885403],[25.053233,39.898993],[25.068207,39.920803],[25.033376,39.995266],[25.132335,40.008857],[25.156261,39.995266],[25.225108,40.008857],[25.260997,39.990912],[25.285167,39.953355],[25.347992,39.981594],[25.382091,40.022528],[25.44988,40.0362],[25.441173,40.026068]]],[[[25.695323,40.432685],[25.567149,40.399888],[25.466319,40.455756],[25.443533,40.481879],[25.575857,40.514716],[25.671886,40.487494],[25.69752,40.461005],[25.695323,40.432685]]],[[[24.765473,40.73432],[24.766612,40.711493],[24.786388,40.707831],[24.786388,40.687934],[24.765798,40.669664],[24.780121,40.612209],[24.755707,40.61994],[24.642263,40.570624],[24.586762,40.622016],[24.516775,40.639106],[24.511974,40.666815],[24.533376,40.718207],[24.566661,40.755561],[24.642263,40.803941],[24.7317,40.783515],[24.743826,40.759345],[24.786388,40.735053],[24.765473,40.73432]]],[[[23.884288,36.843573],[23.884288,36.832343],[23.87672,36.843695],[23.884288,36.843573]]],[[[23.456065,36.927802],[23.463878,36.903998],[23.449718,36.929145],[23.456065,36.927802]]],[[[27.616466,36.242621],[27.610118,36.216498],[27.518891,36.216864],[27.526541,36.240058],[27.616466,36.242621]]],[[[27.194672,36.60692],[27.206065,36.587104],[27.198009,36.568305],[27.161388,36.56037],[27.129731,36.569525],[27.137218,36.600084],[27.166759,36.615058],[27.194672,36.60692]]],[[[26.844086,37.162014],[26.886892,37.105699],[26.837576,37.104722],[26.852306,37.124579],[26.817231,37.119859],[26.816905,37.146552],[26.772716,37.182685],[26.808279,37.200263],[26.849783,37.187323],[26.844086,37.162014]]],[[[26.568614,37.374416],[26.60613,37.339545],[26.572439,37.347154],[26.548839,37.326565],[26.565196,37.308417],[26.567719,37.274644],[26.546397,37.277167],[26.528575,37.300727],[26.536388,37.372707],[26.568614,37.374416]]],[[[24.732921,37.632066],[24.741222,37.595689],[24.71811,37.593573],[24.659679,37.606879],[24.732921,37.632066]]],[[[20.951671,38.649237],[20.941661,38.627387],[20.870616,38.582506],[20.870128,38.603502],[20.903819,38.642768],[20.951671,38.649237]]],[[[20.805024,38.665676],[20.759613,38.627387],[20.800059,38.595445],[20.75172,38.626044],[20.73699,38.652167],[20.783051,38.674994],[20.805024,38.665676]]],[[[24.090587,39.349026],[24.081879,39.304755],[24.063162,39.297024],[24.044932,39.341498],[24.067149,39.363023],[24.069835,39.345689],[24.090587,39.349026]]]]}},{"type":"Feature","properties":{"name":"Austria","iso":"AT","pop":8877067},"geometry":{"type":"Polygon","coordinates":[[[16.954345,48.557399],[16.864944,48.458077],[16.84448,48.365602],[16.901945,48.339402],[16.898431,48.316173],[16.916621,48.2908],[16.954345,48.273127],[16.98194,48.161299],[17.047465,48.130991],[17.080228,48.097608],[17.059144,48.060427],[17.075061,48.052081],[17.069686,48.035674],[17.148338,48.005443],[17.085603,47.970148],[17.095731,47.95573],[17.07413,47.932114],[17.087463,47.922632],[17.067619,47.881626],[17.004057,47.863281],[17.05563,47.812354],[17.040644,47.801114],[17.050566,47.730989],[17.075371,47.708484],[16.902668,47.682026],[16.864738,47.686729],[16.850165,47.712929],[16.797455,47.675463],[16.730379,47.685902],[16.689865,47.729568],[16.567805,47.754192],[16.531115,47.742978],[16.512924,47.706004],[16.45453,47.681768],[16.43913,47.690475],[16.407815,47.66133],[16.481919,47.638954],[16.63023,47.622004],[16.656172,47.585934],[16.65059,47.566555],[16.689141,47.53803],[16.677359,47.509866],[16.636845,47.4932],[16.640875,47.452919],[16.481919,47.392302],[16.456597,47.411836],[16.433963,47.39685],[16.436443,47.358506],[16.424351,47.345199],[16.473237,47.276805],[16.421354,47.243138],[16.412776,47.187173],[16.441818,47.177121],[16.433653,47.145754],[16.497318,47.149681],[16.509514,47.137537],[16.454323,47.081701],[16.493701,47.059816],[16.493184,47.049145],[16.424661,47.024082],[16.467553,47.018423],[16.486363,46.998554],[16.415566,46.989433],[16.387764,47.002042],[16.274903,47.004315],[16.261054,46.97809],[16.232942,46.966075],[16.22395,46.941064],[16.170723,46.918533],[16.110055,46.867916],[15.981691,46.827685],[15.971976,46.820632],[15.970529,46.743014],[16.014557,46.693714],[16.016723,46.670691],[15.986962,46.69219],[15.850743,46.724488],[15.728683,46.70299],[15.635975,46.717563],[15.626984,46.680873],[15.545955,46.671881],[15.511228,46.628369],[15.462653,46.614649],[15.388135,46.645578],[15.204891,46.638963],[15.061954,46.649557],[15.004386,46.636844],[14.967179,46.600257],[14.933589,46.621135],[14.85039,46.601136],[14.788585,46.506646],[14.709727,46.492512],[14.679961,46.458871],[14.590148,46.434428],[14.557695,46.38394],[14.540332,46.378643],[14.502194,46.418356],[14.450931,46.414481],[14.395844,46.440991],[14.149865,46.440061],[14.050026,46.484399],[13.98233,46.481918],[13.860683,46.51525],[13.782135,46.507782],[13.670256,46.518712],[13.506751,46.546927],[13.478019,46.563567],[13.231109,46.552173],[13.146463,46.584961],[12.83041,46.609637],[12.739873,46.642994],[12.547327,46.652192],[12.40501,46.690123],[12.370387,46.711155],[12.342688,46.765131],[12.269101,46.788566],[12.275819,46.846289],[12.26662,46.868148],[12.1951,46.880085],[12.172156,46.89918],[12.126887,46.908869],[12.141667,46.927989],[12.111178,46.992998],[12.12172,47.010517],[12.203575,47.053331],[12.204195,47.079686],[12.180631,47.085215],[12.116242,47.076559],[12.014956,47.040489],[11.899511,47.027725],[11.73487,46.970622],[11.683814,46.991913],[11.59648,47.00044],[11.524443,46.988347],[11.471837,47.00708],[11.411169,46.970493],[11.31381,46.987262],[11.174491,46.963853],[11.091912,46.912435],[11.052844,46.814921],[10.99693,46.76911],[10.870426,46.764072],[10.83415,46.780246],[10.722942,46.786448],[10.716947,46.795207],[10.748677,46.819443],[10.738962,46.829546],[10.647081,46.863756],[10.486264,46.846366],[10.453811,46.864427],[10.458462,46.936619],[10.373403,46.996254],[10.313665,46.964318],[10.295681,46.922693],[10.235116,46.923313],[10.201423,46.86683],[10.1113,46.847116],[9.875138,46.927421],[9.862426,46.939772],[9.870591,46.998838],[9.856328,47.004083],[9.857982,47.015478],[9.669053,47.056199],[9.581203,47.05687],[9.608798,47.080771],[9.615723,47.106764],[9.581823,47.154901],[9.552057,47.16689],[9.562909,47.19774],[9.540378,47.229108],[9.547096,47.243035],[9.521155,47.262801],[9.649519,47.409717],[9.650346,47.452092],[9.58451,47.480721],[9.547482,47.534547],[9.676701,47.52263],[9.703986,47.531415],[9.752665,47.582058],[9.782121,47.588414],[9.807959,47.576322],[9.813127,47.54175],[9.918753,47.53219],[9.945935,47.540769],[9.982625,47.481031],[10.022623,47.487955],[10.080604,47.42739],[10.053215,47.40486],[10.082878,47.359074],[10.190881,47.379228],[10.209278,47.372484],[10.190778,47.298251],[10.168661,47.290422],[10.159876,47.271121],[10.239354,47.277735],[10.305913,47.302178],[10.371646,47.367394],[10.428283,47.396049],[10.451951,47.438759],[10.44761,47.472581],[10.419601,47.493045],[10.43097,47.542164],[10.414227,47.573015],[10.429213,47.57702],[10.457118,47.579242],[10.453501,47.546246],[10.482543,47.532862],[10.536907,47.529865],[10.583726,47.562473],[10.739892,47.52847],[10.760769,47.513638],[10.858644,47.530666],[10.892234,47.514879],[10.851616,47.493097],[10.858438,47.485165],[10.909907,47.46899],[10.959827,47.432506],[10.955279,47.409614],[10.979464,47.390545],[11.083747,47.389512],[11.193818,47.428941],[11.215212,47.422998],[11.213041,47.395816],[11.237019,47.393956],[11.305645,47.4354],[11.383884,47.444857],[11.388638,47.46222],[11.365487,47.469326],[11.412616,47.506094],[11.551212,47.51369],[11.589142,47.570379],[11.620458,47.589654],[11.820343,47.575288],[11.851969,47.599163],[11.935891,47.610738],[12.173603,47.60508],[12.206779,47.645568],[12.205125,47.672285],[12.1766,47.705823],[12.242229,47.732023],[12.223315,47.695901],[12.238715,47.6789],[12.42413,47.69156],[12.444697,47.656291],[12.49658,47.628903],[12.538232,47.631331],[12.598383,47.66288],[12.653057,47.675127],[12.761991,47.666859],[12.751655,47.649392],[12.81315,47.611824],[12.785865,47.602677],[12.773669,47.5795],[12.77894,47.554825],[12.931593,47.473512],[13.001873,47.466019],[13.037323,47.493045],[13.028124,47.541647],[13.04125,47.561904],[13.038253,47.584022],[13.072049,47.622417],[13.072049,47.659469],[13.019856,47.712929],[12.964045,47.705358],[12.892009,47.723548],[12.991227,47.847106],[12.931076,47.924879],[12.862036,47.962552],[12.830617,48.015468],[12.750932,48.074741],[12.736979,48.099959],[12.745041,48.12063],[12.822142,48.160679],[12.862553,48.196646],[12.93304,48.209255],[13.032775,48.263567],[13.136438,48.291059],[13.274207,48.307104],[13.405569,48.376583],[13.436161,48.430585],[13.438228,48.478541],[13.459209,48.516394],[13.440089,48.560965],[13.454558,48.573445],[13.520704,48.584581],[13.624367,48.565357],[13.716506,48.521691],[13.733869,48.559776],[13.77428,48.569207],[13.802392,48.611711],[13.800945,48.675221],[13.816862,48.695582],[13.783582,48.71527],[13.815725,48.76643],[13.98233,48.706485],[14.034729,48.661165],[14.006204,48.639513],[14.015196,48.620393],[14.07483,48.591712],[14.216527,48.58117],[14.325358,48.558639],[14.405353,48.586286],[14.458166,48.643182],[14.53382,48.608714],[14.594179,48.621323],[14.605134,48.600316],[14.634693,48.602332],[14.659187,48.576959],[14.675621,48.576235],[14.695671,48.589542],[14.703836,48.673103],[14.775356,48.724004],[14.800367,48.776507],[14.939584,48.762813],[14.951056,48.780331],[14.938137,48.80281],[14.968213,48.885028],[14.964595,48.971741],[14.982062,49.007914],[15.137401,48.993031],[15.148977,48.965333],[15.141949,48.937479],[15.238067,48.95076],[15.27455,48.986727],[15.450354,48.944817],[15.521254,48.908489],[15.681347,48.858466],[15.726823,48.854952],[15.818497,48.872315],[15.833276,48.852006],[15.885986,48.842033],[15.875754,48.833093],[15.899629,48.834746],[15.931771,48.806428],[16.085354,48.742866],[16.177751,48.746535],[16.358309,48.727259],[16.384974,48.737078],[16.453083,48.80219],[16.519539,48.805601],[16.624029,48.78338],[16.643149,48.778264],[16.675085,48.733926],[16.729035,48.733099],[16.798902,48.709224],[16.873006,48.718991],[16.896674,48.696977],[16.910523,48.63078],[16.945043,48.604166],[16.954345,48.557399]]]}},{"type":"Feature","properties":{"name":"Iraq","iso":"IQ","pop":39309783},"geometry":{"type":"Polygon","coordinates":[[[44.752544,37.113136],[44.760658,37.085644],[44.788356,37.070245],[44.801895,37.043528],[44.840601,37.047197],[44.887368,37.015933],[44.869178,36.967357],[44.888815,36.910926],[44.883441,36.886845],[44.834141,36.834032],[44.823393,36.809331],[44.831248,36.791916],[44.922715,36.775896],[44.996199,36.741686],[45.045911,36.668047],[45.013252,36.557925],[44.993408,36.549656],[44.991393,36.53374],[45.03816,36.494001],[45.083739,36.412817],[45.110817,36.402534],[45.221301,36.42093],[45.238871,36.402999],[45.25701,36.311687],[45.282693,36.274893],[45.258508,36.262232],[45.297369,36.22673],[45.304604,36.140379],[45.348322,36.087514],[45.31959,36.031032],[45.320313,35.994031],[45.359587,35.976875],[45.47927,36.012015],[45.53999,35.99398],[45.646857,35.933208],[45.69321,35.879878],[45.718739,35.828305],[45.749021,35.810994],[45.786745,35.820244],[45.834752,35.810528],[45.878315,35.83523],[46.004923,35.837969],[46.060423,35.857244],[46.115045,35.846444],[46.129101,35.815541],[46.163518,35.797506],[46.227441,35.805723],[46.281392,35.828305],[46.302992,35.826548],[46.327074,35.8035],[46.313379,35.771513],[46.23788,35.715547],[46.177729,35.715392],[46.107035,35.689812],[46.037065,35.691569],[46.003786,35.674258],[45.992365,35.640875],[45.999238,35.572145],[45.959344,35.578708],[45.984562,35.531062],[45.963995,35.494165],[46.040993,35.381562],[46.120161,35.318517],[46.127396,35.289062],[46.098767,35.250046],[46.101454,35.234285],[46.169254,35.216249],[46.130393,35.131397],[46.151064,35.111605],[46.132357,35.094758],[46.066573,35.088815],[46.009212,35.06091],[45.913197,35.087317],[45.899089,35.046906],[45.872476,35.041428],[45.857025,35.021274],[45.868962,34.968358],[45.850203,34.906811],[45.835011,34.890171],[45.755119,34.909963],[45.745404,34.840975],[45.666752,34.80692],[45.662825,34.763254],[45.627375,34.720828],[45.666856,34.689977],[45.687629,34.653235],[45.694451,34.598561],[45.708558,34.579079],[45.70153,34.551277],[45.573941,34.567297],[45.500664,34.591688],[45.503455,34.494175],[45.47927,34.467251],[45.426767,34.45751],[45.417052,34.444359],[45.46077,34.340463],[45.47927,34.329146],[45.521541,34.342504],[45.55756,34.311964],[45.561022,34.264602],[45.526657,34.17931],[45.544537,34.139494],[45.454879,34.06986],[45.419946,33.994257],[45.380361,33.97356],[45.423718,33.938782],[45.485781,33.938653],[45.574768,33.803933],[45.616729,33.768689],[45.645151,33.697918],[45.721116,33.640764],[45.734552,33.583119],[45.815787,33.625804],[45.885964,33.63092],[45.882036,33.600198],[45.920897,33.572991],[45.927925,33.550873],[45.852581,33.494365],[45.899399,33.476304],[45.953143,33.496587],[45.974434,33.490799],[46.019392,33.438399],[46.036239,33.367939],[46.155301,33.260219],[46.164189,33.243347],[46.157678,33.205675],[46.173698,33.190223],[46.167187,33.168338],[46.105382,33.118393],[46.030296,33.105681],[46.043267,33.08346],[46.12042,33.061678],[46.119489,33.031008],[46.075719,32.994499],[46.09701,32.95432],[46.273433,32.959488],[46.479312,32.891792],[46.715887,32.756012],[47.090593,32.474556],[47.152553,32.455178],[47.265311,32.484685],[47.343342,32.458692],[47.410832,32.395285],[47.417963,32.376423],[47.395949,32.34198],[47.40246,32.323506],[47.509224,32.213797],[47.491344,32.148633],[47.578057,32.106155],[47.617796,32.04187],[47.668077,32.012414],[47.76528,31.864103],[47.834475,31.805708],[47.831323,31.761835],[47.678929,31.407851],[47.67301191461796,31.0],[42.182536105779924,31.0],[42.075395,31.079861],[40.424126,31.920533],[40.029008,31.994482],[39.146375,32.118144],[39.291999,32.244519],[39.256342,32.342678],[39.235775,32.352858],[39.046329,32.308494],[39.028759,32.328338],[38.97822,32.47497],[39.057181,32.496596],[38.774511,33.371685],[40.690467,34.331497],[40.936033,34.386068],[40.98802,34.42852],[41.204234,34.793123],[41.191521,35.182143],[41.20134,35.243018],[41.243095,35.366525],[41.261078,35.494165],[41.34221,35.593694],[41.363501,35.655241],[41.354509,35.825566],[41.240614,36.043021],[41.236583,36.077024],[41.276994,36.354785],[41.385411,36.516377],[41.817323,36.599731],[42.281584,36.99397],[42.377186,37.062235],[42.357238,37.109984],[42.561257,37.146623],[42.715666,37.355292],[42.77158,37.374903],[42.801139,37.36909],[42.814058,37.346817],[42.937048,37.320152],[43.043501,37.360253],[43.114815,37.371131],[43.270309,37.30868],[43.336145,37.32023],[43.479599,37.243361],[43.529518,37.253903],[43.594217,37.22946],[43.746921,37.230648],[43.809398,37.199694],[43.89363,37.224912],[43.990369,37.312504],[44.088037,37.31116],[44.184465,37.279173],[44.235005,37.236772],[44.248337,37.16967],[44.18922,37.129208],[44.180021,37.087608],[44.234281,36.983661],[44.284821,36.969166],[44.306628,36.977227],[44.343112,37.042443],[44.454423,37.076343],[44.539379,37.143677],[44.610279,37.178352],[44.753836,37.159154],[44.766135,37.14192],[44.752544,37.113136]]]}},{"type":"Feature","properties":{"name":"Italy","iso":"IT","pop":60297396},"geometry":{"type":"MultiPolygon","coordinates":[[[[7.066938,45.890223],[7.153547,45.876529],[7.286666,45.913426],[7.361803,45.907845],[7.503707,45.956731],[7.541121,45.984119],[7.643027,45.966343],[7.706279,45.925725],[7.843738,45.919214],[7.84962,45.939712],[7.870201,45.94037],[7.883782,45.973869],[7.978717,45.995178],[7.998354,46.010629],[8.025329,46.091141],[8.110595,46.126953],[8.132299,46.159354],[8.129509,46.196044],[8.073078,46.253612],[8.087341,46.271802],[8.192554,46.309164],[8.24175,46.354123],[8.281541,46.370116],[8.297457,46.387506],[8.286605,46.40536],[8.316267,46.433653],[8.399156,46.452179],[8.427888,46.44869],[8.445768,46.412362],[8.423237,46.275833],[8.43812,46.23537],[8.51026,46.207878],[8.601831,46.122819],[8.677485,46.095792],[8.723891,46.109538],[8.747145,46.094449],[8.80895,46.089746],[8.834375,46.066388],[8.767919,45.983086],[8.870962,45.947067],[8.912096,45.883402],[8.900004,45.826403],[8.939588,45.834826],[9.002427,45.820718],[9.034363,45.848107],[9.063095,45.898957],[9.051726,45.915545],[9.010798,45.926655],[8.980516,45.964379],[9.015553,45.993111],[9.002117,46.03931],[9.059168,46.061789],[9.072087,46.118892],[9.090587,46.138167],[9.163244,46.172273],[9.181331,46.204054],[9.224842,46.231184],[9.275175,46.331385],[9.260912,46.416651],[9.237968,46.436547],[9.263186,46.485122],[9.282306,46.49737],[9.350829,46.497861],[9.351553,46.485484],[9.384626,46.466416],[9.434648,46.498326],[9.444364,46.375284],[9.482604,46.35681],[9.502551,46.32074],[9.536451,46.298622],[9.674324,46.291801],[9.70843,46.311748],[9.720109,46.350893],[9.768065,46.33862],[9.855398,46.366964],[9.918443,46.37115],[9.964022,46.356086],[9.977561,46.298105],[10.031718,46.260072],[10.042673,46.220487],[10.075746,46.220022],[10.14582,46.243328],[10.158945,46.262449],[10.091766,46.328956],[10.140755,46.402905],[10.026344,46.446262],[10.044017,46.466984],[10.028101,46.483934],[10.032752,46.532975],[10.071199,46.564394],[10.087839,46.604392],[10.192122,46.626819],[10.233773,46.617982],[10.234703,46.575298],[10.295371,46.551087],[10.443993,46.537729],[10.465903,46.578476],[10.459082,46.623564],[10.395623,46.638808],[10.369165,46.672398],[10.394383,46.70082],[10.399654,46.735546],[10.428696,46.755648],[10.417224,46.79885],[10.444923,46.823241],[10.453811,46.864427],[10.486264,46.846366],[10.527708,46.843214],[10.647081,46.863756],[10.738962,46.829546],[10.748677,46.819443],[10.716947,46.795207],[10.722942,46.786448],[10.83415,46.780246],[10.870426,46.764072],[10.99693,46.76911],[11.052844,46.814921],[11.091912,46.912435],[11.174491,46.963853],[11.31381,46.987262],[11.411169,46.970493],[11.471837,47.00708],[11.524443,46.988347],[11.59648,47.00044],[11.683814,46.991913],[11.73487,46.970622],[11.899511,47.027725],[12.014956,47.040489],[12.116242,47.076559],[12.180631,47.085215],[12.204195,47.079686],[12.203575,47.053331],[12.12172,47.010517],[12.111178,46.992998],[12.141667,46.927989],[12.126887,46.908869],[12.172156,46.89918],[12.1951,46.880085],[12.26662,46.868148],[12.275819,46.846289],[12.269101,46.788566],[12.342688,46.765131],[12.370387,46.711155],[12.40501,46.690123],[12.547327,46.652192],[12.739873,46.642994],[12.83041,46.609637],[13.146463,46.584961],[13.231109,46.552173],[13.478019,46.563567],[13.506751,46.546927],[13.700951,46.519746],[13.67749,46.452075],[13.600182,46.442644],[13.530006,46.388332],[13.434094,46.353864],[13.391306,46.301568],[13.365261,46.290302],[13.410116,46.207982],[13.437402,46.210927],[13.422829,46.228601],[13.468304,46.223433],[13.559048,46.184107],[13.637389,46.180386],[13.645037,46.161731],[13.616409,46.125041],[13.505098,46.066027],[13.482257,46.044839],[13.490008,46.025564],[13.461793,46.006392],[13.509439,45.967428],[13.605867,45.985411],[13.622817,45.966394],[13.56928,45.86454],[13.565973,45.83033],[13.581269,45.809246],[13.660334,45.792038],[13.778724,45.743411],[13.858409,45.649359],[13.894686,45.631841],[13.847764,45.584661],[13.711762,45.593207],[13.730154,45.613105],[13.808116,45.614325],[13.739268,45.649115],[13.75766,45.654975],[13.753673,45.672309],[13.726248,45.703762],[13.628917,45.77261],[13.574229,45.789618],[13.55128,45.792426],[13.524181,45.760077],[13.528331,45.740546],[13.554942,45.737209],[13.401703,45.675442],[13.37672,45.683173],[13.431407,45.706855],[13.422618,45.724066],[13.381684,45.730048],[13.369395,45.744615],[13.254893,45.756049],[13.215505,45.778795],[13.169444,45.768744],[13.149669,45.751532],[13.119314,45.771959],[13.108165,45.758205],[13.122895,45.737209],[13.080577,45.727607],[13.069591,45.71369],[13.075043,45.696845],[13.091482,45.689195],[13.149669,45.703762],[13.084972,45.641913],[12.943858,45.628567],[12.780772,45.553534],[12.423676,45.438056],[12.41033,45.436225],[12.435802,45.474921],[12.430919,45.484036],[12.447276,45.48432],[12.451427,45.498236],[12.471934,45.485907],[12.478689,45.49079],[12.465017,45.504462],[12.497325,45.506741],[12.506602,45.498236],[12.492931,45.49079],[12.515147,45.492743],[12.521495,45.518988],[12.562511,45.531643],[12.581716,45.552883],[12.537283,45.535834],[12.506602,45.57331],[12.441905,45.530341],[12.451427,45.511908],[12.403575,45.518134],[12.396739,45.539252],[12.384125,45.523017],[12.424001,45.498236],[12.393403,45.491645],[12.380544,45.494778],[12.383067,45.504462],[12.350434,45.504869],[12.309581,45.488918],[12.252696,45.436225],[12.246104,45.411322],[12.258962,45.395209],[12.245291,45.36107],[12.223806,45.353949],[12.232188,45.340562],[12.216319,45.31623],[12.187511,45.306464],[12.15447,45.313463],[12.149099,45.292182],[12.180675,45.258043],[12.199392,45.274604],[12.197439,45.299628],[12.217296,45.29385],[12.224864,45.251166],[12.211111,45.242987],[12.230479,45.20425],[12.266368,45.196601],[12.258962,45.202826],[12.307302,45.230699],[12.298025,45.215399],[12.321056,45.172349],[12.328461,45.10102],[12.307302,45.107856],[12.307302,45.128363],[12.296723,45.088568],[12.328461,45.079901],[12.321056,45.093573],[12.340831,45.081448],[12.376231,45.038967],[12.355154,45.024644],[12.368826,45.010972],[12.386567,45.038764],[12.368826,45.065619],[12.413422,45.042873],[12.41033,45.032172],[12.486176,44.976508],[12.499197,44.98371],[12.486095,44.991156],[12.502615,44.991441],[12.533865,44.970038],[12.512706,44.922309],[12.499034,44.921454],[12.487315,44.86225],[12.444591,44.820502],[12.424001,44.854641],[12.438324,44.901109],[12.406912,44.891303],[12.391612,44.858832],[12.416515,44.851142],[12.396739,44.833482],[12.424001,44.820502],[12.416189,44.80329],[12.375662,44.792222],[12.302989,44.842922],[12.266368,44.826646],[12.28004,44.820502],[12.246593,44.711615],[12.252696,44.668402],[12.285818,44.602688],[12.283702,44.487616],[12.318207,44.361151],[12.342133,44.329495],[12.368826,44.250678],[12.47877,44.13935],[12.574229,44.085598],[12.69158,43.990627],[12.803966,43.966864],[12.928884,43.915839],[13.253266,43.703192],[13.473399,43.612006],[13.516124,43.631741],[13.578868,43.572903],[13.615571,43.560492],[13.624522,43.547187],[13.616954,43.531317],[13.834809,43.127265],[13.865408,43.00731],[13.944672,42.798285],[14.075369,42.598822],[14.220551,42.47016],[14.38738,42.372952],[14.429047,42.321723],[14.560232,42.225653],[14.709239,42.175482],[14.740733,42.084621],[14.871104,42.031806],[14.993663,42.010647],[15.045177,41.96898],[15.165375,41.927802],[15.281749,41.928046],[15.446056,41.906928],[15.611339,41.928046],[15.774425,41.92121],[16.02711,41.944078],[16.140473,41.919908],[16.160899,41.892646],[16.17921,41.893297],[16.193044,41.808417],[16.184337,41.779608],[16.027517,41.679918],[15.925304,41.640041],[15.900076,41.614651],[15.896332,41.536444],[15.911794,41.502875],[15.961111,41.459459],[16.460297,41.262641],[16.520681,41.250149],[16.593923,41.206977],[17.05714,41.081855],[17.276378,40.980211],[17.347911,40.912095],[17.413585,40.88109],[17.476085,40.830146],[17.748383,40.747626],[17.843923,40.694159],[17.955821,40.670478],[17.954926,40.646918],[18.007009,40.650702],[18.015798,40.62519],[18.043224,40.601996],[18.037446,40.556952],[18.119965,40.504584],[18.238292,40.457668],[18.437266,40.26789],[18.516124,40.139228],[18.516124,40.104478],[18.491873,40.084662],[18.483572,40.055162],[18.434093,40.022528],[18.411388,39.978827],[18.392589,39.916083],[18.400076,39.878567],[18.389171,39.817084],[18.368337,39.796617],[18.33839,39.800116],[18.282074,39.833197],[18.211274,39.839342],[18.071544,39.911526],[17.995372,39.995266],[18.020274,40.010199],[18.015798,40.0362],[17.967459,40.057318],[18.00294,40.074449],[18.010997,40.096015],[17.997244,40.120429],[17.926036,40.176256],[17.917003,40.226874],[17.899669,40.249091],[17.912771,40.255316],[17.863129,40.285631],[17.512055,40.303697],[17.44044,40.331],[17.399425,40.331],[17.200206,40.420396],[17.243012,40.441392],[17.247895,40.457343],[17.22755,40.474433],[17.295746,40.473212],[17.323253,40.498481],[17.261729,40.488715],[17.268565,40.496161],[17.247406,40.502834],[17.189952,40.481879],[17.156016,40.512397],[17.049571,40.51911],[16.976085,40.492621],[16.91212,40.445217],[16.782725,40.301581],[16.730724,40.20067],[16.604747,40.084459],[16.599376,40.034125],[16.631602,39.966213],[16.542247,39.885403],[16.49171,39.805487],[16.489757,39.775214],[16.528575,39.721503],[16.515636,39.689602],[16.545909,39.660875],[16.624848,39.625312],[16.782481,39.61164],[16.846202,39.55268],[16.952973,39.499213],[17.011485,39.486151],[17.088552,39.422593],[17.158702,39.406195],[17.122244,39.338324],[17.114513,39.269355],[17.145681,39.210679],[17.124522,39.090888],[17.158458,39.040473],[17.206391,39.029486],[17.172374,39.005194],[17.172374,38.960517],[17.104015,38.899075],[17.094981,38.919135],[17.021983,38.905951],[16.996349,38.929511],[16.957286,38.94009],[16.838552,38.918199],[16.727794,38.878852],[16.585623,38.797838],[16.534841,38.699897],[16.549083,38.689927],[16.576996,38.528551],[16.569591,38.429511],[16.508149,38.371527],[16.306326,38.277086],[16.169444,38.143215],[16.125499,38.004828],[16.077159,37.939887],[16.000987,37.919013],[15.942149,37.933092],[15.761485,37.925238],[15.684418,37.953518],[15.635102,38.009101],[15.638357,38.027737],[15.658458,38.042548],[15.624034,38.092108],[15.647797,38.143134],[15.632823,38.220282],[15.650564,38.241034],[15.786469,38.278022],[15.812836,38.300605],[15.917817,38.516791],[15.900076,38.578274],[15.844005,38.617906],[15.836599,38.648993],[16.002615,38.725409],[16.12086,38.720933],[16.152599,38.730902],[16.200938,38.776435],[16.22169,38.856594],[16.214692,38.919013],[16.189626,38.943549],[16.154307,38.955024],[16.083018,39.075263],[16.034027,39.345242],[15.995396,39.438768],[15.933116,39.513658],[15.876231,39.551459],[15.836599,39.652655],[15.806407,39.695502],[15.788748,39.796617],[15.769705,39.830146],[15.781912,39.868598],[15.774425,39.891099],[15.728038,39.964179],[15.630382,40.057685],[15.624278,40.077786],[15.534923,40.077786],[15.4101,39.99397],[15.34316,40.004149],[15.314301,40.033759],[15.261241,40.029364],[15.279145,40.047675],[15.263438,40.073717],[15.127208,40.169623],[15.047211,40.168931],[15.003122,40.210259],[14.911143,40.241645],[14.906912,40.258612],[14.939138,40.307074],[14.932384,40.333726],[14.99449,40.358434],[14.998267,40.397559],[14.888845,40.573065],[14.83546,40.632636],[14.781993,40.669867],[14.752208,40.676703],[14.69044,40.649115],[14.625743,40.649075],[14.5442,40.613593],[14.486583,40.632636],[14.422048,40.615546],[14.342621,40.570624],[14.329845,40.584459],[14.337738,40.624416],[14.38738,40.636949],[14.444211,40.685987],[14.47637,40.695102],[14.474132,40.729682],[14.442638,40.755072],[14.394433,40.761566],[14.2942,40.838772],[14.223643,40.831366],[14.203461,40.801215],[14.08253,40.831285],[14.08253,40.783515],[14.047697,40.789589],[14.052257,40.837592],[14.021344,40.921829],[13.965343,40.996405],[13.917979,41.023668],[13.910655,41.064643],[13.851725,41.147316],[13.721853,41.252387],[13.594412,41.253119],[13.56365,41.237982],[13.57545,41.208075],[13.543956,41.20661],[13.514415,41.229682],[13.499685,41.221747],[13.480235,41.239163],[13.324392,41.294827],[13.285818,41.295722],[13.187022,41.278022],[13.114513,41.250881],[13.090505,41.226549],[13.044607,41.227525],[12.979503,41.331],[12.893565,41.399319],[12.841563,41.418402],[12.748546,41.423733],[12.653982,41.465644],[12.635265,41.447496],[12.448009,41.630764],[12.327159,41.711371],[12.239024,41.736274],[12.21518,41.768134],[12.206228,41.827338],[12.170177,41.879584],[12.038829,41.965155],[12.020356,41.993069],[11.982188,41.999742],[11.91684,42.037909],[11.827485,42.034166],[11.750173,42.127916],[11.736176,42.168891],[11.658214,42.279364],[11.539073,42.348863],[11.376638,42.406887],[11.333018,42.40058],[11.259044,42.420844],[11.211274,42.418891],[11.183849,42.366278],[11.155935,42.366278],[11.106619,42.391262],[11.086762,42.418362],[11.099132,42.442857],[11.164191,42.439828],[11.188448,42.480267],[11.18686,42.520819],[11.158458,42.564032],[11.128673,42.558051],[11.097423,42.606879],[11.080903,42.612698],[11.07781,42.632229],[11.005707,42.667914],[10.990001,42.710273],[10.943614,42.742987],[10.731293,42.804429],[10.764903,42.835273],[10.765636,42.877102],[10.77768,42.894721],[10.76352,42.91828],[10.632498,42.958482],[10.539073,42.949123],[10.54656,42.93476],[10.518565,42.925279],[10.499522,42.940497],[10.47755,42.990058],[10.5171,43.023912],[10.539073,43.079413],[10.54656,43.147121],[10.528168,43.246772],[10.437022,43.388577],[10.317231,43.492621],[10.29477,43.568549],[10.251638,43.846625],[10.180675,43.955268],[10.136485,43.978705],[10.090587,44.025377],[9.988536,44.05976],[9.962738,44.044664],[9.844737,44.108629],[9.826427,44.107245],[9.833263,44.09984],[9.819591,44.093004],[9.847504,44.072496],[9.833263,44.052069],[9.846365,44.046291],[9.832286,44.042304],[9.819835,44.063381],[9.771821,44.079413],[9.682628,44.136542],[9.621104,44.148261],[9.573009,44.191596],[9.499034,44.221829],[9.484386,44.243842],[9.436778,44.239488],[9.422374,44.256781],[9.374522,44.271796],[9.367686,44.29442],[9.230642,44.353705],[9.210704,44.305325],[9.146658,44.328559],[9.130056,44.363349],[9.102061,44.373969],[8.76238,44.432115],[8.564789,44.357164],[8.466075,44.304267],[8.444509,44.283881],[8.449718,44.26435],[8.435395,44.240424],[8.411876,44.227037],[8.408214,44.193508],[8.256521,44.128363],[8.233165,44.103583],[8.216319,44.045233],[8.15268,43.983222],[8.167979,43.956488],[8.089203,43.919867],[8.067719,43.896674],[7.959727,43.852851],[7.785818,43.821967],[7.736583,43.798245],[7.544119,43.784491],[7.502289,43.792222],[7.477869,43.865515],[7.556934,43.944089],[7.630934,43.993543],[7.653362,44.03969],[7.689949,44.067337],[7.691912,44.084649],[7.64189,44.14356],[7.655636,44.176064],[7.624733,44.180095],[7.583599,44.160716],[7.340616,44.123664],[7.3093,44.147487],[7.251319,44.160045],[7.144969,44.207225],[7.04606,44.240298],[6.996141,44.237818],[6.973403,44.249445],[6.959244,44.27735],[6.92121,44.302155],[6.869844,44.362926],[6.877182,44.414396],[6.9178,44.436307],[6.861266,44.474909],[6.838838,44.502918],[6.835737,44.534027],[6.945601,44.625443],[6.934336,44.646682],[6.959864,44.683165],[6.982808,44.692157],[7.055155,44.684871],[6.998415,44.793753],[7.004926,44.827963],[6.932682,44.861656],[6.847106,44.859072],[6.745407,44.907803],[6.72794,44.928732],[6.723496,45.013378],[6.651666,45.03565],[6.636576,45.074459],[6.602728,45.10345],[6.667376,45.139623],[6.736415,45.157348],[6.844109,45.130115],[6.876665,45.141225],[6.873461,45.165926],[6.913769,45.170164],[6.958727,45.2098],[7.029731,45.228197],[7.055466,45.213675],[7.108382,45.259202],[7.092569,45.323953],[7.150757,45.383226],[7.160679,45.410924],[7.096807,45.435419],[7.072002,45.470042],[6.982808,45.511125],[6.952939,45.594272],[6.969476,45.625847],[6.963378,45.640729],[6.8161,45.69685],[6.795946,45.718141],[6.781994,45.777465],[6.800804,45.826455],[6.843356,45.838643],[6.864441,45.826891],[6.873461,45.8448],[6.949012,45.857822],[7.007717,45.920506],[7.022083,45.92526],[7.066938,45.890223]],[[12.460456,43.895259],[12.490325,43.939159],[12.48216,43.982567],[12.421389,43.967219],[12.385629,43.924534],[12.399581,43.903218],[12.460456,43.895259]],[[12.452714,41.903016],[12.453983,41.903862],[12.453031,41.903915],[12.452714,41.903016]]],[[[12.037608,36.806627],[12.053477,36.767646],[12.03061,36.74136],[11.996104,36.74494],[11.937348,36.788764],[11.922211,36.828355],[11.951345,36.84276],[11.987315,36.824164],[11.999522,36.835924],[12.037608,36.806627]]],[[[12.273204,37.939521],[12.31422,37.946357],[12.368826,37.925238],[12.357677,37.914049],[12.299653,37.919257],[12.273204,37.939521]]],[[[15.559255,38.300116],[15.651622,38.275295],[15.569672,38.226955],[15.559906,38.199774],[15.575938,38.200181],[15.500336,38.084947],[15.392589,37.976142],[15.266287,37.811916],[15.213064,37.761461],[15.206554,37.747748],[15.220225,37.706732],[15.202159,37.68537],[15.163829,37.567694],[15.115896,37.522284],[15.091563,37.477484],[15.092052,37.360541],[15.103526,37.329779],[15.180024,37.290758],[15.217459,37.28498],[15.251964,37.257717],[15.261241,37.233832],[15.244884,37.246161],[15.220225,37.22016],[15.22169,37.237454],[15.205414,37.244696],[15.192882,37.239976],[15.199067,37.227607],[15.183442,37.207465],[15.216482,37.155219],[15.247569,37.158677],[15.229177,37.149644],[15.246593,37.118232],[15.303233,37.101223],[15.302745,37.062486],[15.287934,37.068996],[15.283702,37.048407],[15.321056,37.040229],[15.332367,37.011623],[15.30893,37.017768],[15.268077,37.000434],[15.268077,36.97309],[15.174653,36.944078],[15.158376,36.924221],[15.094005,36.799547],[15.134288,36.675198],[15.093923,36.654934],[15.007172,36.702786],[14.982432,36.68887],[14.882172,36.730658],[14.780772,36.699368],[14.744314,36.719143],[14.684581,36.72602],[14.658946,36.753811],[14.582205,36.781317],[14.487315,36.793362],[14.394542,36.945014],[14.278819,37.044013],[14.126313,37.11225],[13.894379,37.100816],[13.832693,37.139553],[13.715831,37.171373],[13.569184,37.273505],[13.452647,37.298814],[13.278005,37.393704],[13.253266,37.431789],[13.174083,37.487006],[13.051524,37.500678],[13.026378,37.493232],[13.000011,37.535468],[12.942638,37.568508],[12.862153,37.576402],[12.659353,37.565131],[12.57781,37.652004],[12.506196,37.665513],[12.427013,37.797024],[12.427419,37.809272],[12.465017,37.822821],[12.478689,37.881171],[12.464122,37.912909],[12.50294,37.997056],[12.492931,38.02143],[12.576345,38.071723],[12.608409,38.062405],[12.651622,38.091498],[12.662446,38.116278],[12.7046,38.110826],[12.725352,38.125922],[12.7199,38.175482],[12.731781,38.192776],[12.737804,38.180976],[12.760916,38.180976],[12.81837,38.077948],[12.901134,38.028062],[12.944184,38.032864],[13.061371,38.083482],[13.0713,38.095526],[13.054698,38.141832],[13.089366,38.166002],[13.083751,38.174709],[13.100922,38.19009],[13.207205,38.176093],[13.230317,38.184638],[13.239024,38.207017],[13.318126,38.220649],[13.32838,38.200181],[13.371918,38.172797],[13.391368,38.103176],[13.51352,38.110541],[13.54127,38.094062],[13.547374,38.05622],[13.651134,38.000963],[13.711925,37.987942],[13.705089,37.980455],[13.790782,37.973619],[14.020518,38.049384],[14.083263,38.02383],[14.151378,38.028876],[14.273204,38.015123],[14.384613,38.029527],[14.431895,38.049384],[14.464122,38.037177],[14.511729,38.044379],[14.634613,38.081488],[14.733735,38.15762],[14.798106,38.160346],[14.907074,38.18769],[14.944998,38.181789],[14.969737,38.159247],[15.049001,38.151801],[15.087901,38.128241],[15.177419,38.156317],[15.240733,38.241156],[15.237153,38.264797],[15.245372,38.217231],[15.29184,38.207017],[15.399669,38.232571],[15.512869,38.297593],[15.559255,38.300116]]],[[[14.958832,38.432929],[14.993663,38.403022],[15.007335,38.377672],[14.986827,38.364081],[14.948253,38.39643],[14.958832,38.432929]]],[[[14.899425,38.481676],[14.909679,38.515326],[14.924815,38.522366],[14.957856,38.52204],[14.958832,38.501858],[14.97934,38.487535],[14.952647,38.481391],[14.966319,38.453437],[14.948741,38.450914],[14.899425,38.481676]]],[[[14.861664,38.539293],[14.823985,38.551825],[14.793793,38.571601],[14.814952,38.583808],[14.866954,38.581122],[14.876964,38.569525],[14.861664,38.539293]]],[[[8.458018,39.068061],[8.483897,39.06977],[8.459321,39.049791],[8.437022,38.96719],[8.409841,38.961819],[8.349294,39.062161],[8.346039,39.097724],[8.360362,39.11815],[8.385916,39.105048],[8.444591,39.102729],[8.458018,39.068061]]],[[[8.305837,39.193305],[8.312022,39.120307],[8.29005,39.098822],[8.254731,39.107123],[8.257335,39.124416],[8.22462,39.15705],[8.245291,39.180976],[8.305837,39.193305]]],[[[13.965831,40.715277],[13.890147,40.694159],[13.849132,40.715277],[13.870128,40.748725],[13.862804,40.762397],[13.965831,40.735053],[13.965831,40.715277]]],[[[8.25115,41.043769],[8.24643,40.993638],[8.209646,40.995795],[8.228852,41.041734],[8.275645,41.06977],[8.277843,41.105658],[8.302094,41.105048],[8.326182,41.126125],[8.341319,41.074123],[8.25115,41.043769]]],[[[9.756521,40.59516],[9.826671,40.519599],[9.808767,40.470771],[9.761729,40.390692],[9.712413,40.3664],[9.62615,40.263088],[9.631114,40.196194],[9.654633,40.144599],[9.73227,40.08393],[9.687266,39.961168],[9.696625,39.933783],[9.717784,39.933783],[9.684337,39.894232],[9.683116,39.865546],[9.696625,39.851874],[9.670258,39.793769],[9.67628,39.718085],[9.651134,39.652493],[9.653005,39.56684],[9.628429,39.501776],[9.644867,39.483954],[9.602061,39.355658],[9.603526,39.326239],[9.634613,39.296942],[9.60727,39.289008],[9.567556,39.238105],[9.565603,39.205064],[9.579926,39.187079],[9.566417,39.149237],[9.522716,39.124905],[9.518565,39.10456],[9.496349,39.133612],[9.442882,39.124416],[9.292166,39.221259],[9.28533,39.213813],[9.216319,39.228013],[9.166026,39.187079],[9.136892,39.194322],[9.073009,39.248521],[9.013927,39.263902],[9.037852,39.227118],[9.079845,39.224595],[9.018321,39.146145],[9.018728,39.103949],[9.044932,39.051256],[9.025727,38.995307],[9.004649,38.995307],[8.853282,38.877997],[8.805431,38.905951],[8.805431,38.885443],[8.766612,38.920396],[8.716563,38.932603],[8.668793,38.91059],[8.651622,38.891547],[8.655121,38.871161],[8.640961,38.864325],[8.642833,38.88996],[8.599864,38.899075],[8.615489,38.947577],[8.603282,38.964911],[8.580089,38.960517],[8.559581,39.056708],[8.504405,39.062934],[8.518077,39.083441],[8.504405,39.090888],[8.482758,39.08039],[8.465099,39.119452],[8.442231,39.11815],[8.435395,39.165961],[8.418793,39.177314],[8.409516,39.169338],[8.398692,39.201158],[8.372813,39.222073],[8.43214,39.301825],[8.417247,39.339016],[8.382091,39.359687],[8.374034,39.378852],[8.40504,39.427191],[8.386892,39.469794],[8.46339,39.57685],[8.444021,39.757025],[8.468598,39.75495],[8.516938,39.702135],[8.565766,39.701077],[8.504405,39.721503],[8.545258,39.782945],[8.518077,39.762519],[8.548839,39.807196],[8.555186,39.852688],[8.523448,39.898871],[8.463064,39.91413],[8.435395,39.898993],[8.46339,39.898993],[8.435395,39.858059],[8.437511,39.876776],[8.394542,39.912665],[8.394542,39.98843],[8.407074,40.022203],[8.394542,40.0362],[8.377208,40.033759],[8.401378,40.049872],[8.468598,40.062161],[8.490001,40.104478],[8.46339,40.163153],[8.459646,40.21601],[8.476085,40.292141],[8.441254,40.331448],[8.385997,40.351793],[8.394542,40.423814],[8.379893,40.468695],[8.365571,40.492133],[8.331716,40.510688],[8.312022,40.57807],[8.291515,40.595364],[8.216319,40.570624],[8.195974,40.57807],[8.216319,40.612209],[8.19337,40.617499],[8.176606,40.606594],[8.161794,40.563788],[8.147309,40.593207],[8.140636,40.62519],[8.173839,40.641588],[8.197439,40.69123],[8.1338,40.728909],[8.215343,40.881415],[8.209727,40.914455],[8.178884,40.928168],[8.193044,40.963772],[8.209646,40.975287],[8.212576,40.963446],[8.229015,40.962551],[8.233165,40.910102],[8.277843,40.865424],[8.310232,40.850653],[8.520518,40.826972],[8.598399,40.852973],[8.640961,40.89647],[8.709158,40.92064],[8.764415,40.913804],[8.82252,40.947333],[8.88795,41.016262],[8.881114,41.023668],[8.922699,41.03677],[9.005544,41.121894],[9.107758,41.139472],[9.13559,41.160305],[9.141856,41.152777],[9.163422,41.184149],[9.171072,41.242906],[9.230642,41.262641],[9.268077,41.23664],[9.267426,41.201972],[9.278331,41.195014],[9.28533,41.221747],[9.28533,41.195014],[9.312511,41.201239],[9.333018,41.187567],[9.335216,41.211656],[9.388194,41.180732],[9.422374,41.180732],[9.408702,41.160305],[9.442882,41.132961],[9.442882,41.091986],[9.470063,41.126125],[9.456554,41.140367],[9.469086,41.146186],[9.508067,41.140367],[9.523936,41.149726],[9.52475,41.132961],[9.559581,41.126125],[9.562266,41.097113],[9.545909,41.077704],[9.539073,41.091986],[9.511892,41.016262],[9.532237,41.016262],[9.52475,41.030504],[9.543142,41.036933],[9.557628,41.025051],[9.552745,41.009467],[9.615733,41.019599],[9.662608,41.002631],[9.651215,40.991116],[9.604259,41.002631],[9.587576,40.995795],[9.566417,40.948635],[9.571137,40.934882],[9.504242,40.926907],[9.511974,40.915188],[9.539073,40.92064],[9.573253,40.906399],[9.6421,40.92064],[9.614106,40.893378],[9.655772,40.876044],[9.663259,40.858222],[9.683116,40.865424],[9.723969,40.844916],[9.681,40.829779],[9.689789,40.810777],[9.657888,40.799872],[9.668793,40.790351],[9.66977,40.801459],[9.703949,40.759426],[9.744477,40.680487],[9.756521,40.59516]]],[[[10.91346,42.375241],[10.939764,42.33066],[10.923331,42.318728],[10.861827,42.366278],[10.882986,42.392157],[10.91346,42.375241]]],[[[10.438487,42.855455],[10.430024,42.787584],[10.388845,42.763495],[10.425141,42.74079],[10.430675,42.722113],[10.415538,42.708889],[10.381358,42.722561],[10.337901,42.764838],[10.325043,42.764838],[10.313731,42.742987],[10.304535,42.759752],[10.265391,42.744574],[10.245372,42.75727],[10.229666,42.735419],[10.147227,42.737291],[10.106781,42.757392],[10.10141,42.784003],[10.132986,42.811916],[10.179535,42.818752],[10.26588,42.804429],[10.259044,42.811916],[10.272146,42.827338],[10.326834,42.826239],[10.322113,42.811713],[10.347341,42.805854],[10.412364,42.873358],[10.438487,42.855455]]],[[[9.825777,43.07463],[9.854811,43.044275],[9.842127,43.024956],[9.801498,43.007805],[9.784595,43.028442],[9.806944,43.066408],[9.825777,43.07463]]],[[[12.371837,45.424872],[12.389171,45.433539],[12.430919,45.415676],[12.376231,45.422553],[12.321462,45.348009],[12.371837,45.424872]]],[[[12.867035,35.87226],[12.872569,35.852281],[12.845876,35.862698],[12.847016,35.868313],[12.867035,35.87226]]],[[[14.342784,38.547268],[14.357188,38.551215],[14.36085,38.539049],[14.346446,38.535142],[14.342784,38.547268]]],[[[14.563975,38.58454],[14.58546,38.55744],[14.551606,38.561591],[14.542491,38.586859],[14.563975,38.58454]]],[[[13.18572,38.717515],[13.197439,38.708319],[13.176768,38.69302],[13.153494,38.69477],[13.157888,38.709866],[13.18572,38.717515]]],[[[15.23463,38.807807],[15.217459,38.773017],[15.187022,38.789008],[15.212087,38.810452],[15.23463,38.807807]]],[[[13.418956,40.7956],[13.431977,40.801459],[13.414724,40.785875],[13.418956,40.7956]]],[[[12.621267,35.508246],[12.611095,35.489244],[12.526134,35.516669],[12.555675,35.521226],[12.621267,35.508246]]],[[[12.053559,37.992418],[12.079275,37.950263],[12.064789,37.950832],[12.030447,37.984361],[12.053559,37.992418]]],[[[9.478363,41.228461],[9.470388,41.172105],[9.437022,41.18594],[9.459972,41.242377],[9.478363,41.228461]]],[[[9.434255,41.220608],[9.376964,41.213324],[9.373057,41.229885],[9.414236,41.262437],[9.427419,41.254096],[9.434255,41.220608]]],[[[10.306407,42.351549],[10.315929,42.340766],[10.313243,42.32392],[10.294444,42.32803],[10.306407,42.351549]]],[[[10.096039,42.590725],[10.085785,42.572455],[10.050304,42.581936],[10.079438,42.613918],[10.096039,42.590725]]],[[[12.329845,45.458808],[12.36378,45.449652],[12.362071,45.438137],[12.320649,45.429836],[12.329845,45.458808]]]]}},{"type":"Feature","properties":{"name":"Switzerland","iso":"CH","pop":8574832},"geometry":{"type":"Polygon","coordinates":[[[10.44854,46.832233],[10.417224,46.79885],[10.428696,46.755648],[10.399654,46.735546],[10.394383,46.70082],[10.369165,46.672398],[10.395623,46.638808],[10.459082,46.623564],[10.465903,46.578476],[10.443993,46.537729],[10.295371,46.551087],[10.234703,46.575298],[10.233773,46.617982],[10.192122,46.626819],[10.087839,46.604392],[10.071199,46.564394],[10.032752,46.532975],[10.028101,46.483934],[10.044017,46.466984],[10.026344,46.446262],[10.140755,46.402905],[10.092386,46.338103],[10.104892,46.309371],[10.158945,46.262449],[10.117914,46.231133],[10.042673,46.220487],[10.031718,46.260072],[9.977561,46.298105],[9.964022,46.356086],[9.918443,46.37115],[9.855398,46.366964],[9.768065,46.33862],[9.720109,46.350893],[9.70843,46.311748],[9.674324,46.291801],[9.536451,46.298622],[9.502551,46.32074],[9.482604,46.35681],[9.444364,46.375284],[9.434648,46.498326],[9.384626,46.466416],[9.330986,46.501504],[9.263186,46.485122],[9.237968,46.436547],[9.260912,46.416651],[9.275175,46.331385],[9.224842,46.231184],[9.181331,46.204054],[9.163244,46.172273],[9.090587,46.138167],[9.072087,46.118892],[9.059168,46.061789],[9.002117,46.03931],[9.015553,45.993111],[8.980516,45.964379],[9.010798,45.926655],[9.051726,45.915545],[9.063095,45.898957],[9.034363,45.848107],[9.002427,45.820718],[8.939588,45.834826],[8.900004,45.826403],[8.912096,45.883402],[8.870962,45.947067],[8.767919,45.983086],[8.834375,46.066388],[8.80895,46.089746],[8.747145,46.094449],[8.723891,46.109538],[8.677485,46.095792],[8.601831,46.122819],[8.51026,46.207878],[8.43812,46.23537],[8.423237,46.275833],[8.445768,46.412362],[8.427888,46.44869],[8.399156,46.452179],[8.316267,46.433653],[8.286605,46.40536],[8.297457,46.387506],[8.281541,46.370116],[8.24175,46.354123],[8.192554,46.309164],[8.087341,46.271802],[8.073078,46.253612],[8.129509,46.196044],[8.132299,46.159354],[8.110595,46.126953],[8.025329,46.091141],[8.010653,46.029698],[7.985848,45.999312],[7.898205,45.981949],[7.872917,45.959383],[7.870201,45.94037],[7.84962,45.939712],[7.831232,45.91446],[7.69398,45.928671],[7.643027,45.966343],[7.541121,45.984119],[7.503707,45.956731],[7.361803,45.907845],[7.286666,45.913426],[7.153547,45.876529],[7.066938,45.890223],[7.015158,45.933321],[6.987666,45.993111],[6.915112,46.048612],[6.85093,46.049645],[6.848553,46.085043],[6.869224,46.112329],[6.774346,46.134808],[6.765664,46.151603],[6.774863,46.185864],[6.827676,46.269477],[6.750368,46.345518],[6.782097,46.378462],[6.787058,46.414171],[6.762667,46.42926],[6.613684,46.455899],[6.482942,46.448587],[6.397676,46.408176],[6.301558,46.394482],[6.214122,46.315469],[6.237583,46.267926],[6.27603,46.26312],[6.281198,46.240073],[6.107875,46.138632],[6.028293,46.147934],[5.95884,46.130467],[5.982921,46.170826],[5.954809,46.19992],[5.95853,46.211961],[6.042866,46.24307],[6.089685,46.246377],[6.100743,46.301413],[6.1364,46.359342],[6.108185,46.396497],[6.054235,46.419416],[6.067567,46.433601],[6.064157,46.471118],[6.145702,46.55163],[6.118417,46.583463],[6.266315,46.680356],[6.429199,46.760816],[6.432609,46.785983],[6.417107,46.802157],[6.446769,46.857709],[6.427752,46.909076],[6.442635,46.944164],[6.598698,46.986539],[6.665412,47.021291],[6.688253,47.043848],[6.676264,47.0624],[6.6897,47.07829],[6.746027,47.103948],[6.744787,47.121053],[6.774759,47.128184],[6.888344,47.211305],[6.956247,47.245231],[6.958624,47.290551],[7.036552,47.329515],[7.044303,47.340497],[7.003996,47.368143],[6.86664,47.354165],[6.884003,47.382587],[6.924517,47.405996],[6.926068,47.424858],[6.990973,47.452221],[6.9733,47.489092],[7.009784,47.499247],[7.180833,47.488265],[7.162642,47.459895],[7.168327,47.443565],[7.23809,47.416797],[7.406349,47.438242],[7.429293,47.465114],[7.414307,47.490177],[7.46743,47.481909],[7.484483,47.492942],[7.476939,47.514879],[7.501123,47.517307],[7.505154,47.533017],[7.482726,47.542267],[7.550319,47.575495],[7.637032,47.594977],[7.659666,47.596579],[7.646541,47.571542],[7.609747,47.564746],[7.683438,47.544257],[7.76674,47.555961],[7.819657,47.595339],[7.898205,47.587846],[7.912157,47.560561],[8.042279,47.560561],[8.087237,47.567382],[8.179015,47.615803],[8.232965,47.621952],[8.288569,47.615803],[8.306345,47.592187],[8.354094,47.581024],[8.448869,47.58428],[8.461788,47.606139],[8.522353,47.621901],[8.560697,47.589396],[8.580644,47.600171],[8.580334,47.639005],[8.601624,47.632598],[8.607309,47.656291],[8.568241,47.662932],[8.458274,47.639884],[8.391301,47.665464],[8.392128,47.699519],[8.437913,47.723186],[8.463648,47.763907],[8.551602,47.779255],[8.5423,47.795017],[8.558216,47.801166],[8.601624,47.794603],[8.617437,47.757319],[8.644102,47.791012],[8.68193,47.75874],[8.713142,47.757422],[8.719757,47.747319],[8.70043,47.723496],[8.71707,47.694558],[8.769883,47.695074],[8.761718,47.70125],[8.77071,47.720861],[8.797581,47.720034],[8.856079,47.690682],[8.837786,47.680838],[8.881711,47.656136],[8.945376,47.654302],[9.016586,47.6789],[9.183398,47.670425],[9.196937,47.656136],[9.273211,47.65009],[9.547482,47.534547],[9.58451,47.480721],[9.650346,47.452092],[9.639804,47.394524],[9.601047,47.36127],[9.587404,47.32781],[9.504618,47.243732],[9.487358,47.210014],[9.484981,47.176346],[9.51237,47.10803],[9.477023,47.063898],[9.560636,47.0524],[9.669053,47.056199],[9.857982,47.015478],[9.856328,47.004083],[9.870591,46.998838],[9.862426,46.939772],[9.875138,46.927421],[10.1113,46.847116],[10.201423,46.86683],[10.235116,46.923313],[10.295681,46.922693],[10.313665,46.964318],[10.378984,46.995505],[10.458462,46.936619],[10.44854,46.832233]]]}},{"type":"Feature","properties":{"name":"Iran","iso":"IR","pop":82913906},"geometry":{"type":"Polygon","coordinates":[[[44.809647,39.636962],[44.872279,39.625076],[44.865354,39.617583],[44.898427,39.584355],[44.928399,39.488237],[44.961627,39.453769],[44.957028,39.434493],[45.006379,39.417957],[45.087976,39.350726],[45.135828,39.278482],[45.152727,39.213525],[45.178927,39.219829],[45.283106,39.193061],[45.311115,39.200528],[45.311115,39.176292],[45.348219,39.163916],[45.345273,39.138439],[45.379328,39.111154],[45.396381,39.073327],[45.434518,39.052785],[45.425268,39.025629],[45.438601,39.004235],[45.530843,38.969276],[45.716878,38.954781],[46.126052,38.862668],[46.202482,38.870548],[46.291314,38.913931],[46.378233,38.924705],[46.514039,38.882176],[46.553726,38.889824],[46.599202,38.919693],[46.65217,38.992944],[46.744826,39.040254],[46.773765,39.085367],[46.806011,39.102395],[46.866162,39.165362],[46.898718,39.171744],[46.953754,39.16066],[47.020468,39.18996],[47.10222,39.308403],[47.291356,39.379613],[47.406904,39.476816],[47.54116,39.51516],[47.606995,39.563581],[47.745282,39.623784],[47.823106,39.680318],[47.922945,39.684142],[47.957258,39.707345],[47.971418,39.704554],[48.052033,39.650087],[48.288608,39.445035],[48.33894,39.378941],[48.153525,39.319048],[48.10619,39.26918],[48.104329,39.234841],[48.142157,39.181201],[48.199104,39.138232],[48.271296,39.108312],[48.306798,39.045396],[48.293672,39.004597],[48.243184,38.973875],[48.058544,38.948373],[48.052446,38.927909],[47.990745,38.891219],[47.993122,38.850085],[48.012966,38.821559],[48.077974,38.780941],[48.222979,38.721462],[48.228043,38.662189],[48.310312,38.600151],[48.415267,38.618109],[48.433715,38.569972],[48.607865,38.395978],[48.683209,38.398019],[48.777725,38.444812],[48.874278,38.434068],[48.877208,38.346177],[48.865896,38.316881],[48.874848,38.242743],[48.893728,38.205797],[48.907725,38.083482],[48.949067,37.966864],[48.944509,37.903388],[48.987478,37.842475],[48.983165,37.815985],[49.014496,37.739163],[49.132498,37.623358],[49.205577,37.581692],[49.441742,37.494859],[49.826182,37.453559],[49.933767,37.474433],[49.969493,37.459703],[49.935313,37.453559],[50.195649,37.38935],[50.227306,37.365424],[50.223318,37.329332],[50.245128,37.279283],[50.322276,37.153266],[50.429454,37.082953],[50.478852,37.03498],[50.658702,36.954332],[50.703136,36.918443],[50.86085,36.849555],[51.004731,36.767646],[51.088634,36.737006],[51.909028,36.582709],[52.094086,36.602525],[52.258556,36.650946],[52.779307,36.740383],[53.115733,36.822252],[53.447602,36.881903],[53.885916,36.905829],[53.957774,36.919623],[54.006521,36.952623],[54.004242,36.914618],[53.947602,36.898749],[53.818207,36.87523],[53.77711,36.883734],[53.719005,36.870673],[53.609141,36.876899],[53.631033,36.861965],[53.663829,36.863227],[53.635997,36.857001],[53.660167,36.831204],[53.70102,36.816596],[53.889171,36.793606],[54.014334,36.821112],[54.033051,36.845771],[54.033539,36.949123],[54.028087,36.966213],[53.994395,36.979153],[54.02003,37.027737],[53.980317,37.094062],[53.927745,37.243801],[53.913748,37.34276],[54.206438,37.324596],[54.261525,37.354827],[54.364154,37.362682],[54.533343,37.440817],[54.653956,37.438905],[54.788314,37.524636],[54.809398,37.603339],[54.787281,37.651863],[54.826658,37.735269],[55.006802,37.843092],[55.066644,37.908437],[55.10354,37.918798],[55.130309,37.95231],[55.219709,37.969983],[55.228804,37.985796],[55.307456,38.008792],[55.447395,38.083671],[55.708672,38.118656],[55.963023,38.066515],[56.121463,38.086462],[56.214067,38.06884],[56.299747,38.080235],[56.328995,38.123772],[56.297059,38.165785],[56.303364,38.179428],[56.366409,38.225523],[56.436482,38.255082],[56.528156,38.257408],[56.585207,38.234567],[56.729384,38.27105],[56.812377,38.22896],[57.038409,38.187283],[57.102798,38.222009],[57.14662,38.26981],[57.174939,38.277561],[57.218347,38.265081],[57.266923,38.176896],[57.311364,38.135012],[57.344334,38.081062],[57.346814,38.046929],[57.327074,37.994116],[57.352395,37.967529],[57.496263,37.922312],[57.544632,37.929986],[57.612328,37.916601],[57.691186,37.92027],[57.729943,37.898644],[57.763016,37.899393],[57.800017,37.867638],[57.884146,37.865338],[58.040932,37.805704],[58.156687,37.788186],[58.181182,37.774853],[58.206814,37.678735],[58.357812,37.633311],[58.479665,37.644112],[58.529791,37.700387],[58.549325,37.701576],[58.615884,37.659511],[58.68172,37.642716],[58.726368,37.659382],[58.779802,37.65964],[58.801093,37.694651],[58.861037,37.668089],[59.034567,37.624526],[59.211714,37.516316],[59.312276,37.530346],[59.356304,37.480633],[59.361989,37.439215],[59.348346,37.409294],[59.37036,37.319429],[59.469372,37.2407],[59.461724,37.207601],[59.501205,37.190212],[59.555982,37.197782],[59.604971,37.123885],[59.653237,37.149672],[59.797207,37.112206],[59.899527,37.050556],[60.019209,37.025803],[60.132588,36.873409],[60.238524,36.769746],[60.309218,36.651976],[60.34229,36.637145],[61.075476,36.64779],[61.165806,36.636318],[61.187614,36.565108],[61.166323,36.513845],[61.173971,36.486818],[61.146686,36.357265],[61.160949,36.328636],[61.153507,36.314942],[61.185443,36.283988],[61.224717,36.123688],[61.198156,36.060797],[61.173971,36.048033],[61.173971,36.006485],[61.129839,35.970519],[61.188337,35.953569],[61.241047,35.893883],[61.256343,35.769497],[61.249729,35.722472],[61.229161,35.698597],[61.231745,35.671881],[61.277014,35.609197],[61.290036,35.548064],[61.195055,35.390089],[61.187097,35.300379],[61.108342,35.277951],[61.101624,35.235318],[61.112373,35.202038],[61.096353,35.193202],[61.139865,35.139665],[61.136764,35.111191],[61.147306,35.102096],[61.115887,35.059877],[61.074752,34.933114],[61.06545,34.814724],[61.034755,34.806249],[61.00964,34.76098],[60.959927,34.723205],[60.961994,34.67375],[60.947525,34.63799],[60.895435,34.628327],[60.838488,34.570914],[60.739269,34.548022],[60.699685,34.516396],[60.77937,34.455081],[60.890474,34.318914],[60.643667,34.306641],[60.650592,34.28535],[60.552407,34.220057],[60.492772,34.139028],[60.486778,34.094277],[60.528016,33.84145],[60.525845,33.80215],[60.486881,33.71138],[60.511789,33.638387],[60.574834,33.587796],[60.655553,33.559891],[60.879622,33.548703],[60.92086,33.514105],[60.912075,33.501522],[60.832183,33.484495],[60.829082,33.416282],[60.757046,33.366337],[60.561502,33.137307],[60.577522,32.994344],[60.830323,32.248885],[60.81482,32.087862],[60.774926,32.027194],[60.792599,32.011277],[60.784021,31.989263],[60.796733,31.93676],[60.791462,31.826534],[60.805311,31.733981],[60.792599,31.660084],[60.821744,31.494668],[61.686911,31.373177],[61.749233,31.30238],[61.742722,31.239541],[61.78768,31.158616],[61.826334,31.034593],[61.82136662682451,31.0],[47.67301191461796,31.0],[47.678929,31.407851],[47.831323,31.761835],[47.834475,31.805708],[47.76528,31.864103],[47.668077,32.012414],[47.617796,32.04187],[47.578057,32.106155],[47.491344,32.148633],[47.509224,32.213797],[47.40246,32.323506],[47.395949,32.34198],[47.417963,32.376423],[47.410832,32.395285],[47.343342,32.458692],[47.265311,32.484685],[47.152553,32.455178],[47.090593,32.474556],[46.715887,32.756012],[46.479312,32.891792],[46.273433,32.959488],[46.09701,32.95432],[46.075719,32.994499],[46.119489,33.031008],[46.12042,33.061678],[46.043267,33.08346],[46.030296,33.105681],[46.105382,33.118393],[46.167187,33.168338],[46.173698,33.190223],[46.157678,33.205675],[46.164189,33.243347],[46.155301,33.260219],[46.036239,33.367939],[46.019392,33.438399],[45.974434,33.490799],[45.953143,33.496587],[45.899399,33.476304],[45.852581,33.494365],[45.927925,33.550873],[45.920897,33.572991],[45.882036,33.600198],[45.885964,33.63092],[45.815787,33.625804],[45.734552,33.583119],[45.721116,33.640764],[45.645151,33.697918],[45.616729,33.768689],[45.574768,33.803933],[45.485781,33.938653],[45.423718,33.938782],[45.380361,33.97356],[45.419946,33.994257],[45.454879,34.06986],[45.544537,34.139494],[45.526657,34.17931],[45.561022,34.264602],[45.55756,34.311964],[45.521541,34.342504],[45.47927,34.329146],[45.46077,34.340463],[45.417052,34.444359],[45.426767,34.45751],[45.47927,34.467251],[45.503455,34.494175],[45.500664,34.591688],[45.573941,34.567297],[45.70153,34.551277],[45.708558,34.579079],[45.694451,34.598561],[45.687629,34.653235],[45.666856,34.689977],[45.627375,34.720828],[45.662825,34.763254],[45.666752,34.80692],[45.745404,34.840975],[45.755119,34.909963],[45.835011,34.890171],[45.850203,34.906811],[45.868962,34.968358],[45.857025,35.021274],[45.872476,35.041428],[45.899089,35.046906],[45.913197,35.087317],[46.009212,35.06091],[46.066573,35.088815],[46.132357,35.094758],[46.151064,35.111605],[46.130393,35.131397],[46.169254,35.216249],[46.101454,35.234285],[46.098767,35.250046],[46.127396,35.289062],[46.120161,35.318517],[46.040993,35.381562],[45.963995,35.494165],[45.984562,35.531062],[45.959344,35.578708],[45.999238,35.572145],[45.992365,35.640875],[46.003786,35.674258],[46.037065,35.691569],[46.107035,35.689812],[46.177729,35.715392],[46.23788,35.715547],[46.313379,35.771513],[46.327074,35.8035],[46.302992,35.826548],[46.281392,35.828305],[46.227441,35.805723],[46.163518,35.797506],[46.129101,35.815541],[46.115045,35.846444],[46.060423,35.857244],[46.004923,35.837969],[45.878315,35.83523],[45.834752,35.810528],[45.786745,35.820244],[45.749021,35.810994],[45.718739,35.828305],[45.69321,35.879878],[45.646857,35.933208],[45.53999,35.99398],[45.47927,36.012015],[45.359587,35.976875],[45.320313,35.994031],[45.31959,36.031032],[45.348322,36.087514],[45.304604,36.140379],[45.297369,36.22673],[45.258508,36.262232],[45.282693,36.274893],[45.25701,36.311687],[45.238871,36.402999],[45.221301,36.42093],[45.19598,36.422429],[45.110817,36.402534],[45.072266,36.423411],[45.03816,36.494001],[44.991393,36.53374],[44.993408,36.549656],[45.013252,36.557925],[45.04431,36.64934],[45.035266,36.689596],[44.996199,36.741686],[44.922715,36.775896],[44.851195,36.781219],[44.823393,36.809331],[44.883441,36.886845],[44.888815,36.910926],[44.869178,36.967357],[44.887368,37.015933],[44.840601,37.047197],[44.801895,37.043528],[44.752699,37.103318],[44.772336,37.161247],[44.753526,37.215326],[44.798485,37.260311],[44.801585,37.292686],[44.721384,37.343277],[44.698026,37.380045],[44.661646,37.375653],[44.638184,37.412601],[44.572142,37.430791],[44.571832,37.539208],[44.587438,37.584012],[44.583511,37.601091],[44.540878,37.632717],[44.54527,37.663025],[44.588162,37.693979],[44.59612,37.716381],[44.559378,37.752012],[44.506461,37.779349],[44.43644,37.767799],[44.433029,37.806117],[44.4044,37.809735],[44.367142,37.860222],[44.319238,37.876862],[44.219605,37.875312],[44.202087,37.897171],[44.225496,37.929314],[44.227564,37.98099],[44.29588,38.07902],[44.33381,38.10088],[44.327092,38.128397],[44.360579,38.147853],[44.376702,38.201545],[44.372413,38.249501],[44.43675,38.29694],[44.458764,38.338333],[44.438817,38.367556],[44.409051,38.381793],[44.363369,38.36461],[44.289524,38.382258],[44.297017,38.622321],[44.282547,38.645394],[44.244307,38.658959],[44.260481,38.679242],[44.248648,38.721824],[44.279808,38.814221],[44.275002,38.843573],[44.205756,38.875664],[44.174647,38.945763],[44.151961,38.964625],[44.139197,38.993952],[44.179143,39.034931],[44.169893,39.07436],[44.194801,39.120533],[44.186636,39.145131],[44.077702,39.200063],[44.082663,39.235668],[44.069434,39.287009],[44.047213,39.33791],[44.014863,39.374084],[44.061372,39.400284],[44.176507,39.411549],[44.29495,39.381215],[44.387967,39.414495],[44.404814,39.43439],[44.414012,39.560894],[44.457627,39.638719],[44.459487,39.698457],[44.565734,39.765894],[44.590435,39.771527],[44.646504,39.719541],[44.809647,39.636962]]]}},{"type":"Feature","properties":{"name":"Netherlands","iso":"NL","pop":17332850},"geometry":{"type":"MultiPolygon","coordinates":[[[[7.197472,53.216624],[7.171944,53.137714],[7.18507,53.105442],[7.192821,52.998006],[7.161919,52.932636],[7.061977,52.824012],[7.036655,52.647382],[7.018465,52.625988],[6.8654,52.641956],[6.737035,52.634695],[6.701792,52.619115],[6.703962,52.583071],[6.743753,52.559713],[6.671716,52.541678],[6.695074,52.475609],[6.714814,52.461553],[6.90023,52.431917],[6.9733,52.451373],[7.048231,52.365074],[7.012471,52.284949],[7.02632,52.230637],[6.981878,52.213997],[6.927721,52.171907],[6.88483,52.160332],[6.830673,52.112893],[6.749851,52.102867],[6.672957,52.050054],[6.675024,52.034809],[6.77817,52.001271],[6.809176,51.979542],[6.810726,51.960576],[6.716675,51.899262],[6.628153,51.897505],[6.528624,51.876421],[6.462892,51.848361],[6.378453,51.860117],[6.382483,51.827587],[6.344966,51.821102],[6.341969,51.836682],[6.287399,51.846165],[6.264661,51.866189],[6.22518,51.862546],[6.126995,51.89673],[6.092992,51.88531],[6.156141,51.842056],[6.084,51.853658],[5.931451,51.81565],[5.928041,51.806736],[5.964111,51.776556],[5.962354,51.756351],[5.939306,51.731882],[6.012067,51.715863],[6.021989,51.709506],[6.008553,51.681188],[6.031497,51.662998],[6.099193,51.644472],[6.086481,51.595534],[6.193348,51.509338],[6.205337,51.458436],[6.192727,51.398957],[6.207817,51.387666],[6.193554,51.344516],[6.147769,51.318161],[6.056612,51.211707],[6.060849,51.170909],[6.08431,51.162692],[6.134126,51.184215],[6.157071,51.179254],[6.126272,51.164578],[6.147252,51.152254],[5.982921,51.074687],[5.937963,51.030943],[5.880498,51.052053],[5.85249,51.042751],[5.874607,50.965366],[5.927731,50.977665],[6.003695,50.973737],[5.999871,50.929399],[6.063743,50.90754],[6.056715,50.852659],[6.009276,50.840464],[5.998321,50.800725],[5.968762,50.794627],[5.997081,50.762949],[5.99491,50.749927],[5.793165,50.752149],[5.752444,50.773439],[5.727846,50.754164],[5.706556,50.754216],[5.688366,50.76083],[5.700458,50.795557],[5.624493,50.830284],[5.622323,50.852659],[5.722369,50.911674],[5.76402,50.959423],[5.722369,50.959423],[5.777559,51.023553],[5.76402,51.035181],[5.771461,51.058125],[5.79885,51.061484],[5.811769,51.082309],[5.804948,51.096624],[5.845979,51.103393],[5.823241,51.118741],[5.840501,51.138921],[5.829132,51.156465],[5.781383,51.152409],[5.730844,51.18375],[5.659013,51.179074],[5.568373,51.207651],[5.545532,51.219924],[5.535197,51.26204],[5.493235,51.286535],[5.389056,51.258707],[5.215423,51.258733],[5.214906,51.294338],[5.197336,51.308342],[5.122922,51.313381],[5.102561,51.350665],[5.068145,51.37454],[5.065251,51.405907],[5.079927,51.438541],[5.027527,51.476807],[5.012128,51.474327],[4.957144,51.410997],[4.910325,51.391903],[4.762117,51.413375],[4.779067,51.426423],[4.822682,51.413685],[4.823922,51.475645],[4.778654,51.495359],[4.731215,51.485618],[4.630136,51.418206],[4.540632,51.420067],[4.521512,51.428645],[4.533191,51.467583],[4.525232,51.475929],[4.483064,51.474327],[4.377128,51.442882],[4.38922,51.434588],[4.379918,51.409525],[4.416195,51.373971],[4.411234,51.356737],[4.392217,51.350407],[4.261068,51.369379],[4.234711,51.419013],[4.20102,51.405341],[4.111095,51.406968],[3.99879,51.453111],[3.957042,51.455797],[3.90211,51.404934],[3.827159,51.391059],[3.689708,51.454291],[3.610037,51.445054],[3.535411,51.459215],[3.45102,51.529731],[3.45753,51.55508],[3.560395,51.594631],[3.851085,51.610785],[3.905772,51.569241],[3.871593,51.549384],[4.01588,51.530829],[4.05714,51.508368],[4.104828,51.445705],[4.283214,51.447699],[4.296723,51.470526],[4.267751,51.508287],[4.153331,51.535061],[4.091319,51.535061],[3.988129,51.590277],[4.067719,51.610663],[4.157237,51.607896],[4.207286,51.590277],[4.189952,51.616685],[4.135997,51.620429],[4.112966,51.63939],[4.112641,51.670803],[4.176931,51.685858],[4.071544,51.71719],[4.033946,51.784247],[3.981456,51.810004],[3.871593,51.788275],[3.862315,51.816067],[3.962657,51.847357],[4.047618,51.833686],[4.077647,51.843573],[4.032074,51.882025],[4.043468,51.908677],[4.015636,51.987698],[4.107677,51.991889],[4.141856,52.005601],[4.284679,52.112942],[4.406912,52.223456],[4.508149,52.336371],[4.596934,52.506578],[4.669444,52.796576],[4.711681,52.863105],[4.72641,52.9383],[4.745453,52.967597],[4.816905,52.967597],[4.824392,52.96015],[4.809418,52.929592],[4.832774,52.911322],[4.87379,52.903957],[5.078136,52.954006],[5.312755,53.082831],[5.379242,53.097357],[5.447439,53.220893],[5.591563,53.302802],[5.659679,53.311957],[5.980805,53.406073],[6.273936,53.412665],[6.311534,53.398993],[6.494395,53.438707],[6.730235,53.460639],[6.829112,53.450588],[6.866873,53.434272],[6.900564,53.351793],[7.02003,53.306138],[7.08546,53.309638],[7.073497,53.29564],[7.08074,53.266791],[7.194591,53.245022],[7.197472,53.216624]]],[[[3.349415,51.375223],[3.541352,51.416734],[3.755544,51.350084],[3.833995,51.343248],[3.955821,51.371772],[3.984141,51.410468],[4.029063,51.404202],[4.07016,51.370551],[4.121918,51.359361],[4.156505,51.357571],[4.180024,51.377427],[4.221491,51.368001],[4.207939,51.330589],[4.168562,51.29687],[3.927026,51.206255],[3.796285,51.208762],[3.781402,51.219872],[3.776234,51.254521],[3.635054,51.287827],[3.514338,51.281031],[3.503383,51.273952],[3.501212,51.240284],[3.453877,51.235633],[3.391658,51.24677],[3.36737,51.263487],[3.353211,51.288602],[3.349415,51.375223]]],[[[4.036632,51.685858],[4.097341,51.670233],[4.089041,51.644029],[3.960297,51.623847],[3.901541,51.641995],[3.88559,51.668362],[3.809255,51.69953],[3.765391,51.678412],[3.720551,51.676825],[3.686697,51.692694],[3.689464,51.725043],[3.81422,51.748236],[3.961762,51.738105],[4.036632,51.685858]]],[[[4.892589,53.104804],[4.913097,53.104804],[4.865245,53.050198],[4.818126,53.02676],[4.795665,53.000312],[4.726817,53.003079],[4.707693,53.028469],[4.733653,53.084215],[4.805675,53.133002],[4.85434,53.18773],[4.889822,53.180854],[4.885753,53.166205],[4.910167,53.134589],[4.892589,53.104804]]],[[[4.921235,53.25373],[5.054454,53.313788],[5.104828,53.309638],[5.036469,53.291815],[4.910167,53.21247],[4.878917,53.220893],[4.921235,53.25373]]],[[[5.437022,53.436469],[5.585297,53.453599],[5.562022,53.434312],[5.475434,53.426947],[5.4817,53.412665],[5.468598,53.408515],[5.208344,53.352688],[5.179861,53.353095],[5.167654,53.368232],[5.178884,53.385443],[5.250173,53.40644],[5.407237,53.422553],[5.437022,53.436469]]],[[[5.913829,53.473863],[5.9546,53.461086],[5.752778,53.447414],[5.678966,53.430121],[5.636078,53.448676],[5.658865,53.471869],[5.913829,53.473863]]],[[[6.310802,53.514146],[6.338715,53.502021],[6.127452,53.459906],[6.122813,53.481635],[6.14796,53.494859],[6.310802,53.514146]]],[[[6.455089,53.558092],[6.510102,53.543606],[6.49643,53.5362],[6.443044,53.549994],[6.455089,53.558092]]]]}},{"type":"Feature","properties":{"name":"Liechtenstein","iso":"LI","pop":38019},"geometry":{"type":"Polygon","coordinates":[[[9.521155,47.262801],[9.547096,47.243035],[9.540378,47.229108],[9.562909,47.19774],[9.552057,47.16689],[9.581823,47.154901],[9.615723,47.106764],[9.608798,47.080771],[9.560636,47.0524],[9.477023,47.063898],[9.51237,47.10803],[9.484981,47.176346],[9.487358,47.210014],[9.521155,47.262801]]]}},{"type":"Feature","properties":{"name":"Serbia","iso":"RS","pop":6944975},"geometry":{"type":"Polygon","coordinates":[[[20.305665,46.053572],[20.35393,45.976678],[20.481674,45.912703],[20.572108,45.887691],[20.636704,45.827023],[20.645902,45.788731],[20.700059,45.735401],[20.726827,45.736176],[20.765171,45.766768],[20.785739,45.752557],[20.777264,45.657524],[20.754423,45.605589],[20.800208,45.530504],[20.797624,45.516499],[20.760727,45.493348],[20.767135,45.479344],[20.816021,45.462859],[20.981489,45.33279],[21.09156,45.288089],[21.139412,45.303696],[21.239251,45.229385],[21.405546,45.199671],[21.493292,45.145101],[21.494119,45.119314],[21.442443,45.092908],[21.421875,45.031413],[21.363378,45.01653],[21.351389,44.998236],[21.383945,44.986661],[21.385185,44.969504],[21.40844,44.958342],[21.51634,44.933899],[21.539078,44.908474],[21.536287,44.889302],[21.355523,44.856591],[21.342811,44.831942],[21.378571,44.816645],[21.395934,44.790239],[21.578042,44.777681],[21.595612,44.765951],[21.619693,44.713913],[21.65628,44.687661],[21.756842,44.677274],[21.855441,44.698461],[21.994347,44.658567],[22.045197,44.569219],[22.076306,44.550718],[22.086951,44.52178],[22.126639,44.502659],[22.185136,44.515113],[22.304922,44.677377],[22.38068,44.700528],[22.426052,44.733653],[22.483723,44.72399],[22.587489,44.649369],[22.700144,44.63061],[22.765153,44.58281],[22.741692,44.551855],[22.700144,44.54183],[22.621182,44.569219],[22.580461,44.565498],[22.548422,44.511703],[22.484136,44.499766],[22.477005,44.463954],[22.505427,44.435015],[22.505117,44.404061],[22.522687,44.37507],[22.582838,44.328406],[22.68154,44.305307],[22.69164,44.228435],[22.648777,44.213995],[22.606196,44.174566],[22.597101,44.119065],[22.604749,44.079378],[22.592967,44.063926],[22.534159,44.057157],[22.50367,44.019898],[22.43432,44.013955],[22.399594,43.993336],[22.394529,43.936337],[22.349467,43.807921],[22.388535,43.758286],[22.386054,43.725498],[22.404865,43.687179],[22.466256,43.64912],[22.481966,43.599459],[22.478452,43.559229],[22.518863,43.474247],[22.596274,43.429159],[22.637822,43.426369],[22.664694,43.396732],[22.73301,43.381513],[22.80453,43.328984],[22.826958,43.28139],[22.883802,43.230592],[22.981367,43.198992],[22.984571,43.174627],[22.955632,43.108274],[22.901682,43.069749],[22.884215,43.036651],[22.829025,42.993501],[22.776418,42.979729],[22.727015,42.886892],[22.666244,42.871932],[22.563615,42.884283],[22.53757,42.868341],[22.506047,42.870123],[22.427395,42.813615],[22.482896,42.733775],[22.442072,42.681685],[22.449203,42.667965],[22.425328,42.572855],[22.512145,42.519189],[22.536536,42.47839],[22.508838,42.404932],[22.46977,42.391703],[22.423985,42.325893],[22.307609,42.31933],[22.276914,42.341241],[22.268852,42.370335],[22.095529,42.305817],[22.027627,42.303956],[21.929028,42.335117],[21.88438,42.309512],[21.8172,42.305145],[21.676886,42.234945],[21.575044,42.242022],[21.514893,42.317832],[21.51603,42.341939],[21.617419,42.386639],[21.618969,42.449245],[21.717671,42.551151],[21.727697,42.574147],[21.718291,42.591019],[21.734725,42.624247],[21.772758,42.647501],[21.764387,42.669619],[21.708886,42.687189],[21.629408,42.672203],[21.565226,42.720184],[21.378674,42.744136],[21.40844,42.846998],[21.260542,42.886556],[21.23243,42.910896],[21.225298,42.973554],[21.209795,42.995878],[21.165354,42.985103],[21.147887,42.992622],[21.124012,43.058277],[21.092593,43.090678],[21.005157,43.099128],[20.838552,43.170467],[20.839999,43.212092],[20.8647,43.217337],[20.819432,43.257412],[20.769512,43.260849],[20.666986,43.209663],[20.604044,43.197959],[20.600117,43.173826],[20.626058,43.123725],[20.669157,43.109799],[20.643835,43.052257],[20.596396,43.007092],[20.562393,43.009495],[20.530457,42.975156],[20.476403,42.966371],[20.459454,42.950015],[20.450979,42.922032],[20.488909,42.899191],[20.498831,42.877875],[20.4763,42.855525],[20.345352,42.827439],[20.35362,42.890975],[20.337084,42.906969],[20.19456,42.966836],[20.116942,42.976654],[19.959742,43.07856],[19.92915,43.113907],[19.872203,43.090368],[19.805127,43.089955],[19.761202,43.108739],[19.713556,43.165609],[19.663016,43.158504],[19.598111,43.176203],[19.512431,43.240643],[19.473054,43.293276],[19.372285,43.384226],[19.218392,43.438202],[19.175914,43.480887],[19.175191,43.509619],[19.195345,43.532796],[19.217462,43.532796],[19.252706,43.588633],[19.300868,43.588297],[19.34655,43.608838],[19.38045,43.585584],[19.410732,43.540754],[19.431816,43.57114],[19.48959,43.564448],[19.477498,43.616977],[19.507367,43.647182],[19.505713,43.67364],[19.461685,43.762136],[19.359469,43.842209],[19.275443,43.933263],[19.229348,43.95768],[19.240717,43.965741],[19.243507,44.002018],[19.287329,44.013025],[19.364637,43.973286],[19.528554,43.977213],[19.593357,44.005584],[19.618885,44.035711],[19.598938,44.062583],[19.580231,44.051524],[19.522043,44.08501],[19.476361,44.127023],[19.465716,44.15281],[19.442565,44.143198],[19.362363,44.191206],[19.324329,44.263966],[19.157001,44.293577],[19.116693,44.343703],[19.107185,44.382718],[19.141394,44.430829],[19.129922,44.518317],[19.179635,44.538264],[19.188317,44.57604],[19.277614,44.684871],[19.318025,44.715463],[19.363707,44.854628],[19.376626,44.862999],[19.353165,44.899018],[19.31017,44.91235],[19.201856,44.908371],[19.18687,44.927543],[19.08455,44.878967],[19.015821,44.865635],[18.991429,44.914934],[19.018405,44.925683],[19.06667,44.905684],[19.131679,44.953175],[19.118554,44.97555],[19.087238,44.977101],[19.095402,45.020922],[19.082277,45.084949],[19.044863,45.137246],[19.060056,45.146858],[19.137674,45.146031],[19.141705,45.162154],[19.121861,45.195795],[19.143875,45.199516],[19.185319,45.168045],[19.225937,45.161947],[19.286709,45.179517],[19.304279,45.166547],[19.390682,45.169337],[19.405358,45.179672],[19.407838,45.203133],[19.397296,45.223287],[19.378073,45.229592],[19.28975,45.23631],[19.158482,45.276171],[19.104147,45.298726],[19.082956,45.339224],[19.03024,45.345137],[18.977491,45.371209],[18.975527,45.39113],[19.02262,45.402392],[19.031319,45.416201],[18.997144,45.455517],[19.00962,45.498671],[19.077212,45.491643],[19.106255,45.511642],[19.018095,45.567401],[18.941717,45.538927],[18.90358,45.573085],[18.912365,45.619232],[18.968485,45.668738],[18.962697,45.683052],[18.917325,45.706565],[18.900169,45.764908],[18.844978,45.815706],[18.855314,45.857357],[18.90699,45.867951],[18.872884,45.895236],[18.90699,45.9157],[18.901306,45.931203],[18.987502,45.923813],[18.981818,45.950788],[19.048584,45.963449],[19.049721,45.993111],[19.06543,46.012025],[19.111009,46.012955],[19.148009,45.984068],[19.263454,45.981432],[19.306966,46.026649],[19.378899,46.033677],[19.404738,46.060239],[19.453727,46.07755],[19.499305,46.108608],[19.487523,46.134239],[19.549948,46.16416],[19.669321,46.1731],[19.79045,46.129072],[19.92915,46.16354],[19.993125,46.159406],[20.034983,46.142973],[20.098442,46.154962],[20.138026,46.136461],[20.170479,46.145505],[20.242826,46.108091],[20.305665,46.053572]]]}},{"type":"Feature","properties":{"name":"Croatia","iso":"HR","pop":4067500},"geometry":{"type":"MultiPolygon","coordinates":[[[[16.481298,46.519022],[16.577623,46.470653],[16.594263,46.482978],[16.659272,46.464193],[16.75508,46.381873],[16.769343,46.39611],[16.827531,46.374018],[16.837659,46.381873],[16.875073,46.342857],[16.889232,46.292163],[17.052943,46.153463],[17.116195,46.123129],[17.208593,46.116566],[17.24859,46.080238],[17.275875,46.012025],[17.316803,45.997659],[17.290138,45.984636],[17.327138,45.972027],[17.337887,45.984636],[17.345328,45.955697],[17.38915,45.963087],[17.406203,45.943657],[17.426667,45.956731],[17.511933,45.95394],[17.591102,45.936215],[17.645775,45.891825],[17.656524,45.84542],[17.809176,45.814414],[17.858062,45.771729],[17.889791,45.792141],[17.975367,45.792141],[18.080477,45.771729],[18.12895,45.785372],[18.211219,45.785372],[18.317672,45.747286],[18.367178,45.75819],[18.404385,45.741809],[18.481797,45.791418],[18.530269,45.79085],[18.57347,45.816688],[18.655636,45.907587],[18.775525,45.882834],[18.804878,45.913633],[18.828339,45.905726],[18.901306,45.931203],[18.90699,45.9157],[18.872884,45.895236],[18.90699,45.867951],[18.855314,45.857357],[18.844978,45.815706],[18.900169,45.764908],[18.917325,45.706565],[18.962697,45.683052],[18.968485,45.668738],[18.912365,45.619232],[18.90358,45.573085],[18.941717,45.538927],[19.018095,45.567401],[19.106255,45.511642],[19.077212,45.491643],[19.00962,45.498671],[18.997144,45.455517],[19.031319,45.416201],[19.02262,45.402392],[18.975527,45.39113],[18.977491,45.371209],[19.03024,45.345137],[19.082956,45.339224],[19.104147,45.298726],[19.158482,45.276171],[19.28975,45.23631],[19.378073,45.229592],[19.397296,45.223287],[19.407838,45.203133],[19.405358,45.179672],[19.390682,45.169337],[19.304279,45.166547],[19.286709,45.179517],[19.225937,45.161947],[19.185319,45.168045],[19.143875,45.199516],[19.121861,45.195795],[19.141705,45.162154],[19.137674,45.146031],[19.060056,45.146858],[19.044863,45.137246],[19.082277,45.084949],[19.095402,45.020922],[19.087238,44.977101],[19.118554,44.97555],[19.131679,44.953175],[19.06667,44.905684],[19.018405,44.925683],[18.991429,44.914934],[19.015821,44.865635],[18.889627,44.86119],[18.817797,44.887545],[18.78338,44.913745],[18.772631,44.942478],[18.804568,44.973845],[18.791752,45.001544],[18.738318,45.01591],[18.684058,45.084794],[18.671346,45.086861],[18.648711,45.062677],[18.616672,45.097662],[18.549596,45.094768],[18.53492,45.090427],[18.541121,45.055287],[18.51704,45.055856],[18.466087,45.074046],[18.412033,45.112441],[18.322323,45.12288],[18.237884,45.157451],[18.20233,45.144067],[18.192512,45.108514],[18.153651,45.097558],[18.090296,45.107997],[18.035002,45.143344],[18.003479,45.149338],[17.911185,45.081074],[17.835738,45.064434],[17.684739,45.163963],[17.629962,45.157348],[17.572395,45.120399],[17.481858,45.114405],[17.496224,45.14169],[17.447751,45.1343],[17.458086,45.146134],[17.443307,45.162051],[17.434109,45.148563],[17.382432,45.139623],[17.268951,45.189543],[17.24549,45.155384],[17.187095,45.148563],[17.055734,45.200446],[17.036303,45.23047],[17.008295,45.216156],[17.008295,45.244165],[16.998683,45.2314],[16.961166,45.250934],[16.967987,45.237292],[16.947317,45.23569],[16.924372,45.284524],[16.830734,45.216983],[16.811718,45.181223],[16.528944,45.222254],[16.481919,45.199516],[16.435513,45.132853],[16.389211,45.116834],[16.340635,45.005936],[16.316244,45.001234],[16.212994,45.031464],[16.121527,45.096163],[16.067474,45.169595],[16.024375,45.184323],[16.020448,45.213934],[15.878855,45.217241],[15.824801,45.210988],[15.792348,45.189801],[15.780049,45.160294],[15.78377,45.100917],[15.755968,45.042213],[15.763616,44.97555],[15.730853,44.927233],[15.734264,44.902118],[15.773435,44.845016],[15.76868,44.827342],[15.716074,44.80321],[15.728476,44.769103],[15.805681,44.696653],[15.856427,44.703577],[15.888776,44.724248],[15.905416,44.690141],[15.948101,44.678101],[15.968978,44.63924],[16.028303,44.624719],[16.044736,44.589372],[16.006082,44.541003],[16.026649,44.52519],[16.0837,44.534905],[16.116463,44.52147],[16.159664,44.416101],[16.13827,44.377602],[16.171343,44.377086],[16.202866,44.359774],[16.18757,44.282414],[16.215785,44.208155],[16.275523,44.157357],[16.326889,44.082375],[16.367197,44.058139],[16.414016,44.055813],[16.439647,44.014007],[16.501039,43.992716],[16.678599,43.840684],[16.712602,43.771515],[16.82381,43.707307],[17.030516,43.54848],[17.142757,43.489336],[17.239495,43.478407],[17.270501,43.463214],[17.286417,43.437376],[17.267607,43.353324],[17.289931,43.30343],[17.328689,43.260358],[17.400209,43.216045],[17.442067,43.152432],[17.587381,43.082126],[17.628412,43.046573],[17.662725,42.965699],[17.63451,42.950403],[17.580658,42.942084],[17.515636,42.958889],[17.470876,43.013414],[17.501964,43.030992],[17.433604,43.017401],[17.460216,43.030992],[17.432302,43.0362],[17.426117,43.065172],[17.404552,43.0515],[17.316254,43.127265],[17.113943,43.213202],[16.93393,43.373603],[16.880626,43.405951],[16.752452,43.419501],[16.625824,43.449042],[16.524669,43.51081],[16.391449,43.51081],[16.473399,43.538153],[16.433849,43.54975],[16.336762,43.551174],[16.239594,43.526557],[16.117686,43.524482],[16.164887,43.504096],[16.172374,43.489691],[16.11085,43.489691],[16.113129,43.478909],[16.014008,43.503974],[15.959483,43.503974],[15.961274,43.515041],[15.983653,43.521064],[15.987315,43.544908],[15.959483,43.538153],[15.925304,43.55858],[15.944184,43.566718],[15.917979,43.572903],[15.93214,43.586575],[15.917979,43.593329],[15.918956,43.62873],[15.966319,43.641181],[15.904796,43.648017],[15.952973,43.650865],[15.93214,43.668443],[15.95045,43.688544],[15.938975,43.696438],[15.931163,43.6765],[15.792166,43.754462],[15.706309,43.763414],[15.68214,43.797187],[15.617442,43.825507],[15.663097,43.812974],[15.678884,43.819281],[15.574067,43.859524],[15.512218,43.911078],[15.455089,43.928046],[15.358084,44.025702],[15.319509,44.045233],[15.212901,44.131049],[15.212738,44.148261],[15.144542,44.195461],[15.160411,44.213202],[15.152192,44.235297],[15.110362,44.26435],[15.140636,44.282457],[15.157563,44.280341],[15.176606,44.249945],[15.207774,44.272773],[15.185395,44.285386],[15.206554,44.285386],[15.19809,44.301663],[15.295258,44.250678],[15.281749,44.285386],[15.302745,44.29914],[15.261241,44.332587],[15.42449,44.267971],[15.503591,44.259223],[15.525238,44.260688],[15.528656,44.271796],[15.449229,44.285386],[15.406016,44.320624],[15.307953,44.354397],[15.080089,44.536078],[15.007335,44.569729],[14.8838,44.723619],[14.895193,44.736151],[14.8838,44.861477],[14.921641,44.958808],[14.852794,45.093655],[14.657888,45.196601],[14.57602,45.262274],[14.568614,45.275946],[14.582205,45.285346],[14.570811,45.293647],[14.534353,45.31269],[14.555431,45.295885],[14.533051,45.283881],[14.402354,45.338609],[14.329763,45.35399],[14.311534,45.34398],[14.271983,45.290107],[14.232595,45.149359],[14.209239,45.12637],[14.179373,45.134508],[14.195323,45.120592],[14.193126,45.105618],[14.164399,45.079901],[14.158214,45.087348],[14.158214,45.053209],[14.143891,45.059394],[14.166189,45.018948],[14.151378,44.977484],[14.101329,44.97427],[14.068858,44.94953],[14.083832,44.986396],[14.054535,45.018459],[14.051931,45.038031],[14.040294,45.038967],[14.044281,45.00141],[14.075694,44.98371],[14.044444,44.951402],[14.034679,44.956366],[14.039073,44.93183],[14.022472,44.923489],[14.020518,44.901109],[13.972667,44.901109],[13.993012,44.881293],[13.972667,44.826646],[14.000011,44.813056],[13.924815,44.813056],[13.918712,44.829047],[13.890147,44.833482],[13.883149,44.826646],[13.904307,44.817288],[13.917979,44.778266],[13.903168,44.772406],[13.896983,44.813056],[13.849132,44.826646],[13.855968,44.840277],[13.842296,44.840277],[13.842296,44.854641],[13.78712,44.875067],[13.819591,44.867662],[13.842296,44.888129],[13.815278,44.883531],[13.794607,44.894965],[13.808116,44.915432],[13.774099,44.963813],[13.660818,45.061225],[13.62322,45.073065],[13.636892,45.093573],[13.612559,45.117865],[13.63852,45.130032],[13.726248,45.134508],[13.595958,45.145413],[13.599376,45.171291],[13.582286,45.196601],[13.594493,45.212633],[13.595225,45.2508],[13.57545,45.264879],[13.602712,45.285346],[13.57545,45.306464],[13.609548,45.320136],[13.561778,45.326361],[13.54127,45.346137],[13.554942,45.367336],[13.513357,45.436225],[13.520763,45.457261],[13.504568,45.483873],[13.507091,45.511908],[13.589529,45.488837],[13.624107,45.462745],[13.759294,45.463169],[13.819859,45.432628],[13.889002,45.423637],[13.98264,45.475313],[13.961452,45.493142],[13.971891,45.514226],[14.092917,45.473918],[14.218698,45.497172],[14.326805,45.4749],[14.372797,45.477845],[14.468915,45.525594],[14.498577,45.596184],[14.580949,45.667808],[14.591905,45.663364],[14.603067,45.603574],[14.669833,45.564558],[14.668489,45.533966],[14.781247,45.493348],[14.797164,45.465185],[14.838815,45.458983],[14.881603,45.469784],[14.904444,45.514432],[14.922634,45.514949],[15.007383,45.480843],[15.056166,45.479912],[15.139262,45.430045],[15.18422,45.4256],[15.325193,45.452834],[15.361367,45.482031],[15.296668,45.522959],[15.268556,45.601662],[15.297391,45.625692],[15.373769,45.640213],[15.330774,45.684551],[15.304936,45.672149],[15.283025,45.680107],[15.250883,45.70765],[15.255017,45.723463],[15.429063,45.775295],[15.451284,45.815137],[15.48539,45.810176],[15.523527,45.826816],[15.626054,45.820202],[15.676076,45.841699],[15.659436,45.888828],[15.67556,45.925157],[15.674216,45.993163],[15.697987,46.036209],[15.631531,46.070574],[15.58988,46.113517],[15.604349,46.167002],[15.639799,46.207672],[15.749767,46.210772],[15.81829,46.255524],[15.883712,46.2594],[16.019208,46.298829],[16.059619,46.332315],[16.057965,46.377532],[16.106024,46.373734],[16.143851,46.394714],[16.191807,46.369781],[16.275626,46.373165],[16.278727,46.387351],[16.250925,46.404998],[16.234905,46.493339],[16.344149,46.546979],[16.406264,46.539486],[16.440371,46.519022],[16.481298,46.519022]]],[[[18.437355,42.559212],[18.437148,42.493402],[18.454925,42.464722],[18.492855,42.442372],[18.49643,42.416327],[18.474457,42.441352],[18.413097,42.461859],[18.411876,42.47602],[18.238943,42.559068],[18.220551,42.579169],[18.21754,42.620103],[18.07602,42.651313],[18.057384,42.667914],[18.077322,42.667914],[18.043224,42.702053],[18.028331,42.691311],[17.901622,42.751899],[17.880707,42.768744],[17.892833,42.790839],[17.806651,42.811916],[17.780121,42.796942],[17.720958,42.826239],[17.761892,42.778713],[17.748709,42.77204],[17.748871,42.790839],[17.72877,42.800767],[17.44044,42.873358],[17.442719,42.898627],[17.417247,42.9112],[17.350922,42.92178],[17.213878,42.982611],[17.046153,42.995063],[17.017914,43.013821],[17.028168,43.030992],[17.001638,43.0515],[17.073253,43.024156],[17.240245,43.022773],[17.390473,42.977729],[17.454112,42.942288],[17.460216,42.92178],[17.50766,42.909084],[17.526134,42.92178],[17.55893,42.912828],[17.741466,42.83926],[17.701915,42.868476],[17.707367,42.88703],[17.678722,42.879381],[17.653331,42.890937],[17.701586,42.9195],[17.786748,42.901388],[17.81176,42.909863],[17.826229,42.888649],[17.827159,42.853122],[17.858475,42.816974],[17.904467,42.804546],[17.995315,42.740441],[18.224138,42.628071],[18.338653,42.602517],[18.385265,42.566524],[18.437355,42.559212]]],[[[16.921072,42.777167],[16.936371,42.75552],[16.905447,42.731757],[16.858165,42.742987],[16.834321,42.730943],[16.809825,42.749823],[16.824067,42.764065],[16.802989,42.763495],[16.828136,42.780951],[16.921072,42.777167]]],[[[17.658946,42.742987],[17.730479,42.713446],[17.748871,42.694566],[17.385916,42.770941],[17.37379,42.759996],[17.323741,42.790839],[17.392345,42.801703],[17.371593,42.790839],[17.486013,42.782172],[17.597504,42.749823],[17.590668,42.742987],[17.658946,42.742987]]],[[[17.131847,42.96955],[17.200206,42.92178],[17.107432,42.914293],[16.972911,42.926703],[16.85141,42.900702],[16.655447,42.926256],[16.638438,42.93476],[16.706798,42.96955],[16.631684,42.982611],[16.72047,42.990058],[16.824067,42.962104],[17.032074,42.982611],[17.131847,42.96955]]],[[[16.245453,43.076361],[16.252126,43.062405],[16.210297,43.033271],[16.121349,43.013373],[16.063162,43.017401],[16.084483,43.025946],[16.087087,43.041409],[16.048839,43.065172],[16.130219,43.088446],[16.199718,43.079413],[16.192882,43.071967],[16.245453,43.076361]]],[[[16.670177,43.125474],[16.559825,43.142971],[16.371593,43.195502],[16.49643,43.218085],[16.554942,43.187934],[16.583263,43.188666],[16.520518,43.22899],[16.562755,43.22899],[16.583263,43.215969],[16.659516,43.215969],[16.693126,43.188666],[16.68629,43.18183],[16.727712,43.164618],[16.864431,43.16885],[16.896739,43.154771],[17.155284,43.140326],[17.19337,43.127265],[16.670177,43.125474]]],[[[16.500743,43.284247],[16.405772,43.332709],[16.42628,43.325181],[16.439789,43.332709],[16.434906,43.346422],[16.453461,43.353176],[16.42628,43.39411],[16.447032,43.394843],[16.493907,43.38231],[16.687673,43.377021],[16.809825,43.353176],[16.796153,43.346381],[16.830333,43.346381],[16.892345,43.312201],[16.846202,43.273383],[16.628266,43.263739],[16.500743,43.284247]]],[[[16.375987,43.333441],[16.207042,43.387274],[16.213227,43.39411],[16.20045,43.40705],[16.220063,43.415229],[16.298188,43.403632],[16.302745,43.387274],[16.329845,43.389716],[16.391449,43.346381],[16.375987,43.333441]]],[[[15.740408,43.627509],[15.672048,43.637437],[15.60377,43.674709],[15.650157,43.673041],[15.678884,43.648017],[15.740408,43.627509]]],[[[15.240733,43.880764],[15.342459,43.811835],[15.395681,43.772406],[15.30893,43.805609],[15.227794,43.874457],[15.240733,43.880764]]],[[[15.309581,43.958441],[15.261241,44.011054],[15.384044,43.97016],[15.391612,43.942206],[15.426768,43.922065],[15.446056,43.887519],[15.358653,43.919379],[15.356781,43.93537],[15.309581,43.958441]]],[[[15.254405,44.01789],[15.223318,44.050279],[15.206554,44.045233],[15.199067,44.058824],[15.189138,44.047797],[15.121837,44.092231],[15.068696,44.133979],[15.075531,44.140815],[15.062511,44.161933],[15.225759,44.06623],[15.247081,44.046698],[15.254405,44.01789]]],[[[14.83546,44.151028],[14.869151,44.14053],[14.835216,44.141669],[14.819835,44.153022],[14.822439,44.168687],[14.83546,44.151028]]],[[[15.144542,43.949652],[15.220225,43.90119],[15.195486,43.895209],[15.133311,43.92121],[15.196788,43.886379],[15.194509,43.872626],[15.121349,43.912584],[15.042817,43.990424],[15.003103,44.052314],[14.870128,44.140815],[14.84962,44.175605],[14.939138,44.127143],[14.954438,44.103217],[15.007335,44.093004],[15.000499,44.079413],[15.022716,44.072211],[15.041352,44.026435],[15.11378,43.983791],[15.144542,43.949652]]],[[[14.91863,44.504543],[14.761485,44.658637],[14.733653,44.703192],[14.845225,44.600531],[14.8838,44.579657],[14.880138,44.609198],[14.904063,44.610012],[15.003917,44.536078],[15.041189,44.527493],[15.075531,44.484076],[15.007335,44.504543],[15.014171,44.518744],[14.972911,44.536119],[14.911143,44.552314],[14.965994,44.523871],[15.048025,44.439439],[15.09669,44.415188],[15.064952,44.437934],[15.041515,44.47663],[15.083263,44.461859],[15.254405,44.340033],[15.235118,44.336249],[15.16505,44.367377],[15.215831,44.338121],[15.227061,44.326361],[15.206554,44.326361],[15.220225,44.31273],[15.13087,44.332587],[15.172374,44.29914],[15.128754,44.311998],[15.09669,44.340033],[15.110362,44.353705],[15.089203,44.374213],[15.117198,44.387193],[15.083018,44.401516],[15.049001,44.39468],[15.020763,44.429999],[14.897472,44.490912],[14.91863,44.504543]]],[[[14.526622,44.50373],[14.534353,44.484076],[14.511974,44.482245],[14.438162,44.538642],[14.466075,44.538642],[14.437999,44.564643],[14.404063,44.579657],[14.386567,44.565619],[14.363048,44.573432],[14.382579,44.603258],[14.349376,44.655341],[14.335785,44.716783],[14.397472,44.685614],[14.390391,44.662177],[14.410004,44.600979],[14.526622,44.50373]]],[[[14.740489,44.770494],[14.75408,44.757758],[14.699474,44.765204],[14.657888,44.798774],[14.70574,44.792548],[14.699474,44.813056],[14.726817,44.798774],[14.685802,44.847154],[14.726817,44.840277],[14.719981,44.854641],[14.753266,44.845852],[14.740489,44.820502],[14.822439,44.77143],[14.85906,44.717353],[14.84962,44.703192],[14.77296,44.760321],[14.740489,44.770494]]],[[[14.508067,44.653306],[14.534353,44.634263],[14.513357,44.618842],[14.472992,44.620266],[14.427908,44.656562],[14.394542,44.707587],[14.397227,44.751614],[14.368175,44.761054],[14.361583,44.815985],[14.329845,44.83393],[14.314138,44.893785],[14.2942,44.908637],[14.301524,44.922309],[14.292491,44.940334],[14.301524,44.943427],[14.35963,44.908637],[14.38738,44.909003],[14.397227,44.929104],[14.39031,44.960395],[14.404063,44.94953],[14.411388,44.956366],[14.37672,44.986884],[14.340831,45.055609],[14.278494,45.113349],[14.288585,45.14883],[14.31365,45.172431],[14.356212,45.169257],[14.363048,45.093573],[14.387706,45.039049],[14.417654,44.997992],[14.473481,44.971422],[14.451915,44.922309],[14.451915,44.850898],[14.466563,44.804836],[14.451915,44.798774],[14.472911,44.765204],[14.472179,44.707953],[14.513927,44.662177],[14.508067,44.653306]]],[[[14.706391,44.946723],[14.628917,44.978176],[14.62086,45.0456],[14.603282,45.038967],[14.616954,45.024644],[14.510509,45.032172],[14.460134,45.052395],[14.425059,45.087348],[14.462657,45.10102],[14.476329,45.128363],[14.530121,45.134833],[14.521251,45.14883],[14.539561,45.170396],[14.536876,45.201728],[14.549815,45.221422],[14.534353,45.237535],[14.548839,45.248725],[14.595876,45.237535],[14.583995,45.23017],[14.62379,45.175482],[14.597423,45.166449],[14.665294,45.161811],[14.665294,45.087348],[14.740489,45.073065],[14.740001,45.044338],[14.799815,45.005194],[14.814952,44.977484],[14.784679,44.969306],[14.760916,44.977484],[14.747244,44.970038],[14.756847,44.948717],[14.706391,44.946723]]],[[[16.264415,43.512885],[16.375255,43.49018],[16.333344,43.481391],[16.211436,43.490058],[16.2435,43.49494],[16.264415,43.512885]]],[[[14.753184,44.291002],[14.789724,44.266913],[14.759939,44.259833],[14.738129,44.272121],[14.753184,44.291002]]],[[[14.613455,44.340806],[14.6574,44.305243],[14.595063,44.347113],[14.613455,44.340806]]],[[[14.796723,44.381293],[14.811209,44.350043],[14.801036,44.343085],[14.756196,44.364],[14.76824,44.384223],[14.763438,44.415351],[14.782888,44.418931],[14.803233,44.405504],[14.796723,44.381293]]],[[[14.244151,44.661444],[14.280447,44.677558],[14.257335,44.656724],[14.264008,44.611558],[14.232595,44.626044],[14.244151,44.661444]]]]}},{"type":"Feature","properties":{"name":"Slovenia","iso":"SI","pop":2087946},"geometry":{"type":"Polygon","coordinates":[[[13.64282,45.459448],[13.589529,45.488837],[13.595958,45.518134],[13.568614,45.539252],[13.75294,45.552883],[13.711762,45.593207],[13.847764,45.584661],[13.894686,45.631841],[13.858409,45.649359],[13.778724,45.743411],[13.660334,45.792038],[13.581269,45.809246],[13.565973,45.83033],[13.56928,45.86454],[13.622817,45.966394],[13.605867,45.985411],[13.509439,45.967428],[13.461793,46.006392],[13.490008,46.025564],[13.482257,46.044839],[13.505098,46.066027],[13.616409,46.125041],[13.645037,46.161731],[13.637389,46.180386],[13.559048,46.184107],[13.468304,46.223433],[13.422829,46.228601],[13.437402,46.210927],[13.410116,46.207982],[13.365261,46.290302],[13.391306,46.301568],[13.434094,46.353864],[13.530006,46.388332],[13.600182,46.442644],[13.67749,46.452075],[13.700951,46.519746],[13.782135,46.507782],[13.860683,46.51525],[13.98233,46.481918],[14.050026,46.484399],[14.149865,46.440061],[14.40649,46.439337],[14.450931,46.414481],[14.502194,46.418356],[14.540332,46.378643],[14.557695,46.38394],[14.590148,46.434428],[14.679961,46.458871],[14.709727,46.492512],[14.788585,46.506646],[14.85039,46.601136],[14.933589,46.621135],[14.967179,46.600257],[15.004386,46.636844],[15.061954,46.649557],[15.204891,46.638963],[15.388135,46.645578],[15.462653,46.614649],[15.511228,46.628369],[15.545955,46.671881],[15.626984,46.680873],[15.635975,46.717563],[15.728683,46.70299],[15.850743,46.724488],[15.986962,46.69219],[16.016723,46.670691],[16.014557,46.693714],[15.970529,46.743014],[15.971976,46.820632],[16.094035,46.862774],[16.272009,46.863962],[16.325339,46.839442],[16.298157,46.775802],[16.314177,46.743324],[16.343426,46.714178],[16.357275,46.715832],[16.357585,46.699011],[16.405024,46.687255],[16.410502,46.668367],[16.368437,46.642994],[16.376395,46.629093],[16.430242,46.604392],[16.500832,46.544809],[16.515302,46.501711],[16.357895,46.546979],[16.263947,46.515922],[16.234905,46.493339],[16.233665,46.47874],[16.250925,46.404998],[16.278727,46.387351],[16.275626,46.373165],[16.191807,46.369781],[16.143851,46.394714],[16.106024,46.373734],[16.057965,46.377532],[16.059619,46.332315],[16.019208,46.298829],[15.883712,46.2594],[15.81829,46.255524],[15.749767,46.210772],[15.639799,46.207672],[15.604349,46.167002],[15.58988,46.113517],[15.631531,46.070574],[15.697987,46.036209],[15.674216,45.993163],[15.67556,45.925157],[15.659436,45.888828],[15.676076,45.841699],[15.626054,45.820202],[15.523527,45.826816],[15.48539,45.810176],[15.451284,45.815137],[15.429063,45.775295],[15.255017,45.723463],[15.250883,45.70765],[15.283025,45.680107],[15.304936,45.672149],[15.330774,45.684551],[15.373769,45.640213],[15.297391,45.625692],[15.268556,45.601662],[15.296668,45.522959],[15.361367,45.482031],[15.325193,45.452834],[15.18422,45.4256],[15.139262,45.430045],[15.056166,45.479912],[15.007383,45.480843],[14.922634,45.514949],[14.904444,45.514432],[14.881603,45.469784],[14.838815,45.458983],[14.797164,45.465185],[14.781247,45.493348],[14.668489,45.533966],[14.669833,45.564558],[14.603067,45.603574],[14.591905,45.663364],[14.580949,45.667808],[14.498577,45.596184],[14.468915,45.525594],[14.372797,45.477845],[14.326805,45.4749],[14.218698,45.497172],[14.092917,45.473918],[13.971891,45.514226],[13.961452,45.493142],[13.98264,45.475313],[13.889002,45.423637],[13.819859,45.432628],[13.759294,45.463169],[13.64282,45.459448]]]}},{"type":"Feature","properties":{"name":"Saudi Arabia","iso":"SA","pop":34268528},"geometry":{"type":"Polygon","coordinates":[[[37.486321,31.0009],[36.959532,31.490999],[38.96344,31.994327],[38.998064,32.006936],[39.116816,32.102899],[39.157744,32.121348],[40.029008,31.994482],[40.424126,31.920533],[42.075395,31.079861],[42.182536105779924,31.0],[37.486321,31.0009]]]}},{"type":"Feature","properties":{"name":"Bulgaria","iso":"BG","pop":6975761},"geometry":{"type":"Polygon","coordinates":[[[26.294911,41.710323],[26.211816,41.750476],[26.189905,41.734689],[26.108359,41.727893],[26.053686,41.701513],[26.055029,41.648751],[26.115284,41.616634],[26.1312,41.552659],[26.158072,41.542323],[26.16293,41.50646],[26.145877,41.478038],[26.175642,41.431891],[26.120865,41.357787],[25.882017,41.304043],[25.811013,41.341044],[25.679962,41.29717],[25.639758,41.311071],[25.551494,41.31567],[25.505089,41.280582],[25.453464,41.280427],[25.285722,41.239396],[25.23911,41.240895],[25.101858,41.336651],[25.08036,41.334067],[24.886367,41.400627],[24.803271,41.392668],[24.794279,41.3474],[24.774436,41.348072],[24.699195,41.408946],[24.580442,41.440521],[24.581062,41.460209],[24.549436,41.485428],[24.530936,41.547543],[24.510162,41.56165],[24.459209,41.549506],[24.438849,41.527699],[24.296119,41.515245],[24.286403,41.54036],[24.250747,41.563459],[24.19628,41.547026],[24.170235,41.511576],[24.146257,41.526769],[24.076597,41.536019],[24.047348,41.525735],[24.051999,41.463],[24.034739,41.451321],[24.000736,41.464137],[23.949887,41.437575],[23.894799,41.464344],[23.851598,41.439591],[23.777081,41.429049],[23.754446,41.400678],[23.672177,41.402952],[23.612439,41.371016],[23.513014,41.397733],[23.414519,41.399903],[23.326049,41.369311],[23.287705,41.398198],[23.224246,41.379026],[23.199545,41.332982],[23.15717,41.316342],[22.916978,41.335773],[22.940852,41.349829],[22.937339,41.410755],[22.954598,41.432408],[22.936098,41.626168],[22.967001,41.647046],[22.998627,41.693115],[23.008859,41.739934],[22.991185,41.760992],[22.945917,41.769338],[22.901372,41.860418],[22.880804,41.872691],[22.838223,42.019478],[22.798949,42.021235],[22.780862,42.043171],[22.718437,42.044463],[22.531058,42.129109],[22.481449,42.193317],[22.443622,42.214427],[22.345023,42.313439],[22.423985,42.325893],[22.46977,42.391703],[22.508838,42.404932],[22.533125,42.45759],[22.524857,42.507665],[22.425328,42.572855],[22.449203,42.667965],[22.442072,42.681685],[22.482896,42.733775],[22.427395,42.813615],[22.506047,42.870123],[22.53757,42.868341],[22.563615,42.884283],[22.666244,42.871932],[22.727015,42.886892],[22.776418,42.979729],[22.829025,42.993501],[22.955632,43.108274],[22.984571,43.174627],[22.981367,43.198992],[22.897754,43.220335],[22.826958,43.28139],[22.80453,43.328984],[22.73301,43.381513],[22.664694,43.396732],[22.637822,43.426369],[22.596274,43.429159],[22.518863,43.474247],[22.478452,43.559229],[22.481966,43.599459],[22.466256,43.64912],[22.404865,43.687179],[22.386054,43.725498],[22.388535,43.758286],[22.349467,43.807921],[22.394529,43.936337],[22.399594,43.993336],[22.43432,44.013955],[22.50367,44.019898],[22.534159,44.057157],[22.592967,44.063926],[22.604749,44.079378],[22.597101,44.119065],[22.606196,44.174566],[22.648777,44.213995],[22.69164,44.228435],[22.906436,44.122889],[23.030976,44.093072],[23.040071,44.062325],[23.023018,44.031629],[22.885869,43.994525],[22.850522,43.896986],[22.863441,43.855412],[22.888763,43.839522],[23.131849,43.847945],[23.234478,43.877297],[23.325151,43.886592],[23.484695,43.880604],[23.592699,43.837429],[23.742871,43.8427],[23.799922,43.818463],[24.159383,43.752938],[24.358234,43.760017],[24.466341,43.802418],[24.705603,43.743765],[24.963675,43.749605],[25.0816,43.718935],[25.252339,43.704646],[25.35962,43.654287],[25.403131,43.65005],[25.467417,43.667749],[25.556558,43.670359],[25.671384,43.717359],[25.781144,43.732009],[25.806259,43.763661],[25.869304,43.800893],[25.934003,43.870321],[26.054306,43.934322],[26.079317,43.969049],[26.150734,44.012405],[26.310518,44.052609],[26.753695,44.10811],[26.884126,44.156531],[27.001535,44.165109],[27.027476,44.177046],[27.100237,44.14449],[27.251132,44.122373],[27.269012,44.112399],[27.26431,44.089765],[27.285342,44.072453],[27.341669,44.053074],[27.383837,44.015092],[27.574523,44.016281],[27.633434,44.029768],[27.656275,44.023877],[27.721698,43.94874],[27.85647,43.988634],[27.912074,43.993336],[27.935845,43.964398],[27.98101,43.84934],[28.221254,43.761981],[28.434574,43.735213],[28.57838,43.741278],[28.57309,43.606147],[28.603526,43.538153],[28.560313,43.453843],[28.488617,43.40644],[28.473155,43.366848],[28.393809,43.414293],[28.321625,43.42829],[28.243175,43.407782],[28.157237,43.407782],[28.118826,43.391547],[28.091563,43.363959],[28.017589,43.232733],[27.903982,43.202338],[27.945567,43.16885],[27.911388,43.065172],[27.883556,43.030992],[27.903982,42.942288],[27.903982,42.859687],[27.883962,42.848375],[27.897146,42.784003],[27.892263,42.710517],[27.732677,42.714504],[27.71697,42.674506],[27.739513,42.661078],[27.628429,42.628974],[27.650157,42.558051],[27.540863,42.565497],[27.511485,42.553046],[27.480154,42.482896],[27.46225,42.489569],[27.452891,42.480129],[27.465668,42.42829],[27.472667,42.461859],[27.514171,42.435126],[27.544444,42.460028],[27.562022,42.448188],[27.571056,42.458482],[27.595551,42.448188],[27.629405,42.458645],[27.643321,42.455634],[27.636485,42.448188],[27.652192,42.418524],[27.691661,42.42829],[27.699067,42.413886],[27.719005,42.4147],[27.698009,42.400377],[27.719005,42.386705],[27.709483,42.376776],[27.714366,42.349189],[27.740408,42.334296],[27.780447,42.338935],[27.774425,42.321723],[27.787852,42.310981],[27.75115,42.277045],[27.75587,42.25849],[27.856212,42.181301],[27.849376,42.16706],[27.87908,42.154242],[27.903982,42.119818],[27.986583,42.072089],[27.982432,42.061103],[28.019054,42.00845],[28.016775,41.972561],[27.811925,41.994699],[27.802726,41.96005],[27.815335,41.946795],[27.789807,41.942686],[27.723971,41.967595],[27.687074,41.968602],[27.609301,41.953487],[27.603359,41.93863],[27.550752,41.924212],[27.560674,41.917675],[27.548892,41.91088],[27.562741,41.906435],[27.546411,41.901164],[27.494321,41.942841],[27.39686,41.989324],[27.332471,42.057434],[27.273353,42.091747],[27.216405,42.095623],[27.173824,42.057072],[27.046545,42.082936],[26.938903,41.996223],[26.860768,41.987903],[26.819427,41.965657],[26.780566,41.983433],[26.736745,41.958965],[26.605693,41.967414],[26.542958,41.920362],[26.558978,41.901733],[26.526112,41.824244],[26.478363,41.813289],[26.375527,41.816622],[26.334185,41.789543],[26.320026,41.765462],[26.316305,41.743758],[26.333359,41.713036],[26.294911,41.710323]]]}},{"type":"Feature","properties":{"name":"San Marino","iso":"SM","pop":33860},"geometry":{"type":"Polygon","coordinates":[[[12.399581,43.903218],[12.385629,43.924534],[12.395654,43.948409],[12.421389,43.967219],[12.48216,43.982567],[12.490325,43.939159],[12.460456,43.895259],[12.399581,43.903218]]]}},{"type":"Feature","properties":{"name":"Monaco","iso":"MC","pop":38964},"geometry":{"type":"Polygon","coordinates":[[[7.432845,43.739853],[7.404319,43.717969],[7.36575,43.72273],[7.372655,43.745832],[7.406969,43.763506],[7.432845,43.739853]]]}},{"type":"Feature","properties":{"name":"Algeria","iso":"DZ","pop":43053054},"geometry":{"type":"Polygon","coordinates":[[[-3.608741,31.030872],[-3.624141,31.086527],[-3.689718,31.125595],[-3.731421,31.176341],[-3.748862,31.180217],[-3.810796,31.142906],[-3.839322,31.152828],[-3.842836,31.170192],[-3.814982,31.220524],[-3.815189,31.337158],[-3.747467,31.385166],[-3.673484,31.389234],[-3.659507,31.647821],[-3.591378,31.678274],[-3.511564,31.672745],[-3.21921,31.717709],[-3.002556,31.77362],[-2.827836,31.794586],[-2.938731,32.048639],[-2.881189,32.076286],[-2.695567,32.08967],[-2.516147,32.1322],[-1.249557,32.08166],[-1.210335,32.08967],[-1.190594,32.125224],[-1.211833,32.158348],[-1.251831,32.163516],[-1.305161,32.151165],[-1.309554,32.167443],[-1.276636,32.200852],[-1.244131,32.356915],[-1.217983,32.392623],[-1.123157,32.417945],[-1.031999,32.4944],[-1.047502,32.517009],[-1.32702,32.69891],[-1.390531,32.718779],[-1.423345,32.742395],[-1.558789,32.93365],[-1.502978,32.974629],[-1.499516,33.060205],[-1.571398,33.111985],[-1.623591,33.196605],[-1.674234,33.237972],[-1.683226,33.36923],[-1.612739,33.521469],[-1.617338,33.554439],[-1.6624,33.644692],[-1.740742,33.686601],[-1.746788,33.702388],[-1.703225,33.761816],[-1.722087,33.851165],[-1.718728,33.898087],[-1.669635,34.079213],[-1.746064,34.290311],[-1.809626,34.372451],[-1.702966,34.479679],[-1.750664,34.494175],[-1.871121,34.596649],[-1.769526,34.741343],[-1.979745,34.865263],[-2.01628,34.926241],[-2.061239,34.929704],[-2.193789,35.003601],[-2.221126,35.049955],[-2.222564,35.089301],[-2.15689,35.100979],[-2.052358,35.075019],[-1.956451,35.075019],[-1.812734,35.126532],[-1.761138,35.129625],[-1.712799,35.1706],[-1.637685,35.194525],[-1.629506,35.212226],[-1.510365,35.295478],[-1.364003,35.318345],[-1.26773,35.390326],[-1.247304,35.45775],[-1.183339,35.576483],[-1.14802,35.582099],[-1.032948,35.682603],[-0.922678,35.725165],[-0.887563,35.715969],[-0.849477,35.73432],[-0.825022,35.768541],[-0.801666,35.773912],[-0.77717,35.756415],[-0.711293,35.742987],[-0.692454,35.719306],[-0.626454,35.722968],[-0.589345,35.742499],[-0.57726,35.770819],[-0.540924,35.767768],[-0.523427,35.77969],[-0.47704,35.859361],[-0.479482,35.890041],[-0.41804,35.883775],[-0.348541,35.90705],[-0.30191,35.87759],[-0.30191,35.842841],[-0.285553,35.828274],[-0.14509,35.790351],[-0.083079,35.794379],[0.034516,35.863267],[0.127289,36.050767],[0.219493,36.116523],[0.283458,36.134426],[0.321056,36.158881],[0.342296,36.205959],[0.451345,36.223212],[0.644054,36.328843],[0.753266,36.338609],[0.864757,36.377387],[0.925141,36.418158],[0.945567,36.452338],[1.04477,36.486884],[1.116954,36.487128],[1.178722,36.510891],[1.265473,36.515326],[1.367686,36.547919],[1.45281,36.528022],[1.716563,36.547919],[1.761241,36.561591],[2.059906,36.570136],[2.3296,36.637274],[2.373302,36.633857],[2.404063,36.599189],[2.447276,36.590562],[2.600759,36.59634],[2.792979,36.692939],[2.849864,36.754055],[2.933116,36.80858],[2.977061,36.815863],[3.047862,36.794989],[3.101817,36.751899],[3.179373,36.742825],[3.221202,36.77143],[3.227306,36.812323],[3.340505,36.780707],[3.480479,36.777248],[3.550466,36.791449],[3.570567,36.80858],[3.612071,36.80858],[3.741873,36.891181],[3.827485,36.912909],[3.873871,36.917222],[3.948253,36.893297],[4.031423,36.897773],[4.104828,36.883734],[4.159516,36.904202],[4.21046,36.891181],[4.261974,36.911607],[4.320323,36.898017],[4.440684,36.911607],[4.550548,36.883734],[4.581554,36.894924],[4.769054,36.898017],[4.94988,36.839789],[5.045909,36.78852],[5.104828,36.781317],[5.084809,36.732611],[5.09018,36.716783],[5.23585,36.650946],[5.304373,36.643012],[5.464854,36.665229],[5.549001,36.709703],[5.562755,36.745998],[5.593923,36.773871],[5.733735,36.832343],[5.868826,36.822943],[6.03712,36.853583],[6.197032,36.90233],[6.256847,36.945787],[6.254405,36.998969],[6.266856,37.017768],[6.338715,37.069281],[6.415782,37.092963],[6.462413,37.09394],[6.5442,37.058783],[6.599457,36.97309],[6.822032,36.952623],[6.86964,36.929185],[6.879649,36.902086],[6.948578,36.890041],[7.092296,36.92593],[7.156993,36.9147],[7.232921,36.966864],[7.255544,37.015367],[7.181651,37.076728],[7.222667,37.089789],[7.27475,37.069322],[7.292654,37.082506],[7.335948,37.069281],[7.383474,37.082994],[7.404633,37.051581],[7.456065,37.041978],[7.490245,37.054999],[7.588878,36.987616],[7.67449,36.986762],[7.712738,36.963202],[7.770763,36.97012],[7.798595,36.993598],[7.774262,36.931464],[7.791189,36.918443],[7.773448,36.88996],[7.809906,36.86815],[7.908458,36.849555],[8.049978,36.87759],[8.233165,36.958075],[8.288097,36.92593],[8.388845,36.923245],[8.463227,36.901557],[8.60251,36.939511],[8.608239,36.890721],[8.641725,36.836357],[8.554495,36.803646],[8.413109,36.783906],[8.406701,36.767989],[8.461788,36.732798],[8.430369,36.662621],[8.286915,36.583401],[8.193484,36.548985],[8.169919,36.525834],[8.167852,36.491365],[8.295597,36.46868],[8.349237,36.448784],[8.357712,36.430387],[8.354404,36.350909],[8.307069,36.243629],[8.302314,36.202339],[8.317094,36.145909],[8.275649,36.03682],[8.24144,35.827737],[8.257666,35.750325],[8.323605,35.652192],[8.337041,35.537935],[8.336731,35.508376],[8.290016,35.402595],[8.294356,35.32508],[8.317404,35.289475],[8.431299,35.241726],[8.360916,35.145918],[8.313683,35.103078],[8.300454,35.06768],[8.248881,34.901953],[8.266554,34.750283],[8.210641,34.681192],[8.236479,34.647654],[8.192864,34.617733],[8.167232,34.578562],[8.094058,34.530142],[7.831542,34.414386],[7.765293,34.244707],[7.733874,34.223778],[7.631451,34.199102],[7.517453,34.095026],[7.503707,34.067973],[7.479832,33.893901],[7.498539,33.799979],[7.534196,33.736236],[7.553006,33.658748],[7.693153,33.454109],[7.708242,33.414861],[7.709689,33.278151],[7.724985,33.231409],[7.75072,33.207664],[7.871953,33.184125],[8.002178,33.108368],[8.086824,33.094286],[8.282884,32.836369],[8.296423,32.804407],[8.331253,32.527628],[9.033743,32.090756],[9.32107601818826,31.0],[-3.586469248395491,31.0],[-3.608741,31.030872]]]}},{"type":"Feature","properties":{"name":"Andorra","iso":"AD","pop":77142},"geometry":{"type":"Polygon","coordinates":[[[1.697498,42.494462],[1.656984,42.49764],[1.639517,42.466427],[1.544432,42.450356],[1.51663,42.429504],[1.447901,42.434646],[1.407593,42.486762],[1.449968,42.504073],[1.446557,42.519886],[1.406456,42.52924],[1.4263,42.561796],[1.419272,42.579263],[1.451415,42.602052],[1.466814,42.641455],[1.543089,42.649362],[1.608304,42.618123],[1.721993,42.609855],[1.713311,42.589546],[1.765091,42.563372],[1.721683,42.548515],[1.697498,42.494462]]]}},{"type":"Feature","properties":{"name":"Afghanistan","iso":"AF","pop":38041754},"geometry":{"type":"Polygon","coordinates":[[[61.826438,31.014956],[61.78768,31.158616],[61.742722,31.239541],[61.742308,31.32088],[61.686911,31.373177],[60.821744,31.494668],[60.792599,31.660084],[60.805311,31.733981],[60.791462,31.826534],[60.796733,31.93676],[60.784021,31.989263],[60.792599,32.011277],[60.774926,32.027194],[60.81482,32.087862],[60.830323,32.248885],[60.577522,32.994344],[60.561502,33.137307],[60.757046,33.366337],[60.829082,33.416282],[60.832183,33.484495],[60.912075,33.501522],[60.92086,33.514105],[60.895125,33.541132],[60.846032,33.555782],[60.655553,33.559891],[60.574834,33.587796],[60.511789,33.638387],[60.486881,33.71138],[60.525845,33.80215],[60.528016,33.84145],[60.486778,34.094277],[60.492772,34.139028],[60.552407,34.220057],[60.650592,34.28535],[60.643667,34.306641],[60.890474,34.318914],[60.77937,34.455081],[60.699685,34.516396],[60.739269,34.548022],[60.838488,34.570914],[60.895435,34.628327],[60.947525,34.63799],[60.961994,34.67375],[60.959927,34.723205],[61.00964,34.76098],[61.034755,34.806249],[61.06545,34.814724],[61.074752,34.933114],[61.115887,35.059877],[61.147306,35.102096],[61.136764,35.111191],[61.139865,35.139665],[61.096353,35.193202],[61.112373,35.202038],[61.102451,35.25666],[61.122708,35.287666],[61.187097,35.300379],[61.195055,35.390089],[61.290036,35.548064],[61.269676,35.618499],[61.351531,35.627801],[61.360936,35.621031],[61.351531,35.60713],[61.383467,35.586459],[61.380263,35.567339],[61.393182,35.553593],[61.427702,35.542845],[61.538703,35.452307],[61.604746,35.430603],[61.739621,35.413757],[61.799049,35.417478],[61.919352,35.451842],[62.00746,35.438923],[62.136341,35.341358],[62.2337,35.293764],[62.251218,35.260381],[62.25096,35.202349],[62.286203,35.140647],[62.431879,35.280638],[62.458905,35.281879],[62.53549,35.22736],[62.621066,35.222709],[62.708606,35.25604],[62.760489,35.302446],[62.827565,35.329318],[62.918206,35.388177],[63.080211,35.437063],[63.100727,35.524964],[63.077369,35.558761],[63.076646,35.6247],[63.103156,35.646042],[63.179895,35.666455],[63.214415,35.699269],[63.112044,35.769911],[63.084397,35.826083],[63.104086,35.856469],[63.342934,35.856262],[63.430216,35.871042],[63.511089,35.901841],[63.582093,35.959047],[63.765906,35.977288],[63.889826,36.029637],[63.921969,36.033719],[64.0,36.013020234356766],[64.0,31.0],[61.82136662682451,31.0],[61.826438,31.014956]]]}},{"type":"Feature","properties":{"name":"Montenegro","iso":"ME","pop":622137},"geometry":{"type":"Polygon","coordinates":[[[18.497816,42.431158],[18.444279,42.477925],[18.437355,42.559212],[18.458956,42.569728],[18.492132,42.564767],[18.486654,42.58983],[18.538434,42.618304],[18.550009,42.668069],[18.539674,42.695457],[18.453891,42.793151],[18.443659,42.834467],[18.473322,42.862553],[18.433531,42.954201],[18.452754,42.993398],[18.483037,43.014637],[18.638996,43.020243],[18.620599,43.122563],[18.645301,43.180182],[18.688399,43.224469],[18.664318,43.233176],[18.833506,43.324153],[18.821207,43.341387],[18.923423,43.346838],[18.957323,43.325858],[18.959493,43.303456],[18.992463,43.267102],[19.024709,43.298728],[19.069668,43.30883],[19.00993,43.410995],[18.968278,43.448098],[18.946264,43.443938],[18.951225,43.463808],[18.905647,43.490628],[18.911021,43.507268],[18.977477,43.546232],[19.000214,43.547886],[19.054991,43.5067],[19.096023,43.512901],[19.122791,43.535948],[19.195345,43.532796],[19.175191,43.509619],[19.192244,43.454532],[19.372285,43.384226],[19.473054,43.293276],[19.512431,43.240643],[19.598111,43.176203],[19.663016,43.158504],[19.713556,43.165609],[19.761202,43.108739],[19.805127,43.089955],[19.872203,43.090368],[19.92915,43.113907],[19.959742,43.07856],[20.116942,42.976654],[20.223189,42.957663],[20.35362,42.890975],[20.345352,42.827439],[20.217608,42.802737],[20.208409,42.763282],[20.183398,42.742508],[20.076325,42.773437],[20.026508,42.743206],[20.03612,42.707989],[20.10392,42.653108],[20.075704,42.603085],[20.077048,42.55991],[20.064956,42.546758],[20.039221,42.557765],[19.981757,42.510765],[19.907549,42.506399],[19.835512,42.470251],[19.801406,42.468132],[19.75159,42.493402],[19.73433,42.524382],[19.746009,42.5989],[19.722134,42.64608],[19.699293,42.654814],[19.676039,42.646675],[19.621779,42.604997],[19.588086,42.532857],[19.549328,42.508595],[19.517806,42.45803],[19.417243,42.374107],[19.400397,42.325893],[19.274926,42.191276],[19.282058,42.164559],[19.372491,42.104253],[19.350581,42.027823],[19.371045,41.98656],[19.365774,41.969713],[19.346447,41.961548],[19.34531,41.910337],[19.364947,41.888995],[19.365082,41.852362],[19.310232,41.894517],[19.170258,41.937974],[19.16033,41.96898],[19.13795,41.985297],[19.139171,42.042426],[19.08253,42.081204],[19.074718,42.095649],[19.083832,42.110093],[19.048676,42.140204],[19.01059,42.139553],[18.968028,42.188707],[18.913341,42.222235],[18.885997,42.284369],[18.854015,42.290473],[18.831391,42.277533],[18.817638,42.291164],[18.778575,42.27147],[18.714529,42.325263],[18.693614,42.353217],[18.695811,42.373765],[18.678477,42.385972],[18.658539,42.386623],[18.653168,42.366278],[18.61671,42.368069],[18.570649,42.392971],[18.578136,42.400377],[18.545177,42.42357],[18.562836,42.438544],[18.70045,42.392971],[18.706554,42.421047],[18.683849,42.458808],[18.687348,42.482896],[18.654145,42.451809],[18.502452,42.455634],[18.521251,42.437974],[18.51295,42.409003],[18.529796,42.400377],[18.49643,42.416327],[18.497816,42.431158]]]}},{"type":"Feature","properties":{"name":"Bosnia and Herz.","iso":"BA","pop":3301000},"geometry":{"type":"Polygon","coordinates":[[[17.652843,42.891181],[17.556488,42.93476],[17.617931,42.92178],[17.580658,42.942084],[17.662725,42.965699],[17.628412,43.046573],[17.587381,43.082126],[17.442067,43.152432],[17.400209,43.216045],[17.328689,43.260358],[17.289931,43.30343],[17.267607,43.353324],[17.286417,43.437376],[17.270501,43.463214],[17.239495,43.478407],[17.142757,43.489336],[17.030516,43.54848],[16.82381,43.707307],[16.712602,43.771515],[16.678599,43.840684],[16.501039,43.992716],[16.439647,44.014007],[16.414016,44.055813],[16.367197,44.058139],[16.326889,44.082375],[16.275523,44.157357],[16.215785,44.208155],[16.18757,44.282414],[16.202866,44.359774],[16.171343,44.377086],[16.13827,44.377602],[16.159664,44.416101],[16.116463,44.52147],[16.0837,44.534905],[16.026649,44.52519],[16.006082,44.541003],[16.044736,44.589372],[16.028303,44.624719],[15.968978,44.63924],[15.948101,44.678101],[15.905416,44.690141],[15.888776,44.724248],[15.856427,44.703577],[15.805681,44.696653],[15.728476,44.769103],[15.716074,44.80321],[15.76868,44.827342],[15.773435,44.845016],[15.734264,44.902118],[15.730853,44.927233],[15.763616,44.97555],[15.755968,45.042213],[15.78377,45.100917],[15.780049,45.160294],[15.792348,45.189801],[15.824801,45.210988],[15.878855,45.217241],[16.020448,45.213934],[16.024375,45.184323],[16.067474,45.169595],[16.121527,45.096163],[16.212994,45.031464],[16.316244,45.001234],[16.340635,45.005936],[16.389211,45.116834],[16.435513,45.132853],[16.481919,45.199516],[16.528944,45.222254],[16.811718,45.181223],[16.830734,45.216983],[16.924372,45.284524],[16.947317,45.23569],[16.967987,45.237292],[16.961166,45.250934],[16.998683,45.2314],[17.008295,45.244165],[17.008295,45.216156],[17.036303,45.23047],[17.055734,45.200446],[17.187095,45.148563],[17.24549,45.155384],[17.268951,45.189543],[17.382432,45.139623],[17.434109,45.148563],[17.443307,45.162051],[17.458086,45.146134],[17.447751,45.1343],[17.496224,45.14169],[17.481858,45.114405],[17.572395,45.120399],[17.629962,45.157348],[17.684739,45.163963],[17.835738,45.064434],[17.911185,45.081074],[18.003479,45.149338],[18.035002,45.143344],[18.090296,45.107997],[18.153651,45.097558],[18.192512,45.108514],[18.20233,45.144067],[18.237884,45.157451],[18.322323,45.12288],[18.412033,45.112441],[18.466087,45.074046],[18.51704,45.055856],[18.541121,45.055287],[18.53492,45.090427],[18.549596,45.094768],[18.616672,45.097662],[18.648711,45.062677],[18.678167,45.087378],[18.738318,45.01591],[18.791752,45.001544],[18.804568,44.973845],[18.772631,44.942478],[18.78338,44.913745],[18.817797,44.887545],[18.889627,44.86119],[19.068427,44.874833],[19.18687,44.927543],[19.201856,44.908371],[19.31017,44.91235],[19.368667,44.887132],[19.376626,44.862999],[19.363707,44.854628],[19.318025,44.715463],[19.277614,44.684871],[19.188317,44.57604],[19.179635,44.538264],[19.129922,44.518317],[19.141394,44.430829],[19.107185,44.382718],[19.116693,44.343703],[19.157001,44.293577],[19.249502,44.270736],[19.307379,44.274198],[19.341589,44.245828],[19.362363,44.191206],[19.381173,44.177098],[19.442565,44.143198],[19.465716,44.15281],[19.476361,44.127023],[19.522043,44.08501],[19.580231,44.051524],[19.598938,44.062583],[19.611443,44.054521],[19.61041,44.019278],[19.528554,43.977213],[19.364637,43.973286],[19.300558,44.009511],[19.272756,44.012405],[19.243507,44.002018],[19.240717,43.965741],[19.229348,43.95768],[19.275443,43.933263],[19.359469,43.842209],[19.461685,43.762136],[19.505713,43.67364],[19.507367,43.647182],[19.477498,43.616977],[19.48959,43.564448],[19.431816,43.57114],[19.410732,43.540754],[19.38045,43.585584],[19.34655,43.608838],[19.300868,43.588297],[19.252706,43.588633],[19.217462,43.532796],[19.122791,43.535948],[19.096023,43.512901],[19.054991,43.5067],[19.000214,43.547886],[18.977477,43.546232],[18.911021,43.507268],[18.905647,43.490628],[18.951225,43.463808],[18.946264,43.443938],[18.968278,43.448098],[19.00993,43.410995],[19.069668,43.30883],[19.024709,43.298728],[18.992463,43.267102],[18.959493,43.303456],[18.957323,43.325858],[18.923423,43.346838],[18.821207,43.341387],[18.833506,43.324153],[18.664318,43.233176],[18.688399,43.224469],[18.645301,43.180182],[18.620599,43.122563],[18.638996,43.020243],[18.538951,43.023887],[18.483037,43.014637],[18.452754,42.993398],[18.434047,42.936889],[18.473322,42.862553],[18.443659,42.834467],[18.444589,42.817078],[18.46743,42.769199],[18.539674,42.695457],[18.550009,42.668069],[18.538434,42.618304],[18.486654,42.58983],[18.492132,42.564767],[18.385265,42.566524],[18.338653,42.602517],[18.224138,42.628071],[17.995315,42.740441],[17.904467,42.804546],[17.858475,42.816974],[17.827159,42.853122],[17.826229,42.888649],[17.81176,42.909863],[17.786748,42.901388],[17.701586,42.9195],[17.652843,42.891181]]]}},{"type":"Feature","properties":{"name":"Portugal","iso":"PT","pop":10269417},"geometry":{"type":"MultiPolygon","coordinates":[[[[-7.151006,38.819285],[-7.280714,38.720428],[-7.292496,38.646118],[-7.27043,38.617696],[-7.317714,38.556252],[-7.345619,38.494137],[-7.335181,38.469436],[-7.35921,38.446362],[-7.317146,38.424581],[-7.167181,38.272084],[-7.126873,38.1909],[-7.103515,38.173588],[-7.063053,38.177542],[-7.026414,38.199633],[-6.964196,38.206145],[-6.947504,38.196636],[-7.023985,38.022564],[-7.123256,38.040005],[-7.159739,37.996803],[-7.223301,37.993832],[-7.272704,37.977011],[-7.268621,37.949235],[-7.306862,37.850766],[-7.334405,37.811931],[-7.444011,37.730153],[-7.471606,37.636903],[-7.514343,37.601401],[-7.529691,37.567165],[-7.515428,37.529338],[-7.468868,37.475569],[-7.462253,37.417872],[-7.444993,37.386763],[-7.429387,37.236746],[-7.400217,37.178534],[-7.407623,37.164862],[-7.445709,37.179633],[-7.51179,37.17178],[-7.819569,36.998725],[-7.949534,37.014106],[-7.958119,37.002631],[-7.9912,37.014106],[-7.976796,36.986762],[-8.035268,37.037502],[-8.179152,37.088099],[-8.293202,37.077704],[-8.365384,37.097999],[-8.438834,37.082734],[-8.580149,37.123969],[-8.641591,37.117743],[-8.686269,37.082953],[-8.74767,37.082953],[-8.859158,37.040798],[-8.878919,37.047209],[-8.946034,37.00788],[-8.9829,37.026597],[-8.997874,37.02147],[-8.985585,37.063381],[-8.913564,37.169908],[-8.922719,37.199652],[-8.881365,37.23248],[-8.86709,37.276725],[-8.882768,37.309931],[-8.838657,37.360318],[-8.815989,37.417914],[-8.795497,37.535362],[-8.826527,37.600572],[-8.799306,37.697577],[-8.757639,37.706732],[-8.752187,37.73078],[-8.808705,37.722886],[-8.817006,37.740302],[-8.797182,37.844873],[-8.804815,37.901873],[-8.820669,37.927267],[-8.894846,37.952541],[-8.867502,37.973619],[-8.815683,38.062115],[-8.774396,38.186949],[-8.795071,38.359227],[-8.878285,38.449164],[-8.942616,38.481391],[-8.927317,38.493801],[-8.90453,38.486396],[-8.80016,38.439114],[-8.798573,38.426093],[-8.65689,38.405951],[-8.606801,38.418687],[-8.66275,38.424506],[-8.736155,38.45185],[-8.752512,38.487982],[-8.737172,38.522366],[-8.76122,38.538072],[-8.757639,38.5633],[-8.773346,38.565334],[-8.792958,38.533596],[-8.812856,38.528551],[-8.780263,38.505439],[-8.788401,38.481391],[-8.905832,38.512397],[-8.95489,38.505144],[-8.999765,38.464253],[-8.991864,38.459478],[-9.048595,38.440671],[-9.145657,38.431383],[-9.200357,38.412481],[-9.230621,38.418687],[-9.231068,38.43769],[-9.190027,38.472532],[-9.183793,38.551537],[-9.252675,38.665484],[-9.145042,38.681068],[-9.107737,38.658881],[-9.113922,38.679389],[-9.052398,38.693671],[-8.942616,38.77558],[-8.970286,38.835435],[-8.963124,38.850653],[-8.986318,38.849433],[-9.011545,38.913398],[-8.943227,39.015204],[-8.908437,39.036282],[-8.826527,39.049262],[-8.765126,39.097724],[-8.836415,39.056708],[-8.935862,39.040717],[-9.10025,38.830227],[-9.098248,38.737858],[-9.112503,38.714182],[-9.220171,38.693895],[-9.285209,38.698758],[-9.321777,38.670325],[-9.404775,38.704088],[-9.471669,38.70246],[-9.491689,38.707587],[-9.484731,38.744696],[-9.497467,38.80976],[-9.455496,38.850469],[-9.422725,38.931404],[-9.436635,39.029486],[-9.422549,39.078625],[-9.35086,39.197309],[-9.34059,39.26683],[-9.354075,39.31623],[-9.409291,39.37519],[-9.352922,39.367934],[-9.260803,39.418442],[-9.2176,39.406195],[-9.205922,39.415473],[-9.229888,39.440741],[-9.182873,39.492584],[-9.135694,39.51618],[-9.090434,39.579275],[-9.071692,39.680437],[-8.868153,40.124823],[-8.853261,40.139228],[-8.825063,40.120063],[-8.784983,40.11872],[-8.816151,40.146552],[-8.896474,40.16474],[-8.908437,40.20067],[-8.865387,40.275458],[-8.753,40.640815],[-8.744618,40.646918],[-8.744618,40.619045],[-8.710276,40.653469],[-8.690012,40.646918],[-8.696156,40.673651],[-8.662099,40.669867],[-8.641591,40.694159],[-8.666331,40.713202],[-8.663645,40.724066],[-8.603871,40.735785],[-8.572662,40.755561],[-8.639882,40.740058],[-8.668446,40.747463],[-8.683705,40.783108],[-8.645579,40.823676],[-8.655263,40.844916],[-8.663197,40.814927],[-8.675689,40.824449],[-8.689809,40.804104],[-8.714263,40.709052],[-8.750803,40.653144],[-8.6551,40.993801],[-8.666127,41.132758],[-8.648346,41.152777],[-8.68578,41.159491],[-8.737172,41.249661],[-8.744456,41.328111],[-8.783803,41.393866],[-8.774849,41.468338],[-8.830511,41.671586],[-8.827056,41.682807],[-8.743276,41.696967],[-8.696156,41.721991],[-8.829986,41.694648],[-8.861113,41.704368],[-8.880306,41.736862],[-8.878896,41.839016],[-8.867502,41.859117],[-8.762766,41.931952],[-8.750803,41.96898],[-8.67081,41.999815],[-8.626885,42.051026],[-8.572805,42.054411],[-8.501208,42.083091],[-8.346747,42.101695],[-8.222362,42.15363],[-8.204327,42.128799],[-8.204016,42.069552],[-8.191304,42.062085],[-8.137612,42.072911],[-8.095083,42.040923],[-8.108028,42.010899],[-8.182132,41.965424],[-8.220708,41.922714],[-8.231715,41.886049],[-8.220398,41.868195],[-8.177041,41.84985],[-8.179574,41.810705],[-8.093481,41.806726],[-8.048574,41.816389],[-7.993642,41.863673],[-7.944756,41.866955],[-7.925791,41.908167],[-7.906102,41.913851],[-7.896593,41.857937],[-7.72203,41.899252],[-7.661156,41.874913],[-7.60736,41.873182],[-7.622812,41.841737],[-7.606068,41.825536],[-7.546692,41.832047],[-7.515841,41.864991],[-7.469384,41.852537],[-7.442719,41.805951],[-7.391921,41.842047],[-7.322468,41.845406],[-7.21865,41.879047],[-7.197928,41.9015],[-7.199943,41.963719],[-7.159739,41.985733],[-7.05127,41.942015],[-6.992359,41.96638],[-6.945127,41.943358],[-6.854952,41.942945],[-6.831232,41.953952],[-6.824928,41.983769],[-6.794387,41.979713],[-6.757903,41.93757],[-6.727983,41.930853],[-6.622821,41.940955],[-6.609488,41.962324],[-6.571661,41.942609],[-6.575795,41.882897],[-6.524222,41.86742],[-6.577397,41.739727],[-6.541534,41.658905],[-6.503035,41.653092],[-6.460815,41.676553],[-6.365937,41.663608],[-6.272248,41.628235],[-6.205947,41.57028],[-6.279534,41.497003],[-6.282945,41.465635],[-6.321134,41.411013],[-6.379167,41.397319],[-6.379167,41.377475],[-6.399579,41.377475],[-6.430998,41.339028],[-6.495852,41.294948],[-6.563496,41.270712],[-6.646644,41.267611],[-6.70695,41.194334],[-6.755216,41.158833],[-6.764776,41.108861],[-6.80436,41.06442],[-6.845288,41.051914],[-6.906835,41.0561],[-6.927867,41.047935],[-6.942491,41.015999],[-6.885182,40.948923],[-6.855262,40.887221],[-6.816194,40.856835],[-6.836658,40.840247],[-6.839139,40.757513],[-6.814282,40.647184],[-6.850456,40.582227],[-6.812525,40.514634],[-6.857122,40.442132],[-6.851283,40.409524],[-6.794438,40.356401],[-6.870196,40.295526],[-6.878051,40.265244],[-6.954687,40.253358],[-7.015769,40.225504],[-7.043105,40.181373],[-7.015769,40.119051],[-6.955721,40.102928],[-6.879705,40.009187],[-6.925231,39.917926],[-6.92766,39.861909],[-7.000266,39.802533],[-6.993031,39.774214],[-7.021143,39.694012],[-7.18289,39.675099],[-7.235755,39.686519],[-7.341433,39.671843],[-7.557286,39.679801],[-7.515841,39.59376],[-7.451349,39.537846],[-7.417553,39.524204],[-7.399414,39.493663],[-7.313528,39.457438],[-7.331925,39.384729],[-7.326654,39.341321],[-7.250845,39.270627],[-7.265779,39.231353],[-7.244127,39.195645],[-7.168059,39.170633],[-7.155812,39.151513],[-7.168886,39.121851],[-7.157207,39.105444],[-7.127286,39.097485],[-7.091268,39.112446],[-7.038816,39.109138],[-6.985693,39.066764],[-6.986313,39.030074],[-6.973291,39.013951],[-7.022125,38.94287],[-7.06605,38.904603],[-7.0522,38.884992],[-7.056076,38.855149],[-7.104859,38.827192],[-7.151006,38.819285]]],[[[-16.48705,32.491685],[-16.542348,32.580512],[-16.506663,32.544176],[-16.48705,32.491685]]],[[[-16.806386,32.656806],[-16.847808,32.644029],[-16.976796,32.647203],[-17.142974,32.705552],[-17.214467,32.750637],[-17.2412,32.77912],[-17.252105,32.814521],[-17.184885,32.874172],[-17.067983,32.814154],[-16.919749,32.841213],[-16.797475,32.774563],[-16.672678,32.758612],[-16.749989,32.730618],[-16.806386,32.656806]]],[[[-16.325673,33.065823],[-16.378285,33.03205],[-16.398346,33.039781],[-16.341298,33.105943],[-16.289133,33.10871],[-16.289784,33.079413],[-16.27538,33.060248],[-16.325673,33.065823]]],[[[-7.903961,36.97484],[-7.860097,37.000434],[-7.853261,36.986762],[-7.903879,36.965888],[-7.955719,36.980536],[-7.903961,36.97484]]],[[[-25.046742,37.010728],[-25.016916,36.970445],[-25.012196,36.949205],[-25.027089,36.934312],[-25.119008,36.952623],[-25.169097,36.94599],[-25.20165,36.990424],[-25.170318,37.01553],[-25.133616,37.023017],[-25.046742,37.010728]]],[[[-25.159169,37.852037],[-25.135162,37.822333],[-25.132314,37.7862],[-25.15685,37.754543],[-25.194732,37.740709],[-25.505686,37.706732],[-25.615549,37.740912],[-25.704254,37.744045],[-25.825063,37.815416],[-25.859486,37.853909],[-25.841461,37.905992],[-25.764556,37.911566],[-25.704213,37.882636],[-25.688832,37.845852],[-25.553782,37.829657],[-25.498891,37.850775],[-25.458485,37.829657],[-25.339752,37.861802],[-25.197825,37.864407],[-25.159169,37.852037]]],[[[-9.035268,38.870551],[-9.054555,38.832994],[-9.079661,38.820136],[-9.061391,38.85224],[-9.035268,38.870551]]]]}},{"type":"Feature","properties":{"name":"Moldova","iso":"MD","pop":2657637},"geometry":{"type":"Polygon","coordinates":[[[26.617889,48.258968],[26.679797,48.330178],[26.735918,48.291834],[26.774365,48.287183],[26.790075,48.307053],[26.777518,48.36617],[26.78806,48.375963],[26.816947,48.371726],[26.831933,48.391363],[26.943244,48.351262],[27.033057,48.360202],[27.025409,48.389864],[27.037398,48.399683],[27.208551,48.360615],[27.342186,48.436114],[27.403474,48.411491],[27.50383,48.472365],[27.604806,48.484122],[27.606873,48.457819],[27.627026,48.451256],[27.751773,48.451979],[27.78526,48.441566],[27.864841,48.398907],[27.92644,48.339428],[28.076405,48.314933],[28.098315,48.284108],[28.078678,48.244912],[28.093251,48.237444],[28.178517,48.258864],[28.189369,48.223052],[28.216965,48.208144],[28.294479,48.236488],[28.357731,48.238607],[28.36817,48.230623],[28.363364,48.191013],[28.322178,48.163211],[28.317424,48.135358],[28.349566,48.129725],[28.388634,48.168586],[28.411578,48.170704],[28.436899,48.149853],[28.419019,48.122232],[28.447441,48.082751],[28.479584,48.064923],[28.490023,48.065491],[28.519323,48.149129],[28.573635,48.154969],[28.799255,48.111793],[28.832534,48.024822],[28.950356,47.934801],[29.017226,47.931081],[29.061047,47.96976],[29.123989,47.975987],[29.147967,47.955369],[29.172565,47.891006],[29.236024,47.870723],[29.186724,47.818219],[29.177836,47.78972],[29.221968,47.774811],[29.238608,47.756001],[29.196956,47.717502],[29.182074,47.613219],[29.117426,47.533327],[29.155615,47.449999],[29.182074,47.429871],[29.201866,47.446588],[29.232613,47.44633],[29.281396,47.411474],[29.300826,47.378194],[29.345836,47.365844],[29.367592,47.308225],[29.409553,47.279751],[29.459163,47.293497],[29.480867,47.338274],[29.520968,47.33892],[29.556573,47.324038],[29.580189,47.26045],[29.544015,47.23425],[29.544842,47.135574],[29.47787,47.111544],[29.520141,47.059919],[29.551353,47.090202],[29.570164,47.091442],[29.6021,47.061005],[29.595433,47.032143],[29.572489,47.011757],[29.558691,46.94574],[29.631865,46.914398],[29.696151,46.904683],[29.754132,46.85802],[29.843635,46.854144],[29.872212,46.837711],[29.889627,46.80717],[29.928178,46.809754],[29.931795,46.772443],[29.951122,46.743117],[29.931279,46.619171],[29.949675,46.578863],[29.9381,46.55734],[29.898826,46.553129],[29.901926,46.53083],[29.970553,46.491737],[30.00285,46.494217],[30.021712,46.470653],[30.014064,46.462023],[30.077006,46.422826],[30.131576,46.422826],[30.08114,46.374199],[29.918669,46.373656],[29.828132,46.339395],[29.808185,46.354691],[29.80033,46.398358],[29.714134,46.47117],[29.702869,46.42833],[29.654396,46.422697],[29.645508,46.375594],[29.615639,46.361822],[29.582979,46.369651],[29.541432,46.413034],[29.480867,46.425152],[29.473322,46.439802],[29.486448,46.475872],[29.457612,46.484709],[29.374723,46.416186],[29.362114,46.415928],[29.306717,46.471997],[29.289147,46.451636],[29.283256,46.397427],[29.200677,46.35712],[29.183417,46.37761],[29.205638,46.406109],[29.206775,46.502511],[29.184244,46.538039],[29.020326,46.489515],[28.945809,46.454788],[28.919247,46.404662],[28.944879,46.32074],[28.93351,46.258986],[29.009836,46.204364],[29.015365,46.182609],[28.938781,46.089281],[28.956868,46.001379],[28.74024,45.953217],[28.728406,45.921953],[28.746441,45.870586],[28.738276,45.837565],[28.669753,45.812037],[28.669753,45.77731],[28.576684,45.761911],[28.560613,45.743204],[28.56144,45.71659],[28.515241,45.702018],[28.474003,45.657938],[28.511314,45.635045],[28.536893,45.579803],[28.498239,45.558719],[28.502012,45.508748],[28.416849,45.503787],[28.270501,45.521512],[28.217275,45.493348],[28.199498,45.461774],[28.165908,45.494589],[28.165391,45.528282],[28.140949,45.560218],[28.062142,45.593601],[28.107721,45.6244],[28.167975,45.632461],[28.154953,45.761807],[28.113302,45.825369],[28.110511,45.854308],[28.131078,45.871361],[28.117436,45.895236],[28.124981,45.918387],[28.082709,46.014712],[28.096869,46.05967],[28.090151,46.073365],[28.144721,46.183229],[28.108961,46.23413],[28.132112,46.239918],[28.135212,46.269322],[28.177794,46.287047],[28.192883,46.311231],[28.190351,46.351074],[28.207146,46.358153],[28.212934,46.388694],[28.233294,46.401768],[28.22606,46.415359],[28.246058,46.427865],[28.2458,46.475511],[28.219032,46.503726],[28.221099,46.541191],[28.234121,46.553129],[28.225439,46.569562],[28.24735,46.620825],[28.234121,46.662424],[28.178104,46.739836],[28.178156,46.758646],[28.121518,46.8343],[28.124257,46.861637],[28.11356,46.894761],[28.096869,46.902616],[28.102295,46.935121],[28.082709,46.971527],[28.028036,47.03297],[28.008295,47.026304],[27.938739,47.046638],[27.938429,47.061056],[27.843757,47.114386],[27.849855,47.12852],[27.80655,47.144617],[27.794665,47.155831],[27.807687,47.162471],[27.788309,47.204277],[27.733273,47.275617],[27.636948,47.306674],[27.599948,47.360728],[27.572353,47.375197],[27.580311,47.405996],[27.562534,47.416538],[27.582998,47.450671],[27.575867,47.460412],[27.473134,47.491779],[27.428382,47.581024],[27.397066,47.589086],[27.304049,47.666549],[27.272009,47.71497],[27.295057,47.718174],[27.287512,47.752332],[27.219196,47.813775],[27.253406,47.828089],[27.212375,47.847933],[27.212375,47.889507],[27.160698,47.921727],[27.178268,47.937928],[27.150983,47.957797],[27.16876,47.983067],[27.143748,47.986839],[27.121476,48.013194],[27.095793,48.005598],[27.088971,48.019809],[27.109332,48.033503],[27.041739,48.077273],[27.042773,48.127296],[26.966602,48.143367],[26.997607,48.16657],[26.963088,48.175381],[26.938128,48.204811],[26.908001,48.184528],[26.897665,48.208971],[26.804906,48.25827],[26.76372,48.252741],[26.733127,48.27075],[26.722379,48.259769],[26.688531,48.274832],[26.617889,48.258968]]]}},{"type":"Feature","properties":{"name":"Turkmenistan","iso":"TM","pop":5942089},"geometry":{"type":"MultiPolygon","coordinates":[[[[61.269676,35.618499],[61.229161,35.698597],[61.249729,35.722472],[61.256343,35.769497],[61.241047,35.893883],[61.188337,35.953569],[61.129839,35.970519],[61.173971,36.006485],[61.173971,36.048033],[61.198156,36.060797],[61.224717,36.123688],[61.185443,36.283988],[61.153507,36.314942],[61.160949,36.328636],[61.146686,36.357265],[61.173971,36.486818],[61.166323,36.513845],[61.187614,36.565108],[61.165806,36.636318],[61.075476,36.64779],[60.34229,36.637145],[60.309218,36.651976],[60.238524,36.769746],[60.132588,36.873409],[60.019209,37.025803],[59.899527,37.050556],[59.797207,37.112206],[59.653237,37.149672],[59.604971,37.123885],[59.555982,37.197782],[59.501205,37.190212],[59.461724,37.207601],[59.469372,37.2407],[59.37036,37.319429],[59.348346,37.409294],[59.361989,37.439215],[59.356304,37.480633],[59.312276,37.530346],[59.211714,37.516316],[59.034567,37.624526],[58.861037,37.668089],[58.801093,37.694651],[58.779802,37.65964],[58.726368,37.659382],[58.68172,37.642716],[58.615884,37.659511],[58.549325,37.701576],[58.529791,37.700387],[58.479665,37.644112],[58.357812,37.633311],[58.206814,37.678735],[58.181182,37.774853],[58.156687,37.788186],[58.040932,37.805704],[57.884146,37.865338],[57.800017,37.867638],[57.763016,37.899393],[57.729943,37.898644],[57.691186,37.92027],[57.612328,37.916601],[57.544632,37.929986],[57.496263,37.922312],[57.352395,37.967529],[57.327074,37.994116],[57.346814,38.046929],[57.344334,38.081062],[57.311364,38.135012],[57.266923,38.176896],[57.218347,38.265081],[57.185894,38.276476],[57.14662,38.26981],[57.102798,38.222009],[57.038409,38.187283],[56.812377,38.22896],[56.729384,38.27105],[56.585207,38.234567],[56.528156,38.257408],[56.436482,38.255082],[56.366409,38.225523],[56.303364,38.179428],[56.297059,38.165785],[56.328995,38.123772],[56.315456,38.089459],[56.214067,38.06884],[56.121463,38.086462],[55.963023,38.066515],[55.738437,38.118605],[55.447395,38.083671],[55.307456,38.008792],[55.228804,37.985796],[55.219709,37.969983],[55.130309,37.95231],[55.10354,37.918798],[55.066644,37.908437],[55.006802,37.843092],[54.85663,37.761133],[54.813636,37.718629],[54.787281,37.651863],[54.809398,37.603339],[54.788314,37.524636],[54.653956,37.438905],[54.533343,37.440817],[54.364154,37.362682],[54.261525,37.354827],[54.206438,37.324596],[53.913748,37.34276],[53.899669,37.468411],[53.82488,37.744859],[53.80714,38.031968],[53.858897,38.206488],[53.868175,38.30801],[53.863048,38.381415],[53.826996,38.525458],[53.847423,38.646308],[53.909841,38.737698],[53.926931,38.773668],[53.917003,38.803534],[53.931977,38.813056],[53.982758,38.916002],[53.972911,38.913398],[53.958018,38.944525],[53.896658,38.974189],[53.859711,39.035224],[53.787364,39.042467],[53.767263,39.030992],[53.721853,39.111396],[53.712169,39.104315],[53.732107,39.056708],[53.701508,39.078518],[53.698009,39.15233],[53.732107,39.172797],[53.702403,39.175116],[53.72462,39.241685],[53.660004,39.200385],[53.674083,39.193305],[53.683767,39.083441],[53.635997,39.138658],[53.623383,39.191636],[53.601736,39.193305],[53.608572,39.235785],[53.598318,39.241685],[53.567638,39.193305],[53.568696,39.246324],[53.588145,39.303168],[53.560802,39.28266],[53.581309,39.330471],[53.553966,39.323676],[53.562022,39.353339],[53.533458,39.330471],[53.471446,39.330471],[53.452485,39.318061],[53.437266,39.337877],[53.418793,39.318061],[53.389415,39.310614],[53.403168,39.337877],[53.361583,39.330471],[53.347911,39.344143],[53.293305,39.330471],[53.296886,39.349066],[53.238617,39.364651],[53.149913,39.344143],[53.197765,39.323676],[53.170258,39.272162],[53.181488,39.189358],[53.161469,39.179592],[53.136892,39.321438],[53.085216,39.400458],[53.178233,39.515692],[53.24171,39.636298],[53.27589,39.664862],[53.313731,39.65884],[53.248546,39.607896],[53.235199,39.570705],[53.211274,39.550198],[53.21697,39.525051],[53.426768,39.535956],[53.446788,39.530585],[53.492198,39.48078],[53.567882,39.467719],[53.581309,39.477932],[53.577403,39.495266],[53.560802,39.501776],[53.573741,39.527289],[53.615408,39.49494],[53.683767,39.522203],[53.72462,39.508612],[53.733165,39.527981],[53.629161,39.570705],[53.654633,39.582099],[53.646495,39.607896],[53.61964,39.62051],[53.571625,39.6164],[53.564464,39.652655],[53.533458,39.680487],[53.539724,39.632148],[53.471039,39.696357],[53.444102,39.701077],[53.457774,39.673082],[53.429861,39.686713],[53.430431,39.667711],[53.450938,39.632148],[53.416759,39.64997],[53.412852,39.685696],[53.429861,39.762519],[53.393403,39.757514],[53.382009,39.769273],[53.415212,39.78205],[53.499278,39.865546],[53.485037,39.885403],[53.53712,39.896308],[53.526134,39.912665],[53.574474,39.967922],[53.491873,39.974758],[53.40211,40.006781],[53.282725,39.940009],[53.172374,39.997463],[53.125743,39.974758],[53.053559,39.967922],[53.081716,39.995266],[52.974864,39.974311],[52.943696,39.981594],[52.913585,40.021674],[52.895844,39.998277],[52.919932,39.964545],[52.930186,39.895941],[53.053559,39.762519],[53.00587,39.782945],[53.046886,39.748236],[53.04005,39.742011],[53.008067,39.766343],[52.966319,39.832953],[52.905284,39.874579],[52.884125,39.944892],[52.787852,40.00434],[52.738455,40.053616],[52.768321,40.153795],[52.730968,40.20067],[52.743419,40.20954],[52.698985,40.273871],[52.736583,40.484565],[52.772472,40.550727],[52.863129,40.658108],[52.868175,40.694159],[52.827647,40.711493],[52.83253,40.745551],[52.868175,40.755561],[52.86199,40.790351],[52.92335,40.941148],[52.931326,40.975653],[52.916515,41.08515],[52.961192,41.060981],[52.958181,41.016262],[53.012055,40.954779],[53.04005,40.885932],[53.074474,40.865424],[53.121918,40.87226],[53.064708,40.84398],[53.118907,40.769843],[53.182302,40.768459],[53.26588,40.817043],[53.244884,40.77497],[53.330821,40.776068],[53.344493,40.81391],[53.369965,40.835191],[53.382009,40.831285],[53.375173,40.797797],[53.398692,40.762763],[53.483084,40.737047],[53.555349,40.773505],[53.562755,40.852973],[53.587413,40.891588],[53.624685,40.88703],[53.656993,40.865424],[53.649587,40.844916],[53.670665,40.810777],[53.649587,40.783515],[53.676443,40.725898],[53.72462,40.687934],[53.704763,40.650092],[53.721039,40.625678],[53.862641,40.626166],[53.947765,40.673651],[54.010753,40.657864],[54.088145,40.682196],[54.095225,40.697821],[54.05421,40.715277],[54.141368,40.716864],[54.171072,40.729682],[54.232188,40.728339],[54.21754,40.690253],[54.252696,40.676581],[54.403575,40.673651],[54.362641,40.687934],[54.430431,40.721422],[54.318207,40.721625],[54.268809,40.839911],[54.273285,40.87226],[54.248302,40.874986],[54.250011,40.890611],[54.273285,40.893378],[54.312511,40.923896],[54.360525,40.91706],[54.465831,40.865953],[54.468761,40.85163],[54.437836,40.817043],[54.474946,40.809882],[54.639903,40.838772],[54.657563,40.862006],[54.708995,40.884996],[54.76002,40.965033],[54.746837,40.995673],[54.677989,41.070868],[54.767426,41.03677],[54.720063,41.080471],[54.732595,41.098131],[54.716075,41.11518],[54.636404,41.132961],[54.63502,41.162665],[54.600434,41.192328],[54.400401,41.309027],[54.29477,41.34748],[54.190766,41.407294],[54.144786,41.459784],[54.108653,41.465481],[54.073985,41.487982],[54.030284,41.569485],[54.025564,41.695217],[54.008556,41.764838],[53.932302,41.884263],[53.902843,41.893297],[53.898774,41.905341],[53.917003,42.006903],[53.906912,42.062934],[53.865571,42.101752],[53.818696,42.124416],[53.767914,42.136135],[53.72462,42.126044],[53.681814,42.143948],[53.375173,42.105536],[53.296723,42.078843],[53.219737,42.081448],[53.163829,42.103705],[53.121918,42.089993],[52.960297,41.984361],[52.821462,41.764879],[52.782074,41.725531],[52.769216,41.675605],[52.772472,41.660549],[52.784679,41.663072],[52.830821,41.701483],[52.880544,41.697903],[52.916515,41.674221],[52.896007,41.629543],[52.898936,41.565985],[52.813487,41.37934],[52.844005,41.24018],[52.909679,41.122707],[52.882335,41.050442],[52.848318,41.077704],[52.851085,41.163316],[52.813487,41.221747],[52.813487,41.262641],[52.760997,41.37759],[52.723399,41.394232],[52.715831,41.426418],[52.693614,41.444525],[52.646251,41.458197],[52.562185,41.519477],[52.560232,41.54385],[52.587738,41.582709],[52.59254,41.645738],[52.560232,41.687812],[52.529552,41.69123],[52.437671,41.748876],[52.764665,41.993769],[52.978709,42.126629],[53.412274,42.258171],[54.047171,42.345401],[54.122618,42.337598],[54.195276,42.318064],[54.738291,42.04821],[54.907067,41.932144],[54.94076,41.889615],[54.934972,41.833727],[54.950682,41.795564],[55.100026,41.644152],[55.228391,41.472819],[55.356755,41.389051],[55.429515,41.290814],[55.478298,41.266785],[55.635498,41.264356],[55.910106,41.326626],[56.793463,41.288334],[57.010194,41.254124],[57.080061,41.322027],[57.147964,41.351069],[57.161399,41.367967],[57.07417,41.394994],[57.019599,41.465946],[57.012054,41.557826],[56.960481,41.647201],[56.971954,41.748538],[56.950146,41.86605],[56.978361,41.895118],[57.115511,41.952092],[57.207805,42.07056],[57.288213,42.129419],[57.382264,42.163629],[57.478279,42.166523],[57.619769,42.148178],[57.850453,42.191431],[57.827302,42.227372],[57.888073,42.261582],[57.937476,42.354238],[57.908641,42.430434],[58.016024,42.499707],[58.079896,42.497304],[58.133226,42.454567],[58.203816,42.469502],[58.325049,42.431856],[58.384684,42.387827],[58.394916,42.352248],[58.385821,42.301321],[58.397603,42.287859],[58.490621,42.297574],[58.489587,42.314524],[58.437911,42.3577],[58.306239,42.528671],[58.145732,42.592569],[58.121341,42.624247],[58.148833,42.649],[58.258283,42.689514],[58.441838,42.647837],[58.534546,42.654503],[58.555733,42.683597],[58.569375,42.768502],[58.587876,42.791188],[58.89442,42.547843],[59.009245,42.518465],[59.122003,42.537999],[59.146084,42.526759],[59.223806,42.460872],[59.258429,42.347545],[59.361575,42.32579],[59.426481,42.286774],[59.689514,42.309796],[59.866351,42.304215],[59.960712,42.222721],[60.028201,42.199518],[60.040397,42.18647],[60.036986,42.169701],[59.983656,42.145594],[59.974458,42.09924],[59.997195,42.010615],[59.919267,41.98966],[59.906451,41.966613],[59.931773,41.947647],[59.983656,41.949043],[60.088766,41.919355],[60.167521,41.849591],[60.228912,41.819619],[60.252684,41.780061],[60.225398,41.765462],[60.171345,41.788406],[60.102408,41.795279],[60.049182,41.753499],[60.058277,41.718592],[60.16473,41.584956],[60.09259,41.545476],[60.071713,41.514366],[60.059207,41.434165],[60.066132,41.410497],[60.094244,41.389516],[60.299916,41.309831],[60.414534,41.235262],[60.478096,41.212111],[60.538144,41.213248],[60.65886,41.243789],[60.860295,41.252987],[60.930265,41.240223],[60.978014,41.202809],[61.01026,41.237226],[61.022766,41.216865],[61.09966,41.2241],[61.2026,41.168806],[61.281355,41.157282],[61.343986,41.193817],[61.363003,41.225185],[61.387498,41.235779],[61.410752,41.292003],[61.43318,41.300323],[61.567332,41.277792],[61.654355,41.249421],[61.877907,41.124984],[61.979297,40.998842],[61.982707,40.885671],[62.036812,40.736326],[62.100064,40.660413],[62.134171,40.577834],[62.191842,40.499028],[62.353279,40.430402],[62.362581,40.369682],[62.396532,40.312011],[62.405059,40.245245],[62.435754,40.194189],[62.421595,40.115072],[62.452808,40.009239],[62.593161,39.890228],[63.477551,39.402919],[63.54101,39.3561],[63.709268,39.190891],[64.0,39.02889966860758],[64.0,36.013020234356766],[63.921969,36.033719],[63.889826,36.029637],[63.765906,35.977288],[63.582093,35.959047],[63.511089,35.901841],[63.430216,35.871042],[63.342934,35.856262],[63.104086,35.856469],[63.084397,35.826083],[63.112044,35.769911],[63.214415,35.699269],[63.179895,35.666455],[63.103156,35.646042],[63.076646,35.6247],[63.077369,35.558761],[63.100727,35.524964],[63.080211,35.437063],[62.918206,35.388177],[62.827565,35.329318],[62.760489,35.302446],[62.708606,35.25604],[62.621066,35.222709],[62.53549,35.22736],[62.458905,35.281879],[62.431879,35.280638],[62.286203,35.140647],[62.25096,35.202349],[62.251218,35.260381],[62.2337,35.293764],[62.136341,35.341358],[62.00746,35.438923],[61.919352,35.451842],[61.799049,35.417478],[61.739621,35.413757],[61.604746,35.430603],[61.538703,35.452307],[61.427702,35.542845],[61.393182,35.553593],[61.380263,35.567339],[61.383467,35.586459],[61.351531,35.60713],[61.360936,35.621031],[61.351531,35.627801],[61.269676,35.618499]]],[[[53.040294,39.081],[53.057628,39.094428],[53.081716,39.097724],[53.087901,39.088121],[53.058849,39.067084],[53.053966,39.026801],[53.102061,38.755072],[53.040212,38.906684],[53.026378,39.039374],[53.040294,39.081]]],[[[53.479991,39.593329],[53.51295,39.591213],[53.539724,39.539618],[53.506196,39.508612],[53.486583,39.516343],[53.462901,39.573798],[53.479991,39.593329]]]]}},{"type":"Feature","properties":{"name":"Jordan","iso":"JO","pop":10101694},"geometry":{"type":"Polygon","coordinates":[[[35.612334,32.681535],[35.635995,32.679143],[35.769734,32.748054],[35.788234,32.734411],[35.895721,32.713276],[35.944193,32.690771],[35.937475,32.674002],[35.955355,32.657439],[36.003621,32.655088],[36.005998,32.607907],[36.066253,32.517319],[36.15586,32.5152],[36.177357,32.527318],[36.387887,32.379317],[36.653504,32.342859],[36.689574,32.319656],[36.728641,32.327795],[36.806569,32.313042],[38.774511,33.371685],[39.057181,32.496596],[38.97822,32.47497],[39.028759,32.328338],[39.046329,32.308494],[39.235775,32.352858],[39.256342,32.342678],[39.291999,32.244519],[39.146375,32.118144],[38.998064,32.006936],[38.96344,31.994327],[36.959532,31.490999],[37.48719206741573,31.0],[35.38632853484641,31.0],[35.443242,31.132209],[35.3957,31.25768],[35.422261,31.303],[35.416473,31.331835],[35.452854,31.400823],[35.480139,31.641119],[35.527578,31.735067],[35.55941,31.765349],[35.538326,31.819299],[35.549075,31.839195],[35.524684,31.919241],[35.545871,31.944563],[35.522824,32.057838],[35.545148,32.086828],[35.535226,32.110806],[35.55941,32.155093],[35.572536,32.237594],[35.55941,32.237594],[35.572536,32.251908],[35.551969,32.374821],[35.565612,32.367948],[35.545148,32.409573],[35.5591,32.413966],[35.551969,32.436212],[35.572536,32.456728],[35.561271,32.477089],[35.579978,32.49148],[35.551969,32.518817],[35.565612,32.525587],[35.55941,32.55295],[35.565612,32.546102],[35.579978,32.560391],[35.560547,32.640903],[35.612334,32.681535]]]}},{"type":"Feature","properties":{"name":"Gibraltar","iso":"GI","pop":33701},"geometry":{"type":"Polygon","coordinates":[[[-5.338773,36.14112],[-5.33906,36.123847],[-5.34203,36.1105],[-5.358387,36.141109],[-5.338773,36.14112]]]}},{"type":"Feature","properties":{"name":"Egypt","iso":"EG","pop":100388073},"geometry":{"type":"MultiPolygon","coordinates":[[[[34.200269,31.314267],[34.3274510221157,31.0],[29.57672855022585,31.0],[29.765961,31.121568],[29.781505,31.147935],[29.809337,31.14232],[29.83839,31.15412],[29.884613,31.189521],[29.875662,31.200873],[29.863536,31.196357],[29.876964,31.213568],[29.898204,31.203192],[30.069591,31.333482],[30.066661,31.304877],[30.0949,31.28559],[30.172618,31.27143],[30.140147,31.23725],[30.165212,31.216783],[30.206798,31.237942],[30.201671,31.226508],[30.22047,31.220201],[30.254568,31.251614],[30.261404,31.244127],[30.268809,31.265286],[30.288748,31.237942],[30.302989,31.27143],[30.287608,31.278225],[30.240896,31.265286],[30.254568,31.278266],[30.179454,31.278266],[30.25172,31.303412],[30.312836,31.350572],[30.348399,31.421332],[30.343923,31.497992],[30.364594,31.46011],[30.398611,31.443345],[30.370616,31.461615],[30.355724,31.491116],[30.362153,31.508734],[30.456391,31.462714],[30.535818,31.463853],[30.973888,31.586737],[30.866384,31.548285],[30.628103,31.434312],[30.557872,31.422187],[30.542654,31.402411],[30.563243,31.390204],[30.62672,31.388658],[30.653819,31.395819],[30.675059,31.421576],[30.734386,31.388129],[30.756196,31.423],[30.798513,31.446479],[30.837413,31.429145],[30.873709,31.434516],[30.892426,31.419094],[30.939708,31.443345],[30.939708,31.457017],[30.980724,31.43651],[31.029145,31.5185],[31.0713,31.51732],[31.101573,31.492499],[31.119151,31.493109],[31.129242,31.504462],[31.111095,31.512274],[31.130382,31.516995],[31.111095,31.53974],[31.023204,31.582994],[30.978038,31.584296],[31.097423,31.607896],[31.220958,31.579901],[31.556814,31.443345],[31.748302,31.481594],[31.87436,31.53559],[31.912934,31.534898],[31.944835,31.520941],[32.024913,31.400051],[32.199555,31.295071],[32.168956,31.300727],[32.070079,31.35399],[32.090587,31.347154],[32.083507,31.358832],[31.994965,31.394965],[31.968272,31.43651],[31.9935,31.437812],[31.917979,31.523993],[31.889496,31.53205],[31.878917,31.5185],[31.865245,31.525336],[31.865245,31.512274],[31.850922,31.5185],[31.844737,31.497992],[31.865245,31.497992],[31.878917,31.429145],[31.862071,31.450588],[31.837901,31.457017],[31.841645,31.464504],[31.824229,31.443345],[31.858409,31.443345],[31.854828,31.423163],[31.878917,31.416083],[31.830414,31.408637],[31.844737,31.394965],[31.827891,31.368354],[31.858409,31.35399],[31.797211,31.359524],[31.795909,31.310981],[31.769054,31.298774],[31.766938,31.284654],[31.78419,31.273383],[31.796397,31.278266],[31.790212,31.285102],[31.820567,31.278266],[31.834158,31.251614],[31.885753,31.223619],[31.906261,31.251614],[31.906261,31.223619],[31.892589,31.216783],[31.906261,31.216783],[31.899425,31.203192],[31.926606,31.210639],[31.926443,31.186998],[31.986583,31.230292],[32.009288,31.223619],[31.994965,31.223619],[32.009288,31.210639],[32.022797,31.223619],[32.03712,31.216783],[32.036876,31.150295],[32.016124,31.128079],[32.050141,31.14175],[32.070079,31.10692],[32.043956,31.086493],[32.083751,31.084418],[32.083751,31.065985],[32.106456,31.053371],[32.132091,31.065985],[32.107432,31.072821],[32.097992,31.093329],[32.146332,31.079657],[32.138357,31.093329],[32.159434,31.093329],[32.152843,31.106594],[32.16627,31.114407],[32.179942,31.10692],[32.183849,31.124945],[32.234141,31.104885],[32.272227,31.118883],[32.283458,31.136542],[32.262462,31.169623],[32.289806,31.169623],[32.295095,31.213365],[32.270518,31.257554],[32.28297,31.265286],[32.214122,31.278266],[32.207042,31.295071],[32.331391,31.27143],[32.344249,31.241889],[32.389903,31.226508],[32.481212,31.148871],[32.509532,31.10692],[32.601573,31.060981],[32.761974,31.081204],[32.927257,31.155422],[32.83961,31.101223],[32.666515,31.052314],[32.715017,31.052314],[32.700694,31.038723],[32.731293,31.038764],[32.749197,31.052314],[32.769542,31.045559],[32.893077,31.100775],[32.917735,31.092231],[32.906749,31.079657],[32.917247,31.082831],[32.940929,31.093329],[32.913585,31.100775],[32.927094,31.111802],[32.968761,31.086493],[32.975108,31.065985],[32.961274,31.065985],[33.009939,31.056301],[33.023448,31.073432],[33.009125,31.086493],[33.057465,31.100775],[33.064301,31.134914],[33.030284,31.114407],[33.030284,31.100775],[32.954438,31.10692],[32.98463,31.109524],[33.030284,31.162177],[33.109386,31.196438],[33.126475,31.189521],[33.098643,31.183295],[33.157725,31.117865],[33.118988,31.10692],[33.144705,31.077867],[33.133311,31.045559],[33.221446,31.059801],[33.194835,31.073432],[33.262462,31.100775],[33.269786,31.086493],[33.285411,31.092719],[33.303966,31.079657],[33.303233,31.099799],[33.317638,31.100775],[33.277192,31.10692],[33.386485,31.114407],[33.377696,31.132554],[33.406423,31.137274],[33.406423,31.155422],[33.499522,31.128079],[33.64796,31.117255],[33.85434,31.163479],[34.047048,31.229193],[34.200269,31.314267]]],[[[24.900201535359233,31.0],[24.859495,31.145955],[24.848643,31.312043],[24.861252,31.38036],[25.023723,31.494409],[25.060413,31.579366],[25.15089,31.65648],[25.161794,31.583564],[25.190929,31.53148],[25.263438,31.523668],[25.302094,31.506537],[25.401866,31.50316],[25.868826,31.620917],[25.966807,31.616604],[26.362153,31.521918],[26.683116,31.476223],[26.753184,31.477484],[26.865733,31.436835],[26.965505,31.449652],[27.054373,31.408637],[27.226248,31.367662],[27.246104,31.381293],[27.327485,31.379218],[27.393565,31.254706],[27.478038,31.213935],[27.587738,31.193101],[27.609874,31.203192],[27.66033,31.180243],[27.719493,31.189276],[27.852875,31.240302],[27.897146,31.114407],[27.926931,31.099026],[28.154552,31.093329],[28.203868,31.070502],[28.31837,31.059801],[28.404959,31.086493],[28.478526,31.051825],[28.527599,31.050116],[28.680909357274878,31.0],[24.900201535359233,31.0]]],[[[32.978526,31.081692],[32.983084,31.089911],[32.989268,31.073432],[32.978526,31.081692]]],[[[33.406016,31.184475],[33.475922,31.14175],[33.269786,31.216783],[33.301117,31.215888],[33.406016,31.184475]]],[[[33.104747,31.240302],[33.262462,31.223619],[33.10255,31.226752],[32.934744,31.147935],[33.104747,31.240302]]]]}},{"type":"Feature","properties":{"name":"Vatican","iso":"VA","pop":825},"geometry":{"type":"Polygon","coordinates":[[[12.454035,41.902752],[12.453031,41.903915],[12.453983,41.903862],[12.454035,41.902752]]]}},{"type":"Feature","properties":{"name":"N. Cyprus","iso":"-99","pop":326000},"geometry":{"type":"MultiPolygon","coordinates":[[[[34.008911,35.059722],[33.912896,35.065923],[33.921474,35.080702],[33.889435,35.118994],[33.876206,35.118994],[33.876929,35.076826],[33.866904,35.06675],[33.842719,35.056621],[33.824012,35.06675],[33.766135,35.03161],[33.739677,35.047216],[33.707585,35.029284],[33.714717,35.06675],[33.678853,35.055794],[33.670999,35.030834],[33.637512,35.030834],[33.614051,35.046441],[33.578963,35.035485],[33.540671,35.073054],[33.535193,35.056621],[33.493852,35.056621],[33.476799,35.002722],[33.465843,35.014401],[33.476799,35.09481],[33.413547,35.199403],[33.374531,35.17434],[33.315258,35.161886],[33.190253,35.189946],[33.15749,35.185295],[33.120128,35.160336],[33.09584,35.169741],[33.031141,35.149432],[32.946908,35.102613],[32.876732,35.100236],[32.854924,35.079152],[32.839215,35.079927],[32.794773,35.126798],[32.731521,35.143179],[32.710592,35.175322],[32.745372,35.178046],[32.82838,35.148586],[32.892589,35.175035],[32.929373,35.232978],[32.934744,35.270575],[32.936046,35.336615],[32.920421,35.397773],[33.069796,35.358724],[33.14008,35.362159],[33.427501,35.328925],[33.66033,35.35932],[33.783508,35.416718],[33.834646,35.40998],[34.035622,35.471383],[34.13119,35.511347],[34.181651,35.554185],[34.319672,35.586168],[34.59254,35.691962],[34.572765,35.643541],[34.542328,35.637274],[34.352306,35.520697],[34.137706,35.415107],[34.08546,35.369859],[34.05893,35.324123],[33.951671,35.31151],[33.91212,35.259996],[33.899913,35.164455],[34.008911,35.059722]]],[[[32.639434,35.183745],[32.615197,35.163436],[32.601899,35.178616],[32.619395,35.184882],[32.639434,35.183745]]]]}},{"type":"Feature","properties":{"name":"Cyprus U.N. Buffer Zone","iso":"-99","pop":10000},"geometry":{"type":"MultiPolygon","coordinates":[[[[33.898116,35.061272],[34.012289,35.063795],[34.021961,35.057009],[34.001986,35.047216],[33.980075,35.057396],[33.930776,35.051092],[33.898116,35.061272]]],[[[33.637512,35.030834],[33.702211,35.022256],[33.69663,35.008975],[33.71544,34.997296],[33.711461,34.985566],[33.580565,35.019931],[33.546045,34.994971],[33.533643,34.99957],[33.519587,35.044115],[33.497004,35.02608],[33.486204,34.981638],[33.458815,34.977763],[33.446309,35.001172],[33.458815,35.09481],[33.424502,35.129898],[33.415924,35.160336],[33.348021,35.15491],[33.301202,35.113568],[33.228545,35.153359],[33.173871,35.162661],[33.123073,35.130673],[33.037342,35.136099],[32.93523,35.072279],[32.890788,35.091658],[32.861022,35.065096],[32.825986,35.058946],[32.7956,35.102613],[32.712711,35.133774],[32.691549,35.183705],[32.711388,35.181632],[32.731521,35.143179],[32.794773,35.126798],[32.839215,35.079927],[32.854924,35.079152],[32.876732,35.100236],[32.946908,35.102613],[33.031141,35.149432],[33.09584,35.169741],[33.120128,35.160336],[33.15749,35.185295],[33.190253,35.189946],[33.315258,35.161886],[33.374531,35.17434],[33.413547,35.199403],[33.476799,35.09481],[33.466567,35.0051],[33.476799,35.002722],[33.493852,35.056621],[33.535193,35.056621],[33.540671,35.073054],[33.578963,35.035485],[33.614051,35.046441],[33.637512,35.030834]]],[[[32.626204,35.16509],[32.659813,35.187082],[32.633956,35.154083],[32.607498,35.154083],[32.584809,35.172512],[32.601899,35.178616],[32.626204,35.16509]]]]}},{"type":"Feature","properties":{"name":"Baikonur","iso":"KZ","pop":36175},"geometry":{"type":"Polygon","coordinates":[[[63.324279,45.567969],[63.210488,45.584376],[63.057835,45.636285],[62.971484,45.686644],[62.871025,45.781703],[62.812527,45.895184],[62.800642,45.978332],[62.812527,46.061427],[62.846479,46.13889],[62.900274,46.208964],[63.012929,46.296658],[63.156899,46.358412],[63.26635,46.382441],[63.383914,46.390839],[63.501477,46.382441],[63.610928,46.358412],[63.754899,46.296658],[63.833964,46.240719],[63.896699,46.17496],[63.9553,46.061427],[63.964085,45.936164],[63.921297,45.817773],[63.833964,45.715945],[63.754899,45.660005],[63.661881,45.615615],[63.501477,45.574222],[63.324279,45.567969]]]}},{"type":"Feature","properties":{"name":"Akrotiri","iso":"-99","pop":7850},"geometry":{"type":"Polygon","coordinates":[[[33.015635,34.634425],[33.009125,34.597398],[33.030284,34.568549],[32.940929,34.568549],[32.944672,34.593695],[32.913585,34.656684],[32.834321,34.670966],[32.760671,34.653225],[32.760102,34.66911],[32.798604,34.670961],[32.832294,34.700948],[32.85969,34.700578],[32.865613,34.678735],[32.913667,34.66028],[32.936056,34.657731],[32.954712,34.677316],[32.987526,34.673389],[32.9898,34.646103],[32.965615,34.651581],[32.95559,34.628895],[33.015635,34.634425]]]}},{"type":"Feature","properties":{"name":"Greenland","iso":"GL","pop":56225},"geometry":{"type":"MultiPolygon","coordinates":[[[[-21.988678,73.998725],[-22.004384,73.970445],[-21.985422,73.961371],[-21.996938,73.943183],[-21.859731,73.902248],[-21.867177,73.895413],[-21.812652,73.847602],[-21.840484,73.817206],[-21.833079,73.792385],[-21.853505,73.772528],[-21.832428,73.715399],[-21.847239,73.666409],[-21.827138,73.651679],[-21.801503,73.663275],[-21.769154,73.65644],[-21.702748,73.696723],[-21.757314,73.75137],[-21.743642,73.758857],[-21.76415,73.806586],[-21.749867,73.823676],[-21.765492,73.848538],[-21.758127,73.866441],[-21.812652,73.915839],[-21.884267,73.926418],[-21.867584,73.950141],[-21.880116,73.968085],[-21.915028,73.977932],[-21.90333237697221,74.0],[-21.28636761767043,74.0],[-20.688588,73.886461],[-20.319163,73.891669],[-20.277577,73.875474],[-20.265492,73.844794],[-20.249664,73.841376],[-20.279652,73.82274],[-20.297678,73.790595],[-20.449127,73.775336],[-20.483022,73.758857],[-20.427846,73.731513],[-20.520497,73.728949],[-20.530873,73.710395],[-20.462554,73.635321],[-20.482981,73.619452],[-20.481313,73.597724],[-20.521596,73.571438],[-20.520579,73.556464],[-20.383697,73.536038],[-20.382476,73.51789],[-20.400543,73.496527],[-20.449778,73.465766],[-20.543284,73.449042],[-21.280914,73.45718],[-21.543202,73.490424],[-21.620188,73.45718],[-21.555328,73.424384],[-21.549875,73.408596],[-21.572418,73.395087],[-21.777821,73.374661],[-21.963368,73.333686],[-22.208363,73.253974],[-22.314076,73.250434],[-23.095815,73.350165],[-23.223459,73.400458],[-23.449941,73.436103],[-23.587148,73.49136],[-23.968495,73.588568],[-24.015736,73.631578],[-24.032826,73.696723],[-24.015696,73.718899],[-23.982981,73.724351],[-23.516754,73.710679],[-23.344106,73.658189],[-23.127065,73.63227],[-22.843129,73.560777],[-22.662221,73.548651],[-22.492747,73.572414],[-22.367502,73.607367],[-22.175038,73.627875],[-22.328236,73.626125],[-22.436391,73.614814],[-22.609731,73.573065],[-22.799469,73.567613],[-22.866567,73.579413],[-22.938791,73.617743],[-23.552968,73.735745],[-23.86384,73.744086],[-24.005116,73.812323],[-24.060048,73.820258],[-24.248402,73.780422],[-24.340566,73.778713],[-24.333363,73.752916],[-24.433461,73.711615],[-24.471588,73.655748],[-24.375396,73.559556],[-24.397532,73.546373],[-24.456858,73.541449],[-24.941518,73.612494],[-24.984771,73.628485],[-24.995188,73.645209],[-24.968739,73.685207],[-24.998606,73.717231],[-25.178212,73.749742],[-25.344635,73.820868],[-25.430287,73.823676],[-25.518666,73.915839],[-25.690663,73.957465],[-25.720937,73.949408],[-25.739084,73.929511],[-25.590077,73.866848],[-25.563385,73.845526],[-25.574574,73.827094],[-25.550893,73.811225],[-25.386708,73.755194],[-25.087961,73.696723],[-25.087961,73.662665],[-25.111562,73.637152],[-25.05663,73.60163],[-24.679596,73.524644],[-24.719106,73.492499],[-25.292226,73.473538],[-25.498891,73.402533],[-25.423736,73.395087],[-25.439809,73.383857],[-25.436757,73.354153],[-25.452626,73.345771],[-25.570872,73.326972],[-25.762563,73.259833],[-25.965403,73.241889],[-26.150624,73.240871],[-26.405995,73.339545],[-26.485707,73.347317],[-26.564565,73.326239],[-26.643666,73.325141],[-26.825551,73.342678],[-27.0,73.39470015070029],[-27.0,74.0],[-21.988678,73.998725]]],[[[-27.0,73.33718658248216],[-26.832387,73.30386],[-26.447255,73.280341],[-26.401601,73.263495],[-26.396962,73.238023],[-26.581939,73.216986],[-26.607818,73.202786],[-26.615468,73.179389],[-26.713368,73.134711],[-27.0,73.17578732840109],[-27.0,73.33718658248216]]],[[[-26.706532,73.102118],[-26.602122,73.117987],[-26.492543,73.182807],[-26.444488,73.196682],[-25.999013,73.202582],[-25.887278,73.190863],[-25.720611,73.138129],[-25.052561,73.08393],[-25.03954,73.052476],[-24.984283,73.025784],[-25.006459,72.997748],[-25.074941,72.976955],[-25.13561,72.939765],[-25.262196,72.918891],[-25.320709,72.893012],[-25.696156,72.902737],[-25.739858,72.896308],[-25.871571,72.830878],[-26.082631,72.782416],[-26.265981,72.78559],[-26.599965,72.862372],[-26.782786,72.872138],[-27.0,72.84080711863835],[-27.0,73.13214813265971],[-26.706532,73.102118]]],[[[-27.0,72.82186076223974],[-26.700307,72.832506],[-26.396962,72.771308],[-26.540435,72.746527],[-26.669504,72.740709],[-26.780588,72.716702],[-26.719716,72.704088],[-26.349477,72.74494],[-26.306996,72.730373],[-26.362172,72.648424],[-26.479563,72.579535],[-26.468984,72.576972],[-26.405873,72.586819],[-26.177642,72.725898],[-26.092926,72.715725],[-25.882558,72.741034],[-25.609446,72.831488],[-25.522776,72.840237],[-25.341542,72.79857],[-25.256215,72.811184],[-25.231313,72.806098],[-25.186594,72.759426],[-25.067494,72.752021],[-24.998891,72.730373],[-24.848378,72.724107],[-24.716786,72.686428],[-24.696889,72.675727],[-24.742665,72.646633],[-24.715321,72.611396],[-24.724233,72.586982],[-24.663401,72.57331],[-24.690053,72.552191],[-24.668284,72.544623],[-24.601308,72.552191],[-24.610178,72.53266],[-24.702545,72.507514],[-24.887359,72.468451],[-25.132314,72.436184],[-25.909739,72.422512],[-25.877512,72.407945],[-25.734853,72.391791],[-25.423573,72.405585],[-25.28893,72.39057],[-25.495839,72.230658],[-25.495473,72.204006],[-25.464752,72.162421],[-25.526194,72.127631],[-25.483388,72.124823],[-25.402821,72.148627],[-25.395823,72.175442],[-25.408681,72.20185],[-25.36852,72.248765],[-25.375356,72.264228],[-25.180979,72.365383],[-25.019683,72.381537],[-24.82787,72.436184],[-24.738189,72.408189],[-24.683258,72.422512],[-24.546376,72.423407],[-24.45051,72.370673],[-24.34203,72.331732],[-24.277903,72.319159],[-24.23762,72.326321],[-24.265492,72.340522],[-24.233795,72.336737],[-24.045806,72.271674],[-23.81664,72.253607],[-23.806793,72.230658],[-23.895009,72.230658],[-23.871816,72.217434],[-23.794423,72.217027],[-23.76122,72.244452],[-23.710683,72.217027],[-23.711252,72.181952],[-23.809071,72.134752],[-23.820546,72.113959],[-23.620269,72.15644],[-23.086822,72.058783],[-23.105824,72.040676],[-23.196685,72.017768],[-23.142812,72.000678],[-23.005686,72.011135],[-22.681386,71.958319],[-22.503407,71.900784],[-22.503407,71.889472],[-22.544911,71.874457],[-22.728749,71.84516],[-22.736806,71.81977],[-22.783315,71.791409],[-22.961985,71.748969],[-23.059967,71.712104],[-23.135325,71.655341],[-23.123199,71.631903],[-23.011708,71.641059],[-22.867421,71.696275],[-22.415761,71.796536],[-22.408437,71.771389],[-22.427113,71.753241],[-22.533559,71.714179],[-22.55248,71.696275],[-22.654856,71.668362],[-22.632476,71.610541],[-22.634429,71.581366],[-22.59553,71.574123],[-22.577504,71.597357],[-22.600209,71.613105],[-22.478993,71.641059],[-22.394154,71.627387],[-22.401601,71.641059],[-22.384185,71.658108],[-22.305084,71.697211],[-22.30602,71.729804],[-22.214426,71.756496],[-22.16039,71.75727],[-22.140981,71.743476],[-22.160512,71.722357],[-22.13915,71.716376],[-21.894521,71.743476],[-21.946848,71.711005],[-22.024892,71.703111],[-21.990102,71.688788],[-22.012929,71.674709],[-22.078765,71.670722],[-22.216664,71.634833],[-22.099965,71.613105],[-22.148305,71.590155],[-22.425445,71.586412],[-22.507436,71.552232],[-22.535756,71.474677],[-22.493153,71.412258],[-22.497792,71.367336],[-22.449371,71.339342],[-22.469879,71.298407],[-22.45523,71.287746],[-22.476715,71.264309],[-22.3933,71.256822],[-22.355377,71.269843],[-22.333974,71.329169],[-22.359934,71.343492],[-22.30602,71.415107],[-22.132395,71.490912],[-22.004384,71.49018],[-21.941314,71.463528],[-21.921783,71.469713],[-21.955922,71.497016],[-21.881459,71.493232],[-21.894521,71.517524],[-21.869862,71.514228],[-21.841705,71.490912],[-21.818756,71.49018],[-21.784657,71.517524],[-21.764638,71.508002],[-21.749867,71.49018],[-21.874013,71.448635],[-21.715728,71.442369],[-21.818756,71.421332],[-21.695668,71.41649],[-21.667958,71.401435],[-21.838612,71.369818],[-21.856191,71.348619],[-21.790395,71.362738],[-21.715728,71.3605],[-21.818756,71.318915],[-21.730051,71.333197],[-21.606516,71.325751],[-21.963368,71.270453],[-21.887685,71.257473],[-21.915028,71.243801],[-21.889516,71.236965],[-21.796498,71.271145],[-21.738515,71.254462],[-21.723215,71.243801],[-21.749867,71.229478],[-21.703114,71.218736],[-21.661122,71.188544],[-21.712799,71.137885],[-21.743642,71.144192],[-21.810862,71.19359],[-21.846669,71.19538],[-21.820383,71.157904],[-21.833079,71.14761],[-21.715728,71.119696],[-22.161529,71.067694],[-22.333363,71.059475],[-22.296051,71.041571],[-21.969879,71.06566],[-21.886342,71.056871],[-21.867177,71.06566],[-21.874013,71.072455],[-21.784983,71.086127],[-21.696848,71.078925],[-21.674794,71.06566],[-21.677073,71.031155],[-21.661122,71.024115],[-21.990102,70.968817],[-21.915028,70.962592],[-21.723948,70.992743],[-21.695302,70.9831],[-21.798655,70.944729],[-21.792104,70.927883],[-21.697255,70.962592],[-21.667958,70.955797],[-21.702748,70.942125],[-21.667104,70.937974],[-21.60025,70.964789],[-21.572418,70.955797],[-21.757314,70.8664],[-21.700429,70.836412],[-21.744293,70.800279],[-21.928619,70.812445],[-21.882436,70.785305],[-21.822825,70.777045],[-21.63915,70.800605],[-21.642242,70.774237],[-21.76773,70.750963],[-21.792104,70.736029],[-21.617747,70.743557],[-21.545725,70.709377],[-21.76415,70.709377],[-21.74352,70.696845],[-21.630442,70.691352],[-21.579213,70.674628],[-21.654286,70.667792],[-21.620188,70.64053],[-21.64566,70.633694],[-21.757314,70.633694],[-21.737416,70.613186],[-21.771148,70.590074],[-21.760854,70.57807],[-21.730051,70.579047],[-21.653188,70.599311],[-21.620188,70.585273],[-21.674794,70.571601],[-21.565541,70.558539],[-21.539906,70.542914],[-21.516347,70.553127],[-21.476796,70.544867],[-21.538238,70.497056],[-21.663726,70.435533],[-21.751698,70.426947],[-21.79308,70.440375],[-21.940053,70.390326],[-21.990387,70.397447],[-21.999827,70.411363],[-21.943715,70.470364],[-22.022857,70.499498],[-22.129547,70.493232],[-22.284169,70.446275],[-22.341379,70.43891],[-22.381174,70.448717],[-22.415883,70.49726],[-22.408437,70.579047],[-22.439931,70.639228],[-22.472524,70.665107],[-22.428863,70.845933],[-22.479156,70.855414],[-22.572906,70.825426],[-22.608062,70.770006],[-22.586008,70.743557],[-22.64859,70.723049],[-22.634674,70.684068],[-22.64859,70.664374],[-22.641103,70.650214],[-22.589752,70.623114],[-22.56607,70.571601],[-22.600413,70.475531],[-22.632558,70.445461],[-23.017201,70.440375],[-23.097157,70.426337],[-23.345448,70.440579],[-23.682729,70.544867],[-23.809397,70.568996],[-23.929799,70.613186],[-24.066274,70.689683],[-24.112375,70.751776],[-24.182973,70.804999],[-24.207509,70.861314],[-24.227854,70.931627],[-24.195627,71.012274],[-24.264882,71.081366],[-24.42748,71.164008],[-24.569651,71.217719],[-24.585317,71.242418],[-24.573394,71.264309],[-24.669423,71.271959],[-24.683258,71.28852],[-24.673818,71.30093],[-24.61498,71.339342],[-24.63801,71.361762],[-24.744985,71.333197],[-24.799916,71.333197],[-24.847727,71.307318],[-24.964467,71.318915],[-25.096059,71.304836],[-25.17219,71.347073],[-25.265492,71.374172],[-25.377268,71.445787],[-25.438466,71.449368],[-25.526601,71.483385],[-25.621734,71.538642],[-25.759511,71.545478],[-25.859731,71.571723],[-25.992909,71.566962],[-26.076039,71.586371],[-26.275502,71.570502],[-26.35261,71.596666],[-26.401479,71.642483],[-26.453847,71.623847],[-26.468658,71.575873],[-26.500356,71.559719],[-26.597646,71.547431],[-26.785146,71.546536],[-27.0,71.60615394611614],[-27.0,72.82186076223974]]],[[[-27.0,71.52994643163241],[-26.741607,71.503974],[-26.687082,71.481594],[-26.522328,71.488918],[-26.446889,71.510077],[-26.321278,71.497016],[-26.266103,71.509101],[-26.156117,71.49018],[-26.013295,71.50316],[-25.805043,71.490668],[-25.727366,71.474433],[-25.55602,71.386949],[-25.444203,71.380316],[-25.410064,71.353664],[-25.4169,71.284735],[-25.504506,71.235541],[-25.512522,71.215888],[-25.709096,71.261217],[-25.780019,71.257473],[-25.5808,71.188544],[-25.601918,71.169582],[-25.680247,71.156236],[-25.7235,71.135321],[-25.93692,71.094957],[-26.002065,71.062201],[-26.253041,71.041246],[-26.300771,71.006659],[-26.33849,71.005316],[-26.425608,70.974555],[-26.828359,70.935289],[-27.0,70.9428337114373],[-27.0,71.52994643163241]]],[[[-27.0,70.44716939372832],[-26.743316,70.484117],[-26.529205,70.474189],[-26.321278,70.379788],[-26.363393,70.359809],[-26.445872,70.351467],[-26.451568,70.331977],[-26.698638,70.290432],[-26.853749,70.301011],[-26.935048,70.326117],[-26.971791,70.328681],[-27.0,70.31599736991173],[-27.0,70.44716939372832]]],[[[-27.0,70.20217991284156],[-26.909657,70.248725],[-26.845448,70.26081],[-26.635243,70.250922],[-26.536448,70.212226],[-26.326161,70.19831],[-25.982411,70.277818],[-25.905914,70.30744],[-25.305287,70.413235],[-25.247629,70.413479],[-25.203521,70.398342],[-25.238759,70.379788],[-25.395823,70.35932],[-25.272939,70.35932],[-25.339101,70.325181],[-25.35497,70.303168],[-25.341176,70.284247],[-25.219309,70.279853],[-25.183827,70.313178],[-25.058705,70.361396],[-25.000885,70.365627],[-24.924794,70.34512],[-24.888905,70.29914],[-24.819244,70.324652],[-24.48469,70.247016],[-24.471588,70.222113],[-24.034332,70.185126],[-23.98644,70.159125],[-23.863352,70.133734],[-23.797109,70.15058],[-23.559804,70.11286],[-22.371653,70.115058],[-22.210072,70.149604],[-22.109731,70.155219],[-22.077138,70.130316],[-22.161448,70.071357],[-22.380035,69.971259],[-22.401275,69.972602],[-22.4287,70.00609],[-22.466054,70.012885],[-22.4829,69.981269],[-22.549062,69.977973],[-22.56607,69.945299],[-22.582387,69.93891],[-22.736562,69.946763],[-22.778391,69.927924],[-22.799469,69.93476],[-22.778391,69.955268],[-22.881337,69.962714],[-22.929189,69.931342],[-22.915761,69.916897],[-22.771555,69.893785],[-22.805735,69.879543],[-22.915598,69.893785],[-23.006215,69.942613],[-23.038442,69.944648],[-23.093617,69.920478],[-23.045155,69.893785],[-23.046742,69.873603],[-23.196889,69.880561],[-23.241322,69.877631],[-23.278676,69.859687],[-22.975942,69.841132],[-22.909495,69.813422],[-22.924387,69.791002],[-22.99885,69.765611],[-23.107289,69.77025],[-23.177602,69.788398],[-23.261301,69.840481],[-23.33434,69.861518],[-23.389272,69.852607],[-23.336659,69.842231],[-23.291493,69.815863],[-23.243804,69.753485],[-23.347768,69.762112],[-23.631581,69.732652],[-23.929799,69.756008],[-23.703033,69.718085],[-23.663197,69.690253],[-23.647125,69.656684],[-23.579701,69.626288],[-23.731109,69.60578],[-23.621246,69.592108],[-23.646881,69.564276],[-23.689687,69.546536],[-23.814198,69.512274],[-23.937856,69.535386],[-23.983388,69.590806],[-24.003407,69.594184],[-24.037465,69.55858],[-24.065053,69.557807],[-24.333811,69.606024],[-24.354888,69.599555],[-24.098785,69.533515],[-24.076894,69.502102],[-24.083608,69.474555],[-24.15567,69.47606],[-24.135162,69.454332],[-24.149526,69.441352],[-24.094228,69.42829],[-24.133209,69.417467],[-24.265492,69.448147],[-24.367909,69.448147],[-24.341949,69.434963],[-24.346262,69.418118],[-24.448313,69.362128],[-24.512563,69.372992],[-24.471588,69.386054],[-24.491322,69.391669],[-24.580881,69.386054],[-24.661285,69.399604],[-24.683258,69.407782],[-24.696441,69.430406],[-24.735015,69.433661],[-24.758941,69.407782],[-24.751536,69.400336],[-24.642405,69.355618],[-24.61498,69.318427],[-24.765859,69.290473],[-24.627065,69.287177],[-24.616851,69.269599],[-24.636098,69.256334],[-24.675526,69.244615],[-24.814198,69.242662],[-24.793121,69.263129],[-24.907094,69.266343],[-25.101633,69.304145],[-25.190989,69.283677],[-25.214833,69.270209],[-25.197825,69.249498],[-25.258534,69.252753],[-25.280914,69.237616],[-25.022857,69.225043],[-24.984283,69.201117],[-24.997182,69.185981],[-24.99177,69.166938],[-25.115875,69.147121],[-25.03954,69.132799],[-25.077545,69.109849],[-25.211985,69.123277],[-25.2506,69.145819],[-25.327545,69.132799],[-25.211415,69.064602],[-25.241322,69.038153],[-25.293446,69.037258],[-25.285959,69.023627],[-25.354482,69.038275],[-25.371327,69.052476],[-25.348622,69.064602],[-25.47997,69.06509],[-25.588206,69.096747],[-25.656484,69.091864],[-25.553782,69.047187],[-25.548248,69.033271],[-25.656484,69.009345],[-25.617299,68.998725],[-25.498891,69.003119],[-25.445058,68.98078],[-25.449818,68.967922],[-25.485219,68.962144],[-25.701527,68.962144],[-25.717926,68.934231],[-25.578236,68.914984],[-25.625478,68.875881],[-25.667714,68.870429],[-25.789215,68.888577],[-25.820953,68.872748],[-25.772572,68.858466],[-25.85261,68.846503],[-25.841461,68.831204],[-25.944488,68.790229],[-26.065907,68.781155],[-26.110829,68.793606],[-26.252349,68.790229],[-26.289418,68.765082],[-26.252431,68.739447],[-26.258046,68.724189],[-26.287709,68.721991],[-26.265981,68.715074],[-26.28539,68.695543],[-26.416737,68.658922],[-26.46524,68.660468],[-26.506215,68.680976],[-26.605458,68.657416],[-26.677235,68.656806],[-26.716379,68.680609],[-26.691151,68.701402],[-26.743804,68.705227],[-26.84435,68.637397],[-26.916412,68.653225],[-27.0,68.63248872414309],[-27.0,70.20217991284156]]],[[[-23.34732,69.746527],[-23.258168,69.728664],[-23.224029,69.670966],[-23.240387,69.653306],[-23.27774,69.646552],[-23.480377,69.655341],[-23.544545,69.675686],[-23.593373,69.715033],[-23.517486,69.736151],[-23.34732,69.746527]]],[[[-26.193349,70.564154],[-26.146718,70.531236],[-26.074208,70.52383],[-26.106679,70.508205],[-26.101552,70.489651],[-26.189524,70.458441],[-26.288808,70.459418],[-26.38268,70.489651],[-26.362172,70.503323],[-26.38268,70.52383],[-26.306996,70.544867],[-26.232533,70.531236],[-26.265981,70.551703],[-26.193349,70.564154]]],[[[-25.321767,70.761786],[-25.283518,70.690863],[-25.285959,70.667792],[-25.301137,70.657294],[-25.570139,70.634101],[-25.652821,70.609117],[-25.825307,70.601264],[-25.999745,70.535102],[-26.071156,70.531236],[-26.088206,70.544867],[-26.132883,70.544867],[-26.163564,70.579047],[-26.237945,70.58926],[-26.348256,70.563666],[-26.500356,70.547919],[-26.575103,70.52383],[-26.92455,70.517646],[-26.968495,70.528062],[-27.0,70.51256938919846],[-27.0,70.89402913773742],[-26.662506,70.89647],[-26.308909,70.938544],[-26.227203,70.974555],[-26.082997,70.993394],[-25.703765,71.085842],[-25.676991,71.086127],[-25.676991,71.024115],[-25.725453,70.990546],[-25.677642,70.976264],[-25.508778,70.968817],[-25.410064,70.92475],[-25.375356,70.873236],[-25.4169,70.852769],[-25.355336,70.835761],[-25.341786,70.809719],[-25.451527,70.797593],[-25.485219,70.780707],[-25.461008,70.768459],[-25.321767,70.761786]]],[[[-25.5808,71.106024],[-25.464752,71.106024],[-25.423736,71.078681],[-25.341176,71.078681],[-25.3756,71.056138],[-25.331776,71.042873],[-25.307688,71.017279],[-25.395823,71.045152],[-25.400502,71.026272],[-25.413971,71.027411],[-25.472157,71.08747],[-25.560943,71.088935],[-25.5808,71.106024]]],[[[-21.949086,72.428697],[-21.928619,72.408189],[-21.961903,72.390082],[-22.005727,72.38642],[-22.157704,72.420315],[-22.252756,72.42829],[-22.271311,72.436184],[-22.257639,72.450385],[-22.360341,72.428697],[-22.641428,72.465522],[-22.760121,72.441067],[-22.736806,72.415676],[-22.744211,72.405097],[-22.732818,72.383694],[-22.67516,72.36164],[-22.327382,72.310452],[-22.298573,72.292141],[-22.319651,72.264228],[-22.303049,72.25727],[-22.259999,72.260565],[-22.243398,72.271674],[-22.246978,72.282538],[-22.221018,72.287299],[-22.045318,72.271674],[-22.196156,72.209621],[-22.125234,72.159369],[-22.201283,72.125149],[-22.524892,72.134833],[-22.600209,72.162421],[-22.514719,72.188178],[-22.497792,72.209621],[-22.544301,72.217353],[-22.607655,72.182847],[-22.684641,72.171291],[-22.948354,72.238837],[-23.065094,72.310004],[-23.64745,72.422065],[-23.762278,72.428209],[-23.953277,72.472886],[-23.998647,72.470282],[-24.063547,72.445258],[-24.080556,72.470282],[-23.998443,72.498969],[-24.02595,72.52143],[-24.140248,72.550971],[-24.16161,72.530992],[-24.371693,72.604071],[-24.406606,72.678534],[-24.408925,72.737779],[-24.48526,72.826565],[-24.467397,72.843248],[-24.400136,72.859117],[-23.930409,72.881537],[-23.800649,72.859565],[-23.715443,72.860093],[-23.633168,72.837958],[-23.137034,72.840033],[-23.067006,72.794257],[-23.045155,72.759955],[-22.951405,72.716864],[-22.866078,72.707221],[-22.846669,72.686225],[-22.729604,72.667955],[-22.703277,72.648424],[-22.717519,72.634711],[-22.586741,72.607611],[-22.481516,72.626451],[-22.445872,72.595649],[-22.182485,72.545356],[-22.151926,72.528469],[-22.150624,72.518378],[-22.202301,72.483954],[-22.02831,72.504381],[-21.951731,72.488105],[-21.935374,72.466864],[-21.949086,72.428697]]],[[[-24.97468,72.908433],[-24.772532,72.909369],[-24.799672,72.887641],[-24.882476,72.867499],[-24.869374,72.814602],[-24.901438,72.78205],[-25.041575,72.787828],[-25.320668,72.846991],[-25.21227,72.852281],[-25.128285,72.892279],[-25.056956,72.888617],[-24.97468,72.908433]]],[[[-21.900461,72.733588],[-21.874908,72.709906],[-21.900746,72.696845],[-21.894521,72.689399],[-21.918935,72.684801],[-21.994537,72.682563],[-22.020416,72.696519],[-22.086293,72.689399],[-22.045318,72.716702],[-22.07018,72.720933],[-22.137034,72.712226],[-22.169504,72.695624],[-22.265045,72.709906],[-22.654042,72.698065],[-22.723134,72.716702],[-22.61852,72.724189],[-22.613881,72.737779],[-22.741851,72.752509],[-22.771555,72.765082],[-22.763051,72.78734],[-22.819569,72.818793],[-23.163319,72.877916],[-23.616078,72.870917],[-23.718984,72.896918],[-23.831125,72.907782],[-24.526235,72.901679],[-24.574127,72.927883],[-24.586903,72.950426],[-24.577138,72.973944],[-24.536488,72.991889],[-23.779164,73.015448],[-23.238271,73.075263],[-22.255035,72.978461],[-22.095448,72.929999],[-22.072621,72.943834],[-21.996938,72.932685],[-21.969594,72.943834],[-21.957834,72.929348],[-21.900746,72.915961],[-21.887685,72.895453],[-21.97936,72.879096],[-22.004384,72.860663],[-21.97643,72.846991],[-22.18871,72.812323],[-22.093088,72.806098],[-22.084869,72.79442],[-21.978993,72.779608],[-21.963368,72.771308],[-22.024892,72.758246],[-22.004709,72.745063],[-21.956654,72.750393],[-21.900461,72.733588]]],[[[-21.203521,73.146064],[-21.168324,73.134426],[-21.188791,73.121405],[-21.328277,73.100979],[-21.396718,73.099758],[-21.462514,73.121405],[-21.361887,73.147121],[-21.203521,73.146064]]],[[[-24.556549,73.052965],[-24.652821,73.046291],[-24.751536,73.072943],[-24.885406,73.078559],[-25.063222,73.118354],[-25.430531,73.121405],[-25.573476,73.148261],[-25.707265,73.184719],[-25.710805,73.194892],[-25.691151,73.21011],[-25.567535,73.234687],[-25.449534,73.297309],[-25.312367,73.320014],[-25.285959,73.333686],[-25.302154,73.370754],[-25.296783,73.385199],[-25.24352,73.411119],[-24.460072,73.425035],[-23.230214,73.251125],[-23.209788,73.231269],[-23.257802,73.221137],[-24.970448,73.325344],[-25.012196,73.313178],[-24.90746,73.317288],[-24.436757,73.273912],[-24.374257,73.256293],[-24.306508,73.265367],[-23.766225,73.195299],[-23.080637,73.175971],[-22.963979,73.148098],[-22.892445,73.158026],[-22.980702,73.107123],[-24.467519,73.036078],[-24.556549,73.052965]]]]}},{"type":"Feature","properties":{"name":"Iceland","iso":"IS","pop":361313},"geometry":{"type":"MultiPolygon","coordinates":[[[[-14.610748,66.363227],[-14.99059,66.285834],[-15.014801,66.268378],[-14.978261,66.259508],[-14.935211,66.22191],[-14.952138,66.193305],[-15.05602,66.148139],[-15.134633,66.143256],[-15.179351,66.111314],[-15.074127,66.097113],[-15.055776,66.07038],[-15.09675,66.056098],[-15.075999,66.049628],[-14.852691,66.037177],[-14.770416,66.067857],[-14.71935,66.07038],[-14.677317,66.05622],[-14.651479,66.006741],[-14.616933,65.997748],[-14.603342,65.95303],[-14.623769,65.939399],[-14.623769,65.919582],[-14.650461,65.88817],[-14.800526,65.827948],[-14.822987,65.815863],[-14.821156,65.798407],[-14.891265,65.761217],[-14.834869,65.770901],[-14.788197,65.796047],[-14.844106,65.735175],[-14.772817,65.732001],[-14.361562,65.79678],[-14.329498,65.782375],[-14.395131,65.721503],[-14.274322,65.672512],[-14.357818,65.656073],[-14.454213,65.583441],[-14.530181,65.545478],[-14.562367,65.501166],[-14.320221,65.652411],[-14.271718,65.655951],[-14.192372,65.631537],[-14.247629,65.665025],[-14.027903,65.610419],[-13.871409,65.619045],[-13.850942,65.591986],[-13.869618,65.57689],[-13.815012,65.569403],[-13.821278,65.54149],[-13.805776,65.528632],[-13.787668,65.521674],[-13.715443,65.558295],[-13.685292,65.555162],[-13.677846,65.535346],[-13.609609,65.514228],[-13.607981,65.492133],[-13.651194,65.459621],[-13.63683,65.426093],[-13.677846,65.411811],[-13.667633,65.405707],[-13.670969,65.377631],[-13.83552,65.364],[-13.733062,65.343492],[-13.729848,65.327094],[-13.784535,65.309801],[-14.006744,65.28205],[-13.991119,65.272691],[-13.687652,65.306383],[-13.607818,65.288642],[-13.567983,65.260972],[-13.654205,65.219957],[-14.034088,65.200141],[-14.003326,65.189765],[-13.626617,65.200141],[-13.616607,65.196763],[-13.643666,65.159166],[-13.746693,65.144924],[-13.669301,65.144355],[-13.651194,65.131293],[-13.685292,65.117011],[-13.626617,65.103949],[-13.520172,65.172187],[-13.526967,65.096503],[-13.502919,65.081285],[-13.526967,65.055487],[-13.609609,65.035061],[-13.585317,65.007717],[-13.647369,64.98664],[-13.781606,64.989325],[-13.801991,64.994086],[-13.830312,65.029608],[-14.034088,65.082831],[-13.993764,65.055487],[-14.029775,65.038398],[-14.233388,65.035061],[-13.91804,65.014594],[-13.867909,64.978217],[-13.698313,64.925198],[-13.739898,64.9112],[-13.876454,64.932603],[-14.054596,64.932603],[-13.995513,64.914496],[-13.852284,64.900295],[-13.787668,64.877387],[-13.766916,64.853827],[-13.832102,64.829576],[-13.936594,64.847073],[-13.96642,64.835842],[-13.858022,64.81684],[-13.839223,64.79857],[-14.013661,64.802314],[-14.048451,64.781195],[-13.986318,64.74022],[-14.048451,64.719713],[-14.270619,64.699286],[-14.339467,64.716295],[-14.368072,64.755316],[-14.420562,64.789618],[-14.513905,64.802314],[-14.4558,64.790229],[-14.466135,64.761298],[-14.383616,64.74022],[-14.371449,64.704983],[-14.270172,64.669501],[-14.281158,64.658271],[-14.274322,64.651435],[-14.441965,64.675727],[-14.493479,64.658271],[-14.417714,64.631008],[-14.40925,64.610256],[-14.438832,64.596869],[-14.584381,64.590318],[-14.531606,64.555609],[-14.490468,64.548407],[-14.445383,64.560696],[-14.383616,64.600735],[-14.346181,64.605618],[-14.466135,64.534735],[-14.476674,64.496894],[-14.509348,64.47191],[-14.510487,64.442328],[-14.544911,64.405097],[-14.746693,64.383979],[-14.568512,64.418118],[-14.713124,64.431708],[-14.712514,64.41413],[-14.782053,64.377753],[-14.848948,64.357123],[-14.904897,64.322455],[-14.891265,64.349799],[-14.949045,64.322455],[-14.931956,64.301418],[-14.891265,64.308824],[-14.877594,64.28148],[-14.929433,64.264838],[-15.015859,64.26675],[-15.106679,64.301418],[-15.143951,64.28148],[-15.17927,64.287909],[-15.192291,64.28148],[-15.179351,64.274115],[-15.190053,64.269192],[-15.226471,64.26789],[-15.206614,64.301418],[-15.254506,64.298041],[-15.290273,64.334377],[-15.302154,64.322455],[-15.281117,64.295233],[-15.32315,64.3039],[-15.336293,64.308824],[-15.326568,64.329006],[-15.366444,64.36933],[-15.408437,64.387641],[-15.4735,64.39765],[-15.401479,64.380805],[-15.363637,64.336819],[-15.397817,64.336819],[-15.374013,64.305894],[-15.397817,64.274115],[-15.478017,64.275133],[-15.500885,64.26789],[-15.43871,64.260443],[-15.672109,64.219428],[-15.685699,64.233791],[-15.802398,64.18537],[-15.699452,64.191555],[-15.733022,64.179267],[-15.992055,64.144477],[-16.02831,64.130072],[-15.981191,64.123928],[-16.151275,64.054999],[-16.181793,64.062323],[-16.19286,64.048163],[-16.17927,64.041938],[-16.308909,64.017076],[-16.350494,63.986721],[-16.311025,63.99726],[-16.336903,63.974066],[-16.470204,63.904771],[-16.501332,63.897366],[-16.460357,63.924628],[-16.611195,63.869371],[-16.745351,63.852118],[-16.782541,63.863186],[-16.747792,63.849555],[-16.782541,63.842719],[-16.779775,63.818305],[-16.796213,63.801703],[-16.805531,63.828559],[-16.887359,63.865668],[-16.898264,63.854071],[-16.895823,63.807766],[-16.915354,63.805162],[-16.912221,63.839301],[-16.930043,63.8664],[-16.939565,63.809149],[-16.926137,63.800035],[-16.966908,63.787502],[-16.960683,63.828437],[-16.941274,63.845526],[-16.940297,63.897773],[-16.968984,63.920315],[-16.97704,63.888821],[-16.966908,63.869371],[-17.018544,63.862006],[-17.02892,63.849555],[-16.987945,63.809149],[-17.006215,63.797838],[-17.114858,63.794908],[-17.166127,63.809149],[-17.20344,63.798285],[-17.207102,63.815375],[-17.330556,63.781236],[-17.560943,63.7508],[-17.543568,63.766791],[-17.549672,63.787502],[-17.569081,63.763577],[-17.598053,63.767564],[-17.590647,63.746527],[-17.721018,63.705512],[-17.711171,63.727362],[-17.685292,63.739691],[-17.624827,63.746527],[-17.714752,63.781236],[-17.714752,63.753974],[-17.817209,63.753974],[-17.796742,63.740302],[-17.878407,63.731024],[-17.91808,63.679023],[-17.967356,63.6765],[-17.966949,63.66059],[-17.950673,63.657701],[-17.902821,63.671373],[-17.796742,63.671373],[-17.865834,63.623847],[-17.892323,63.630439],[-17.885487,63.636664],[-17.926422,63.636664],[-17.924957,63.627346],[-17.968617,63.622992],[-17.946889,63.620795],[-17.946929,63.602484],[-17.858225,63.609931],[-17.919057,63.545152],[-17.964955,63.522528],[-18.195383,63.472805],[-18.228139,63.493232],[-18.118886,63.534247],[-18.228139,63.527411],[-18.316803,63.548529],[-18.310658,63.541002],[-18.32433,63.534247],[-18.276763,63.501166],[-18.265696,63.466539],[-18.183665,63.463853],[-18.397694,63.449205],[-18.732045,63.396715],[-18.974762,63.424384],[-19.055653,63.414374],[-19.132436,63.438666],[-19.152659,63.425727],[-19.287262,63.438666],[-19.550933,63.502021],[-19.711578,63.521552],[-19.743235,63.534247],[-19.722035,63.539252],[-19.735748,63.548529],[-19.872914,63.548529],[-19.769887,63.534247],[-20.033803,63.542385],[-20.051015,63.554755],[-20.078359,63.554755],[-20.071523,63.541002],[-20.185699,63.54442],[-20.337717,63.601711],[-20.352691,63.609931],[-20.322499,63.601752],[-20.290639,63.609931],[-20.339101,63.616767],[-20.332265,63.636664],[-20.367096,63.619818],[-20.407338,63.630439],[-20.373158,63.630439],[-20.478668,63.706366],[-20.503529,63.699286],[-20.434641,63.64411],[-20.531606,63.68891],[-20.550689,63.712348],[-20.537099,63.719794],[-20.558217,63.740302],[-20.498525,63.763007],[-20.431264,63.767564],[-20.311147,63.732856],[-20.365793,63.767564],[-20.442128,63.787502],[-20.412017,63.812567],[-20.411122,63.836249],[-20.431142,63.836371],[-20.427846,63.822211],[-20.483022,63.787502],[-20.562408,63.756822],[-20.577504,63.714179],[-20.770416,63.7744],[-20.654368,63.760728],[-20.605946,63.767564],[-20.63386,63.7744],[-20.619618,63.787502],[-20.71581,63.781236],[-20.681793,63.807318],[-20.671783,63.837633],[-20.685618,63.86343],[-20.723256,63.869371],[-20.695139,63.857978],[-20.698313,63.844184],[-20.754506,63.80565],[-20.805287,63.794745],[-20.832509,63.801703],[-20.818227,63.781236],[-20.948842,63.827216],[-21.144276,63.867499],[-21.188791,63.891099],[-21.194936,63.932074],[-21.117014,63.929877],[-21.044789,63.945746],[-21.185048,63.959418],[-21.23644,63.953355],[-21.298695,63.918402],[-21.222035,63.898871],[-21.209299,63.883694],[-21.349762,63.884182],[-21.365834,63.873765],[-21.352651,63.856391],[-21.366933,63.849555],[-21.659901,63.831855],[-21.793202,63.870551],[-22.065785,63.835883],[-22.336415,63.863186],[-22.394399,63.835924],[-22.415883,63.842719],[-22.401601,63.849555],[-22.42516,63.849514],[-22.525136,63.822211],[-22.63268,63.826117],[-22.691233,63.812201],[-22.717519,63.828437],[-22.697418,63.851874],[-22.700185,63.874172],[-22.73058,63.891099],[-22.685902,63.945746],[-22.634999,63.949164],[-22.639231,63.95954],[-22.691721,63.954779],[-22.72997,63.974677],[-22.736806,63.993476],[-22.717519,64.020819],[-22.718739,64.070502],[-22.702138,64.085924],[-22.67516,64.087388],[-22.609975,64.061591],[-22.558461,64.019436],[-22.544911,63.993476],[-22.559234,63.993476],[-22.518463,63.979438],[-22.39684,63.979804],[-22.381174,63.986721],[-22.392323,63.994086],[-22.386383,64.002102],[-22.346059,64.017279],[-22.250885,64.035102],[-22.199208,64.020819],[-22.124176,64.043891],[-22.040679,64.051093],[-21.990102,64.076117],[-21.963368,64.076117],[-22.00475,64.097724],[-22.045318,64.096584],[-22.034901,64.112738],[-21.982493,64.121649],[-21.963368,64.117092],[-21.990102,64.109565],[-21.931996,64.105902],[-21.915028,64.117092],[-21.935455,64.117092],[-21.915028,64.123928],[-21.977162,64.149156],[-22.045318,64.158026],[-22.015126,64.16828],[-21.864858,64.156317],[-21.799672,64.137274],[-21.784657,64.144355],[-21.826243,64.15119],[-21.798248,64.164862],[-21.818756,64.171698],[-21.723785,64.171454],[-21.702748,64.191555],[-21.756093,64.181789],[-21.757232,64.200344],[-21.709584,64.213202],[-21.812652,64.213202],[-21.806467,64.230211],[-21.81786,64.237982],[-21.928619,64.233791],[-21.889556,64.253119],[-21.894521,64.26789],[-21.803212,64.301744],[-21.754506,64.345201],[-21.652577,64.349189],[-21.689076,64.356635],[-21.603098,64.377753],[-21.442006,64.364081],[-21.414133,64.383979],[-21.459096,64.37287],[-21.483022,64.383979],[-21.449452,64.39765],[-21.631174,64.402655],[-21.716542,64.393866],[-21.792104,64.364081],[-21.812652,64.342963],[-21.962636,64.297309],[-22.099965,64.315009],[-21.984771,64.370266],[-21.859731,64.390774],[-21.948883,64.394965],[-22.011342,64.382758],[-22.045318,64.405097],[-22.03189,64.414455],[-22.021474,64.456],[-21.999867,64.453925],[-21.975087,64.50373],[-21.83727,64.539008],[-21.777821,64.541571],[-21.818756,64.562079],[-21.702748,64.6105],[-21.64745,64.6105],[-21.651438,64.592515],[-21.60558,64.589342],[-21.579905,64.571845],[-21.496653,64.569525],[-21.565541,64.575751],[-21.620188,64.603013],[-21.579213,64.616645],[-21.68224,64.616645],[-21.606516,64.647691],[-21.510894,64.651435],[-21.613352,64.658271],[-21.702748,64.631008],[-21.661122,64.665717],[-21.721832,64.638821],[-21.728424,64.615709],[-21.859731,64.575751],[-21.853505,64.562079],[-21.911204,64.563218],[-22.009023,64.525092],[-22.035634,64.537665],[-22.018056,64.569525],[-22.038808,64.566596],[-22.051584,64.524563],[-22.079457,64.500637],[-22.085032,64.478664],[-22.164784,64.459662],[-22.199045,64.471869],[-22.2235,64.500637],[-22.257639,64.487006],[-22.231109,64.515286],[-22.237172,64.541571],[-22.2235,64.548407],[-22.257639,64.555854],[-22.243398,64.575751],[-22.339508,64.555854],[-22.364817,64.584418],[-22.346995,64.616645],[-22.442535,64.665717],[-22.365102,64.642646],[-22.339508,64.651435],[-22.360707,64.651435],[-22.354604,64.662787],[-22.319651,64.678778],[-22.333363,64.69245],[-22.217519,64.717434],[-22.18871,64.74022],[-22.402089,64.676337],[-22.422109,64.685614],[-22.349233,64.72309],[-22.339508,64.733385],[-22.346995,64.74022],[-22.319651,64.753852],[-22.372141,64.768744],[-22.436391,64.767524],[-22.422109,64.781195],[-22.442535,64.781195],[-22.408437,64.82274],[-22.442535,64.802314],[-22.457021,64.815334],[-22.476715,64.802314],[-22.547475,64.805813],[-22.593414,64.788642],[-22.56607,64.774359],[-22.658193,64.766669],[-22.682118,64.774359],[-22.638051,64.777777],[-22.672515,64.802314],[-22.778391,64.802314],[-22.710072,64.781195],[-22.736887,64.774807],[-22.805735,64.794867],[-23.1881,64.804145],[-23.246246,64.830471],[-23.398427,64.82274],[-23.457143,64.793647],[-23.573476,64.809149],[-23.538442,64.816799],[-23.555247,64.81981],[-23.623525,64.794257],[-23.646596,64.750881],[-23.67394,64.741116],[-23.833567,64.725898],[-23.946116,64.760891],[-23.955881,64.786689],[-24.016957,64.831732],[-24.060048,64.891059],[-23.849762,64.930569],[-23.748118,64.906928],[-23.63801,64.898505],[-23.600819,64.918362],[-23.559438,64.917385],[-23.512847,64.946357],[-23.381093,64.945624],[-23.395334,64.966783],[-23.339752,64.962633],[-23.346913,64.945624],[-23.33373,64.941392],[-23.30602,64.953111],[-23.297027,64.922268],[-23.278676,64.932603],[-23.263092,64.926256],[-23.224029,64.949408],[-23.23766,65.000922],[-23.210194,65.016913],[-23.168568,65.020087],[-23.086822,65.014594],[-23.135325,64.98664],[-23.127797,64.972968],[-23.162587,64.953111],[-23.107289,64.918362],[-23.109527,64.956855],[-23.066396,64.972968],[-23.021392,65.013007],[-22.992787,65.014228],[-22.94286,64.98664],[-22.785227,65.027574],[-22.873891,65.035061],[-22.717519,65.075995],[-22.73058,65.069159],[-22.695872,65.062323],[-22.695872,65.049302],[-22.751088,65.027574],[-22.689605,65.035061],[-22.674428,65.007554],[-22.579742,64.980414],[-22.628163,65.014594],[-22.5454,65.052191],[-22.379994,65.058783],[-22.155181,65.027574],[-22.120432,65.041897],[-21.982533,65.027533],[-21.826243,65.035061],[-21.799672,65.044623],[-21.798655,65.057034],[-21.846669,65.069159],[-21.779286,65.108059],[-21.737416,65.159166],[-21.73412,65.193793],[-21.766103,65.207953],[-21.809478,65.206122],[-21.840484,65.192694],[-21.833079,65.178412],[-22.033844,65.114936],[-22.318959,65.138414],[-22.401601,65.165351],[-22.511871,65.154202],[-22.557688,65.168931],[-22.490346,65.185858],[-22.456858,65.178412],[-22.478993,65.192776],[-22.55248,65.185858],[-22.490346,65.233629],[-22.426178,65.251451],[-22.428863,65.267768],[-22.378041,65.267768],[-22.312856,65.304348],[-22.201283,65.317694],[-22.006825,65.381252],[-21.983876,65.391913],[-21.990102,65.398139],[-21.935455,65.385077],[-21.949086,65.405585],[-21.695302,65.453355],[-21.791331,65.440131],[-21.97643,65.439765],[-21.935455,65.467027],[-21.971547,65.481879],[-21.990102,65.508002],[-22.045318,65.501166],[-22.039662,65.487128],[-22.062815,65.484036],[-22.114247,65.52851],[-22.111399,65.497463],[-22.134755,65.473863],[-22.17162,65.459621],[-22.199208,65.432318],[-22.253814,65.433661],[-22.387196,65.491685],[-22.345815,65.514716],[-22.164784,65.54149],[-22.153717,65.545885],[-22.148346,65.57689],[-22.106801,65.596747],[-22.136383,65.593329],[-22.243886,65.537095],[-22.346995,65.52851],[-22.291737,65.555162],[-22.312489,65.561998],[-22.373931,65.538153],[-22.415883,65.548977],[-22.408844,65.524848],[-22.478627,65.508002],[-22.504018,65.52851],[-22.501454,65.569648],[-22.545888,65.634019],[-22.55838,65.624742],[-22.541005,65.576606],[-22.546539,65.560736],[-22.589182,65.53559],[-22.631459,65.565823],[-22.637766,65.539781],[-22.656158,65.528062],[-22.676829,65.532782],[-22.707631,65.572211],[-22.704742,65.605292],[-22.682118,65.624091],[-22.759389,65.629828],[-22.717519,65.508002],[-22.731516,65.501776],[-22.785227,65.508002],[-22.77953,65.522528],[-22.795725,65.533677],[-22.887603,65.54149],[-22.791982,65.589993],[-22.801991,65.600979],[-22.854115,65.617906],[-22.859609,65.595608],[-22.905263,65.566881],[-22.925771,65.573188],[-22.95344,65.610419],[-22.963979,65.562649],[-22.985219,65.551215],[-23.073476,65.538398],[-23.158111,65.562201],[-23.155141,65.583157],[-23.183013,65.576361],[-23.201324,65.534735],[-23.182444,65.514228],[-23.231435,65.487494],[-23.357493,65.49494],[-23.408274,65.513739],[-23.423329,65.508002],[-23.409006,65.501166],[-23.490346,65.477932],[-23.625396,65.466457],[-23.656077,65.473863],[-23.661285,65.457994],[-23.714101,65.426093],[-23.897532,65.404608],[-23.984364,65.418647],[-23.982981,65.441311],[-24.004872,65.453355],[-23.970693,65.446519],[-23.967763,65.464911],[-23.986195,65.474189],[-24.009023,65.472846],[-24.019154,65.459621],[-24.04308,65.474555],[-24.196685,65.501166],[-24.48176,65.488471],[-24.5183,65.49136],[-24.539906,65.508002],[-24.375396,65.569403],[-24.365793,65.617906],[-24.303375,65.638373],[-24.135406,65.606147],[-24.080556,65.57689],[-23.971303,65.558661],[-23.892812,65.522162],[-23.806793,65.535346],[-23.895009,65.54149],[-24.086781,65.651353],[-23.935943,65.638373],[-23.806793,65.610419],[-23.852651,65.638983],[-24.022857,65.676174],[-24.080556,65.706],[-24.121571,65.74079],[-24.135162,65.78913],[-24.092844,65.804755],[-23.628082,65.706],[-23.56664,65.672512],[-23.556386,65.65469],[-23.579701,65.617906],[-23.561757,65.613674],[-23.497792,65.645209],[-23.477895,65.631537],[-23.46703,65.640937],[-23.388539,65.638373],[-23.409006,65.65884],[-23.285471,65.679348],[-23.458241,65.68244],[-23.511627,65.699693],[-23.539174,65.722724],[-23.466908,65.739691],[-23.437815,65.731635],[-23.309682,65.748236],[-23.244537,65.740383],[-23.224029,65.748236],[-23.251332,65.761217],[-23.189849,65.782375],[-23.319244,65.757025],[-23.588775,65.759752],[-23.676503,65.782375],[-23.729156,65.774359],[-23.8131,65.815863],[-23.866607,65.875556],[-23.863149,65.905829],[-23.800852,65.926215],[-23.669667,65.905219],[-23.600819,65.877916],[-23.51887,65.884752],[-23.35436,65.864325],[-23.244537,65.836127],[-23.209788,65.843207],[-23.57787,65.905015],[-23.763295,65.979926],[-23.8131,66.011379],[-23.807485,66.058417],[-23.751373,66.076565],[-23.5183,66.026679],[-23.429433,66.029446],[-23.412506,66.000312],[-23.374867,65.987779],[-23.422515,66.035875],[-23.547027,66.059516],[-23.669667,66.117499],[-23.637318,66.128485],[-23.48412,66.12759],[-23.395334,66.097642],[-23.481028,66.138617],[-23.600819,66.144843],[-23.55956,66.176459],[-23.501291,66.180487],[-23.461415,66.204169],[-23.304351,66.185777],[-23.152699,66.145819],[-23.110219,66.112535],[-23.107289,66.075914],[-23.057973,66.107611],[-23.027699,66.10871],[-22.986073,66.079535],[-22.976877,66.033677],[-23.058949,65.966702],[-22.976552,66.00845],[-22.929189,66.049262],[-22.909657,66.038642],[-22.89509,66.015082],[-22.901845,66.007636],[-22.85554,66.02851],[-22.840443,66.021918],[-22.880971,65.975287],[-22.94286,65.946845],[-22.884429,65.951809],[-22.82311,66.004584],[-22.809153,65.977607],[-22.819325,65.912095],[-22.785227,65.960517],[-22.782948,66.008612],[-22.764027,66.049262],[-22.750478,66.058417],[-22.682729,66.055854],[-22.667226,66.030911],[-22.577382,65.97309],[-22.600209,65.925727],[-22.593414,65.919582],[-22.655426,65.84219],[-22.648183,65.833686],[-22.635162,65.835273],[-22.545318,65.946967],[-22.538726,65.974189],[-22.517323,65.975775],[-22.476715,65.939399],[-22.457509,65.941067],[-22.456166,65.90998],[-22.442535,65.905219],[-22.422109,65.925727],[-22.428863,65.884752],[-22.469879,65.836982],[-22.43163,65.845893],[-22.392649,65.901679],[-22.360707,65.912095],[-22.423004,66.002021],[-22.484202,66.029446],[-22.449371,66.075914],[-22.392812,66.084052],[-22.381174,66.097642],[-22.488393,66.076728],[-22.628163,66.117499],[-22.865956,66.159491],[-22.935862,66.189765],[-22.97761,66.234198],[-22.751088,66.262152],[-22.606557,66.246772],[-22.552358,66.221381],[-22.538726,66.227362],[-22.559234,66.248481],[-22.367502,66.275214],[-22.503407,66.266425],[-22.564565,66.283637],[-22.469879,66.309312],[-22.492096,66.321967],[-22.595693,66.291734],[-22.710072,66.29564],[-22.669097,66.357123],[-22.607655,66.371405],[-22.683949,66.358303],[-22.763051,66.323676],[-22.82311,66.316799],[-22.835357,66.322659],[-22.799469,66.364569],[-22.83373,66.358832],[-22.939687,66.301459],[-23.098053,66.318305],[-23.189687,66.355292],[-23.176259,66.364569],[-23.046742,66.360663],[-23.02481,66.391832],[-23.084625,66.403266],[-23.135325,66.432807],[-23.104726,66.442816],[-23.011708,66.419176],[-23.032297,66.440253],[-22.922719,66.447659],[-22.89509,66.426011],[-22.864491,66.431383],[-22.950307,66.466986],[-22.832631,66.463813],[-22.695872,66.419176],[-22.607655,66.446479],[-22.613881,66.46015],[-22.574534,66.465888],[-22.510732,66.440416],[-22.426625,66.427924],[-22.429351,66.450141],[-22.463124,66.466986],[-22.43102,66.464748],[-22.376698,66.432563],[-22.350006,66.394192],[-22.268625,66.375922],[-22.243398,66.357123],[-22.257639,66.347154],[-22.202301,66.337226],[-22.228261,66.328559],[-22.214101,66.2897],[-22.229644,66.275214],[-22.216664,66.268378],[-22.155181,66.28262],[-22.128285,66.268297],[-22.089589,66.289862],[-22.080393,66.282864],[-22.086293,66.268378],[-21.979319,66.27497],[-21.921783,66.241034],[-21.990102,66.213772],[-21.920725,66.219672],[-21.853505,66.193305],[-21.812652,66.199449],[-21.749867,66.185777],[-21.757314,66.172756],[-21.730092,66.156236],[-21.743642,66.138617],[-21.723012,66.082221],[-21.702748,66.07038],[-21.641225,66.07038],[-21.639272,66.056545],[-21.667958,66.021918],[-21.620188,66.039008],[-21.620717,66.063463],[-21.641225,66.083441],[-21.548818,66.097642],[-21.509185,66.072333],[-21.558461,66.046536],[-21.534779,66.025702],[-21.509389,66.017076],[-21.401031,66.029446],[-21.330637,66.009019],[-21.318512,65.987779],[-21.606516,65.960517],[-21.588124,65.946357],[-21.410024,65.967475],[-21.380605,65.960517],[-21.43578,65.932563],[-21.328114,65.945258],[-21.301747,65.935981],[-21.284047,65.898627],[-21.325917,65.877916],[-21.278188,65.856879],[-21.327789,65.809027],[-21.375315,65.784898],[-21.476796,65.768704],[-21.332143,65.74079],[-21.443512,65.690497],[-21.579213,65.69302],[-21.685943,65.769436],[-21.777821,65.768704],[-21.711334,65.754625],[-21.667958,65.727729],[-21.668528,65.707668],[-21.689076,65.69302],[-21.627675,65.648261],[-21.442983,65.643378],[-21.401031,65.624091],[-21.483022,65.562649],[-21.320912,65.601874],[-21.298695,65.558905],[-21.319814,65.522366],[-21.369862,65.487128],[-21.476796,65.446519],[-21.315419,65.480699],[-21.212148,65.438178],[-21.201894,65.428412],[-21.209299,65.411811],[-21.193023,65.40058],[-21.19286,65.310126],[-21.14037,65.247301],[-21.147817,65.241156],[-21.107655,65.215522],[-21.097076,65.19599],[-21.106191,65.172187],[-21.089915,65.166164],[-21.065419,65.185777],[-21.085683,65.233629],[-21.119944,65.267768],[-21.073557,65.324164],[-21.098866,65.445461],[-21.086049,65.459621],[-21.055247,65.452338],[-20.962961,65.353339],[-20.91511,65.343492],[-20.907623,65.35102],[-20.975006,65.437567],[-20.987294,65.506781],[-20.948598,65.57689],[-20.91808,65.601386],[-20.675364,65.693915],[-20.623443,65.670722],[-20.63386,65.665025],[-20.63386,65.589993],[-20.646474,65.55565],[-20.635732,65.545152],[-20.613393,65.548977],[-20.621897,65.583441],[-20.58552,65.583157],[-20.572418,65.555162],[-20.578684,65.535346],[-20.550689,65.52851],[-20.523997,65.501166],[-20.475657,65.49494],[-20.45344,65.501451],[-20.427846,65.548977],[-20.454661,65.566596],[-20.530873,65.57689],[-20.410715,65.596747],[-20.39802,65.587348],[-20.402008,65.542873],[-20.387522,65.52851],[-20.391184,65.544623],[-20.375559,65.568101],[-20.387522,65.583157],[-20.376129,65.596422],[-20.328521,65.627834],[-20.318593,65.65884],[-20.270131,65.665025],[-20.292348,65.666938],[-20.307851,65.693183],[-20.271596,65.714016],[-20.263295,65.744534],[-20.27123,65.770168],[-20.339101,65.822699],[-20.312489,65.840399],[-20.322581,65.869452],[-20.393422,65.946519],[-20.406158,65.997504],[-20.448883,66.029446],[-20.419504,66.054389],[-20.414866,66.070624],[-20.427846,66.083441],[-20.407704,66.090766],[-20.25593,66.103909],[-20.184804,66.131171],[-20.113433,66.12287],[-20.09203,66.131171],[-20.086903,66.109809],[-20.030588,66.083441],[-20.037424,66.075914],[-19.928131,65.974189],[-19.941233,65.960517],[-19.877594,65.92357],[-19.879791,65.905219],[-19.708404,65.87108],[-19.66686,65.815863],[-19.65038,65.76496],[-19.628774,65.752753],[-19.557607,65.733954],[-19.544301,65.762844],[-19.513539,65.761217],[-19.449086,65.747504],[-19.468251,65.737372],[-19.456166,65.728949],[-19.41804,65.753852],[-19.399241,65.836615],[-19.451527,65.925727],[-19.510854,65.96015],[-19.497914,65.977525],[-19.413645,66.007636],[-19.451772,66.052558],[-19.437856,66.066636],[-19.362701,66.088365],[-19.229319,66.097642],[-19.157582,66.081122],[-19.159739,66.097642],[-19.135243,66.104926],[-19.1256,66.103909],[-19.132436,66.090237],[-19.057932,66.07038],[-19.105133,66.111314],[-19.068674,66.164618],[-18.944692,66.19066],[-18.912913,66.184394],[-18.920155,66.152289],[-18.864898,66.185777],[-18.872426,66.199449],[-18.827016,66.203437],[-18.776845,66.193305],[-18.804677,66.14175],[-18.721547,66.172756],[-18.69225,66.169989],[-18.619618,66.131496],[-18.659535,66.090237],[-18.597157,66.10456],[-18.544545,66.08275],[-18.516103,66.029446],[-18.540028,65.974189],[-18.348012,65.950181],[-18.287343,65.915107],[-18.260325,65.872382],[-18.21817,65.867743],[-18.203684,65.807929],[-18.179677,65.782375],[-18.176584,65.733954],[-18.091542,65.69302],[-18.091949,65.661811],[-18.063588,65.645209],[-18.051015,65.65766],[-18.060374,65.694078],[-18.109486,65.731594],[-18.097768,65.782375],[-18.070424,65.796047],[-18.067616,65.830552],[-18.100331,65.898749],[-18.118886,65.898383],[-18.151519,65.924791],[-18.173451,65.912095],[-18.217926,65.932074],[-18.228139,65.939399],[-18.222524,65.966986],[-18.296986,66.015082],[-18.28954,66.029446],[-18.316721,66.057359],[-18.329213,66.103949],[-18.323842,66.150784],[-18.296986,66.179633],[-18.193959,66.179633],[-18.084137,66.165961],[-18.091542,66.158515],[-18.054067,66.149563],[-17.955434,66.160142],[-17.91275,66.152289],[-17.885487,66.117499],[-17.816477,66.113267],[-17.713124,66.060289],[-17.672963,66.007066],[-17.623769,65.987209],[-17.549672,65.912095],[-17.545644,65.931138],[-17.577626,65.974189],[-17.495107,65.987779],[-17.611155,65.994045],[-17.452016,65.995185],[-17.413197,65.960517],[-17.406646,65.975002],[-17.419342,65.994045],[-17.395131,66.00609],[-17.391998,66.029446],[-17.364654,66.049262],[-17.364654,66.083441],[-17.352162,66.097113],[-17.261464,66.129706],[-17.254791,66.153144],[-17.269887,66.161526],[-17.264963,66.168647],[-17.217356,66.194241],[-17.156117,66.203681],[-17.145619,66.221177],[-16.992421,66.19953],[-16.933339,66.138617],[-16.947011,66.117499],[-16.92276,66.111029],[-16.898549,66.117499],[-16.919749,66.124335],[-16.884104,66.135321],[-16.758127,66.149604],[-16.721059,66.144843],[-16.782541,66.131171],[-16.75182,66.113186],[-16.700551,66.144843],[-16.629547,66.100816],[-16.596913,66.097642],[-16.655629,66.127753],[-16.667714,66.158515],[-16.686269,66.165961],[-16.531361,66.199164],[-16.508168,66.199449],[-16.624257,66.165961],[-16.515696,66.179633],[-16.452463,66.14643],[-16.426259,66.144843],[-16.48705,66.189521],[-16.472768,66.217678],[-16.439931,66.234198],[-16.421946,66.287095],[-16.476186,66.327338],[-16.480824,66.350287],[-16.51537,66.367336],[-16.508168,66.385077],[-16.52184,66.385077],[-16.508168,66.399319],[-16.529286,66.419176],[-16.508168,66.426011],[-16.544667,66.467597],[-16.572987,66.481024],[-16.543324,66.506985],[-16.52184,66.508531],[-16.501332,66.487494],[-16.48705,66.511054],[-16.429677,66.519843],[-16.43102,66.491604],[-16.411977,66.481269],[-16.419423,66.501125],[-16.364735,66.515367],[-16.30956,66.49494],[-16.330068,66.487494],[-16.312856,66.481269],[-16.268625,66.487494],[-16.235585,66.51789],[-16.215199,66.502183],[-16.196278,66.526842],[-16.165517,66.535875],[-16.0808,66.525946],[-16.022939,66.536607],[-15.891225,66.49494],[-15.933339,66.475491],[-15.939605,66.46015],[-15.925933,66.453925],[-15.946401,66.446479],[-15.925933,66.432807],[-15.937652,66.423814],[-15.830393,66.426011],[-15.836537,66.405504],[-15.706695,66.395901],[-15.679555,66.344062],[-15.775136,66.289455],[-15.761464,66.275214],[-15.690541,66.265774],[-15.699452,66.234198],[-15.528717,66.227362],[-15.510121,66.201646],[-15.38036,66.14997],[-15.35676,66.158515],[-15.371083,66.165961],[-15.332346,66.197943],[-15.331288,66.261461],[-15.108754,66.278388],[-15.09675,66.303127],[-15.02595,66.321845],[-14.991119,66.361314],[-14.925445,66.385321],[-14.839752,66.391832],[-14.75414,66.371405],[-14.563629,66.384508],[-14.610748,66.363227]]],[[[-17.743764,63.711615],[-17.749257,63.691962],[-17.764963,63.681952],[-17.768951,63.69892],[-17.823313,63.691392],[-17.773101,63.718085],[-17.743764,63.711615]]],[[[-17.983998,66.550605],[-17.980458,66.539049],[-17.999827,66.533393],[-18.019521,66.561347],[-17.983998,66.550605]]],[[[-20.25886,63.451361],[-20.252553,63.429511],[-20.27953,63.402737],[-20.305572,63.43476],[-20.282623,63.450588],[-20.25886,63.451361]]],[[[-18.371327,66.006537],[-18.35676,65.981635],[-18.390492,65.983466],[-18.414418,66.023668],[-18.371327,66.006537]]]]}},{"type":"Feature","properties":{"name":"Malta","iso":"MT","pop":502653},"geometry":{"type":"MultiPolygon","coordinates":[[[[14.563162,35.870022],[14.561778,35.82982],[14.548025,35.836005],[14.527517,35.801215],[14.42449,35.823676],[14.345714,35.875922],[14.338227,35.946967],[14.322032,35.973131],[14.377289,35.993638],[14.349376,35.973131],[14.445079,35.960354],[14.507823,35.928534],[14.513927,35.900824],[14.548025,35.890041],[14.563162,35.870022]]],[[[14.256602,36.075588],[14.334239,36.034369],[14.26002,36.013495],[14.184906,36.034613],[14.183604,36.064765],[14.256602,36.075588]]]]}},{"type":"Feature","properties":{"name":"Jersey","iso":"JE","pop":107800},"geometry":{"type":"Polygon","coordinates":[[[-2.151682,49.267035],[-2.02066,49.235256],[-2.00829,49.21247],[-2.024526,49.171332],[-2.096995,49.183661],[-2.137929,49.205634],[-2.168691,49.17829],[-2.200103,49.191962],[-2.233632,49.184516],[-2.226471,49.206],[-2.241119,49.26024],[-2.182729,49.254055],[-2.151682,49.267035]]]}},{"type":"Feature","properties":{"name":"Guernsey","iso":"GG","pop":62792},"geometry":{"type":"MultiPolygon","coordinates":[[[[-2.650258,49.46369],[-2.518219,49.51553],[-2.501698,49.506659],[-2.541982,49.430894],[-2.673451,49.433498],[-2.651845,49.445217],[-2.650258,49.46369]]],[[[-2.363759,49.446845],[-2.3544,49.427802],[-2.378082,49.412746],[-2.375478,49.435452],[-2.363759,49.446845]]],[[[-2.170318,49.728746],[-2.200836,49.705715],[-2.226226,49.707831],[-2.204701,49.724107],[-2.170318,49.728746]]],[[[-2.453684,49.481879],[-2.445221,49.474595],[-2.453359,49.462144],[-2.453684,49.481879]]]]}},{"type":"Feature","properties":{"name":"Isle of Man","iso":"IM","pop":84584},"geometry":{"type":"Polygon","coordinates":[[[-4.620758,54.069648],[-4.656402,54.063788],[-4.704498,54.084866],[-4.766225,54.059231],[-4.790151,54.063788],[-4.728139,54.142564],[-4.710276,54.220649],[-4.663971,54.233547],[-4.598378,54.276597],[-4.530995,54.366116],[-4.442006,54.404364],[-4.351308,54.413804],[-4.3756,54.348334],[-4.358225,54.317613],[-4.324696,54.310207],[-4.31192,54.287177],[-4.365631,54.235053],[-4.399159,54.222073],[-4.390777,54.194729],[-4.549794,54.100653],[-4.590932,54.091051],[-4.612131,54.056952],[-4.620758,54.069648]]]}},{"type":"Feature","properties":{"name":"\u00c5land","iso":"AX","pop":29884},"geometry":{"type":"MultiPolygon","coordinates":[[[[20.297618,60.121527],[20.268891,60.086005],[20.277599,60.066474],[20.266287,60.060492],[20.201915,60.087551],[20.198253,60.104071],[20.222423,60.149604],[20.258067,60.107978],[20.255707,60.145413],[20.277599,60.142157],[20.297618,60.121527]]],[[[19.643077,60.213446],[19.670909,60.190579],[19.671072,60.158108],[19.646983,60.155829],[19.591645,60.196763],[19.59962,60.149115],[19.565196,60.12995],[19.527029,60.148627],[19.516612,60.170111],[19.513194,60.183783],[19.537283,60.201117],[19.53712,60.232164],[19.578868,60.260484],[19.628103,60.246649],[19.643077,60.213446]]],[[[20.434825,60.262397],[20.441417,60.245185],[20.392914,60.196763],[20.38087,60.198879],[20.38266,60.240709],[20.353038,60.228827],[20.345388,60.237698],[20.358897,60.265692],[20.434825,60.262397]]],[[[20.790538,60.238715],[20.787283,60.286322],[20.853038,60.265692],[20.838878,60.246812],[20.811371,60.245185],[20.818858,60.232164],[20.790538,60.238715]]],[[[20.208751,60.224677],[20.229747,60.20425],[20.200938,60.199408],[20.161957,60.167141],[20.087087,60.182196],[20.102306,60.220933],[20.188243,60.245185],[20.147716,60.244778],[20.081879,60.223375],[20.057872,60.190619],[20.060883,60.214748],[20.023692,60.255113],[20.06129,60.310045],[20.023692,60.313463],[20.033865,60.293891],[20.024913,60.276435],[20.003266,60.267035],[19.975922,60.278713],[19.993988,60.241441],[20.030528,60.217231],[20.014903,60.202338],[20.016287,60.183743],[19.948009,60.20425],[19.954845,60.224677],[19.914561,60.218207],[19.943614,60.186225],[20.01002,60.155829],[20.0442,60.176337],[20.030528,60.114814],[20.050466,60.097805],[20.04477,60.08747],[20.006358,60.094387],[19.948985,60.083889],[19.958181,60.053778],[19.948497,60.047675],[19.91033,60.10106],[19.845063,60.078681],[19.806977,60.09984],[19.763031,60.07392],[19.694672,60.170111],[19.646983,60.265692],[19.682872,60.26435],[19.688487,60.238349],[19.709321,60.268866],[19.770518,60.2862],[19.74936,60.306627],[19.79656,60.299791],[19.765147,60.248969],[19.792003,60.200141],[19.81422,60.190619],[19.817638,60.232164],[19.851817,60.217231],[19.858653,60.245185],[19.879731,60.258857],[19.892833,60.306627],[19.905528,60.271796],[19.934337,60.282416],[19.924001,60.314276],[19.889496,60.344672],[19.857677,60.313218],[19.819184,60.346829],[19.777354,60.355048],[19.838145,60.400458],[19.882335,60.405585],[19.906423,60.402167],[19.927501,60.356431],[19.995616,60.356431],[20.036794,60.33393],[20.023692,60.361274],[20.093028,60.355129],[20.192068,60.312323],[20.181407,60.2862],[20.201915,60.292955],[20.277599,60.278713],[20.236013,60.232164],[20.208751,60.224677]]],[[[20.867931,59.917914],[20.87086,59.936754],[20.897472,59.940131],[20.920177,59.909247],[20.867931,59.917914]]],[[[20.969412,59.943834],[20.991222,59.926744],[20.913259,59.948432],[20.934744,59.957994],[20.996593,59.945014],[20.969412,59.943834]]],[[[20.612559,60.043443],[20.587169,60.008124],[20.550466,60.018866],[20.527029,60.005072],[20.500824,60.012681],[20.544932,60.056098],[20.582856,60.059149],[20.612559,60.043443]]],[[[20.390147,60.028225],[20.462576,60.066799],[20.43214,60.025092],[20.390147,60.028225]]],[[[20.519379,60.042955],[20.471365,60.041327],[20.469737,60.057359],[20.54184,60.07099],[20.519379,60.042955]]],[[[20.686534,60.126532],[20.67156,60.109198],[20.635509,60.143948],[20.659923,60.149726],[20.686534,60.126532]]],[[[20.668468,60.226711],[20.716319,60.209296],[20.707693,60.199652],[20.664073,60.205024],[20.668468,60.226711]]],[[[20.740001,60.312405],[20.732677,60.33275],[20.757172,60.366116],[20.787364,60.361965],[20.78533,60.333564],[20.740001,60.312405]]],[[[20.281315,59.976616],[20.339447,60.02011],[20.447059,59.995181],[20.324819,59.977195],[20.306648,59.953624],[20.283707,59.958475],[20.281315,59.976616]]],[[[20.03365,60.063626],[20.101269,60.094975],[20.163259,60.087845],[20.193191,60.06557],[20.225218,60.005478],[20.175121,59.971436],[20.184037,59.992938],[20.171495,59.998754],[20.123179,59.988872],[20.105255,59.996469],[20.121318,60.016627],[20.104258,60.028248],[20.025256,60.042485],[20.03365,60.063626]]],[[[21.094737,60.475572],[21.09669,60.463446],[21.07838,60.448961],[21.059255,60.466742],[21.076427,60.480414],[21.094737,60.475572]]]]}},{"type":"Feature","properties":{"name":"Faeroe Is.","iso":"FO","pop":48678},"geometry":{"type":"MultiPolygon","coordinates":[[[[-6.677602,61.39411],[-6.870473,61.501532],[-6.865834,61.526923],[-6.923085,61.566107],[-6.962554,61.62873],[-6.894643,61.649115],[-6.880035,61.64232],[-6.907338,61.62873],[-6.865834,61.622504],[-6.914174,61.595201],[-6.825673,61.600165],[-6.799062,61.583441],[-6.715566,61.567857],[-6.724273,61.546454],[-6.782623,61.561591],[-6.805572,61.554185],[-6.757192,61.526923],[-6.715566,61.526923],[-6.70165,61.514716],[-6.715566,61.498969],[-6.67398,61.488471],[-6.743642,61.469957],[-6.783844,61.472317],[-6.750356,61.444322],[-6.721181,61.459377],[-6.681386,61.457994],[-6.688303,61.444322],[-6.666249,61.439846],[-6.646352,61.408149],[-6.677602,61.39411]]],[[[-6.626454,61.810492],[-6.629872,61.766547],[-6.660959,61.746039],[-6.746653,61.821112],[-6.867665,61.839342],[-6.907338,61.909857],[-6.789703,61.8994],[-6.742909,61.87641],[-6.66686,61.866034],[-6.619211,61.830878],[-6.612538,61.821112],[-6.626454,61.810492]]],[[[-7.410756,62.105699],[-7.431549,62.148179],[-7.329172,62.129584],[-7.286122,62.15526],[-7.215891,62.163764],[-7.222646,62.150092],[-7.160146,62.132554],[-7.133901,62.109117],[-7.057973,62.103176],[-7.038319,62.088609],[-7.071848,62.052558],[-7.143544,62.054023],[-7.161204,62.047675],[-7.126454,62.040229],[-7.202138,62.019721],[-7.189117,62.034003],[-7.221425,62.06623],[-7.236318,62.061347],[-7.208404,62.034003],[-7.380279,62.068183],[-7.28482,62.074937],[-7.410756,62.105699]]],[[[-7.232086,62.176418],[-7.233957,62.198391],[-7.189117,62.239447],[-7.20816,62.254218],[-7.195424,62.314602],[-7.072621,62.290269],[-6.997222,62.20718],[-6.997385,62.184231],[-6.84732,62.142035],[-6.862213,62.115424],[-6.900502,62.102281],[-6.812978,62.104234],[-6.779368,62.066107],[-6.845937,62.0539],[-6.742909,62.047105],[-6.715566,62.034003],[-6.731923,61.991116],[-6.698842,61.982082],[-6.701894,61.944037],[-6.734486,61.938218],[-6.793853,61.974514],[-6.856923,61.994778],[-6.910146,62.037909],[-6.959828,62.049994],[-6.982167,62.094062],[-7.016021,62.111884],[-7.126943,62.127143],[-7.137115,62.136664],[-7.120229,62.150092],[-7.128814,62.162055],[-7.174957,62.150092],[-7.232086,62.176418]]],[[[-7.020334,62.239691],[-7.084055,62.307766],[-7.077138,62.321601],[-7.044586,62.314602],[-6.928456,62.335028],[-6.883209,62.311225],[-6.934641,62.290351],[-6.931304,62.260077],[-6.907338,62.239447],[-6.912953,62.281806],[-6.813832,62.293402],[-6.798085,62.280463],[-6.824778,62.273017],[-6.737131,62.262112],[-6.783844,62.232001],[-6.742909,62.218411],[-6.705637,62.225816],[-6.65095,62.216254],[-6.60554,62.19599],[-6.703969,62.195136],[-6.722401,62.184231],[-6.564117,62.13581],[-6.667795,62.150092],[-6.59203,62.116604],[-6.660959,62.094875],[-6.647328,62.088609],[-6.654775,62.061347],[-6.691396,62.073391],[-6.709381,62.143256],[-6.75357,62.181708],[-6.783844,62.19481],[-6.811838,62.191067],[-6.733022,62.14883],[-6.722401,62.122748],[-6.740305,62.101142],[-6.859609,62.163764],[-6.900258,62.162543],[-6.957509,62.189602],[-7.020334,62.239691]]],[[[-6.571278,62.213324],[-6.578359,62.245673],[-6.55309,62.247016],[-6.54601,62.271959],[-6.571685,62.346747],[-6.566518,62.361274],[-6.537465,62.369818],[-6.544911,62.362372],[-6.516916,62.323065],[-6.482737,62.295111],[-6.386586,62.259955],[-6.405263,62.244615],[-6.436513,62.242377],[-6.489654,62.259955],[-6.49649,62.252509],[-6.439849,62.22012],[-6.420766,62.225816],[-6.407094,62.191067],[-6.423818,62.185492],[-6.463857,62.185533],[-6.506459,62.221747],[-6.537465,62.225816],[-6.509918,62.173814],[-6.571278,62.213324]]],[[[-7.588043,62.115139],[-7.536733,62.098782],[-7.644154,62.107001],[-7.588043,62.115139]]],[[[-6.291331,62.307685],[-6.276845,62.296291],[-6.306142,62.281806],[-6.299428,62.262274],[-6.31314,62.2508],[-6.35851,62.245836],[-6.380727,62.26911],[-6.372467,62.287991],[-6.291331,62.307685]]],[[[-6.648061,62.366523],[-6.579701,62.266791],[-6.594472,62.261176],[-6.636383,62.280097],[-6.673329,62.321031],[-6.680816,62.366116],[-6.648061,62.366523]]],[[[-6.648183,62.259833],[-6.6433,62.238511],[-6.691029,62.252265],[-6.708974,62.283271],[-6.769439,62.336005],[-6.789052,62.375312],[-6.765289,62.373725],[-6.648183,62.259833]]],[[[-6.401519,62.320014],[-6.394602,62.309882],[-6.405914,62.294257],[-6.455719,62.295966],[-6.509267,62.329779],[-6.533437,62.371894],[-6.555898,62.390937],[-6.542551,62.398912],[-6.504628,62.3876],[-6.449127,62.317816],[-6.401519,62.320014]]]]}}]}