{"type":"FeatureCollection","features":[{"type":"Feature","properties":{"name":"Surnuj\u00e4rvi"},"geometry":{"type":"Polygon","coordinates":[[[29.009776,69.389045],[29.059947,69.417243],[29.079356,69.419989],[29.104381,69.433112],[29.12086,69.433722],[29.151134,69.408759],[29.088145,69.392646],[29.028087,69.3711],[29.008556,69.372565],[29.009776,69.389045]]]}},{"type":"Feature","properties":{"name":"Iij\u00e4rvi"},"geometry":{"type":"Polygon","coordinates":[[[27.723888,69.419684],[27.712047,69.414557],[27.695079,69.419379],[27.6692,69.415412],[27.638194,69.404792],[27.625011,69.407843],[27.676402,69.426093],[27.765514,69.449469],[27.780406,69.453131],[27.809825,69.453437],[27.843639,69.462531],[27.916515,69.504523],[28.015391,69.517279],[28.0171,69.508429],[27.764903,69.418463],[27.745128,69.423346],[27.734141,69.434272],[27.723888,69.419684]]]}},{"type":"Feature","properties":{"name":"Paudij\u00e4rvi"},"geometry":{"type":"Polygon","coordinates":[[[27.859386,69.393561],[27.855724,69.409674],[27.863658,69.423957],[27.887096,69.440924],[27.908702,69.447943],[27.959972,69.456488],[27.977061,69.4513],[28.035655,69.453742],[27.997081,69.435797],[27.878307,69.396003],[27.859386,69.393561]]]}},{"type":"Feature","properties":{"name":"Jongunj\u00e4rvi"},"geometry":{"type":"Polygon","coordinates":[[[27.262462,65.280036],[27.212413,65.307624],[27.191905,65.315558],[27.187755,65.325873],[27.219981,65.334967],[27.240001,65.335334],[27.25941,65.325873],[27.279552,65.308234],[27.302257,65.303961],[27.312022,65.294867],[27.288341,65.281195],[27.296764,65.259894],[27.290782,65.245612],[27.274913,65.245002],[27.26588,65.252936],[27.262462,65.25965],[27.262462,65.280036]]]}},{"type":"Feature","properties":{"name":"Muddusj\u00e4rvi"},"geometry":{"type":"Polygon","coordinates":[[[26.800792,68.979254],[26.844493,68.971381],[26.960704,68.984442],[26.96754,68.976813],[26.896251,68.963752],[26.841807,68.961066],[26.813853,68.954718],[26.771861,68.966498],[26.747325,68.96955],[26.760997,68.991156],[26.786143,69.007575],[26.894298,69.0586],[26.914073,69.061042],[26.95753,69.075019],[26.979747,69.072638],[27.019542,69.090827],[27.033946,69.088996],[27.03358,69.07685],[27.05128,69.07807],[27.059337,69.072272],[27.036021,69.058905],[26.986827,69.060126],[26.895274,69.034308],[26.859386,69.017585],[26.844493,69.004828],[26.800792,68.979254]]]}},{"type":"Feature","properties":{"name":"Paatarij\u00e4rvi"},"geometry":{"type":"Polygon","coordinates":[[[26.637218,68.906317],[26.657725,68.876227],[26.535411,68.858893],[26.511485,68.850409],[26.479503,68.855597],[26.488902,68.868048],[26.580821,68.887458],[26.637218,68.906317]]]}},{"type":"Feature","properties":{"name":"Rastojaure"},"geometry":{"type":"Polygon","coordinates":[[[20.443126,68.802985],[20.490977,68.77442],[20.500011,68.764716],[20.516124,68.761969],[20.522227,68.769904],[20.532848,68.771125],[20.558726,68.765326],[20.565929,68.752265],[20.545665,68.737372],[20.526744,68.736457],[20.523204,68.750128],[20.45045,68.751044],[20.391612,68.776862],[20.378795,68.79505],[20.347423,68.805426],[20.311046,68.804206],[20.299815,68.809699],[20.267833,68.837653],[20.282725,68.835211],[20.316417,68.818488],[20.362315,68.813361],[20.403331,68.799933],[20.41981,68.803595],[20.443126,68.802985]]]}},{"type":"Feature","properties":{},"geometry":{"type":"Polygon","coordinates":[[[24.142833,67.885382],[24.064708,67.888434],[24.054332,67.893561],[24.058604,67.90882],[24.044322,67.923346],[24.013316,67.946173],[24.021251,67.95716],[24.043712,67.950446],[24.047618,67.938849],[24.055919,67.930365],[24.075694,67.945563],[24.1692,67.923346],[24.208507,67.908454],[24.209727,67.900641],[24.142833,67.885382]]]}},{"type":"Feature","properties":{"name":"Unarinj\u00e4rvi"},"geometry":{"type":"Polygon","coordinates":[[[25.705943,67.202399],[25.722911,67.194525],[25.769786,67.193915],[25.789317,67.185431],[25.794444,67.171393],[25.819591,67.152594],[25.792613,67.154425],[25.75294,67.166815],[25.71815,67.15589],[25.686778,67.166266],[25.619884,67.181159],[25.617198,67.191169],[25.646739,67.206061],[25.676768,67.209113],[25.705943,67.202399]]]}},{"type":"Feature","properties":{},"geometry":{"type":"Polygon","coordinates":[[[19.013194,67.427619],[18.840099,67.439826],[18.795421,67.445563],[18.75233,67.462043],[18.593761,67.48902],[18.540172,67.503058],[18.449962,67.519782],[18.473888,67.534674],[18.479503,67.54737],[18.375499,67.59571],[18.380382,67.602729],[18.482188,67.558051],[18.513682,67.558051],[18.591319,67.544928],[18.570567,67.542548],[18.521007,67.5456],[18.500743,67.541022],[18.586681,67.509406],[18.614635,67.502143],[18.740855,67.488776],[18.804332,67.470221],[18.911876,67.460456],[18.952037,67.452582],[18.963878,67.440436],[18.98878,67.441352],[19.073985,67.428595],[19.013194,67.427619]]]}},{"type":"Feature","properties":{},"geometry":{"type":"Polygon","coordinates":[[[17.568492,67.913642],[17.555675,67.947394],[17.563731,67.957404],[17.490001,67.982062],[17.422008,67.999396],[17.358409,68.028876],[17.293224,68.045905],[17.262462,68.0586],[17.262218,68.073249],[17.254161,68.093878],[17.232677,68.108527],[17.288829,68.097846],[17.325938,68.078681],[17.346324,68.054999],[17.386119,68.044989],[17.426524,68.056525],[17.454845,68.058966],[17.48585,68.043463],[17.490611,68.036872],[17.469737,68.03797],[17.443614,68.030402],[17.441783,68.01734],[17.460338,68.004279],[17.566661,67.982672],[17.596812,67.960761],[17.588267,67.945868],[17.59547,67.930976],[17.634532,67.889045],[17.637706,67.877448],[17.625255,67.872016],[17.604015,67.880255],[17.568492,67.913642]]]}},{"type":"Feature","properties":{"name":"Raanuj\u00e4rvi"},"geometry":{"type":"Polygon","coordinates":[[[24.712169,66.669928],[24.687755,66.671393],[24.656505,66.705512],[24.656505,66.720954],[24.688365,66.741339],[24.703624,66.727973],[24.722423,66.718878],[24.750743,66.68299],[24.781016,66.66236],[24.769298,66.651984],[24.712169,66.669928]]]}},{"type":"Feature","properties":{"name":"Sitojaure"},"geometry":{"type":"Polygon","coordinates":[[[18.474132,67.209479],[18.439952,67.217902],[18.430797,67.231574],[18.359386,67.245856],[18.3296,67.270514],[18.285167,67.289679],[18.184825,67.302436],[18.181163,67.308478],[18.201671,67.310309],[18.239879,67.307257],[18.305553,67.295111],[18.375743,67.267218],[18.397716,67.250128],[18.442638,67.235602],[18.466685,67.224311],[18.480724,67.211859],[18.48463,67.20307],[18.474132,67.209479]]]}},{"type":"Feature","properties":{"name":"Iso Vietonen"},"geometry":{"type":"Polygon","coordinates":[[[24.44398,66.652289],[24.465831,66.665961],[24.50172,66.648932],[24.542247,66.639533],[24.567638,66.644049],[24.557628,66.664435],[24.614513,66.649237],[24.65211,66.646796],[24.667491,66.652899],[24.683238,66.640448],[24.693858,66.615485],[24.627208,66.584235],[24.592052,66.616461],[24.55714,66.629523],[24.441905,66.647101],[24.44398,66.652289]]]}},{"type":"Feature","properties":{"name":"Murtoselka"},"geometry":{"type":"Polygon","coordinates":[[[27.955089,66.355963],[28.007823,66.332526],[27.983409,66.333747],[27.897105,66.348639],[27.864268,66.349555],[27.810557,66.364508],[27.788829,66.374762],[27.859141,66.375983],[27.842052,66.389045],[27.856944,66.38758],[27.87672,66.375128],[27.955089,66.355963]]]}},{"type":"Feature","properties":{"name":"Tjaktjajaure"},"geometry":{"type":"Polygon","coordinates":[[[18.271861,67.092108],[18.334727,67.080573],[18.421153,67.081183],[18.491222,67.088752],[18.564464,67.076911],[18.552623,67.072333],[18.546886,67.062873],[18.597911,67.030707],[18.600352,67.011603],[18.593028,66.996955],[18.566417,66.985724],[18.547496,66.994269],[18.491466,67.041632],[18.456309,67.049567],[18.380626,67.063849],[18.321056,67.064093],[18.2588,67.069281],[18.158092,67.067755],[18.14442,67.07508],[18.195811,67.085395],[18.271861,67.092108]]]}},{"type":"Feature","properties":{"name":"Miekoj\u00e4rvi"},"geometry":{"type":"Polygon","coordinates":[[[24.356456,66.574225],[24.35377,66.591559],[24.330943,66.609992],[24.319102,66.642829],[24.346202,66.660163],[24.352794,66.678107],[24.366466,66.682074],[24.410899,66.675055],[24.426768,66.636786],[24.417979,66.587531],[24.441905,66.563239],[24.41212,66.557502],[24.41505,66.503363],[24.413585,66.510382],[24.393565,66.521247],[24.361583,66.531317],[24.353038,66.542243],[24.324229,66.565985],[24.356456,66.574225]]]}},{"type":"Feature","properties":{},"geometry":{"type":"Polygon","coordinates":[[[18.74171,66.724616],[18.794688,66.720099],[18.777232,66.73194],[18.805431,66.728583],[18.844737,66.707587],[18.868175,66.700934],[18.875743,66.693366],[18.854991,66.686042],[18.826793,66.689704],[18.8119,66.701545],[18.791515,66.698798],[18.776622,66.691535],[18.824107,66.664191],[18.812022,66.658393],[18.740733,66.652594],[18.722179,66.667792],[18.725352,66.689704],[18.72169,66.698798],[18.682384,66.707587],[18.612804,66.716132],[18.595225,66.727362],[18.590953,66.748053],[18.574229,66.755622],[18.543956,66.759894],[18.490001,66.76142],[18.318858,66.755011],[18.323863,66.759894],[18.375133,66.768073],[18.471446,66.770514],[18.537486,66.767157],[18.597911,66.761969],[18.621959,66.75257],[18.632823,66.741034],[18.652599,66.729132],[18.727061,66.718573],[18.74171,66.724616]]]}},{"type":"Feature","properties":{"name":"Mavasjaure"},"geometry":{"type":"Polygon","coordinates":[[[16.343639,66.884162],[16.315318,66.884528],[16.285899,66.894232],[16.156749,66.913336],[16.146373,66.922492],[16.205943,66.924628],[16.292857,66.917365],[16.374034,66.914557],[16.396251,66.911566],[16.405894,66.905158],[16.343639,66.884162]]]}},{"type":"Feature","properties":{"name":"Balvatnet"},"geometry":{"type":"Polygon","coordinates":[[[15.876109,66.963874],[15.91566,66.981757],[15.941417,66.984809],[15.95753,66.980536],[15.97877,66.982978],[15.989513,66.980841],[15.99171,66.966864],[16.010142,66.938971],[15.98585,66.931342],[15.896251,66.936774],[15.854015,66.932868],[15.809337,66.949225],[15.791026,66.959845],[15.792857,66.968695],[15.812022,66.971747],[15.876109,66.963874]]]}},{"type":"Feature","properties":{"name":"Kostonj\u00e4rvi"},"geometry":{"type":"Polygon","coordinates":[[[28.437022,65.843146],[28.417491,65.866889],[28.430797,65.866339],[28.451793,65.852912],[28.460704,65.833747],[28.537242,65.82984],[28.549327,65.821295],[28.519542,65.807013],[28.48585,65.782111],[28.496104,65.771735],[28.518932,65.767524],[28.532603,65.761115],[28.509288,65.761481],[28.473399,65.768439],[28.428722,65.767218],[28.382457,65.795172],[28.388927,65.812506],[28.410411,65.825568],[28.429332,65.829474],[28.437022,65.843146]]]}},{"type":"Feature","properties":{"name":"Tjeggelvas"},"geometry":{"type":"Polygon","coordinates":[[[17.40443,66.709113],[17.430553,66.698493],[17.477306,66.703986],[17.499522,66.698737],[17.507701,66.684821],[17.509532,66.645026],[17.555186,66.630988],[17.659434,66.61463],[17.691661,66.601569],[17.725108,66.582038],[17.750255,66.558051],[17.772716,66.550177],[17.792247,66.53736],[17.813243,66.529181],[17.836192,66.527655],[17.845103,66.501227],[17.90858,66.469916],[17.883678,66.472663],[17.839,66.483893],[17.813487,66.499396],[17.787852,66.534064],[17.768809,66.54505],[17.737559,66.553229],[17.695567,66.570868],[17.681285,66.548651],[17.665782,66.542243],[17.647838,66.565314],[17.628673,66.577216],[17.581309,66.591193],[17.574229,66.601813],[17.560802,66.612799],[17.533824,66.620368],[17.50587,66.633429],[17.481944,66.654731],[17.412242,66.673835],[17.386485,66.690253],[17.370372,66.705146],[17.358165,66.710334],[17.371349,66.716132],[17.40443,66.709113]]]}},{"type":"Feature","properties":{},"geometry":{"type":"Polygon","coordinates":[[[27.942638,66.255622],[27.933849,66.248358],[27.92213,66.257453],[27.924815,66.269294],[27.991588,66.271491],[28.000743,66.276007],[28.052501,66.272711],[28.10316,66.263556],[28.131724,66.253546],[28.163585,66.248053],[28.190929,66.255927],[28.202159,66.247748],[28.200938,66.23194],[28.16151,66.213752],[28.125011,66.218573],[28.098399,66.242255],[28.043956,66.259284],[27.929942,66.266913],[27.942638,66.255622]]]}},{"type":"Feature","properties":{"name":"Peskehaure"},"geometry":{"type":"Polygon","coordinates":[[[16.701427,66.942878],[16.748057,66.942878],[16.776622,66.934943],[16.78004,66.926154],[16.728038,66.932502],[16.665538,66.932502],[16.612315,66.942267],[16.550914,66.963874],[16.507335,66.959296],[16.488048,66.963507],[16.480968,66.972052],[16.546397,66.980841],[16.535045,66.995124],[16.500499,67.003058],[16.458263,67.002143],[16.40504,67.007941],[16.371593,67.025275],[16.383067,67.039801],[16.44691,67.043158],[16.502208,67.040412],[16.505382,67.029792],[16.524425,67.010627],[16.570079,66.985114],[16.60255,66.969611],[16.701427,66.942878]]]}},{"type":"Feature","properties":{},"geometry":{"type":"Polygon","coordinates":[[[20.728282,69.040045],[20.662608,69.049811],[20.648814,69.056647],[20.707652,69.060126],[20.733775,69.056769],[20.765636,69.057685],[20.824962,69.045233],[20.855724,69.025519],[20.842296,69.013922],[20.84962,69.003607],[20.877818,69.00965],[20.899425,69.007575],[20.916759,68.991706],[20.927379,68.974372],[20.916148,68.9513],[20.887096,68.927375],[20.869151,68.935614],[20.868541,68.955024],[20.890391,68.962897],[20.874766,68.982611],[20.836925,69.004401],[20.728282,69.040045]]]}},{"type":"Feature","properties":{"name":"Langvatnet"},"geometry":{"type":"Polygon","coordinates":[[[14.099864,66.375067],[14.043346,66.37049],[14.02296,66.35987],[14.016856,66.362311],[13.996593,66.395453],[13.995006,66.414008],[14.009532,66.414923],[14.033336,66.392462],[14.053111,66.390021],[14.177379,66.389106],[14.246959,66.393073],[14.258189,66.386054],[14.246349,66.382086],[14.198985,66.377204],[14.099864,66.375067]]]}},{"type":"Feature","properties":{"name":"Tyr\u00e4j\u00e4rvi"},"geometry":{"type":"Polygon","coordinates":[[[28.634776,65.483344],[28.732921,65.493964],[28.796153,65.489691],[28.816173,65.481818],[28.742686,65.476325],[28.698009,65.461127],[28.671153,65.456305],[28.643321,65.456305],[28.62086,65.462043],[28.616222,65.476081],[28.634776,65.483344]]]}},{"type":"Feature","properties":{"name":"Saddajaure"},"geometry":{"type":"Polygon","coordinates":[[[18.340587,66.436164],[18.379771,66.442572],[18.427501,66.444709],[18.53712,66.431891],[18.594005,66.403632],[18.600352,66.380255],[18.596446,66.350836],[18.580821,66.344367],[18.57545,66.351691],[18.591563,66.363532],[18.583629,66.379645],[18.567882,66.392707],[18.542003,66.392096],[18.518932,66.396369],[18.504039,66.412482],[18.464854,66.423102],[18.422374,66.430304],[18.198253,66.387824],[18.185557,66.390021],[18.191905,66.403083],[18.188243,66.412787],[18.131358,66.424079],[18.119273,66.435309],[18.070323,66.450446],[18.019786,66.464484],[17.966075,66.475104],[17.984874,66.481208],[18.042979,66.462043],[18.100352,66.449286],[18.155772,66.440741],[18.192149,66.43891],[18.215831,66.432257],[18.229015,66.424079],[18.28065,66.417365],[18.322032,66.416449],[18.327159,66.42591],[18.340587,66.436164]]]}},{"type":"Feature","properties":{},"geometry":{"type":"Polygon","coordinates":[[[17.878795,66.336798],[17.79066,66.391852],[17.778819,66.405158],[17.699474,66.467475],[17.694835,66.486335],[17.702525,66.48548],[17.758433,66.451056],[17.779796,66.426154],[17.814952,66.399115],[17.848399,66.380255],[17.884532,66.340461],[17.878795,66.336798]]]}},{"type":"Feature","properties":{},"geometry":{"type":"Polygon","coordinates":[[[17.198009,66.022223],[17.153331,66.084235],[17.14088,66.123725],[17.132091,66.167853],[17.123302,66.1836],[17.097179,66.197882],[17.085826,66.21308],[17.097423,66.214911],[17.143565,66.185431],[17.176768,66.08454],[17.195323,66.056891],[17.204723,66.031317],[17.198009,66.022223]]]}},{"type":"Feature","properties":{"name":"Kallvatnet"},"geometry":{"type":"Polygon","coordinates":[[[14.995006,66.20185],[14.949962,66.22132],[14.931407,66.234076],[14.906261,66.240729],[14.864024,66.233466],[14.817882,66.234381],[14.803844,66.248358],[14.824474,66.258979],[14.879161,66.2508],[14.914806,66.255988],[14.938487,66.27027],[14.948741,66.272711],[14.959483,66.247748],[14.97047,66.234992],[14.989879,66.22132],[15.042125,66.200019],[15.019298,66.195441],[14.995006,66.20185]]]}},{"type":"Feature","properties":{},"geometry":{"type":"Polygon","coordinates":[[[17.224376,66.502753],[17.29005,66.47779],[17.251231,66.46717],[17.348765,66.412787],[17.335704,66.410041],[17.209483,66.457465],[17.135997,66.490851],[17.104015,66.517096],[17.051524,66.531012],[16.996104,66.561103],[16.965831,66.569953],[16.955455,66.581794],[16.944835,66.587531],[16.853282,66.61463],[16.878917,66.618232],[16.976817,66.597541],[17.042979,66.559943],[17.069102,66.549262],[17.190929,66.507941],[17.224376,66.502753]]]}},{"type":"Feature","properties":{"name":"Irnij\u00e4rvi"},"geometry":{"type":"Polygon","coordinates":[[[29.127818,65.666022],[29.12086,65.690619],[29.139659,65.691535],[29.202891,65.707953],[29.251475,65.703681],[29.277354,65.692755],[29.268199,65.683295],[29.23109,65.686652],[29.192515,65.684821],[29.184093,65.670539],[29.155162,65.662055],[29.127818,65.666022]]]}},{"type":"Feature","properties":{"name":"Irnij\u00e4rvi"},"geometry":{"type":"Polygon","coordinates":[[[29.071544,65.591803],[29.028697,65.5763],[29.022227,65.566291],[29.01295,65.559577],[29.003429,65.571173],[29.027476,65.58515],[29.050304,65.605475],[29.085826,65.627997],[29.132091,65.637091],[29.145396,65.647467],[29.155772,65.650763],[29.226817,65.62464],[29.286143,65.612189],[29.187266,65.618537],[29.11439,65.608527],[29.084239,65.600043],[29.071544,65.591803]]]}},{"type":"Feature","properties":{"name":"Storglomvatnet"},"geometry":{"type":"Polygon","coordinates":[[[14.260631,66.756842],[14.240977,66.739203],[14.240001,66.720649],[14.232432,66.701789],[14.198741,66.695441],[14.136974,66.696967],[14.085948,66.707282],[14.073985,66.724311],[14.086803,66.756232],[14.101695,66.757758],[14.112559,66.749274],[14.11085,66.737433],[14.125499,66.728278],[14.157603,66.725836],[14.169688,66.732795],[14.18922,66.755011],[14.155772,66.776252],[14.177379,66.777472],[14.211925,66.768988],[14.236949,66.769599],[14.245128,66.779303],[14.261974,66.784796],[14.274425,66.778083],[14.250011,66.774787],[14.260631,66.756842]]]}},{"type":"Feature","properties":{},"geometry":{"type":"Polygon","coordinates":[[[15.087413,66.019782],[15.05421,65.990607],[15.042735,65.974799],[15.025157,65.973883],[15.021495,65.984503],[15.026866,66.001227],[15.017833,66.015876],[14.942638,66.037421],[14.905284,66.037116],[14.897716,66.042609],[14.862193,66.04621],[14.85731,66.055915],[14.873057,66.058966],[14.89564,66.048651],[14.912608,66.058722],[14.9463,66.057502],[15.056651,66.041388],[15.073741,66.03382],[15.087413,66.019782]]]}},{"type":"Feature","properties":{"name":"Grasvatnet"},"geometry":{"type":"Polygon","coordinates":[[[14.448741,66.048346],[14.429698,66.064826],[14.358165,66.071784],[14.35377,66.07984],[14.398448,66.079352],[14.503551,66.085456],[14.539073,66.101264],[14.566173,66.098517],[14.581676,66.091803],[14.522716,66.07508],[14.48524,66.061164],[14.46461,66.049567],[14.448741,66.048346]]]}},{"type":"Feature","properties":{"name":"\u00d6verst-Juktan"},"geometry":{"type":"Polygon","coordinates":[[[16.279796,65.714972],[16.266612,65.710089],[16.242076,65.721015],[16.22047,65.734992],[16.180919,65.776007],[16.139659,65.793952],[16.086803,65.806403],[16.103526,65.811591],[16.136363,65.812201],[16.171886,65.801825],[16.19044,65.792121],[16.215343,65.772956],[16.244151,65.742316],[16.279796,65.714972]]]}},{"type":"Feature","properties":{"name":"Storvindeln"},"geometry":{"type":"Polygon","coordinates":[[[17.095225,65.704596],[17.04835,65.719184],[17.036632,65.728888],[17.073375,65.741095],[17.030772,65.764777],[16.98463,65.782721],[16.933238,65.800666],[16.899181,65.807318],[16.86732,65.809455],[16.814098,65.823127],[16.774547,65.821906],[16.775279,65.824713],[16.820811,65.825263],[16.858531,65.81861],[16.945079,65.811286],[17.04127,65.776313],[17.076427,65.768439],[17.084361,65.760871],[17.118053,65.745368],[17.1244,65.732306],[17.137706,65.717047],[17.167857,65.703742],[17.22047,65.693366],[17.275157,65.690619],[17.302257,65.694281],[17.327403,65.69123],[17.430553,65.663581],[17.446056,65.65235],[17.431407,65.650763],[17.406139,65.653815],[17.343272,65.673896],[17.292857,65.680304],[17.221446,65.680548],[17.133556,65.700934],[17.095225,65.704596]]]}},{"type":"Feature","properties":{"name":"Storakersvatnet"},"geometry":{"type":"Polygon","coordinates":[[[14.449474,66.168463],[14.50233,66.148688],[14.479015,66.141364],[14.445567,66.151068],[14.429942,66.143805],[14.398082,66.138007],[14.29835,66.154181],[14.350352,66.167853],[14.341563,66.187262],[14.349742,66.204901],[14.394786,66.20307],[14.439464,66.192755],[14.458263,66.179999],[14.449474,66.168463]]]}},{"type":"Feature","properties":{"name":"Puhosj\u00e4rvi"},"geometry":{"type":"Polygon","coordinates":[[[27.983165,65.333808],[27.938487,65.31037],[27.914073,65.304328],[27.843639,65.291815],[27.828746,65.295783],[27.855724,65.315802],[27.868907,65.32984],[27.891002,65.338019],[27.949718,65.34809],[27.988536,65.346564],[28.00172,65.33985],[27.983165,65.333808]]]}},{"type":"Feature","properties":{"name":"Umbukta"},"geometry":{"type":"Polygon","coordinates":[[[14.815074,66.130133],[14.819591,66.118903],[14.855479,66.099738],[14.869151,66.083625],[14.864635,66.077521],[14.843028,66.067145],[14.815929,66.082099],[14.810557,66.093024],[14.724498,66.122565],[14.694102,66.124945],[14.682872,66.117926],[14.740611,66.108222],[14.746349,66.097296],[14.736949,66.087531],[14.712901,66.083014],[14.657359,66.096381],[14.608897,66.116767],[14.567393,66.111274],[14.542125,66.119147],[14.537852,66.131964],[14.559093,66.139838],[14.563731,66.159919],[14.574596,66.172675],[14.584361,66.165045],[14.587413,66.149543],[14.600108,66.13465],[14.618663,66.127997],[14.660655,66.134345],[14.710582,66.130255],[14.815074,66.130133]]]}},{"type":"Feature","properties":{},"geometry":{"type":"Polygon","coordinates":[[[26.998302,64.654792],[26.972179,64.663275],[26.990489,64.666938],[27.030772,64.688483],[27.118175,64.674567],[27.140391,64.675177],[27.1421,64.66236],[27.122691,64.653876],[27.061046,64.646857],[27.047862,64.651984],[27.060924,64.667243],[27.041515,64.667548],[27.025645,64.657477],[26.998302,64.654792]]]}},{"type":"Feature","properties":{},"geometry":{"type":"Polygon","coordinates":[[[14.80775,65.541388],[14.86378,65.528632],[14.886241,65.532843],[14.907237,65.548102],[14.950938,65.552008],[14.976817,65.545905],[14.961925,65.534674],[14.869762,65.521308],[14.815684,65.524665],[14.733653,65.516486],[14.720225,65.52497],[14.703258,65.545905],[14.719737,65.547492],[14.80775,65.541388]]]}},{"type":"Feature","properties":{"name":"Storjuktan"},"geometry":{"type":"Polygon","coordinates":[[[17.273692,65.379401],[17.303722,65.363288],[17.323253,65.340461],[17.311412,65.332892],[17.293712,65.347174],[17.283702,65.361457],[17.204967,65.372077],[17.134776,65.389716],[17.094005,65.406745],[17.023204,65.444098],[16.915538,65.469611],[16.910411,65.483039],[16.934093,65.48609],[16.96754,65.478461],[16.985606,65.469367],[17.007335,65.46601],[17.05421,65.469001],[17.042979,65.486701],[17.052989,65.484259],[17.093516,65.465949],[17.102306,65.445624],[17.106456,65.425544],[17.123546,65.409186],[17.150279,65.396125],[17.208018,65.382697],[17.273692,65.379401]]]}},{"type":"Feature","properties":{"name":"Ajaure"},"geometry":{"type":"Polygon","coordinates":[[[15.323009,65.542609],[15.310557,65.56568],[15.308971,65.579352],[15.286876,65.588507],[15.250987,65.593634],[15.233653,65.586676],[15.232677,65.575751],[15.217174,65.574836],[15.201915,65.586371],[15.202647,65.599738],[15.174571,65.626471],[15.148204,65.659919],[15.186168,65.655036],[15.228404,65.638678],[15.242076,65.625617],[15.31422,65.580573],[15.360606,65.557502],[15.380382,65.559333],[15.391856,65.56446],[15.401378,65.552314],[15.402599,65.541388],[15.420787,65.540778],[15.441417,65.532233],[15.458263,65.524359],[15.46461,65.518927],[15.469981,65.507941],[15.496226,65.499396],[15.637828,65.50672],[15.665782,65.501532],[15.713267,65.503669],[15.756114,65.510993],[15.823009,65.493048],[15.848399,65.481818],[15.803233,65.480597],[15.73817,65.488776],[15.66273,65.487555],[15.612315,65.493354],[15.565562,65.48609],[15.545177,65.487311],[15.521983,65.484259],[15.4546,65.485114],[15.395518,65.490912],[15.365489,65.496344],[15.344249,65.513434],[15.323009,65.542609]],[[15.364635,65.503974],[15.374278,65.503974],[15.375011,65.507331],[15.364635,65.503974]]]}},{"type":"Feature","properties":{"name":"Gottern"},"geometry":{"type":"Polygon","coordinates":[[[15.285899,65.420417],[15.284068,65.410041],[15.228404,65.421942],[15.195323,65.422858],[15.179454,65.413459],[15.145763,65.405524],[15.035167,65.409796],[15.008678,65.417365],[15.057017,65.422248],[15.136607,65.422858],[15.156383,65.42591],[15.191051,65.441046],[15.261241,65.431647],[15.285899,65.420417]]]}},{"type":"Feature","properties":{"name":"Lahnaj\u00e4rvi"},"geometry":{"type":"Polygon","coordinates":[[[28.014171,64.53443],[28.021373,64.540473],[28.027843,64.52442],[28.070079,64.53443],[28.089854,64.530158],[28.102794,64.514045],[28.139049,64.505255],[28.159434,64.49549],[28.134532,64.488532],[28.101573,64.490973],[28.089122,64.498297],[28.087657,64.510382],[28.070567,64.520758],[28.047618,64.518317],[28.035411,64.509528],[28.01295,64.508307],[27.962413,64.519782],[27.972423,64.526801],[28.014171,64.53443]]]}},{"type":"Feature","properties":{},"geometry":{"type":"Polygon","coordinates":[[[15.352428,65.72193],[15.397716,65.688178],[15.436046,65.669928],[15.506236,65.658087],[15.520518,65.643805],[15.530284,65.621955],[15.513194,65.617316],[15.497325,65.630133],[15.473155,65.638678],[15.431407,65.646247],[15.413219,65.658087],[15.396495,65.676947],[15.339122,65.687873],[15.293712,65.690009],[15.285289,65.711554],[15.288341,65.72193],[15.336681,65.724372],[15.352428,65.72193]]]}},{"type":"Feature","properties":{},"geometry":{"type":"Polygon","coordinates":[[[18.067882,64.92652],[17.955455,64.961432],[17.999156,64.95838],[18.061534,64.940192],[18.101329,64.936225],[18.090099,64.930426],[18.082164,64.914313],[18.097423,64.890326],[18.101085,64.87696],[18.091319,64.851081],[18.103038,64.823737],[18.131969,64.79975],[18.135997,64.791877],[18.12318,64.794562],[18.071544,64.827399],[18.049937,64.836798],[18.019542,64.841071],[17.972423,64.852912],[17.918956,64.879706],[17.881602,64.907965],[17.828868,64.934394],[17.786998,64.969367],[17.766856,64.980292],[17.750743,64.994879],[17.770518,64.989753],[17.792247,64.975714],[17.799815,64.965399],[17.848643,64.940192],[17.854747,64.931403],[17.88734,64.920722],[17.914073,64.901862],[17.93629,64.880011],[17.962657,64.862372],[17.990001,64.851447],[18.033214,64.843512],[18.069347,64.848029],[18.069102,64.894294],[18.07252,64.916754],[18.067882,64.92652]]]}},{"type":"Feature","properties":{"name":"Vojmsj\u00f6n"},"geometry":{"type":"Polygon","coordinates":[[[16.168224,65.177558],[16.286143,65.148993],[16.334239,65.131354],[16.397105,65.095832],[16.403819,65.08338],[16.386729,65.056281],[16.398692,65.035285],[16.420177,65.014045],[16.476695,64.983649],[16.515025,64.945319],[16.542735,64.928351],[16.566661,64.91828],[16.583018,64.903083],[16.60963,64.899726],[16.617686,64.906745],[16.605479,64.921942],[16.629649,64.921027],[16.689464,64.894538],[16.663707,64.887336],[16.619395,64.885749],[16.581065,64.893317],[16.530772,64.913703],[16.485606,64.941413],[16.464854,64.960578],[16.391612,65.008857],[16.358409,65.039557],[16.332652,65.05567],[16.256114,65.069098],[16.212901,65.084235],[16.225597,65.08515],[16.251231,65.07569],[16.309581,65.066657],[16.364024,65.067878],[16.377696,65.076056],[16.372081,65.089362],[16.298106,65.131354],[16.15211,65.171149],[16.09193,65.197028],[16.076182,65.208503],[16.106212,65.203681],[16.168224,65.177558]]]}},{"type":"Feature","properties":{"name":"Uljua syvnne"},"geometry":{"type":"Polygon","coordinates":[[[25.943614,64.33869],[25.968883,64.33808],[26.004771,64.305243],[26.032481,64.288825],[26.025035,64.28266],[25.957286,64.307379],[25.921519,64.307685],[25.901134,64.316169],[25.879527,64.339606],[25.894054,64.350226],[25.943614,64.33869]]]}},{"type":"Feature","properties":{"name":"Kivesj\u00e4rvi"},"geometry":{"type":"Polygon","coordinates":[[[27.394664,64.448737],[27.401134,64.458747],[27.416026,64.460273],[27.413585,64.468512],[27.395518,64.47425],[27.38856,64.481574],[27.408946,64.483039],[27.442393,64.476325],[27.46339,64.475714],[27.476451,64.469672],[27.478526,64.459357],[27.470103,64.44776],[27.496837,64.419562],[27.470714,64.406745],[27.460704,64.407965],[27.411143,64.434455],[27.394664,64.448737]]]}},{"type":"Feature","properties":{"name":"Stora Bygdetr\u00e4sket"},"geometry":{"type":"Polygon","coordinates":[[[20.413707,64.458136],[20.416392,64.470893],[20.43922,64.470587],[20.502208,64.428351],[20.490245,64.413703],[20.476329,64.379401],[20.46046,64.374274],[20.437755,64.377326],[20.418224,64.430793],[20.434703,64.432929],[20.435924,64.442023],[20.413707,64.458136]]]}},{"type":"Feature","properties":{"name":"Stor-Jorm"},"geometry":{"type":"Polygon","coordinates":[[[13.996593,64.700385],[13.954845,64.709784],[13.940684,64.719855],[13.953624,64.73255],[14.014415,64.738349],[14.034434,64.732306],[14.067882,64.704352],[14.086436,64.68122],[14.105357,64.675788],[14.129405,64.661139],[14.134044,64.649604],[14.116588,64.63111],[14.115977,64.613166],[14.119395,64.594611],[14.131847,64.579718],[14.117808,64.575446],[14.089854,64.583014],[14.08253,64.590644],[14.08192,64.601569],[14.102672,64.629279],[14.072887,64.652655],[14.034557,64.668769],[14.038829,64.677008],[14.028087,64.68946],[13.996593,64.700385]]]}},{"type":"Feature","properties":{"name":"Laakaj\u00e4rvi"},"geometry":{"type":"Polygon","coordinates":[[[27.948985,63.828986],[27.897105,63.841132],[27.877452,63.853278],[27.878307,63.861457],[27.887462,63.868781],[27.885875,63.889411],[27.87672,63.904914],[27.864024,63.912848],[27.879161,63.917121],[27.912364,63.912848],[27.920177,63.906745],[27.934825,63.868476],[27.947276,63.858466],[27.969493,63.850592],[27.983775,63.83692],[28.002574,63.825019],[28.042735,63.807074],[28.065196,63.790045],[28.050548,63.791877],[27.989513,63.817694],[27.972423,63.81922],[27.948985,63.828986]]]}},{"type":"Feature","properties":{"name":"Iso Lamuj\u00e4rvi"},"geometry":{"type":"Polygon","coordinates":[[[26.283458,63.990973],[26.22877,64.0138],[26.221446,64.030158],[26.254283,64.059943],[26.278575,64.043586],[26.327647,64.019171],[26.330333,64.005866],[26.31422,63.993048],[26.283458,63.990973]]]}},{"type":"Feature","properties":{"name":"Stor-Bl\u00e5sj\u00f6n"},"geometry":{"type":"Polygon","coordinates":[[[14.1692,64.747199],[14.213634,64.784919],[14.205089,64.791571],[14.104747,64.793402],[14.070445,64.801276],[14.072276,64.818],[14.078868,64.835028],[14.110606,64.837409],[14.134044,64.827155],[14.17335,64.816474],[14.212657,64.819525],[14.231456,64.804938],[14.228526,64.785773],[14.220958,64.771491],[14.195079,64.745002],[14.198741,64.728034],[14.180797,64.727423],[14.1692,64.747199]]]}},{"type":"Feature","properties":{"name":"Stor-Sjouten"},"geometry":{"type":"Polygon","coordinates":[[[15.001109,64.564826],[14.965831,64.589118],[14.887096,64.60279],[14.880748,64.607062],[14.950694,64.61463],[14.966441,64.604377],[14.998057,64.595221],[15.042613,64.597296],[15.067638,64.59339],[15.078624,64.573615],[15.082774,64.550788],[15.060313,64.547187],[15.024547,64.55567],[15.001109,64.564826]]]}},{"type":"Feature","properties":{"name":"Bangsj\u00f8an"},"geometry":{"type":"Polygon","coordinates":[[[11.967052,64.304023],[11.964976,64.289435],[11.967784,64.268439],[11.957408,64.265998],[11.905162,64.283698],[11.974376,64.318305],[12.024547,64.333503],[12.047862,64.327399],[12.020518,64.314704],[11.967052,64.304023]]]}},{"type":"Feature","properties":{},"geometry":{"type":"Polygon","coordinates":[[[26.298961,63.44538],[26.269786,63.463019],[26.23939,63.473395],[26.222057,63.48609],[26.225719,63.514411],[26.24818,63.519538],[26.283702,63.512824],[26.295421,63.504035],[26.309825,63.471808],[26.306895,63.453864],[26.298961,63.44538]]]}},{"type":"Feature","properties":{"name":"Bellvikssj\u00f6n"},"geometry":{"type":"Polygon","coordinates":[[[16.122935,64.282721],[16.123546,64.304023],[16.136241,64.315924],[16.186778,64.258429],[16.272227,64.207648],[16.276622,64.188727],[16.256358,64.190924],[16.249644,64.203376],[16.229015,64.217658],[16.197032,64.231696],[16.16151,64.266364],[16.126598,64.256903],[16.116954,64.265143],[16.122935,64.282721]]]}},{"type":"Feature","properties":{"name":"Pyh\u00e4j\u00e4rvi"},"geometry":{"type":"Polygon","coordinates":[[[25.849132,63.538092],[25.817882,63.569098],[25.835094,63.572394],[25.880138,63.546881],[25.890147,63.552375],[25.876475,63.579718],[25.861583,63.595832],[25.794444,63.634406],[25.802623,63.638068],[25.84669,63.625006],[25.8567,63.633795],[25.875255,63.639289],[25.891368,63.667853],[25.910533,63.665412],[25.922984,63.650885],[25.925426,63.619818],[25.93336,63.608283],[25.950084,63.610114],[25.968272,63.625617],[25.979747,63.648078],[25.986827,63.67182],[25.984386,63.682135],[25.999034,63.678839],[26.042491,63.634772],[26.036998,63.623175],[26.036143,63.610114],[26.027843,63.603156],[26.010753,63.594916],[25.962901,63.581244],[25.984386,63.567878],[26.011485,63.557257],[26.061046,63.516486],[26.059825,63.508612],[25.981944,63.532355],[25.929332,63.533515],[25.902354,63.524115],[25.883189,63.526557],[25.849132,63.538092]]]}},{"type":"Feature","properties":{},"geometry":{"type":"Polygon","coordinates":[[[18.401866,63.98487],[18.386729,64.003119],[18.383678,64.017401],[18.371104,64.03382],[18.332896,64.049933],[18.303111,64.066901],[18.297374,64.08277],[18.271739,64.101325],[18.236339,64.120124],[18.229869,64.130133],[18.239879,64.129889],[18.25294,64.118659],[18.322276,64.083686],[18.384044,64.042365],[18.397716,64.029914],[18.415904,63.997931],[18.401866,63.98487]]]}},{"type":"Feature","properties":{},"geometry":{"type":"Polygon","coordinates":[[[15.860362,64.223151],[15.777354,64.250251],[15.735362,64.297065],[15.693736,64.331061],[15.674327,64.362677],[15.666026,64.384284],[15.570567,64.428961],[15.56422,64.437751],[15.592906,64.435309],[15.625011,64.4159],[15.653087,64.40589],[15.672496,64.393988],[15.682262,64.386115],[15.691661,64.371466],[15.695079,64.352362],[15.713267,64.335028],[15.744273,64.312628],[15.789561,64.25904],[15.872569,64.242316],[15.887706,64.236212],[15.938975,64.21131],[15.964854,64.192511],[15.987315,64.182746],[16.00172,64.171759],[15.996837,64.167853],[15.97523,64.17359],[15.860362,64.223151]]]}},{"type":"Feature","properties":{"name":"Ormsj\u00f6n"},"geometry":{"type":"Polygon","coordinates":[[[16.060557,64.363288],[15.974376,64.418586],[15.966807,64.43653],[15.973399,64.452643],[16.009898,64.424445],[16.10316,64.386664],[16.107432,64.373297],[16.100352,64.360541],[16.086436,64.357795],[16.060557,64.363288]]]}},{"type":"Feature","properties":{"name":"Kivij\u00e4rvi"},"geometry":{"type":"Polygon","coordinates":[[[25.11671,63.302253],[25.102916,63.326239],[25.085582,63.339911],[25.063731,63.351447],[25.063243,63.364508],[25.076915,63.367255],[25.094737,63.348456],[25.132457,63.31861],[25.154552,63.294318],[25.169444,63.284003],[25.135997,63.271247],[25.150401,63.255378],[25.164683,63.247504],[25.180675,63.221991],[25.22462,63.206183],[25.232677,63.196418],[25.20045,63.173957],[25.256724,63.125983],[25.240245,63.121955],[25.229381,63.114691],[25.23585,63.10163],[25.257945,63.084296],[25.223399,63.083747],[25.183849,63.077887],[25.210826,63.04206],[25.181651,63.032965],[25.182872,63.023566],[25.214854,63.006781],[25.225719,62.99494],[25.231212,62.978278],[25.219371,62.968817],[25.191661,62.987067],[25.168956,63.011664],[25.161632,63.022895],[25.154552,63.046881],[25.109874,63.081549],[25.110606,63.094916],[25.123546,63.100409],[25.102306,63.111945],[25.041515,63.125922],[25.032725,63.130805],[25.052745,63.132025],[25.115123,63.121344],[25.159434,63.124762],[25.152843,63.140876],[25.13087,63.169074],[25.11085,63.175788],[25.098033,63.188605],[25.114513,63.204352],[25.091441,63.224738],[25.109874,63.224738],[25.12086,63.235968],[25.124766,63.247504],[25.135753,63.248725],[25.127208,63.25965],[25.09901,63.274298],[25.126964,63.280646],[25.10963,63.294318],[25.11671,63.302253]]]}},{"type":"Feature","properties":{"name":"Kolimaj\u00e4rvi"},"geometry":{"type":"Polygon","coordinates":[[[25.809093,63.318976],[25.855479,63.299201],[25.889903,63.272711],[26.002696,63.214118],[26.01002,63.188849],[25.983409,63.187018],[25.958507,63.197089],[25.943004,63.193122],[25.935069,63.186103],[25.927257,63.216193],[25.913829,63.240241],[25.886851,63.266974],[25.847911,63.282172],[25.819957,63.283393],[25.841319,63.262458],[25.747569,63.273932],[25.740001,63.269416],[25.715099,63.266669],[25.707774,63.281562],[25.696788,63.293708],[25.677989,63.302253],[25.675304,63.314093],[25.616222,63.32984],[25.616588,63.343878],[25.63087,63.35694],[25.657725,63.347846],[25.706554,63.345404],[25.730968,63.369391],[25.809093,63.318976]]]}},{"type":"Feature","properties":{},"geometry":{"type":"Polygon","coordinates":[[[28.705821,62.78797],[28.708995,62.810431],[28.694957,62.828742],[28.689708,62.846015],[28.691661,62.858466],[28.671153,62.867926],[28.65211,62.885504],[28.655162,62.904364],[28.67335,62.907721],[28.682506,62.901618],[28.687022,62.887946],[28.718272,62.86756],[28.787364,62.84693],[28.794688,62.861212],[28.811778,62.86695],[28.829845,62.849372],[28.820445,62.837775],[28.79005,62.839972],[28.794078,62.827277],[28.809825,62.810187],[28.79005,62.80799],[28.763682,62.795295],[28.752696,62.794318],[28.731212,62.773688],[28.72047,62.768195],[28.707408,62.773078],[28.705821,62.78797]]]}},{"type":"Feature","properties":{},"geometry":{"type":"Polygon","coordinates":[[[23.459239,63.38465],[23.446788,63.411017],[23.4192,63.421637],[23.407237,63.431098],[23.461681,63.429572],[23.503673,63.443244],[23.524181,63.442023],[23.535777,63.431403],[23.547374,63.410163],[23.515391,63.405585],[23.50172,63.396125],[23.468272,63.400397],[23.459239,63.38465]]]}},{"type":"Feature","properties":{"name":"Alvaj\u00e4rvi"},"geometry":{"type":"Polygon","coordinates":[[[25.351573,63.449042],[25.475597,63.418647],[25.529063,63.39588],[25.538829,63.368109],[25.532115,63.353888],[25.549815,63.331061],[25.536388,63.32923],[25.505138,63.333869],[25.490245,63.355719],[25.477428,63.364508],[25.382823,63.417121],[25.355479,63.429328],[25.341563,63.443244],[25.351573,63.449042]]]}},{"type":"Feature","properties":{"name":"Lestij\u00e4rvi"},"geometry":{"type":"Polygon","coordinates":[[[24.867076,63.505255],[24.855479,63.49494],[24.802379,63.500373],[24.775279,63.497931],[24.692638,63.518927],[24.677501,63.533576],[24.672862,63.542609],[24.678233,63.557257],[24.696788,63.565131],[24.765269,63.556342],[24.772472,63.548407],[24.789317,63.541388],[24.80836,63.542975],[24.793468,63.55567],[24.755504,63.569342],[24.73878,63.580939],[24.767955,63.578253],[24.848155,63.5539],[24.867076,63.544806],[24.876231,63.536872],[24.882091,63.526496],[24.86378,63.516242],[24.867076,63.505255]]]}},{"type":"Feature","properties":{"name":"H\u00e4llbymagasinet"},"geometry":{"type":"Polygon","coordinates":[[[17.246593,63.897345],[17.233165,63.888556],[17.203136,63.895209],[17.186168,63.932624],[17.156016,63.946601],[17.107921,63.958747],[17.099864,63.966071],[17.146983,63.963629],[17.194957,63.950873],[17.247813,63.946601],[17.256969,63.962104],[17.250865,63.986396],[17.252086,64.007941],[17.260265,64.016181],[17.256358,63.992804],[17.266368,63.960211],[17.264171,63.94715],[17.249034,63.939276],[17.229015,63.936286],[17.22169,63.923468],[17.246593,63.897345]]]}},{"type":"Feature","properties":{"name":"Leksdalsvatnet"},"geometry":{"type":"Polygon","coordinates":[[[11.571666,63.837775],[11.591807,63.852362],[11.606334,63.87696],[11.593028,63.892462],[11.56837,63.904059],[11.569224,63.920417],[11.583507,63.922614],[11.598399,63.914679],[11.613536,63.899176],[11.634898,63.869086],[11.639171,63.850226],[11.630015,63.832282],[11.597911,63.821357],[11.56898,63.827399],[11.571666,63.837775]]]}},{"type":"Feature","properties":{"name":"Juoj\u00e4rvi"},"geometry":{"type":"Polygon","coordinates":[[[28.519298,62.735358],[28.501353,62.756964],[28.475841,62.750617],[28.477061,62.783087],[28.48524,62.796149],[28.467296,62.801642],[28.449351,62.792487],[28.438975,62.780646],[28.42628,62.792487],[28.429942,62.806525],[28.45399,62.815924],[28.470348,62.817755],[28.501964,62.806525],[28.513438,62.798896],[28.54713,62.800727],[28.574596,62.784308],[28.664806,62.784308],[28.677013,62.776068],[28.666392,62.761176],[28.655406,62.756964],[28.680431,62.739936],[28.691661,62.727423],[28.70106,62.71015],[28.732677,62.701056],[28.753673,62.687628],[28.76002,62.678534],[28.774547,62.671271],[28.799205,62.668463],[28.830821,62.670295],[28.863658,62.664862],[28.896739,62.653327],[28.90504,62.618354],[28.929698,62.614081],[28.938975,62.606818],[28.951793,62.584296],[28.980968,62.563971],[29.037242,62.54206],[29.021983,62.539008],[28.930797,62.573676],[28.889171,62.584601],[28.831065,62.593451],[28.795909,62.583747],[28.803477,62.567023],[28.823497,62.556037],[28.805675,62.552985],[28.773082,62.579718],[28.743297,62.598639],[28.711925,62.608039],[28.696544,62.618354],[28.690929,62.630255],[28.677989,62.635077],[28.642345,62.638678],[28.629893,62.646003],[28.618663,62.661872],[28.58192,62.682196],[28.60255,62.687628],[28.636485,62.688605],[28.654552,62.692878],[28.647838,62.704718],[28.603526,62.716193],[28.572154,62.713141],[28.552379,62.707709],[28.525401,62.714972],[28.519298,62.735358]]]}},{"type":"Feature","properties":{"name":"Betarsj\u00f6n"},"geometry":{"type":"Polygon","coordinates":[[[16.909557,63.714972],[16.873668,63.726203],[16.854503,63.725592],[16.81129,63.749884],[16.763927,63.758429],[16.753917,63.766974],[16.733897,63.772711],[16.72108,63.783332],[16.724132,63.796454],[16.78004,63.766974],[16.820445,63.758429],[16.863902,63.757819],[16.872813,63.772711],[16.85963,63.79975],[16.865489,63.812262],[16.88795,63.789801],[16.898692,63.775153],[16.90797,63.751776],[16.934459,63.722907],[16.928111,63.716498],[16.909557,63.714972]]]}},{"type":"Feature","properties":{"name":"Pyh\u00e4j\u00e4rvi"},"geometry":{"type":"Polygon","coordinates":[[[25.520274,62.664862],[25.50233,62.684333],[25.461192,62.710456],[25.449718,62.723212],[25.428477,62.725043],[25.413585,62.719245],[25.406871,62.708014],[25.391368,62.707404],[25.379893,62.721686],[25.392345,62.740241],[25.386241,62.755744],[25.372203,62.765448],[25.412974,62.754828],[25.407237,62.770636],[25.418101,62.785834],[25.44276,62.791022],[25.489513,62.782233],[25.496226,62.768195],[25.489879,62.750556],[25.497813,62.73902],[25.548839,62.700446],[25.530528,62.671271],[25.533946,62.662482],[25.520274,62.664862]]]}},{"type":"Feature","properties":{"name":"P\u00e4\u00e4j\u00e4rvi"},"geometry":{"type":"Polygon","coordinates":[[[24.808116,62.86695],[24.825206,62.849372],[24.832042,62.836554],[24.826671,62.831122],[24.77589,62.873969],[24.760387,62.883368],[24.73939,62.879767],[24.743053,62.860907],[24.722667,62.859992],[24.696544,62.870368],[24.677745,62.89527],[24.676768,62.901374],[24.726085,62.911628],[24.753429,62.901618],[24.781016,62.896491],[24.791759,62.889777],[24.788097,62.880988],[24.808116,62.86695]]]}},{"type":"Feature","properties":{"name":"Feren"},"geometry":{"type":"Polygon","coordinates":[[[11.768687,63.606757],[11.849132,63.594611],[11.862559,63.584296],[11.891124,63.574225],[11.929942,63.570929],[11.945567,63.566657],[11.934825,63.559943],[11.910899,63.559699],[11.848277,63.548407],[11.827647,63.556647],[11.766856,63.593695],[11.740733,63.605841],[11.768687,63.606757]]]}},{"type":"Feature","properties":{"name":"Landsjn"},"geometry":{"type":"Polygon","coordinates":[[[14.181895,63.58277],[14.218394,63.586127],[14.240611,63.579413],[14.23817,63.569098],[14.22755,63.566046],[14.163707,63.568183],[14.106578,63.58338],[14.056163,63.588263],[14.011974,63.597052],[13.951549,63.615607],[13.911388,63.637824],[13.884776,63.647528],[13.842052,63.654547],[13.850963,63.66175],[13.889903,63.665412],[13.917491,63.661139],[13.937511,63.645636],[13.985606,63.629889],[14.015391,63.61286],[14.057628,63.604621],[14.107432,63.602179],[14.143687,63.595221],[14.181895,63.58277]]]}},{"type":"Feature","properties":{},"geometry":{"type":"Polygon","coordinates":[[[14.173106,63.339911],[14.129405,63.339911],[13.987804,63.380622],[13.898692,63.378852],[13.886851,63.38642],[13.896007,63.393378],[13.98231,63.391608],[14.185924,63.345099],[14.173106,63.339911]]]}},{"type":"Feature","properties":{},"geometry":{"type":"Polygon","coordinates":[[[25.344005,62.673712],[25.317149,62.683722],[25.331187,62.687628],[25.372569,62.673041],[25.418468,62.664252],[25.431529,62.65174],[25.409923,62.637213],[25.366466,62.637824],[25.332408,62.656989],[25.344005,62.673712]]]}},{"type":"Feature","properties":{},"geometry":{"type":"Polygon","coordinates":[[[12.48585,63.283087],[12.489024,63.295233],[12.537608,63.317145],[12.566173,63.325019],[12.602183,63.328803],[12.619395,63.321051],[12.643687,63.301032],[12.656993,63.29737],[12.633311,63.242682],[12.593028,63.235358],[12.541392,63.242194],[12.518443,63.253302],[12.503184,63.270087],[12.48585,63.283087]]]}},{"type":"Feature","properties":{"name":"\u00c4ht\u00e4rinj\u00e4rvi"},"geometry":{"type":"Polygon","coordinates":[[[24.023692,62.808356],[24.020518,62.795295],[24.029063,62.787665],[24.042491,62.784308],[24.050059,62.756354],[24.055553,62.744757],[24.067149,62.731452],[24.071056,62.712287],[24.070445,62.691657],[24.085948,62.686469],[24.105479,62.685553],[24.13795,62.636298],[24.152599,62.605841],[24.143077,62.600714],[24.129405,62.605841],[24.125499,62.622931],[24.114268,62.636908],[24.092784,62.649909],[24.047618,62.664252],[24.035777,62.691901],[24.011241,62.715949],[24.022472,62.71839],[24.036143,62.726264],[24.035777,62.742926],[24.031871,62.753607],[24.007823,62.785224],[24.008556,62.805915],[23.999034,62.815314],[24.004771,62.822882],[24.021251,62.817755],[24.023692,62.808356]]]}},{"type":"Feature","properties":{"name":"N\u00e4ldsj\u00f6n"},"geometry":{"type":"Polygon","coordinates":[[[14.259776,63.373908],[14.185924,63.395514],[14.092052,63.430182],[14.067393,63.453864],[14.086558,63.446295],[14.102672,63.431708],[14.135509,63.417426],[14.208507,63.411017],[14.26002,63.410773],[14.317882,63.403754],[14.350597,63.391608],[14.382823,63.370917],[14.397716,63.364875],[14.284312,63.359687],[14.263927,63.361823],[14.259776,63.373908]]]}},{"type":"Feature","properties":{"name":"Kolkonj\u00e4rvi"},"geometry":{"type":"Polygon","coordinates":[[[28.135753,62.001349],[28.068126,62.033881],[28.055186,62.046637],[28.094981,62.0409],[28.153087,62.020514],[28.252452,61.978888],[28.24818,61.97309],[28.219249,61.984015],[28.135753,62.001349]]]}},{"type":"Feature","properties":{"name":"Esandsj\u00f8en"},"geometry":{"type":"Polygon","coordinates":[[[11.949474,63.116217],[12.0088,63.114691],[12.029063,63.123786],[12.045909,63.111335],[12.052013,63.087043],[12.042491,63.063361],[12.028819,63.049079],[12.022227,63.036628],[12.042491,63.003791],[12.075572,62.987311],[12.080455,62.973944],[12.055919,62.971198],[12.022716,62.973639],[11.960704,62.970343],[11.970714,62.990973],[11.94984,62.998542],[11.867198,62.996466],[11.832164,63.002204],[11.906261,63.010138],[11.955333,63.008307],[11.990733,63.011054],[11.998424,63.020758],[11.967662,63.031134],[11.99171,63.039313],[12.001475,63.05091],[12.013316,63.068488],[12.009288,63.083136],[11.985362,63.090094],[11.931529,63.095832],[11.921886,63.113776],[11.936046,63.124152],[11.949474,63.116217]]]}},{"type":"Feature","properties":{"name":"Aurej\u00e4rvi"},"geometry":{"type":"Polygon","coordinates":[[[23.35316,61.998603],[23.334972,62.008063],[23.35609,62.061591],[23.350719,62.08338],[23.356822,62.101325],[23.372569,62.097419],[23.382335,62.081916],[23.384776,62.060309],[23.381114,62.029303],[23.36439,62.006476],[23.35316,61.998603]]]}},{"type":"Feature","properties":{"name":"Locknesj\u00f6n"},"geometry":{"type":"Polygon","coordinates":[[[14.856944,62.980048],[14.839976,62.986151],[14.816905,63.001349],[14.804698,63.023505],[14.818736,63.031378],[14.82606,63.04505],[14.838878,63.057257],[14.862804,63.052741],[14.871349,63.044196],[14.853404,63.027167],[14.89503,62.979438],[14.902843,62.966925],[14.90504,62.956671],[14.885509,62.958503],[14.856944,62.980048]]]}},{"type":"Feature","properties":{"name":"Lngelmenj\u00e4rvi"},"geometry":{"type":"Polygon","coordinates":[[[27.500255,62.236274],[27.531749,62.225959],[27.577647,62.19068],[27.556651,62.188849],[27.480968,62.206794],[27.451915,62.194342],[27.435069,62.185858],[27.43336,62.179206],[27.448741,62.165168],[27.452403,62.157843],[27.456309,62.138739],[27.445811,62.130255],[27.411388,62.191046],[27.418712,62.208991],[27.43568,62.21778],[27.457896,62.213141],[27.497081,62.220771],[27.500255,62.236274]]]}},{"type":"Feature","properties":{"name":"Hottjen"},"geometry":{"type":"Polygon","coordinates":[[[13.475352,63.191291],[13.406016,63.207648],[13.376475,63.208869],[13.358653,63.216498],[13.312389,63.219245],[13.270152,63.213752],[13.254405,63.204718],[13.233897,63.19892],[13.204112,63.199469],[13.187999,63.205573],[13.190196,63.214362],[13.321178,63.227179],[13.340953,63.233527],[13.341807,63.242926],[13.360362,63.242682],[13.421397,63.221686],[13.451671,63.208014],[13.514171,63.199836],[13.558849,63.201911],[13.607799,63.21192],[13.618663,63.204657],[13.618175,63.191596],[13.593516,63.184333],[13.556041,63.183905],[13.475352,63.191291]]]}},{"type":"Feature","properties":{},"geometry":{"type":"Polygon","coordinates":[[[15.809825,63.174872],[15.922618,63.177619],[15.930186,63.185492],[16.020763,63.147834],[16.02296,63.134772],[15.97877,63.137213],[15.891856,63.158149],[15.817149,63.165412],[15.809825,63.174872]]]}},{"type":"Feature","properties":{"name":"Sysm\u00e4j\u00e4rvi"},"geometry":{"type":"Polygon","coordinates":[[[27.646373,62.229621],[27.725108,62.179755],[27.755382,62.155158],[27.757335,62.136298],[27.723888,62.137213],[27.686534,62.154242],[27.661143,62.179206],[27.687389,62.182502],[27.677013,62.195319],[27.630626,62.211066],[27.605968,62.2284],[27.608165,62.240546],[27.646373,62.229621]]]}},{"type":"Feature","properties":{"name":"Storsj\u00f6n"},"geometry":{"type":"Polygon","coordinates":[[[13.133067,62.86286],[13.15797,62.847724],[13.205333,62.841925],[13.178233,62.835211],[13.174327,62.824897],[13.198985,62.801215],[13.174937,62.795417],[13.098155,62.805732],[13.022716,62.804511],[13.013682,62.811835],[13.025767,62.824286],[13.046153,62.823065],[13.072765,62.816718],[13.117564,62.823065],[13.134898,62.830634],[13.095958,62.842841],[13.111095,62.848334],[13.133067,62.86286]]]}},{"type":"Feature","properties":{"name":"Holmsj\u00f6n"},"geometry":{"type":"Polygon","coordinates":[[[16.351573,62.713813],[16.394542,62.706794],[16.437511,62.719001],[16.477916,62.698249],[16.544444,62.68946],[16.553599,62.70008],[16.579478,62.702277],[16.60963,62.682502],[16.630504,62.663031],[16.671153,62.653632],[16.708263,62.649359],[16.753917,62.621711],[16.746959,62.617438],[16.708018,62.635382],[16.617686,62.653571],[16.601573,62.669684],[16.55128,62.68067],[16.473155,62.684943],[16.392589,62.699836],[16.368907,62.698859],[16.332652,62.70893],[16.322032,62.723517],[16.351573,62.713813]]]}},{"type":"Feature","properties":{"name":"Simpelej\u00e4rvi"},"geometry":{"type":"Polygon","coordinates":[[[29.462779,61.514167],[29.455089,61.505316],[29.44752,61.50257],[29.438121,61.484626],[29.418712,61.477057],[29.398204,61.48371],[29.391368,61.475836],[29.390147,61.465827],[29.365977,61.480353],[29.358775,61.494025],[29.374278,61.527838],[29.391368,61.539679],[29.384288,61.565802],[29.390147,61.597724],[29.431407,61.602912],[29.445079,61.607428],[29.477916,61.606574],[29.480357,61.598029],[29.497569,61.572516],[29.491954,61.557257],[29.460948,61.564276],[29.433604,61.556647],[29.43629,61.539069],[29.462779,61.514167]],[[29.390391,61.557868],[29.399791,61.554267],[29.401012,61.557868],[29.390391,61.557868]]]}},{"type":"Feature","properties":{"name":"Toisvesi"},"geometry":{"type":"Polygon","coordinates":[[[23.775645,62.330207],[23.755626,62.301642],[23.759776,62.278815],[23.741954,62.273688],[23.6692,62.338385],[23.651378,62.372809],[23.664317,62.38465],[23.674083,62.375495],[23.680797,62.350836],[23.698741,62.335944],[23.721934,62.324103],[23.741222,62.321662],[23.760753,62.332038],[23.795177,62.362128],[23.800059,62.35755],[23.775645,62.330207]]]}},{"type":"Feature","properties":{"name":"Gjevilvatnet"},"geometry":{"type":"Polygon","coordinates":[[[9.483653,62.660651],[9.420909,62.681281],[9.403331,62.692267],[9.374156,62.698859],[9.21339,62.715949],[9.249278,62.721076],[9.40211,62.706794],[9.436168,62.697394],[9.483287,62.677924],[9.48939,62.664862],[9.483653,62.660651]]]}},{"type":"Feature","properties":{"name":"Eikesdalsvatnet"},"geometry":{"type":"Polygon","coordinates":[[[8.14564,62.500373],[8.14564,62.515631],[8.153575,62.546271],[8.146495,62.580085],[8.148692,62.612311],[8.14503,62.622565],[8.110362,62.632331],[8.132579,62.635382],[8.16212,62.63111],[8.170909,62.612311],[8.18214,62.556037],[8.170299,62.509284],[8.160899,62.488898],[8.14564,62.500373]]]}},{"type":"Feature","properties":{},"geometry":{"type":"Polygon","coordinates":[[[13.076915,62.528693],[13.033702,62.53443],[13.014171,62.544196],[13.010875,62.559699],[12.983165,62.604377],[12.995982,62.613166],[13.013316,62.600104],[13.036998,62.560004],[13.059093,62.547248],[13.078014,62.54267],[13.095714,62.545111],[13.106212,62.554572],[13.124522,62.560614],[13.133311,62.551764],[13.1067,62.535651],[13.076915,62.528693]]]}},{"type":"Feature","properties":{"name":"Leringen"},"geometry":{"type":"Polygon","coordinates":[[[16.385265,62.623236],[16.334239,62.646918],[16.404063,62.662421],[16.429698,62.677619],[16.446056,62.681281],[16.470714,62.673346],[16.453136,62.665168],[16.420909,62.660285],[16.441417,62.591559],[16.431407,62.585822],[16.385265,62.623236]]]}},{"type":"Feature","properties":{"name":"Kyr\u00f6sj\u00e4rvi"},"geometry":{"type":"Polygon","coordinates":[[[23.230968,61.730536],[23.231212,61.719306],[23.243663,61.70777],[23.245616,61.689826],[23.21339,61.684027],[23.182628,61.691046],[23.172862,61.695563],[23.165294,61.704962],[23.199351,61.712287],[23.186534,61.720832],[23.173595,61.744208],[23.156505,61.754523],[23.114024,61.763922],[23.102794,61.777961],[23.08546,61.78675],[23.05775,61.771552],[23.038585,61.753058],[23.015758,61.751532],[23.015391,61.762763],[23.03065,61.782477],[23.045543,61.790717],[23.050914,61.798651],[23.030284,61.813849],[22.983287,61.831183],[23.016978,61.839972],[23.039561,61.86579],[23.032237,61.834174],[23.058971,61.822272],[23.096934,61.814093],[23.129405,61.793463],[23.149425,61.795295],[23.160167,61.801642],[23.169932,61.801642],[23.188365,61.780036],[23.228526,61.777045],[23.246104,61.76673],[23.243663,61.74964],[23.230968,61.730536]]]}},{"type":"Feature","properties":{"name":"Lossnen"},"geometry":{"type":"Polygon","coordinates":[[[12.823985,62.430793],[12.783824,62.437506],[12.74464,62.430182],[12.719371,62.439032],[12.733165,62.451178],[12.75526,62.461798],[12.706309,62.487982],[12.692638,62.507453],[12.703868,62.515937],[12.711192,62.509894],[12.715709,62.494391],[12.765269,62.478888],[12.798839,62.456],[12.823619,62.461554],[12.840343,62.475226],[12.862804,62.477912],[12.880748,62.484015],[12.904552,62.488532],[12.927013,62.480353],[12.918468,62.474616],[12.891612,62.467902],[12.84669,62.448737],[12.85377,62.441169],[12.875987,62.429938],[12.909434,62.418708],[12.925792,62.409247],[12.907237,62.404364],[12.823985,62.430793]]]}},{"type":"Feature","properties":{"name":"Aursj\u00f8en"},"geometry":{"type":"Polygon","coordinates":[[[8.725352,62.291327],[8.807017,62.254523],[8.770518,62.256049],[8.731944,62.267951],[8.70753,62.282477],[8.68336,62.313239],[8.665782,62.342414],[8.544932,62.410468],[8.569102,62.410163],[8.614024,62.400153],[8.643809,62.378241],[8.709117,62.339606],[8.719493,62.322882],[8.71046,62.301947],[8.725352,62.291327]]]}},{"type":"Feature","properties":{"name":"Kyyvesi"},"geometry":{"type":"Polygon","coordinates":[[[27.109264,62.009528],[27.155528,62.025031],[27.143321,62.041754],[27.089854,62.078253],[27.080089,62.096198],[27.097179,62.100104],[27.113048,62.087653],[27.119884,62.070075],[27.158214,62.055793],[27.165782,62.03266],[27.190196,62.042975],[27.198009,62.027472],[27.184337,62.009833],[27.167979,61.999823],[27.160655,61.978583],[27.159434,61.957282],[27.19752,61.921393],[27.178599,61.922614],[27.144054,61.936835],[27.088267,61.945685],[27.082286,61.940558],[27.067882,61.937506],[27.05421,61.939337],[27.062755,61.924445],[27.042125,61.919562],[27.023936,61.929328],[27.032725,61.936042],[27.042491,61.937506],[27.017223,61.943305],[27.004649,61.942694],[26.994151,61.951545],[26.998057,61.972174],[27.051768,61.980719],[27.060069,61.995002],[27.049327,62.007697],[27.026012,62.0138],[26.994395,62.071906],[27.004161,62.068244],[27.018077,62.046942],[27.04005,62.049384],[27.10255,62.018988],[27.109264,62.009528]],[[27.116222,61.995612],[27.111705,62.004706],[27.10377,61.995856],[27.108409,61.986762],[27.116222,61.995612]]]}},{"type":"Feature","properties":{},"geometry":{"type":"Polygon","coordinates":[[[29.402599,60.792121],[29.340831,60.813971],[29.342296,60.824042],[29.328014,60.827399],[29.307628,60.812445],[29.292979,60.808844],[29.281749,60.807624],[29.266612,60.814582],[29.26356,60.82862],[29.293346,60.839484],[29.283702,60.853522],[29.249889,60.854987],[29.215831,60.850775],[29.211925,60.866278],[29.170299,60.876899],[29.129649,60.90882],[29.118907,60.925971],[29.11964,60.939948],[29.113292,60.953192],[29.132091,60.941169],[29.142589,60.927802],[29.158214,60.918036],[29.178844,60.915045],[29.174815,60.921759],[29.184337,60.925971],[29.206065,60.905768],[29.220714,60.906745],[29.233531,60.894538],[29.268809,60.887824],[29.297618,60.88819],[29.322032,60.882392],[29.344127,60.86872],[29.375743,60.830695],[29.421886,60.814337],[29.437022,60.785407],[29.421397,60.78266],[29.402599,60.792121]]]}},{"type":"Feature","properties":{"name":"Isoj\u00e4rvi Sotamiehenluoto"},"geometry":{"type":"Polygon","coordinates":[[[21.866588,61.732062],[21.848888,61.71839],[21.837657,61.713813],[21.787242,61.735114],[21.748912,61.763068],[21.736095,61.785895],[21.747447,61.78736],[21.765636,61.779486],[21.78004,61.781867],[21.876964,61.74726],[21.948009,61.727545],[21.941417,61.723273],[21.896007,61.731086],[21.866588,61.732062]]]}},{"type":"Feature","properties":{"name":"Hennan"},"geometry":{"type":"Polygon","coordinates":[[[15.827159,62.039069],[15.837535,62.052985],[15.764903,62.10047],[15.702281,62.128669],[15.742442,62.122626],[15.784068,62.104377],[15.902843,62.03089],[15.879771,62.028693],[15.841441,62.03266],[15.827159,62.039069]]]}},{"type":"Feature","properties":{"name":"Vesij\u00e4rvi"},"geometry":{"type":"Polygon","coordinates":[[[24.151622,61.558234],[24.194469,61.571906],[24.250011,61.598944],[24.281749,61.577643],[24.254405,61.57038],[24.156139,61.555182],[24.138438,61.545417],[24.1421,61.534491],[24.13856,61.52442],[24.124278,61.51258],[24.13087,61.490729],[24.121837,61.474921],[24.095348,61.471564],[24.074962,61.483405],[24.090831,61.491339],[24.068126,61.524176],[24.082042,61.531745],[24.12672,61.541144],[24.151622,61.558234]]]}},{"type":"Feature","properties":{},"geometry":{"type":"Polygon","coordinates":[[[14.090465,62.096808],[14.094737,62.106513],[14.078258,62.126593],[14.105357,62.114081],[14.191417,62.051764],[14.214732,62.041144],[14.229625,62.045111],[14.230846,62.055426],[14.216319,62.067023],[14.168956,62.076117],[14.165538,62.086188],[14.168224,62.09986],[14.156139,62.115607],[14.183116,62.111396],[14.201671,62.093756],[14.239635,62.074713],[14.26002,62.059088],[14.257579,62.034186],[14.253062,62.028449],[14.278331,62.018378],[14.271007,62.0138],[14.180675,62.000739],[14.164317,62.005255],[14.184581,62.008002],[14.205577,62.017096],[14.173717,62.04267],[14.125987,62.062445],[14.101085,62.059699],[14.079845,62.038092],[14.064952,62.039069],[14.063731,62.05091],[14.086803,62.069709],[14.105357,62.080085],[14.090465,62.096808]]]}},{"type":"Feature","properties":{"name":"Lofssj\u00f6n"},"geometry":{"type":"Polygon","coordinates":[[[13.27589,62.120185],[13.31544,62.114386],[13.399547,62.09278],[13.475841,62.065192],[13.484996,62.05152],[13.470103,62.044806],[13.435191,62.056037],[13.412974,62.07215],[13.381969,62.087958],[13.344005,62.099189],[13.260753,62.114142],[13.223033,62.126227],[13.236339,62.134772],[13.256114,62.133246],[13.259166,62.126227],[13.27589,62.120185]]]}},{"type":"Feature","properties":{"name":"Rogen"},"geometry":{"type":"Polygon","coordinates":[[[12.462901,62.318671],[12.503307,62.273932],[12.482677,62.277961],[12.43922,62.298346],[12.419688,62.31684],[12.316417,62.3263],[12.246715,62.344489],[12.254893,62.353339],[12.319957,62.347235],[12.402599,62.34632],[12.439952,62.331732],[12.462901,62.318671]]]}},{"type":"Feature","properties":{"name":"Enonvesi"},"geometry":{"type":"Polygon","coordinates":[[[26.51234,61.387702],[26.516856,61.368842],[26.536021,61.370368],[26.534801,61.353644],[26.528453,61.33631],[26.518443,61.328437],[26.47401,61.34571],[26.466441,61.357306],[26.489757,61.370978],[26.491954,61.383734],[26.38502,61.379767],[26.433849,61.383124],[26.469249,61.391608],[26.461314,61.400458],[26.437266,61.408087],[26.428722,61.415961],[26.444224,61.421454],[26.499156,61.416999],[26.51234,61.387702]]]}},{"type":"Feature","properties":{"name":"S\u00f8lensj\u00f8en"},"geometry":{"type":"Polygon","coordinates":[[[11.660411,61.898322],[11.603526,61.919928],[11.586558,61.938117],[11.567149,61.945441],[11.547984,61.960944],[11.54127,61.980109],[11.546764,61.993781],[11.563731,61.995246],[11.577647,61.987982],[11.579845,61.970343],[11.596934,61.952399],[11.658702,61.917731],[11.663829,61.908637],[11.660411,61.898322]]]}},{"type":"Feature","properties":{"name":"Pelinginselka"},"geometry":{"type":"Polygon","coordinates":[[[26.406016,60.982245],[26.398082,60.999884],[26.397472,61.011725],[26.407237,61.022956],[26.406016,61.033576],[26.440929,61.029303],[26.463145,61.035407],[26.472545,61.044806],[26.505382,61.043952],[26.517589,61.046942],[26.542735,61.031134],[26.564952,61.010138],[26.568858,60.996222],[26.556163,60.993476],[26.524425,60.998297],[26.490489,60.991339],[26.460704,61.011359],[26.428477,61.005927],[26.429942,60.994086],[26.438487,60.980963],[26.42628,60.962775],[26.410167,60.959113],[26.392345,60.966742],[26.390758,60.969489],[26.406016,60.982245]]]}},{"type":"Feature","properties":{"name":"Iso Roinevesi"},"geometry":{"type":"Polygon","coordinates":[[[24.605113,61.24787],[24.605113,61.225409],[24.578014,61.205634],[24.544566,61.205329],[24.513316,61.23841],[24.53004,61.241461],[24.569835,61.239386],[24.605113,61.24787]]]}},{"type":"Feature","properties":{},"geometry":{"type":"Polygon","coordinates":[[[16.592296,61.81568],[16.680675,61.81568],[16.674815,61.823859],[16.643565,61.837531],[16.615611,61.854254],[16.65211,61.85633],[16.753307,61.83692],[16.769786,61.829596],[16.777354,61.811408],[16.80128,61.781012],[16.798595,61.773993],[16.731944,61.790717],[16.68336,61.793769],[16.625377,61.802253],[16.592296,61.81568]]]}},{"type":"Feature","properties":{"name":"Strynevatnet"},"geometry":{"type":"Polygon","coordinates":[[[6.900401,61.945075],[6.972667,61.960334],[7.01588,61.956671],[7.109141,61.922309],[7.105479,61.910468],[7.071178,61.911689],[7.030772,61.928717],[7.010753,61.940863],[6.982677,61.946051],[6.863048,61.936286],[6.852306,61.939032],[6.900401,61.945075]]]}},{"type":"Feature","properties":{"name":"Kuohij\u00e4rvi"},"geometry":{"type":"Polygon","coordinates":[[[24.880138,61.212653],[24.844005,61.251471],[24.8296,61.271857],[24.834239,61.285834],[24.856212,61.277655],[24.882091,61.259345],[24.908092,61.252143],[24.928477,61.242438],[24.943614,61.230536],[24.948741,61.221442],[24.934825,61.210211],[24.929698,61.199591],[24.931895,61.18769],[24.913585,61.183112],[24.887462,61.1883],[24.875987,61.198004],[24.882335,61.205024],[24.880138,61.212653]]]}},{"type":"Feature","properties":{"name":"Hornindalsvatnet"},"geometry":{"type":"Polygon","coordinates":[[[6.233531,61.911689],[6.150645,61.91474],[6.122569,61.918097],[6.139659,61.925055],[6.17335,61.929633],[6.229015,61.927497],[6.279796,61.946906],[6.329356,61.953315],[6.369151,61.962409],[6.38795,61.972785],[6.442638,61.985236],[6.46461,61.984626],[6.510997,61.977057],[6.494029,61.969123],[6.456676,61.962165],[6.47462,61.947272],[6.429576,61.948737],[6.233531,61.911689]]]}},{"type":"Feature","properties":{"name":"Norra Dellen"},"geometry":{"type":"Polygon","coordinates":[[[16.635997,61.869147],[16.599498,61.868842],[16.538829,61.882453],[16.587657,61.919928],[16.625621,61.932685],[16.691417,61.928717],[16.740489,61.92237],[16.764537,61.910773],[16.785533,61.897345],[16.803233,61.877631],[16.812266,61.85456],[16.782237,61.851203],[16.72047,61.864264],[16.640269,61.886176],[16.635997,61.869147]]]}},{"type":"Feature","properties":{"name":"Hauhonselk\u00e4"},"geometry":{"type":"Polygon","coordinates":[[[24.511485,61.15821],[24.469005,61.176459],[24.46046,61.184943],[24.47169,61.193183],[24.507579,61.205329],[24.534679,61.18769],[24.548595,61.168219],[24.558849,61.138434],[24.541881,61.136359],[24.520274,61.147834],[24.511485,61.15821]]]}},{"type":"Feature","properties":{"name":"Karhij\u00e4rvi"},"geometry":{"type":"Polygon","coordinates":[[[22.510997,61.571906],[22.426402,61.575568],[22.393565,61.58924],[22.431651,61.593756],[22.48878,61.592841],[22.516124,61.615607],[22.546886,61.613776],[22.571788,61.607123],[22.567393,61.588874],[22.545299,61.578864],[22.529796,61.581],[22.510997,61.571906]]]}},{"type":"Feature","properties":{},"geometry":{"type":"Polygon","coordinates":[[[24.428722,61.403205],[24.490001,61.386786],[24.513927,61.370612],[24.486583,61.367316],[24.419932,61.380378],[24.397227,61.376105],[24.410167,61.365241],[24.393565,61.357611],[24.304698,61.353339],[24.289317,61.359381],[24.285655,61.366095],[24.284679,61.38465],[24.296641,61.400458],[24.32484,61.415961],[24.344981,61.418097],[24.356212,61.403205],[24.376475,61.389228],[24.401866,61.390387],[24.428722,61.403205]]]}},{"type":"Feature","properties":{"name":"Storsj\u00f6n"},"geometry":{"type":"Polygon","coordinates":[[[15.929698,61.990973],[15.917979,62.000739],[15.905528,62.004401],[15.887096,61.997687],[15.865855,61.996222],[15.849742,62.006842],[15.860362,62.01258],[15.882823,62.014411],[15.918712,62.008002],[15.931773,62.020148],[15.9369,62.033576],[15.980724,62.018073],[16.011974,61.997687],[16.023936,61.984992],[16.006847,61.975836],[15.981944,61.980353],[15.9546,61.996222],[15.943614,61.988898],[15.929698,61.990973]]]}},{"type":"Feature","properties":{"name":"Kukkiaj\u00e4rvi"},"geometry":{"type":"Polygon","coordinates":[[[24.726939,61.298651],[24.676524,61.330207],[24.642833,61.331794],[24.627574,61.336005],[24.617198,61.343878],[24.621837,61.35578],[24.637218,61.360663],[24.671641,61.35456],[24.712413,61.354865],[24.727794,61.349677],[24.758311,61.370063],[24.768565,61.353644],[24.785045,61.355475],[24.791515,61.342719],[24.781016,61.322638],[24.745616,61.332099],[24.733165,61.317755],[24.733409,61.302253],[24.726939,61.298651]],[[24.628795,61.344245],[24.636485,61.340277],[24.636485,61.344855],[24.628795,61.344245]]]}},{"type":"Feature","properties":{"name":"J\u00f8lstravatnet"},"geometry":{"type":"Polygon","coordinates":[[[6.140514,61.508918],[6.165416,61.521125],[6.237437,61.538153],[6.298228,61.533576],[6.325572,61.54151],[6.379405,61.567328],[6.430186,61.569464],[6.467296,61.564582],[6.484874,61.555426],[6.587291,61.537543],[6.594981,61.529364],[6.442638,61.558173],[6.414073,61.555182],[6.298595,61.52204],[6.23109,61.522345],[6.153331,61.505011],[6.140514,61.508918]]]}},{"type":"Feature","properties":{"name":"Kr\u00f8deren"},"geometry":{"type":"Polygon","coordinates":[[[9.587901,60.395941],[9.641124,60.37464],[9.644298,60.346686],[9.660777,60.334845],[9.685313,60.295295],[9.693614,60.287726],[9.690929,60.277961],[9.666515,60.268866],[9.635265,60.250312],[9.62733,60.227545],[9.62672,60.204474],[9.635265,60.183112],[9.658702,60.177375],[9.722545,60.172492],[9.738048,60.167609],[9.771983,60.145758],[9.769542,60.133918],[9.74171,60.156745],[9.711925,60.157599],[9.688487,60.163092],[9.634654,60.168219],[9.61671,60.180121],[9.609141,60.209906],[9.606944,60.239081],[9.611217,60.253424],[9.666515,60.288031],[9.655528,60.313849],[9.643443,60.327216],[9.620616,60.342108],[9.612559,60.364264],[9.598888,60.383185],[9.582408,60.391974],[9.587901,60.395941]]]}},{"type":"Feature","properties":{"name":"Storsj\u00f8en"},"geometry":{"type":"Polygon","coordinates":[[[11.653453,60.353034],[11.647716,60.36341],[11.631847,60.370978],[11.624278,60.362189],[11.620006,60.350348],[11.594493,60.367682],[11.590587,60.377997],[11.603526,60.385565],[11.611461,60.396857],[11.600841,60.426032],[11.610362,60.432135],[11.629161,60.430915],[11.641246,60.421149],[11.643077,60.403571],[11.649791,60.388312],[11.665904,60.382209],[11.690196,60.38404],[11.711436,60.377936],[11.717296,60.346686],[11.726085,60.326606],[11.720958,60.309577],[11.705699,60.313544],[11.688731,60.337897],[11.653453,60.353034]]]}},{"type":"Feature","properties":{"name":"Storsj\u00f8en"},"geometry":{"type":"Polygon","coordinates":[[[11.348643,61.412909],[11.281139,61.47425],[11.203014,61.533881],[11.195689,61.563971],[11.199718,61.595893],[11.19691,61.619879],[11.187511,61.643927],[11.193858,61.689215],[11.207286,61.697089],[11.216319,61.683722],[11.216319,61.656684],[11.232432,61.597419],[11.221812,61.559088],[11.234019,61.533271],[11.303966,61.480109],[11.329112,61.455146],[11.358043,61.411994],[11.348643,61.412909]]]}},{"type":"Feature","properties":{"name":"Pyh\u00e4j\u00e4rvi"},"geometry":{"type":"Polygon","coordinates":[[[23.811168,60.791022],[23.759776,60.771308],[23.727672,60.782233],[23.70338,60.795295],[23.705699,60.809272],[23.74586,60.813239],[23.795055,60.810492],[23.80836,60.804694],[23.811168,60.791022]]]}},{"type":"Feature","properties":{"name":"Bergviken"},"geometry":{"type":"Polygon","coordinates":[[[16.734508,61.2284],[16.600719,61.230536],[16.588634,61.240607],[16.637218,61.254279],[16.656627,61.267035],[16.687633,61.268561],[16.746349,61.2555],[16.777599,61.261237],[16.80714,61.259711],[16.787364,61.246344],[16.777965,61.236335],[16.775523,61.228766],[16.788829,61.213507],[16.814464,61.197394],[16.823741,61.184333],[16.806407,61.18653],[16.781871,61.19776],[16.766368,61.208014],[16.756114,61.220465],[16.734508,61.2284]]]}},{"type":"Feature","properties":{"name":"Breimsvatnet"},"geometry":{"type":"Polygon","coordinates":[[[6.287852,61.758185],[6.341319,61.760321],[6.394054,61.747565],[6.406505,61.72901],[6.404307,61.68946],[6.416515,61.673957],[6.4369,61.661261],[6.44752,61.641486],[6.443858,61.630255],[6.423839,61.657904],[6.386729,61.677985],[6.374522,61.694709],[6.380015,61.722052],[6.351085,61.742072],[6.310802,61.756354],[6.287852,61.758185]]]}},{"type":"Feature","properties":{"name":"Orsj\u00f6n"},"geometry":{"type":"Polygon","coordinates":[[[16.407481,61.509894],[16.397716,61.504096],[16.380382,61.507148],[16.37733,61.529914],[16.370372,61.55152],[16.33546,61.577033],[16.324718,61.604132],[16.322032,61.633551],[16.28712,61.6482],[16.202891,61.656684],[16.175548,61.665168],[16.165538,61.676764],[16.194102,61.675177],[16.213512,61.666999],[16.29713,61.655768],[16.321056,61.662116],[16.333018,61.655768],[16.342052,61.626288],[16.353648,61.604132],[16.391124,61.586798],[16.375499,61.570319],[16.374278,61.560004],[16.392833,61.535651],[16.407481,61.509894]]]}},{"type":"Feature","properties":{"name":"Tisj\u00f6n"},"geometry":{"type":"Polygon","coordinates":[[[13.05067,60.900763],[13.048839,60.890143],[12.979869,60.908332],[12.958018,60.917792],[12.914195,60.955451],[12.938243,60.957282],[13.024181,60.919318],[13.045543,60.914435],[13.05067,60.900763]]]}},{"type":"Feature","properties":{"name":"Venjanssj\u00f6n"},"geometry":{"type":"Polygon","coordinates":[[[14.093761,60.860358],[14.048228,60.869452],[14.017589,60.881598],[13.992198,60.870368],[13.978038,60.897711],[13.97169,60.921759],[13.942149,60.934821],[13.935069,60.944831],[13.960704,60.949347],[13.999034,60.940314],[14.029796,60.921454],[14.052257,60.902594],[14.082042,60.875251],[14.093761,60.860358]]]}},{"type":"Feature","properties":{"name":"Ljugaren"},"geometry":{"type":"Polygon","coordinates":[[[15.354015,60.964301],[15.332652,60.948493],[15.30775,60.953986],[15.283946,60.966437],[15.337169,60.98133],[15.371593,61.011115],[15.403575,61.01319],[15.496471,60.988898],[15.433849,60.985236],[15.407725,60.989814],[15.383433,60.986823],[15.367686,60.979804],[15.354015,60.964301]]]}},{"type":"Feature","properties":{"name":"Orsasj\u00f6n"},"geometry":{"type":"Polygon","coordinates":[[[14.588634,61.059088],[14.577647,61.042121],[14.557017,61.038153],[14.536388,61.042365],[14.529063,61.051215],[14.495372,61.066413],[14.50587,61.096808],[14.489513,61.118415],[14.53004,61.128669],[14.539439,61.136908],[14.565562,61.137824],[14.594127,61.130866],[14.613536,61.118048],[14.612071,61.107733],[14.597423,61.088629],[14.588634,61.059088]]]}},{"type":"Feature","properties":{"name":"Hiidenvesi"},"geometry":{"type":"Polygon","coordinates":[[[24.139171,60.387702],[24.122081,60.39527],[24.112315,60.409308],[24.12672,60.409552],[24.245372,60.382331],[24.271007,60.369147],[24.28419,60.37342],[24.268321,60.401068],[24.2765,60.409552],[24.305186,60.419623],[24.285411,60.397711],[24.287364,60.387702],[24.301158,60.364264],[24.291392,60.354254],[24.277354,60.355841],[24.240977,60.370124],[24.211803,60.375556],[24.179942,60.37464],[24.164317,60.348761],[24.152843,60.341803],[24.149181,60.35279],[24.163829,60.371588],[24.16627,60.389838],[24.157115,60.396552],[24.139171,60.387702]]]}},{"type":"Feature","properties":{"name":"\u00d6jaren"},"geometry":{"type":"Polygon","coordinates":[[[16.863292,60.69654],[16.834727,60.692878],[16.813243,60.698004],[16.810191,60.709845],[16.822276,60.715949],[16.834239,60.72901],[16.847789,60.753974],[16.86085,60.763068],[16.884288,60.761847],[16.892589,60.749152],[16.884532,60.740912],[16.881236,60.72901],[16.863292,60.69654]]]}},{"type":"Feature","properties":{"name":"Lake Dalkarlsaspen"},"geometry":{"type":"Polygon","coordinates":[[[15.692638,61.075507],[15.664806,61.113532],[15.606456,61.14057],[15.617198,61.162116],[15.594737,61.171576],[15.487315,61.192267],[15.455455,61.201667],[15.441783,61.198004],[15.429698,61.202033],[15.408702,61.216315],[15.41627,61.222357],[15.452647,61.20716],[15.486827,61.204718],[15.5171,61.214728],[15.532725,61.20838],[15.552989,61.222663],[15.602306,61.220832],[15.600841,61.212897],[15.559459,61.211432],[15.547862,61.203192],[15.560069,61.198004],[15.619395,61.195929],[15.673717,61.184638],[15.685557,61.173102],[15.691905,61.135382],[15.703502,61.101325],[15.738048,61.07099],[15.728404,61.061896],[15.708995,61.068244],[15.692638,61.075507]]]}},{"type":"Feature","properties":{"name":"Bygdin"},"geometry":{"type":"Polygon","coordinates":[[[8.343761,61.388312],[8.408214,61.370612],[8.468028,61.366095],[8.565684,61.364875],[8.692149,61.353339],[8.728648,61.347846],[8.786876,61.330207],[8.778819,61.320502],[8.756236,61.322028],[8.736217,61.339057],[8.657481,61.337531],[8.558604,61.350409],[8.48817,61.349982],[8.415294,61.356696],[8.325206,61.382209],[8.318614,61.386786],[8.343761,61.388312]]]}},{"type":"Feature","properties":{"name":"Vinstre"},"geometry":{"type":"Polygon","coordinates":[[[8.824718,61.341193],[8.874766,61.338446],[8.923106,61.319892],[8.940684,61.320807],[8.965343,61.330573],[8.977306,61.342658],[9.003917,61.354254],[9.035533,61.360053],[9.049571,61.35517],[8.993053,61.315924],[8.922618,61.303839],[8.900035,61.305915],[8.835216,61.328986],[8.824718,61.341193]]]}},{"type":"Feature","properties":{"name":"Osensj\u00f8en"},"geometry":{"type":"Polygon","coordinates":[[[11.826427,61.245124],[11.78419,61.271857],[11.762218,61.279486],[11.755626,61.292609],[11.756114,61.304694],[11.774181,61.309272],[11.794444,61.308051],[11.867931,61.246955],[11.885997,61.219306],[11.889293,61.199225],[11.983165,61.127509],[11.979869,61.117194],[11.935802,61.151862],[11.896251,61.174018],[11.868663,61.194709],[11.826427,61.245124]]]}},{"type":"Feature","properties":{"name":"Skattungen"},"geometry":{"type":"Polygon","coordinates":[[[14.913585,61.205634],[14.928722,61.20838],[14.961314,61.204108],[15.000255,61.208991],[15.032725,61.226874],[15.0713,61.206244],[15.083751,61.189521],[15.073497,61.182257],[15.009898,61.194342],[14.955821,61.197394],[14.913585,61.205634]]]}},{"type":"Feature","properties":{"name":"Tyin"},"geometry":{"type":"Polygon","coordinates":[[[8.271495,61.331794],[8.267467,61.318976],[8.252208,61.302863],[8.230724,61.288336],[8.234386,61.273688],[8.243419,61.257941],[8.236827,61.2461],[8.217296,61.249091],[8.206065,61.266364],[8.199474,61.283454],[8.171153,61.288886],[8.161388,61.301642],[8.214366,61.320563],[8.242931,61.336066],[8.223155,61.357917],[8.242808,61.362555],[8.258433,61.360358],[8.267589,61.348761],[8.271495,61.331794]]]}},{"type":"Feature","properties":{"name":"Tunhovdfjorden"},"geometry":{"type":"Polygon","coordinates":[[[8.878184,60.360358],[8.86085,60.37342],[8.85255,60.396186],[8.862071,60.411994],[8.872569,60.417182],[8.781505,60.435736],[8.768809,60.443],[8.775401,60.454901],[8.86378,60.438117],[8.882701,60.42359],[8.877452,60.383185],[8.882335,60.370368],[8.905162,60.339667],[8.899181,60.332404],[8.883311,60.345771],[8.878184,60.360358]]]}},{"type":"Feature","properties":{"name":"Sperillen"},"geometry":{"type":"Polygon","coordinates":[[[10.057384,60.552741],[10.083507,60.543586],[10.0796,60.522956],[10.068736,60.501349],[10.05775,60.468512],[10.065929,60.458258],[10.097911,60.441779],[10.083263,60.420233],[10.075084,60.397711],[10.081432,60.38526],[10.073253,60.378913],[10.059581,60.386237],[10.054088,60.40351],[10.067882,60.435126],[10.058116,60.452155],[10.039195,60.46308],[10.029185,60.481635],[10.037364,60.505988],[10.04835,60.525702],[10.042857,60.540595],[9.995372,60.547248],[9.9817,60.556647],[9.985362,60.564582],[10.057384,60.552741]]]}},{"type":"Feature","properties":{"name":"Runn"},"geometry":{"type":"Polygon","coordinates":[[[15.614146,60.508368],[15.604503,60.510504],[15.576182,60.492926],[15.559459,60.496527],[15.545177,60.510504],[15.559459,60.514167],[15.591563,60.514777],[15.608409,60.523322],[15.61085,60.538459],[15.638682,60.553107],[15.640636,60.56861],[15.655772,60.581916],[15.674571,60.590094],[15.737804,60.594062],[15.758189,60.589484],[15.765758,60.574591],[15.750865,60.55091],[15.734874,60.543036],[15.722423,60.551276],[15.702891,60.532721],[15.682506,60.519904],[15.666759,60.528449],[15.656383,60.526007],[15.660411,60.491339],[15.649058,60.483771],[15.634166,60.486518],[15.616222,60.484076],[15.604747,60.487433],[15.614146,60.508368]]]}},{"type":"Feature","properties":{"name":"Hurdalsj\u00f8en"},"geometry":{"type":"Polygon","coordinates":[[[11.06129,60.388007],[11.050059,60.378302],[11.056895,60.36463],[11.078136,60.351813],[11.123668,60.3357],[11.114879,60.295295],[11.102061,60.288336],[11.082042,60.302314],[11.059825,60.338141],[11.023936,60.35279],[11.013682,60.366706],[11.018565,60.379767],[11.05067,60.404425],[11.065929,60.424201],[11.073497,60.429389],[11.074718,60.410224],[11.06129,60.388007]]]}},{"type":"Feature","properties":{"name":"T\u00e4mnaren"},"geometry":{"type":"Polygon","coordinates":[[[17.31837,60.142707],[17.27064,60.1482],[17.259776,60.156989],[17.29005,60.183173],[17.313243,60.18653],[17.360362,60.201667],[17.373302,60.199836],[17.391856,60.190436],[17.405284,60.177069],[17.336314,60.146064],[17.31837,60.142707]]]}},{"type":"Feature","properties":{"name":"Randsfjorden"},"geometry":{"type":"Polygon","coordinates":[[[10.141002,60.806281],[10.209727,60.809882],[10.233409,60.801032],[10.247691,60.762213],[10.272227,60.738776],[10.327647,60.716559],[10.349254,60.692878],[10.362559,60.650275],[10.355968,60.619269],[10.340343,60.604987],[10.318858,60.540595],[10.34315,60.533271],[10.382091,60.529914],[10.420055,60.51203],[10.45045,60.488898],[10.452891,60.473395],[10.444591,60.45423],[10.455577,60.441169],[10.470714,60.437567],[10.437755,60.421149],[10.413585,60.368903],[10.406383,60.357611],[10.3921,60.345771],[10.381724,60.326911],[10.386607,60.306891],[10.401866,60.2956],[10.421275,60.263434],[10.406016,60.252814],[10.388194,60.260993],[10.361339,60.295295],[10.34547,60.333625],[10.35377,60.347907],[10.358897,60.391608],[10.369884,60.401374],[10.393077,60.451239],[10.393321,60.473395],[10.388194,60.492255],[10.37379,60.512641],[10.301524,60.526618],[10.294444,60.559149],[10.298473,60.596564],[10.333995,60.624762],[10.339854,60.655768],[10.317393,60.687384],[10.250499,60.73548],[10.236827,60.748542],[10.218516,60.786505],[10.201182,60.797431],[10.168346,60.799872],[10.141002,60.806281]]]}},{"type":"Feature","properties":{"name":"Strandavatnet"},"geometry":{"type":"Polygon","coordinates":[[[7.867198,60.670661],[7.823741,60.707465],[7.754405,60.724189],[7.780406,60.729254],[7.844981,60.716559],[7.884776,60.694098],[7.927989,60.677375],[7.893077,60.665839],[7.867198,60.670661]]]}},{"type":"Feature","properties":{"name":"Djupsvatnet"},"geometry":{"type":"Polygon","coordinates":[[[8.085704,60.737555],[8.099742,60.736335],[8.091319,60.744879],[8.090343,60.758795],[8.1067,60.759406],[8.122813,60.731452],[8.113048,60.723578],[8.077159,60.727545],[8.054454,60.742438],[8.042979,60.755805],[8.027354,60.75611],[8.014049,60.747321],[7.995128,60.754889],[7.96754,60.778266],[7.977794,60.788581],[7.976085,60.802253],[7.926768,60.812934],[7.937511,60.818122],[7.959605,60.816596],[7.998546,60.822943],[8.016124,60.816291],[8.013438,60.803839],[8.021617,60.79383],[8.066661,60.772834],[8.070811,60.762213],[8.070567,60.750922],[8.085704,60.737555]],[[8.018932,60.774054],[8.025645,60.771247],[8.024913,60.778266],[8.018932,60.774054]]]}},{"type":"Feature","properties":{"name":"M\u00f8svatn"},"geometry":{"type":"Polygon","coordinates":[[[8.174571,59.780768],[8.13502,59.791022],[8.110973,59.806525],[8.066295,59.824225],[8.034068,59.844001],[8.001475,59.885871],[8.007945,59.898078],[8.043468,59.928717],[8.055064,59.945197],[8.013438,59.965827],[8.042247,59.96192],[8.070323,59.945197],[8.059581,59.926886],[8.039806,59.910773],[8.059825,59.888922],[8.094493,59.877692],[8.146495,59.883795],[8.191783,59.856086],[8.209727,59.854621],[8.249522,59.839972],[8.299815,59.831794],[8.292735,59.824958],[8.233531,59.830878],[8.187511,59.853095],[8.114635,59.854621],[8.103404,59.846076],[8.13502,59.805915],[8.156871,59.792609],[8.193004,59.783149],[8.195079,59.779181],[8.174571,59.780768]]]}},{"type":"Feature","properties":{"name":"G\u00f8ystavatnet"},"geometry":{"type":"Polygon","coordinates":[[[8.219493,60.056708],[8.250255,60.072516],[8.302135,60.087409],[8.338878,60.074652],[8.342906,60.062751],[8.332896,60.047858],[8.331065,60.033942],[8.336192,60.016913],[8.35255,60.007209],[8.372691,60.003241],[8.298595,60.00141],[8.28297,60.004767],[8.294566,60.024176],[8.311046,60.036994],[8.319835,60.055487],[8.316173,60.074042],[8.294932,60.069464],[8.277599,60.05976],[8.26356,60.056403],[8.198497,60.046393],[8.200938,60.052497],[8.219493,60.056708]]]}},{"type":"Feature","properties":{},"geometry":{"type":"Polygon","coordinates":[[[15.99171,59.911444],[15.956065,59.92298],[15.946544,59.934821],[15.909312,59.951545],[15.946056,59.957282],[15.934459,59.962775],[15.909557,59.957831],[15.89503,59.962531],[15.90504,59.968878],[16.005626,59.969184],[16.014171,59.956122],[16.008678,59.945502],[15.995006,59.939399],[16.02357,59.905036],[16.010265,59.899543],[15.99171,59.911444]]]}},{"type":"Feature","properties":{"name":"\u00d6vre Fryken"},"geometry":{"type":"Polygon","coordinates":[[[13.047862,60.119635],[13.097789,60.057624],[13.135265,60.022101],[13.142833,60.007819],[13.138194,59.988654],[13.15797,59.932746],[13.161632,59.905036],[13.144054,59.857306],[13.140636,59.907782],[13.133067,59.932379],[13.12025,59.9513],[13.097789,60.036383],[13.036632,60.093512],[13.036388,60.119025],[13.047862,60.119635]]]}},{"type":"Feature","properties":{"name":"M\u00e5r"},"geometry":{"type":"Polygon","coordinates":[[[8.28004,60.102301],[8.221568,60.124518],[8.205455,60.141242],[8.208263,60.153388],[8.170909,60.1789],[8.165782,60.193488],[8.234141,60.156134],[8.241954,60.143683],[8.259532,60.134833],[8.277232,60.120551],[8.283336,60.103522],[8.28004,60.102301]]]}},{"type":"Feature","properties":{"name":"Erken"},"geometry":{"type":"Polygon","coordinates":[[[18.60316,59.836371],[18.499156,59.848212],[18.482432,59.857062],[18.484874,59.865851],[18.504893,59.867682],[18.524181,59.862189],[18.559093,59.868293],[18.631114,59.865851],[18.646251,59.858527],[18.636241,59.84339],[18.60316,59.836371]]]}},{"type":"Feature","properties":{"name":"Tinnsj\u00e5"},"geometry":{"type":"Polygon","coordinates":[[[8.988536,59.851264],[9.012462,59.84394],[9.030772,59.834235],[9.02711,59.809027],[9.029552,59.786811],[9.038097,59.768866],[9.030772,59.744269],[9.021495,59.752448],[8.999034,59.818122],[9.005138,59.826056],[8.982677,59.838507],[8.953868,59.848822],[8.924327,59.881598],[8.87672,59.92237],[8.85377,59.937567],[8.827037,59.942755],[8.809337,59.939704],[8.826182,59.964606],[8.806163,59.976447],[8.776378,59.986212],[8.766002,59.993781],[8.789317,59.996222],[8.830699,59.993781],[8.866222,59.965216],[8.96754,59.866767],[8.988536,59.851264]]]}},{"type":"Feature","properties":{},"geometry":{"type":"Polygon","coordinates":[[[28.716807,58.963446],[28.696544,58.98194],[28.743297,59.004767],[28.786143,59.003546],[28.822032,58.994757],[28.833751,58.981696],[28.836192,58.966193],[28.826182,58.956427],[28.769054,58.949774],[28.750255,58.95008],[28.716807,58.963446]]]}},{"type":"Feature","properties":{},"geometry":{"type":"Polygon","coordinates":[[[15.136974,60.202277],[15.146983,60.1789],[15.165782,60.172492],[15.178966,60.164008],[15.153087,60.154608],[15.107188,60.16706],[15.07252,60.188361],[15.043712,60.193488],[15.00172,60.189826],[14.982799,60.214728],[15.017467,60.229071],[15.026622,60.241828],[15.047618,60.219001],[15.08839,60.203803],[15.117442,60.210517],[15.136974,60.202277]]]}},{"type":"Feature","properties":{"name":"Visten"},"geometry":{"type":"Polygon","coordinates":[[[13.396495,59.624213],[13.372325,59.637885],[13.361583,59.655158],[13.315684,59.671332],[13.317271,59.677985],[13.336681,59.678595],[13.354991,59.674323],[13.365245,59.697455],[13.3567,59.730841],[13.343761,59.744269],[13.357432,59.747565],[13.387706,59.741095],[13.40089,59.728461],[13.401134,59.689215],[13.397472,59.677985],[13.3838,59.682868],[13.375255,59.677985],[13.379161,59.663092],[13.410167,59.664313],[13.420909,59.645148],[13.419932,59.626349],[13.396495,59.624213]]]}},{"type":"Feature","properties":{"name":"Totak"},"geometry":{"type":"Polygon","coordinates":[[[8.013682,59.672858],[7.96754,59.692878],[7.958751,59.704474],[7.921397,59.706549],[7.86024,59.720587],[7.824351,59.742133],[7.828014,59.753058],[7.852306,59.746711],[7.873912,59.728156],[7.897594,59.718146],[8.009776,59.724494],[8.027354,59.714484],[8.029796,59.703559],[8.025645,59.696845],[8.03712,59.683173],[8.036876,59.673774],[8.013682,59.672858]]]}},{"type":"Feature","properties":{"name":"Bergsj\u00f6n"},"geometry":{"type":"Polygon","coordinates":[[[12.477794,59.760993],[12.499278,59.72547],[12.509654,59.719611],[12.528575,59.722968],[12.534923,59.716559],[12.523326,59.705085],[12.505382,59.700812],[12.49879,59.70716],[12.474132,59.711432],[12.467418,59.742743],[12.461314,59.753974],[12.441173,59.732428],[12.42335,59.743659],[12.409923,59.758857],[12.38502,59.753058],[12.374034,59.764899],[12.379893,59.773444],[12.430064,59.763739],[12.477794,59.760993]]]}},{"type":"Feature","properties":{},"geometry":{"type":"Polygon","coordinates":[[[14.729747,59.575263],[14.707774,59.596198],[14.676524,59.613288],[14.648448,59.622992],[14.632091,59.644294],[14.632091,59.652472],[14.648814,59.659125],[14.695811,59.656989],[14.708995,59.643073],[14.697765,59.62757],[14.682872,59.635443],[14.674083,59.635443],[14.687511,59.622382],[14.712413,59.602912],[14.753917,59.610541],[14.751475,59.579474],[14.743053,59.57038],[14.729747,59.575263]]]}},{"type":"Feature","properties":{"name":"Mellan-Fryken"},"geometry":{"type":"Polygon","coordinates":[[[13.185313,59.749152],[13.198741,59.740302],[13.211436,59.72602],[13.219737,59.708991],[13.254649,59.693488],[13.306285,59.650031],[13.337291,59.597419],[13.339366,59.562751],[13.329723,59.534552],[13.318126,59.544257],[13.30836,59.562201],[13.30836,59.573127],[13.317638,59.595343],[13.306285,59.622077],[13.263682,59.660651],[13.175304,59.718146],[13.12672,59.765876],[13.125987,59.780768],[13.13087,59.794074],[13.131847,59.814215],[13.146495,59.828131],[13.15919,59.821784],[13.170177,59.78321],[13.185313,59.749152]]]}},{"type":"Feature","properties":{"name":"Yngen"},"geometry":{"type":"Polygon","coordinates":[[[14.343028,59.729987],[14.358531,59.710578],[14.317515,59.702033],[14.302013,59.706305],[14.284923,59.731513],[14.256358,59.734259],[14.242442,59.749396],[14.252208,59.754584],[14.275523,59.750922],[14.293834,59.774665],[14.319957,59.771003],[14.321056,59.779547],[14.317149,59.791388],[14.327525,59.788336],[14.343028,59.729987]]]}},{"type":"Feature","properties":{"name":"Torrvarpen"},"geometry":{"type":"Polygon","coordinates":[[[14.505382,59.692267],[14.48463,59.67713],[14.471324,59.690192],[14.460704,59.709601],[14.440318,59.718756],[14.437022,59.72724],[14.456065,59.724494],[14.472545,59.71601],[14.479259,59.72425],[14.4817,59.741217],[14.500255,59.747931],[14.519664,59.741828],[14.522472,59.701667],[14.533336,59.689582],[14.538829,59.69654],[14.54127,59.708991],[14.548595,59.703864],[14.548839,59.654608],[14.505382,59.692267]]]}},{"type":"Feature","properties":{"name":"Fiskumvatnet-Eikeren"},"geometry":{"type":"Polygon","coordinates":[[[9.993663,59.60871],[9.917003,59.658576],[9.860118,59.690497],[9.814952,59.710211],[9.819102,59.719611],[9.835948,59.722968],[9.852916,59.716315],[9.874522,59.702887],[9.94337,59.673468],[9.975963,59.655524],[9.992686,59.645148],[10.011241,59.618415],[10.024669,59.607062],[10.024669,59.60047],[9.993663,59.60871]]]}},{"type":"Feature","properties":{"name":"Halvarsnoren"},"geometry":{"type":"Polygon","coordinates":[[[14.623912,59.547614],[14.609874,59.56861],[14.584972,59.580695],[14.590465,59.59925],[14.591319,59.61756],[14.582896,59.633673],[14.582896,59.648566],[14.593272,59.654608],[14.605724,59.647589],[14.623546,59.643317],[14.626964,59.62818],[14.61378,59.616339],[14.606212,59.604499],[14.609386,59.588629],[14.622691,59.583503],[14.635509,59.566169],[14.638438,59.549445],[14.623912,59.547614]]]}},{"type":"Feature","properties":{"name":"Glafsfjorden"},"geometry":{"type":"Polygon","coordinates":[[[12.614757,59.603522],[12.62794,59.587165],[12.667979,59.581366],[12.684093,59.584723],[12.706065,59.583747],[12.725108,59.556403],[12.737559,59.547614],[12.721202,59.527838],[12.736095,59.492926],[12.771373,59.470465],[12.795665,59.436652],[12.84254,59.396552],[12.848643,59.385016],[12.847667,59.37342],[12.835216,59.370734],[12.828136,59.380744],[12.790172,59.410529],[12.769298,59.435431],[12.771983,59.444892],[12.767711,59.457648],[12.73939,59.478888],[12.712901,59.489569],[12.705089,59.512946],[12.666515,59.530585],[12.609874,59.550055],[12.590587,59.562751],[12.528819,59.622687],[12.42628,59.676764],[12.430308,59.682868],[12.437022,59.67652],[12.459483,59.66767],[12.478404,59.671027],[12.4817,59.678595],[12.535899,59.646369],[12.560435,59.642096],[12.563487,59.65882],[12.586925,59.663092],[12.607555,59.655768],[12.601085,59.631232],[12.614757,59.603522]]]}},{"type":"Feature","properties":{"name":"V\u00e4rmeln"},"geometry":{"type":"Polygon","coordinates":[[[12.878062,59.454352],[12.896007,59.460395],[12.915416,59.460395],[12.935069,59.473456],[12.939708,59.494147],[12.933116,59.509894],[12.934581,59.528449],[12.891978,59.563727],[12.875011,59.561896],[12.86439,59.564948],[12.827647,59.588996],[12.815196,59.599005],[12.811168,59.613532],[12.819102,59.623297],[12.835216,59.625128],[12.844493,59.622687],[12.850963,59.605963],[12.881602,59.591071],[12.913585,59.593512],[12.915416,59.645514],[12.893565,59.670111],[12.919932,59.666449],[12.934337,59.65882],[12.944347,59.642462],[12.934215,59.626044],[12.947887,59.610846],[12.955577,59.586188],[12.956065,59.562506],[12.978648,59.504767],[12.977794,59.484687],[12.958873,59.472846],[12.931529,59.461554],[12.89442,59.426337],[12.87794,59.430915],[12.869151,59.440924],[12.878062,59.454352]]]}},{"type":"Feature","properties":{"name":"Suldalsvatnet"},"geometry":{"type":"Polygon","coordinates":[[[6.670665,59.580085],[6.711314,59.593756],[6.7317,59.604743],[6.768077,59.612677],[6.776378,59.626349],[6.78004,59.646979],[6.791515,59.646125],[6.797008,59.623297],[6.788585,59.601081],[6.737071,59.592597],[6.69276,59.575873],[6.677867,59.567633],[6.668712,59.550666],[6.605846,59.526374],[6.592784,59.532721],[6.601573,59.543341],[6.620738,59.547003],[6.641124,59.546088],[6.670665,59.580085]]]}},{"type":"Feature","properties":{"name":"Songevatnet"},"geometry":{"type":"Polygon","coordinates":[[[7.570811,59.827277],[7.544444,59.848517],[7.500987,59.858283],[7.471446,59.870368],[7.471812,59.891364],[7.461436,59.908698],[7.461192,59.92298],[7.501842,59.879828],[7.535289,59.874945],[7.566905,59.880133],[7.596934,59.860053],[7.608897,59.846686],[7.599864,59.83631],[7.57838,59.83515],[7.570811,59.827277]]]}},{"type":"Feature","properties":{"name":"V\u00e4stra Silen"},"geometry":{"type":"Polygon","coordinates":[[[12.201182,59.213874],[12.215709,59.20777],[12.23878,59.175299],[12.230968,59.163459],[12.221446,59.167975],[12.211436,59.18653],[12.167979,59.215094],[12.149425,59.215399],[12.129649,59.219977],[12.128795,59.229987],[12.133067,59.241217],[12.110606,59.26673],[12.100841,59.290473],[12.116466,59.315985],[12.116954,59.341803],[12.126964,59.358893],[12.115977,59.368903],[12.109141,59.38227],[12.118419,59.391059],[12.13795,59.378607],[12.149791,59.344611],[12.14796,59.31446],[12.158214,59.297126],[12.149791,59.276129],[12.164683,59.244574],[12.189708,59.241584],[12.193858,59.225714],[12.201182,59.213874]]]}},{"type":"Feature","properties":{"name":"J\u00e4rnsj\u00f6n"},"geometry":{"type":"Polygon","coordinates":[[[12.204234,59.343634],[12.215831,59.373725],[12.23463,59.382819],[12.269786,59.370124],[12.275279,59.359503],[12.262218,59.346442],[12.243419,59.339728],[12.228282,59.322699],[12.213023,59.318732],[12.204234,59.343634]]]}},{"type":"Feature","properties":{"name":"Norsj\u00f8"},"geometry":{"type":"Polygon","coordinates":[[[9.35377,59.30567],[9.413707,59.277411],[9.453868,59.241828],[9.479259,59.228156],[9.496104,59.212958],[9.526744,59.198065],[9.528087,59.194037],[9.494517,59.198371],[9.454112,59.228522],[9.413707,59.235114],[9.385753,59.268866],[9.368907,59.277716],[9.330333,59.285651],[9.287608,59.287482],[9.276866,59.296515],[9.279307,59.310797],[9.249522,59.334235],[9.236461,59.334235],[9.201915,59.363105],[9.187266,59.375617],[9.189708,59.386237],[9.232188,59.375251],[9.243419,59.393805],[9.258311,59.397467],[9.261974,59.385016],[9.258067,59.364997],[9.274181,59.343634],[9.299083,59.322394],[9.318614,59.312384],[9.35377,59.30567]]]}},{"type":"Feature","properties":{"name":"Vansj\u00f8"},"geometry":{"type":"Polygon","coordinates":[[[10.858653,59.433661],[10.875255,59.43946],[10.8838,59.453742],[10.891734,59.455817],[10.923595,59.367072],[10.908458,59.384711],[10.894542,59.387458],[10.887706,59.367682],[10.872935,59.37403],[10.847423,59.37287],[10.823985,59.388678],[10.835216,59.41175],[10.858653,59.433661]]]}},{"type":"Feature","properties":{"name":"Bandak"},"geometry":{"type":"Polygon","coordinates":[[[8.442638,59.3935],[8.388194,59.394416],[8.24171,59.407477],[8.147716,59.424811],[8.082408,59.442755],[8.028941,59.443976],[8.018077,59.449713],[8.043224,59.454596],[8.1338,59.437018],[8.185191,59.43183],[8.356944,59.404181],[8.44752,59.398993],[8.476085,59.387458],[8.442638,59.3935]]]}},{"type":"Feature","properties":{"name":"Bl\u00e5sj\u00f8"},"geometry":{"type":"Polygon","coordinates":[[[6.973277,59.361274],[6.957164,59.32331],[6.932628,59.31269],[6.916148,59.320868],[6.902843,59.354926],[6.861095,59.377448],[6.864513,59.387458],[6.835338,59.399298],[6.834972,59.41297],[6.879649,59.424201],[6.877574,59.430915],[6.87086,59.435187],[6.882823,59.440924],[6.899181,59.436652],[6.934093,59.418097],[6.945689,59.398383],[6.962657,59.384406],[6.972057,59.386237],[6.973277,59.361274]]]}},{"type":"Feature","properties":{"name":"Svartevatnet"},"geometry":{"type":"Polygon","coordinates":[[[6.844737,59.151618],[6.894054,59.179206],[6.90797,59.176154],[6.916515,59.180182],[6.926524,59.187751],[6.934703,59.209357],[6.9463,59.209601],[6.964488,59.202033],[6.981822,59.202887],[6.987071,59.213874],[6.999766,59.219672],[7.030528,59.226081],[7.046641,59.224494],[6.980724,59.18653],[6.910655,59.164313],[6.898204,59.148566],[6.883678,59.145514],[6.856334,59.149726],[6.842662,59.146125],[6.844737,59.151618]],[[6.972423,59.189582],[6.961681,59.192939],[6.950816,59.187751],[6.961436,59.184394],[6.972423,59.189582]]]}},{"type":"Feature","properties":{"name":"B\u00e5ven"},"geometry":{"type":"Polygon","coordinates":[[[16.880992,59.048835],[16.853526,59.052497],[16.837169,59.075873],[16.842296,59.090155],[16.871226,59.071051],[16.931407,59.061591],[16.969981,59.044562],[17.008311,59.036383],[17.022716,59.041877],[17.011974,59.053107],[16.990367,59.058234],[16.964,59.058234],[16.972667,59.075568],[16.983653,59.078009],[16.99525,59.070075],[17.004405,59.058844],[17.027843,59.054633],[17.059337,59.036994],[17.107432,59.005378],[17.115977,58.992316],[17.106212,58.9914],[17.087413,59.005988],[17.053233,59.015387],[17.022227,59.016913],[16.987315,59.031195],[16.960216,59.017218],[16.904552,58.998481],[16.871837,58.967658],[16.855968,58.980719],[16.853282,59.01026],[16.818614,59.020575],[16.807994,59.028205],[16.773082,59.029425],[16.752452,59.035163],[16.718028,59.050971],[16.723521,59.056769],[16.738414,59.062201],[16.764903,59.054938],[16.814952,59.029425],[16.863292,59.012946],[16.913219,59.016974],[16.921153,59.026984],[16.918346,59.043952],[16.903087,59.054328],[16.880992,59.048835]]]}},{"type":"Feature","properties":{"name":"Fl\u00e5vatn"},"geometry":{"type":"Polygon","coordinates":[[[8.927013,59.313849],[8.844981,59.303229],[8.77296,59.312995],[8.721324,59.306586],[8.728038,59.316657],[8.817027,59.333319],[8.831309,59.321173],[8.872569,59.31391],[8.916148,59.317267],[8.927013,59.313849]]]}},{"type":"Feature","properties":{"name":"Nisser"},"geometry":{"type":"Polygon","coordinates":[[[8.519176,59.260993],[8.493053,59.222052],[8.513927,59.199897],[8.507579,59.183234],[8.506724,59.167365],[8.511241,59.14643],[8.53651,59.102912],[8.523692,59.078009],[8.512218,59.064337],[8.50587,59.045478],[8.489024,59.030585],[8.473277,59.036994],[8.464488,59.054328],[8.47169,59.070685],[8.503184,59.091071],[8.468761,59.139716],[8.46754,59.150397],[8.47047,59.160712],[8.452891,59.241523],[8.462657,59.258246],[8.479015,59.263068],[8.469371,59.288703],[8.492442,59.296271],[8.487071,59.304755],[8.474254,59.312628],[8.482188,59.327887],[8.512462,59.319953],[8.531016,59.297126],[8.522472,59.285895],[8.519176,59.260993]]]}},{"type":"Feature","properties":{"name":"\u00d6stra Silen"},"geometry":{"type":"Polygon","coordinates":[[[12.344615,59.240607],[12.375987,59.252204],[12.371593,59.26673],[12.377086,59.282233],[12.389537,59.250128],[12.381969,59.216925],[12.357066,59.208686],[12.347423,59.193488],[12.348643,59.159796],[12.336681,59.152472],[12.327647,59.171332],[12.312022,59.188971],[12.290538,59.194464],[12.243907,59.187445],[12.24464,59.195319],[12.252208,59.205085],[12.261241,59.211737],[12.274669,59.215705],[12.282603,59.230292],[12.269786,59.252204],[12.275645,59.261908],[12.290782,59.265265],[12.302745,59.217231],[12.322032,59.218451],[12.348888,59.226691],[12.341563,59.232733],[12.344615,59.240607]]]}},{"type":"Feature","properties":{},"geometry":{"type":"Polygon","coordinates":[[[13.726939,59.485907],[13.712413,59.515998],[13.661876,59.536994],[13.644542,59.532965],[13.64796,59.507209],[13.629649,59.507819],[13.625987,59.531806],[13.6421,59.551276],[13.665538,59.556403],[13.687999,59.551276],[13.711192,59.527594],[13.747935,59.518439],[13.751231,59.5008],[13.740611,59.484076],[13.726939,59.485907]]]}},{"type":"Feature","properties":{"name":"Stora Gla"},"geometry":{"type":"Polygon","coordinates":[[[12.50294,59.524543],[12.525401,59.502326],[12.524913,59.484992],[12.507823,59.48133],[12.496349,59.467963],[12.487071,59.462775],[12.44337,59.492011],[12.427013,59.496222],[12.389659,59.513556],[12.388927,59.52967],[12.40211,59.542426],[12.427989,59.522711],[12.474376,59.532355],[12.50294,59.524543]]]}},{"type":"Feature","properties":{"name":"Ullvettern"},"geometry":{"type":"Polygon","coordinates":[[[14.338756,59.373175],[14.3296,59.391364],[14.291759,59.41236],[14.294444,59.426947],[14.279552,59.427558],[14.260753,59.417853],[14.233897,59.444892],[14.223399,59.451545],[14.22877,59.466193],[14.238536,59.465827],[14.247935,59.457038],[14.264659,59.478034],[14.277354,59.508673],[14.303477,59.505378],[14.325694,59.47956],[14.296519,59.456427],[14.298961,59.434211],[14.311412,59.42237],[14.337291,59.416632],[14.365001,59.420233],[14.384654,59.416877],[14.35731,59.401374],[14.35731,59.393805],[14.369151,59.399298],[14.385997,59.413581],[14.398082,59.43299],[14.412608,59.44245],[14.420543,59.421515],[14.412852,59.405036],[14.399913,59.398688],[14.380138,59.373786],[14.338756,59.373175]],[[14.2765,59.495612],[14.281016,59.490485],[14.283458,59.495002],[14.2765,59.495612]]]}},{"type":"Feature","properties":{},"geometry":{"type":"Polygon","coordinates":[[[5.579723,59.48133],[5.553599,59.457343],[5.529307,59.44123],[5.510509,59.438178],[5.481944,59.446418],[5.464,59.46131],[5.469981,59.469184],[5.514171,59.455512],[5.561778,59.49195],[5.571544,59.505011],[5.625255,59.510504],[5.629649,59.504401],[5.623546,59.498664],[5.617686,59.48255],[5.614024,59.460395],[5.601573,59.459479],[5.592174,59.473151],[5.579723,59.48133]]]}},{"type":"Feature","properties":{"name":"Tokke"},"geometry":{"type":"Polygon","coordinates":[[[9.212413,59.054023],[9.256847,59.041266],[9.293346,59.043708],[9.307384,59.048224],[9.316173,59.038825],[9.348643,59.026374],[9.36964,59.005072],[9.362071,59.002326],[9.313731,59.020026],[9.294566,59.031256],[9.255382,59.037299],[9.225841,59.033942],[9.219249,59.022956],[9.228038,59.008673],[9.248057,59.007209],[9.264659,58.99964],[9.261485,58.988349],[9.199962,58.991095],[9.227428,59.0008],[9.211681,59.012336],[9.1963,59.037299],[9.212413,59.054023]]]}},{"type":"Feature","properties":{"name":"Yngaren"},"geometry":{"type":"Polygon","coordinates":[[[16.655772,58.82453],[16.740855,58.797492],[16.725963,58.792914],[16.704112,58.796576],[16.68922,58.80445],[16.631724,58.811774],[16.585826,58.823615],[16.562144,58.836676],[16.559581,58.84986],[16.577891,58.855536],[16.563365,58.865851],[16.54359,58.871344],[16.491954,58.897223],[16.473643,58.91175],[16.483653,58.918158],[16.503429,58.912665],[16.568248,58.910224],[16.599864,58.901374],[16.598643,58.890143],[16.605968,58.878913],[16.622935,58.867682],[16.635387,58.837287],[16.655772,58.82453]]]}},{"type":"Feature","properties":{},"geometry":{"type":"Polygon","coordinates":[[[16.865489,58.857978],[16.830211,58.866156],[16.769664,58.868293],[16.778819,58.853095],[16.800792,58.835822],[16.786754,58.829718],[16.771495,58.831549],[16.767589,58.842414],[16.712901,58.869818],[16.735118,58.873175],[16.745128,58.880744],[16.772716,58.88349],[16.82899,58.873175],[16.871226,58.879218],[16.874522,58.869513],[16.865489,58.857978]]]}},{"type":"Feature","properties":{"name":"Tisnaren"},"geometry":{"type":"Polygon","coordinates":[[[16.019542,58.927008],[15.940562,58.943366],[15.908336,58.94245],[15.888927,58.935187],[15.923839,58.935797],[15.934215,58.930609],[15.890147,58.925788],[15.877086,58.932135],[15.886729,58.953681],[15.888682,58.980475],[15.914806,58.980475],[15.987682,58.963385],[16.000743,58.952521],[16.040294,58.94007],[16.063365,58.927863],[16.019542,58.927008]]]}},{"type":"Feature","properties":{"name":"Toften"},"geometry":{"type":"Polygon","coordinates":[[[14.580333,59.040351],[14.542979,59.066169],[14.536632,59.083197],[14.551768,59.086188],[14.578014,59.075568],[14.618175,59.071967],[14.64149,59.093207],[14.645763,59.079535],[14.614513,59.046149],[14.600841,59.040961],[14.580333,59.040351]]]}},{"type":"Feature","properties":{"name":"Byglandsfjorden"},"geometry":{"type":"Polygon","coordinates":[[[7.785777,58.746466],[7.835948,58.769232],[7.820079,58.774665],[7.786998,58.796576],[7.770274,58.81391],[7.765147,58.839728],[7.755626,58.854315],[7.712535,58.874396],[7.705821,58.886237],[7.71046,58.910895],[7.708263,58.932379],[7.699718,58.945807],[7.702403,58.957038],[7.730235,58.937628],[7.740245,58.918463],[7.72462,58.888678],[7.730724,58.87464],[7.761974,58.861029],[7.786632,58.842475],[7.793956,58.820929],[7.804576,58.803595],[7.824351,58.795356],[7.852916,58.772834],[7.850108,58.759162],[7.831309,58.746466],[7.82191,58.733344],[7.826182,58.719367],[7.816783,58.704779],[7.808849,58.680182],[7.801036,58.677741],[7.780528,58.692267],[7.778819,58.705695],[7.787608,58.715705],[7.791759,58.730353],[7.785777,58.746466]]]}},{"type":"Feature","properties":{"name":"Loch Bhanabhaidh"},"geometry":{"type":"Polygon","coordinates":[[[-4.654347,58.15528],[-4.695058,58.165595],[-4.730336,58.179572],[-4.742177,58.191107],[-4.732472,58.190497],[-4.65038,58.162238],[-4.611195,58.154059],[-4.58019,58.140021],[-4.563466,58.126349],[-4.541005,58.124884],[-4.522756,58.112067],[-4.503896,58.108161],[-4.426076,58.061652],[-4.428517,58.035468],[-4.453114,58.053412],[-4.533925,58.101142],[-4.654347,58.15528]]]}},{"type":"Feature","properties":{"name":"Fyresvatnet"},"geometry":{"type":"Polygon","coordinates":[[[8.255015,59.035773],[8.205821,59.065558],[8.152354,59.089606],[8.131969,59.109626],[8.111583,59.11994],[8.084239,59.124823],[8.072398,59.133673],[8.052989,59.156134],[8.042247,59.17591],[8.049815,59.183783],[8.061412,59.205939],[8.07838,59.198371],[8.087291,59.182563],[8.084605,59.165839],[8.101329,59.150031],[8.166515,59.113898],[8.25294,59.083503],[8.258311,59.058844],[8.266246,59.04029],[8.255015,59.035773]]]}},{"type":"Feature","properties":{"name":"Rosskreppfjorden"},"geometry":{"type":"Polygon","coordinates":[[[7.137218,59.086798],[7.15565,59.138495],[7.162974,59.143317],[7.20338,59.133979],[7.201915,59.094428],[7.21461,59.088629],[7.187877,59.064948],[7.156627,59.053107],[7.131969,59.055182],[7.126231,59.063117],[7.129527,59.076545],[7.137218,59.086798]]]}},{"type":"Feature","properties":{"name":"Sottern"},"geometry":{"type":"Polygon","coordinates":[[[15.398448,59.029975],[15.42213,59.036994],[15.448497,59.051886],[15.47401,59.0586],[15.504405,59.056403],[15.531749,59.074408],[15.545787,59.06922],[15.548595,59.058234],[15.538463,59.050055],[15.536388,59.041877],[15.540904,59.027838],[15.494395,59.021796],[15.435069,59.021796],[15.409312,59.023322],[15.398448,59.029975]]]}},{"type":"Feature","properties":{"name":"Farris"},"geometry":{"type":"Polygon","coordinates":[[[9.954723,59.133918],[9.974742,59.128485],[9.990489,59.120002],[10.013072,59.095343],[10.01942,59.074958],[10.010631,59.067084],[9.937389,59.136359],[9.904307,59.144904],[9.882091,59.200202],[9.845225,59.220893],[9.857677,59.222419],[9.886607,59.203559],[9.917247,59.153388],[9.954723,59.133918]]]}},{"type":"Feature","properties":{"name":"Sirdalsvatnet"},"geometry":{"type":"Polygon","coordinates":[[[6.670299,58.472541],[6.693736,58.549201],[6.699474,58.62818],[6.698863,58.662848],[6.708263,58.670417],[6.714122,58.647589],[6.713145,58.574103],[6.703746,58.535773],[6.690929,58.515998],[6.686046,58.495063],[6.685191,58.468268],[6.677501,58.446418],[6.667247,58.447638],[6.670299,58.472541]]]}},{"type":"Feature","properties":{"name":"Loch Maree"},"geometry":{"type":"Polygon","coordinates":[[[-5.382314,57.656867],[-5.433034,57.672248],[-5.457997,57.690802],[-5.500844,57.685981],[-5.522694,57.690802],[-5.544301,57.705085],[-5.555837,57.727912],[-5.545522,57.73609],[-5.533315,57.734015],[-5.392323,57.673835],[-5.337026,57.646491],[-5.326955,57.634589],[-5.347035,57.637946],[-5.382314,57.656867]]]}},{"type":"Feature","properties":{"name":"Unden"},"geometry":{"type":"Polygon","coordinates":[[[14.541515,58.85279],[14.547374,58.837287],[14.53004,58.782904],[14.513194,58.765876],[14.499034,58.742743],[14.494151,58.710822],[14.480113,58.69654],[14.467052,58.703864],[14.438731,58.712043],[14.451915,58.752814],[14.440929,58.762213],[14.421153,58.769232],[14.400157,58.768622],[14.38502,58.772223],[14.362193,58.790534],[14.358897,58.811774],[14.371593,58.823615],[14.463634,58.847296],[14.477061,58.837897],[14.505015,58.826056],[14.51356,58.817511],[14.521495,58.82392],[14.519664,58.837653],[14.525401,58.848883],[14.541515,58.85279]]]}},{"type":"Feature","properties":{"name":"T\u00e5kern"},"geometry":{"type":"Polygon","coordinates":[[[14.777721,58.336676],[14.751231,58.363166],[14.771617,58.374091],[14.804454,58.365241],[14.823253,58.377692],[14.848155,58.384406],[14.868175,58.373786],[14.875011,58.359809],[14.847301,58.345832],[14.777721,58.336676]]]}},{"type":"Feature","properties":{"name":"Yxningen"},"geometry":{"type":"Polygon","coordinates":[[[16.448741,58.231574],[16.379405,58.25672],[16.330577,58.264045],[16.315684,58.257697],[16.218639,58.278937],[16.243907,58.282294],[16.285899,58.278937],[16.303477,58.295661],[16.335704,58.289008],[16.351573,58.291754],[16.372569,58.288703],[16.381358,58.280158],[16.460216,58.234259],[16.448741,58.231574]]]}},{"type":"Feature","properties":{"name":"Lundevatnet"},"geometry":{"type":"Polygon","coordinates":[[[6.500377,58.317267],[6.54713,58.336432],[6.590587,58.374091],[6.587657,58.404486],[6.555064,58.450385],[6.565684,58.455573],[6.60377,58.442755],[6.621104,58.410529],[6.622569,58.384406],[6.608653,58.361945],[6.583385,58.349738],[6.576671,58.339423],[6.566417,58.33277],[6.533824,58.32215],[6.500377,58.317267]]]}},{"type":"Feature","properties":{"name":"Lake Usma"},"geometry":{"type":"Polygon","coordinates":[[[22.170909,57.137946],[22.158092,57.150763],[22.14796,57.176276],[22.126231,57.17591],[22.110606,57.182929],[22.112437,57.206061],[22.134044,57.217597],[22.157115,57.219367],[22.167491,57.23548],[22.181407,57.24195],[22.211192,57.230353],[22.198497,57.212409],[22.205821,57.201178],[22.209361,57.185981],[22.187266,57.131598],[22.176036,57.127936],[22.170909,57.137946]],[[22.170177,57.180182],[22.178966,57.189337],[22.172008,57.193244],[22.153819,57.186286],[22.152599,57.177741],[22.170177,57.180182]]]}},{"type":"Feature","properties":{"name":"\u00c5sunden"},"geometry":{"type":"Polygon","coordinates":[[[13.285899,57.682624],[13.292003,57.69477],[13.327159,57.687201],[13.3296,57.694464],[13.3744,57.735236],[13.375255,57.765021],[13.389293,57.795661],[13.404185,57.809943],[13.405406,57.788703],[13.397716,57.760993],[13.397716,57.72425],[13.381602,57.703864],[13.355235,57.700568],[13.334239,57.688361],[13.321788,57.651862],[13.302013,57.637336],[13.278575,57.637946],[13.284434,57.656745],[13.293224,57.671027],[13.285899,57.682624]]]}},{"type":"Feature","properties":{},"geometry":{"type":"Polygon","coordinates":[[[-5.72881,56.767707],[-5.678639,56.764655],[-5.541554,56.827033],[-5.511464,56.845221],[-5.464345,56.865607],[-5.456776,56.865607],[-5.471059,56.853766],[-5.53246,56.821234],[-5.620595,56.781745],[-5.640981,56.766486],[-5.688649,56.758002],[-5.728505,56.761359],[-5.72881,56.767707]]]}},{"type":"Feature","properties":{"name":"Engure"},"geometry":{"type":"Polygon","coordinates":[[[23.098399,57.296027],[23.096934,57.308722],[23.089,57.319098],[23.113048,57.315802],[23.132823,57.292975],[23.136974,57.268622],[23.145518,57.249762],[23.1421,57.233649],[23.163219,57.215155],[23.146251,57.212104],[23.125499,57.215155],[23.124278,57.252204],[23.097911,57.261359],[23.073863,57.26258],[23.076915,57.282355],[23.098399,57.296027]]]}},{"type":"Feature","properties":{"name":"Solgen"},"geometry":{"type":"Polygon","coordinates":[[[15.226817,57.532782],[15.196544,57.54859],[15.160899,57.556159],[15.138682,57.552497],[15.09254,57.576789],[15.083507,57.588996],[15.12086,57.586859],[15.13026,57.593878],[15.148692,57.583869],[15.191661,57.568],[15.238536,57.537604],[15.226817,57.532782]]]}},{"type":"Feature","properties":{"name":"Bab\u012bte Ezers"},"geometry":{"type":"Polygon","coordinates":[[[23.645518,56.904975],[23.708751,56.92475],[23.772594,56.935675],[23.823009,56.948127],[23.837291,56.94538],[23.806895,56.92713],[23.740977,56.909857],[23.723155,56.901923],[23.677501,56.894599],[23.653087,56.893988],[23.645518,56.904975]]]}},{"type":"Feature","properties":{},"geometry":{"type":"Polygon","coordinates":[[[-4.445241,56.75257],[-4.454091,56.745856],[-4.462575,56.769904],[-4.45226,56.787787],[-4.440053,56.792975],[-4.402699,56.824591],[-4.339162,56.886603],[-4.323964,56.898749],[-4.310292,56.902106],[-4.348622,56.86048],[-4.362294,56.839484],[-4.430043,56.780219],[-4.445241,56.75257]]]}},{"type":"Feature","properties":{"name":"Anten"},"geometry":{"type":"Polygon","coordinates":[[[12.460704,58.005133],[12.469249,58.046393],[12.486583,58.078986],[12.50294,58.083258],[12.517833,58.074408],[12.558849,58.079901],[12.572765,58.075324],[12.506969,58.051886],[12.488658,58.034919],[12.492931,58.02027],[12.480235,58.006598],[12.463756,57.99903],[12.460704,58.005133]]]}},{"type":"Feature","properties":{"name":"Mj\u00f6rn"},"geometry":{"type":"Polygon","coordinates":[[[12.3567,57.86225],[12.322765,57.858588],[12.323619,57.870734],[12.330821,57.89173],[12.342784,57.907477],[12.367686,57.915107],[12.389659,57.92945],[12.424571,57.97193],[12.436412,57.971076],[12.434337,57.949469],[12.441539,57.932746],[12.482921,57.947943],[12.503917,57.949469],[12.506847,57.940924],[12.482677,57.931281],[12.48231,57.916388],[12.478038,57.905097],[12.469249,57.899298],[12.425182,57.8805],[12.406261,57.874701],[12.383556,57.872321],[12.3744,57.851935],[12.3567,57.86225]]]}},{"type":"Feature","properties":{"name":"Rusken"},"geometry":{"type":"Polygon","coordinates":[[[14.344859,57.200263],[14.329967,57.243415],[14.336436,57.268317],[14.312389,57.292365],[14.333995,57.313605],[14.35377,57.319098],[14.367931,57.306037],[14.371593,57.288092],[14.389903,57.264655],[14.394786,57.235846],[14.387462,57.222113],[14.375865,57.222419],[14.344859,57.200263]]]}},{"type":"Feature","properties":{"name":"Loch Rannoch"},"geometry":{"type":"Polygon","coordinates":[[[-4.21758,56.696906],[-4.377187,56.688727],[-4.437917,56.692633],[-4.415151,56.698737],[-4.323964,56.702094],[-4.266469,56.709723],[-4.210927,56.712409],[-4.192372,56.70484],[-4.21758,56.696906]]]}},{"type":"Feature","properties":{"name":"Lygnern"},"geometry":{"type":"Polygon","coordinates":[[[12.227306,57.447028],[12.18922,57.456488],[12.198131,57.463752],[12.239757,57.477179],[12.325206,57.492072],[12.379649,57.510627],[12.427257,57.542182],[12.435802,57.531256],[12.39503,57.492072],[12.354991,57.4784],[12.279307,57.466803],[12.227306,57.447028]]]}},{"type":"Feature","properties":{"name":"Pljavinjas"},"geometry":{"type":"Polygon","coordinates":[[[25.486583,56.586554],[25.48463,56.598761],[25.490489,56.610907],[25.4463,56.631842],[25.40443,56.637946],[25.377452,56.630683],[25.331798,56.604499],[25.300182,56.590216],[25.27003,56.586005],[25.252696,56.595465],[25.329967,56.614569],[25.357432,56.630011],[25.392955,56.643683],[25.43336,56.650397],[25.482188,56.623053],[25.496226,56.604254],[25.495616,56.590216],[25.562266,56.585334],[25.592052,56.588752],[25.644542,56.605109],[25.660411,56.604865],[25.649181,56.594184],[25.575206,56.577765],[25.528087,56.580207],[25.486583,56.586554]]]}},{"type":"Feature","properties":{},"geometry":{"type":"Polygon","coordinates":[[[29.077403,55.863532],[29.058116,55.861396],[29.040538,55.869879],[29.038097,55.88172],[29.050304,55.887519],[29.05421,55.893927],[29.054454,55.911261],[29.062755,55.922492],[29.065807,55.952887],[29.083751,55.950751],[29.094981,55.925544],[29.086436,55.910041],[29.077403,55.863532]]]}},{"type":"Feature","properties":{"name":"\u00d6rken"},"geometry":{"type":"Polygon","coordinates":[[[14.994151,57.181403],[14.964854,57.199347],[14.940684,57.208503],[14.949107,57.210578],[14.993175,57.205695],[15.016002,57.188727],[15.021495,57.162604],[15.024791,57.120002],[15.050548,57.074103],[15.040904,57.073493],[15.030284,57.079291],[15.007457,57.112128],[14.999034,57.117926],[14.977428,57.15589],[14.987804,57.164984],[14.994151,57.181403]]]}},{"type":"Feature","properties":{},"geometry":{"type":"Polygon","coordinates":[[[13.162486,57.217902],[13.175548,57.226081],[13.183116,57.240729],[13.198985,57.240973],[13.201427,57.230597],[13.186534,57.220954],[13.166759,57.190558],[13.154307,57.179938],[13.073985,57.127326],[13.050304,57.121833],[13.074962,57.151923],[13.103892,57.162604],[13.136974,57.189337],[13.145763,57.207526],[13.135509,57.221198],[13.13087,57.237006],[13.147349,57.255561],[13.160655,57.255255],[13.152476,57.228827],[13.162486,57.217902]]]}},{"type":"Feature","properties":{},"geometry":{"type":"Polygon","coordinates":[[[27.073985,56.209113],[27.080699,56.210944],[27.105724,56.207892],[27.105357,56.190253],[27.10963,56.179633],[27.098033,56.172309],[27.072765,56.171088],[27.041759,56.178107],[27.014415,56.176276],[26.983775,56.182379],[26.980113,56.193],[26.99171,56.203315],[27.0171,56.212409],[27.032725,56.21485],[27.073985,56.209113]],[[27.057384,56.199652],[27.048839,56.19361],[27.055797,56.1836],[27.06422,56.189643],[27.057384,56.199652]]]}},{"type":"Feature","properties":{"name":"Loch Awe"},"geometry":{"type":"Polygon","coordinates":[[[-5.103261,56.363532],[-5.198964,56.329718],[-5.217519,56.31214],[-5.227284,56.29267],[-5.262807,56.267707],[-5.279286,56.240363],[-5.307851,56.222785],[-5.359486,56.201545],[-5.386525,56.199103],[-5.3756,56.208197],[-5.332448,56.224616],[-5.299489,56.243781],[-5.284108,56.258918],[-5.279897,56.2732],[-5.25768,56.286017],[-5.237904,56.304511],[-5.223927,56.325507],[-5.200551,56.341925],[-5.171376,56.353766],[-5.146108,56.357123],[-5.113637,56.371405],[-5.085927,56.389045],[-5.062489,56.396918],[-5.044301,56.393317],[-5.051259,56.381476],[-5.07195,56.37049],[-5.103261,56.363532]]]}},{"type":"Feature","properties":{},"geometry":{"type":"Polygon","coordinates":[[[28.056651,56.039496],[28.0713,56.049201],[28.092784,56.057746],[28.126231,56.089057],[28.157481,56.090583],[28.189464,56.082343],[28.211925,56.068061],[28.220836,56.052008],[28.214122,56.034308],[28.187266,56.021552],[28.146007,56.020941],[28.069713,56.029792],[28.056651,56.039496]],[[28.138194,56.053473],[28.127452,56.066535],[28.112804,56.06568],[28.107432,56.055304],[28.116222,56.047126],[28.132335,56.044379],[28.138194,56.053473]]]}},{"type":"Feature","properties":{},"geometry":{"type":"Polygon","coordinates":[[[-4.301137,56.483527],[-4.27776,56.492377],[-4.19933,56.509711],[-4.166188,56.520941],[-4.12151,56.554694],[-4.068959,56.582953],[-4.030019,56.587775],[-4.013905,56.58692],[-4.022756,56.579291],[-4.083852,56.566535],[-4.132192,56.523383],[-4.171986,56.503302],[-4.214223,56.496588],[-4.279897,56.479926],[-4.297231,56.477484],[-4.301137,56.483527]]]}},{"type":"Feature","properties":{"name":"Loch Lomond North Basin"},"geometry":{"type":"Polygon","coordinates":[[[-4.522084,56.068366],[-4.562245,56.058966],[-4.588124,56.044928],[-4.589345,56.017279],[-4.60967,56.023993],[-4.628224,56.040107],[-4.635487,56.052558],[-4.631581,56.072882],[-4.642201,56.11817],[-4.659779,56.147101],[-4.670155,56.172003],[-4.702016,56.20362],[-4.700795,56.245551],[-4.705434,56.267768],[-4.701161,56.279608],[-4.705068,56.307868],[-4.694142,56.296637],[-4.680776,56.246772],[-4.67809,56.218512],[-4.680531,56.203009],[-4.662831,56.187262],[-4.619374,56.136115],[-4.599355,56.132453],[-4.585683,56.120368],[-4.529714,56.08631],[-4.520253,56.078742],[-4.522084,56.068366]],[[-4.595937,56.063849],[-4.604176,56.057379],[-4.601186,56.055609],[-4.595937,56.063849]]]}},{"type":"Feature","properties":{"name":"Helgasj\u00f6n"},"geometry":{"type":"Polygon","coordinates":[[[14.774303,57.014533],[14.792247,57.033087],[14.805919,57.024298],[14.805308,57.012458],[14.817393,57.003607],[14.859508,57.002997],[14.823497,56.980475],[14.824229,56.966559],[14.84547,56.941596],[14.833629,56.932196],[14.791026,56.945868],[14.780406,56.93946],[14.767589,56.915412],[14.754527,56.904792],[14.742931,56.91059],[14.754893,56.925177],[14.754283,56.940436],[14.737559,56.953498],[14.715099,56.95893],[14.703868,56.985968],[14.68922,57.000861],[14.684337,57.014533],[14.691417,57.018195],[14.714122,57.002692],[14.781016,56.984442],[14.77711,56.991461],[14.774303,57.014533]]]}},{"type":"Feature","properties":{"name":"Rottnen"},"geometry":{"type":"Polygon","coordinates":[[[15.169444,56.739508],[15.12086,56.717597],[15.112315,56.710273],[15.055431,56.758612],[15.046031,56.78443],[15.050548,56.799628],[15.07252,56.780219],[15.080699,56.769538],[15.084972,56.756842],[15.110118,56.772589],[15.128184,56.792975],[15.143077,56.788703],[15.163097,56.758063],[15.173717,56.752875],[15.169444,56.739508]]]}},{"type":"Feature","properties":{},"geometry":{"type":"Polygon","coordinates":[[[27.071056,55.709723],[27.058849,55.696662],[27.06544,55.676276],[27.052989,55.675666],[27.029063,55.688727],[27.009532,55.6836],[26.998302,55.693305],[27.001964,55.712409],[27.034801,55.72309],[27.052013,55.732978],[27.030284,55.750739],[27.020885,55.764716],[27.027843,55.78266],[27.062755,55.783881],[27.096446,55.772956],[27.099254,55.756842],[27.095958,55.732184],[27.085948,55.718817],[27.071056,55.709723]]]}},{"type":"Feature","properties":{},"geometry":{"type":"Polygon","coordinates":[[[27.398326,55.612799],[27.406261,55.606696],[27.420909,55.606086],[27.414806,55.593878],[27.388682,55.588996],[27.363048,55.594489],[27.341197,55.586005],[27.297374,55.580268],[27.27711,55.5857],[27.281993,55.594855],[27.300792,55.59693],[27.342052,55.609748],[27.354869,55.617926],[27.356456,55.631903],[27.378184,55.636786],[27.395518,55.628302],[27.398326,55.612799]]]}},{"type":"Feature","properties":{"name":"Fl\u00e5ren"},"geometry":{"type":"Polygon","coordinates":[[[14.051768,56.97779],[14.082042,56.987799],[14.087169,57.006049],[14.077647,57.034919],[14.084361,57.0586],[14.095958,57.073188],[14.110484,57.10633],[14.121471,57.117926],[14.134532,57.091742],[14.133922,57.072028],[14.105357,57.016364],[14.108409,56.991461],[14.104503,56.976203],[14.076427,56.960089],[14.060069,56.961676],[14.051768,56.97779]]]}},{"type":"Feature","properties":{"name":"Vid\u00f6stern"},"geometry":{"type":"Polygon","coordinates":[[[13.978282,57.044928],[13.959727,57.057379],[14.003184,57.070807],[13.997081,57.096625],[14.007823,57.120917],[14.036388,57.156501],[14.052501,57.166205],[14.057628,57.143439],[14.043712,57.109992],[14.043346,57.081061],[14.035167,57.058905],[14.012706,57.035834],[13.995006,56.991767],[13.980724,56.98963],[13.972545,56.997565],[13.967296,57.00965],[13.978282,57.044928]]]}},{"type":"Feature","properties":{"name":"Mien"},"geometry":{"type":"Polygon","coordinates":[[[14.824229,56.416083],[14.818126,56.433356],[14.853038,56.451361],[14.870616,56.451361],[14.901622,56.433722],[14.901622,56.426154],[14.888927,56.413642],[14.863048,56.403571],[14.83839,56.401496],[14.824229,56.416083]]]}},{"type":"Feature","properties":{"name":"Dysnai"},"geometry":{"type":"Polygon","coordinates":[[[26.267345,55.493293],[26.281627,55.5055],[26.319957,55.510016],[26.369151,55.506964],[26.382335,55.513068],[26.399303,55.510993],[26.403819,55.488776],[26.378673,55.484503],[26.341563,55.492987],[26.321178,55.489386],[26.320567,55.478156],[26.291759,55.47779],[26.267345,55.493293]]]}},{"type":"Feature","properties":{"name":"Immeln"},"geometry":{"type":"Polygon","coordinates":[[[14.361827,56.296942],[14.34669,56.284186],[14.332408,56.265326],[14.318736,56.264411],[14.309947,56.258063],[14.299327,56.24195],[14.284434,56.237372],[14.272472,56.22425],[14.263072,56.227301],[14.289561,56.276862],[14.303233,56.282599],[14.316661,56.280219],[14.341197,56.319098],[14.383433,56.315802],[14.395274,56.318488],[14.396007,56.310004],[14.361827,56.296942]]]}},{"type":"Feature","properties":{},"geometry":{"type":"Polygon","coordinates":[[[8.239024,56.328864],[8.197765,56.33338],[8.146983,56.347663],[8.15089,56.362921],[8.143321,56.424262],[8.149425,56.444648],[8.174937,56.442206],[8.185313,56.427314],[8.194347,56.404181],[8.204723,56.39234],[8.266734,56.36048],[8.2765,56.344367],[8.30714,56.322516],[8.302013,56.310614],[8.283214,56.301154],[8.239024,56.328864]]]}},{"type":"Feature","properties":{"name":"M\u00f6ckeln"},"geometry":{"type":"Polygon","coordinates":[[[14.191051,56.657721],[14.174327,56.646796],[14.175304,56.63404],[14.181895,56.628852],[14.142345,56.579291],[14.133311,56.57685],[14.125133,56.591803],[14.130626,56.612128],[14.126964,56.678717],[14.135997,56.694831],[14.165538,56.710944],[14.195079,56.717597],[14.201671,56.709967],[14.225108,56.709113],[14.22877,56.690253],[14.235728,56.680548],[14.22877,56.660163],[14.213878,56.649787],[14.191051,56.657721]]]}},{"type":"Feature","properties":{},"geometry":{"type":"Polygon","coordinates":[[[27.095225,55.617011],[27.111705,55.602729],[27.094005,55.592414],[27.046031,55.592658],[26.963634,55.62403],[26.968028,55.635504],[26.993785,55.645575],[27.036388,55.643439],[27.073497,55.617926],[27.095225,55.617011]]]}},{"type":"Feature","properties":{"name":"Dr\u016bk\u0161iai"},"geometry":{"type":"Polygon","coordinates":[[[26.645518,55.627082],[26.658824,55.609992],[26.664561,55.596686],[26.627208,55.577826],[26.61964,55.594855],[26.596446,55.61579],[26.56129,55.619147],[26.510265,55.614569],[26.491954,55.62403],[26.507091,55.630683],[26.540904,55.638007],[26.558849,55.647406],[26.570445,55.66352],[26.617198,55.656195],[26.642467,55.646491],[26.645518,55.627082]]]}},{"type":"Feature","properties":{"name":"Ringsj\u00f6n"},"geometry":{"type":"Polygon","coordinates":[[[13.535167,55.897834],[13.547618,55.911566],[13.566173,55.903083],[13.573741,55.88935],[13.589244,55.884772],[13.592052,55.870795],[13.573741,55.854743],[13.536632,55.851691],[13.512706,55.86048],[13.505992,55.876288],[13.535167,55.897834]]]}},{"type":"Feature","properties":{"name":"Hammarsj\u00f6n"},"geometry":{"type":"Polygon","coordinates":[[[14.164683,56.017585],[14.175914,56.024298],[14.205699,56.016974],[14.225474,56.00727],[14.252208,56.002448],[14.25526,55.987799],[14.247935,55.972907],[14.222911,55.954718],[14.214854,55.967475],[14.192271,55.982978],[14.171886,56.003913],[14.164683,56.017585]]]}},{"type":"Feature","properties":{},"geometry":{"type":"Polygon","coordinates":[[[29.153575,54.518561],[29.167003,54.531317],[29.154796,54.542548],[29.133556,54.553839],[29.125255,54.56568],[29.128429,54.582404],[29.148204,54.599738],[29.166759,54.599372],[29.176402,54.587531],[29.176036,54.570563],[29.192393,54.53736],[29.154552,54.503974],[29.149058,54.505805],[29.153575,54.518561]]]}},{"type":"Feature","properties":{"name":"Arres\u00f8"},"geometry":{"type":"Polygon","coordinates":[[[12.064342,55.95777],[12.083263,55.9784],[12.08839,55.996649],[12.069591,55.989997],[12.060069,55.980231],[12.046764,55.983893],[12.041026,55.995429],[12.071666,56.016974],[12.088145,56.024909],[12.105113,56.01612],[12.150157,56.001227],[12.171031,55.987799],[12.179942,55.972907],[12.150645,55.966559],[12.135753,55.957404],[12.097423,55.948615],[12.07838,55.94892],[12.064342,55.95777]]]}},{"type":"Feature","properties":{"name":"Lower Lough Erne"},"geometry":{"type":"Polygon","coordinates":[[[-7.65276,54.390326],[-7.654286,54.373603],[-7.669179,54.385749],[-7.688954,54.409186],[-7.702016,54.41706],[-7.726003,54.423102],[-7.7506,54.438971],[-7.836659,54.476325],[-7.909291,54.481757],[-8.011098,54.480231],[-8.001088,54.488166],[-7.978871,54.484809],[-7.974904,54.4961],[-7.956044,54.511237],[-7.893788,54.521308],[-7.869496,54.533454],[-7.836903,54.541327],[-7.782216,54.539557],[-7.747304,54.534308],[-7.73998,54.525275],[-7.751515,54.51673],[-7.755177,54.506964],[-7.723561,54.495124],[-7.730214,54.488471],[-7.722646,54.465949],[-7.679799,54.430426],[-7.65276,54.390326]]]}},{"type":"Feature","properties":{},"geometry":{"type":"Polygon","coordinates":[[[26.500133,54.77967],[26.409923,54.856208],[26.41505,54.862921],[26.493419,54.815802],[26.524791,54.792731],[26.543712,54.774176],[26.541515,54.764777],[26.524425,54.764472],[26.500133,54.77967]]]}},{"type":"Feature","properties":{"name":"Lough Melvin"},"geometry":{"type":"Polygon","coordinates":[[[-8.103139,54.416938],[-8.161122,54.44245],[-8.20641,54.454901],[-8.221669,54.465277],[-8.181813,54.468878],[-8.119496,54.454901],[-8.087026,54.438178],[-8.088857,54.424201],[-8.103139,54.416938]]]}},{"type":"Feature","properties":{},"geometry":{"type":"Polygon","coordinates":[[[21.4546,55.338874],[21.464732,55.326789],[21.486949,55.287482],[21.473643,55.27967],[21.47755,55.271735],[21.491222,55.261359],[21.4817,55.258063],[21.457774,55.271735],[21.443126,55.288092],[21.464366,55.300055],[21.458751,55.316413],[21.440196,55.323676],[21.394298,55.314582],[21.382701,55.352912],[21.395152,55.35987],[21.425548,55.356818],[21.4546,55.338874]]]}},{"type":"Feature","properties":{"name":"Iv\u00f6sj\u00f6n"},"geometry":{"type":"Polygon","coordinates":[[[14.499889,56.132453],[14.479259,56.127936],[14.466807,56.118537],[14.463756,56.0857],[14.452769,56.072272],[14.416515,56.064093],[14.381969,56.065314],[14.371593,56.081427],[14.370128,56.110602],[14.382823,56.151007],[14.383067,56.168341],[14.389537,56.17536],[14.432628,56.156867],[14.452769,56.155646],[14.466807,56.160163],[14.493785,56.141608],[14.508678,56.14527],[14.51234,56.143134],[14.499889,56.132453]]]}},{"type":"Feature","properties":{"name":"Lough Mask"},"geometry":{"type":"Polygon","coordinates":[[[-9.46758,53.5763],[-9.417104,53.577521],[-9.406789,53.588752],[-9.430776,53.598212],[-9.479115,53.597052],[-9.419301,53.613715],[-9.393422,53.629218],[-9.346303,53.676642],[-9.321095,53.696357],[-9.294057,53.666022],[-9.287709,53.635871],[-9.301015,53.630744],[-9.295888,53.617682],[-9.286488,53.607306],[-9.31078,53.610358],[-9.316274,53.60401],[-9.319936,53.586676],[-9.354848,53.568732],[-9.483083,53.570563],[-9.46758,53.5763]]]}},{"type":"Feature","properties":{"name":"Dusia"},"geometry":{"type":"Polygon","coordinates":[[[23.684825,54.277228],[23.663219,54.306708],[23.658946,54.331305],[23.667491,54.337714],[23.679576,54.335883],[23.717052,54.309699],[23.737071,54.283332],[23.719493,54.272956],[23.701182,54.269904],[23.684825,54.277228]]]}},{"type":"Feature","properties":{},"geometry":{"type":"Polygon","coordinates":[[[27.360118,53.964118],[27.340831,53.962043],[27.335094,53.953559],[27.329356,53.962043],[27.33839,53.982428],[27.373424,54.004889],[27.40443,54.011603],[27.444347,54.006842],[27.460338,54.000006],[27.450938,53.992743],[27.434581,53.993048],[27.418712,53.985724],[27.401378,53.968756],[27.385265,53.960211],[27.360118,53.964118]]]}},{"type":"Feature","properties":{"name":"Lough Conn"},"geometry":{"type":"Polygon","coordinates":[[[-9.223866,54.058112],[-9.23113,54.036505],[-9.195851,54.017035],[-9.190663,53.999762],[-9.213246,53.993964],[-9.243581,53.999396],[-9.266713,53.999152],[-9.267323,54.029181],[-9.299794,54.057135],[-9.298329,54.090949],[-9.289784,54.106086],[-9.263051,54.10401],[-9.225331,54.074469],[-9.223866,54.058112]]]}},{"type":"Feature","properties":{},"geometry":{"type":"Polygon","coordinates":[[[27.161632,54.485419],[27.166515,54.461676],[27.180064,54.431342],[27.165782,54.437384],[27.146739,54.456305],[27.136729,54.473883],[27.108897,54.483893],[27.06837,54.481757],[27.032481,54.483893],[26.988536,54.495124],[26.972423,54.50611],[26.996226,54.511542],[27.068858,54.511542],[27.091319,54.530402],[27.090099,54.514594],[27.098643,54.499091],[27.183849,54.515509],[27.212901,54.516425],[27.244884,54.525885],[27.264659,54.541999],[27.27711,54.544379],[27.278819,54.532233],[27.258556,54.51612],[27.217784,54.501227],[27.175548,54.492438],[27.161632,54.485419]]]}},{"type":"Feature","properties":{"name":"Jezioro Gardno"},"geometry":{"type":"Polygon","coordinates":[[[17.073009,54.646247],[17.066051,54.656501],[17.068858,54.667182],[17.075816,54.675116],[17.113292,54.680548],[17.14503,54.671759],[17.167003,54.653571],[17.142589,54.643195],[17.100108,54.640448],[17.073009,54.646247]]]}},{"type":"Feature","properties":{},"geometry":{"type":"Polygon","coordinates":[[[13.476817,54.428778],[13.504649,54.443305],[13.489268,54.450629],[13.478038,54.46247],[13.489268,54.476447],[13.511729,54.479499],[13.539439,54.477362],[13.549449,54.446662],[13.556407,54.441474],[13.539317,54.421454],[13.506236,54.419318],[13.476817,54.428778]]]}},{"type":"Feature","properties":{"name":"Lough Corrib"},"geometry":{"type":"Polygon","coordinates":[[[-9.135365,53.419196],[-9.165456,53.42713],[-9.207143,53.424079],[-9.254811,53.430732],[-9.319569,53.449897],[-9.328053,53.462653],[-9.338979,53.469367],[-9.358144,53.473639],[-9.373402,53.484259],[-9.38915,53.489081],[-9.450551,53.491523],[-9.478505,53.48609],[-9.515004,53.494879],[-9.52538,53.508246],[-9.509267,53.507697],[-9.499501,53.498542],[-9.483083,53.493354],[-9.44695,53.515265],[-9.383717,53.528327],[-9.319936,53.532843],[-9.289784,53.538947],[-9.263905,53.537726],[-9.254262,53.53382],[-9.228993,53.511603],[-9.220204,53.492438],[-9.220815,53.471808],[-9.215932,53.456549],[-9.188832,53.452643],[-9.182485,53.443854],[-9.170033,53.438666],[-9.131459,53.43653],[-9.053578,53.418586],[-9.069081,53.407965],[-9.080983,53.384223],[-9.065175,53.365119],[-9.050282,53.35694],[-9.045766,53.342292],[-9.052724,53.333503],[-9.063344,53.325934],[-9.083119,53.321051],[-9.112599,53.32862],[-9.127492,53.342292],[-9.143605,53.360236],[-9.129262,53.36695],[-9.118642,53.376349],[-9.138722,53.396735],[-9.121083,53.405219],[-9.135365,53.419196]]]}},{"type":"Feature","properties":{"name":"Jezioro \u0141ebsko"},"geometry":{"type":"Polygon","coordinates":[[[17.463634,54.71369],[17.437511,54.70246],[17.419566,54.689399],[17.402232,54.683966],[17.380626,54.684821],[17.354747,54.693305],[17.33546,54.706671],[17.291637,54.724005],[17.295909,54.733771],[17.320079,54.739508],[17.342662,54.739875],[17.418712,54.752875],[17.50526,54.76203],[17.53297,54.756232],[17.531016,54.740485],[17.500987,54.733771],[17.488292,54.719489],[17.463634,54.71369]]]}},{"type":"Feature","properties":{},"geometry":{"type":"Polygon","coordinates":[[[26.977306,52.821051],[26.94752,52.852057],[26.961192,52.85932],[27.003795,52.861762],[27.033336,52.842658],[27.046641,52.837409],[27.042125,52.831061],[26.995006,52.817084],[26.977306,52.821051]]]}},{"type":"Feature","properties":{},"geometry":{"type":"Polygon","coordinates":[[[27.622935,52.815558],[27.498546,52.745063],[27.48524,52.747443],[27.483653,52.756598],[27.500987,52.767218],[27.548106,52.782721],[27.638438,52.844123],[27.634532,52.827155],[27.622935,52.815558]]]}},{"type":"Feature","properties":{"name":"Kummerower See"},"geometry":{"type":"Polygon","coordinates":[[[12.812022,53.797614],[12.822398,53.816413],[12.834483,53.828864],[12.88087,53.851081],[12.903331,53.854743],[12.914561,53.840766],[12.905406,53.821051],[12.87379,53.803961],[12.861339,53.79029],[12.835704,53.77967],[12.809337,53.778815],[12.812022,53.797614]]]}},{"type":"Feature","properties":{},"geometry":{"type":"Polygon","coordinates":[[[10.7317,53.906867],[10.796397,53.897162],[10.835216,53.906256],[10.875743,53.946357],[10.899425,53.949408],[10.887584,53.929633],[10.939586,53.913886],[10.938731,53.90412],[10.91505,53.898627],[10.897716,53.905951],[10.884288,53.919013],[10.870616,53.918158],[10.845958,53.902655],[10.817638,53.891669],[10.776988,53.890021],[10.7317,53.906867]]]}},{"type":"Feature","properties":{"name":"Poulaphouca Reservoir"},"geometry":{"type":"Polygon","coordinates":[[[-6.531606,53.125128],[-6.503651,53.154059],[-6.507863,53.164923],[-6.553761,53.140631],[-6.56078,53.145209],[-6.526173,53.168341],[-6.515187,53.183844],[-6.493337,53.196906],[-6.472646,53.19715],[-6.504567,53.188361],[-6.505788,53.177741],[-6.461415,53.148871],[-6.476918,53.131232],[-6.508534,53.119391],[-6.531056,53.114203],[-6.531606,53.125128]]]}},{"type":"Feature","properties":{"name":"Selenter See"},"geometry":{"type":"Polygon","coordinates":[[[10.450694,54.298835],[10.392955,54.310065],[10.386241,54.322211],[10.396251,54.330085],[10.479991,54.324347],[10.488414,54.318854],[10.484386,54.299445],[10.450694,54.298835]]]}},{"type":"Feature","properties":{},"geometry":{"type":"Polygon","coordinates":[[[24.97462,52.576239],[24.957042,52.580146],[24.913951,52.607367],[24.851573,52.618293],[24.833263,52.615851],[24.821788,52.617682],[24.803599,52.623786],[24.794932,52.634467],[24.820323,52.646552],[24.880382,52.651435],[24.899303,52.635932],[24.934215,52.636542],[24.962169,52.625006],[24.974986,52.600714],[24.97462,52.576239]]]}},{"type":"Feature","properties":{"name":"K\u00f6lpinsee"},"geometry":{"type":"Polygon","coordinates":[[[12.55189,53.502814],[12.541881,53.513678],[12.58253,53.531378],[12.604747,53.526801],[12.617198,53.510077],[12.613902,53.493048],[12.601451,53.48786],[12.55189,53.502814]]]}},{"type":"Feature","properties":{"name":"Plauer See"},"geometry":{"type":"Polygon","coordinates":[[[12.308482,53.402472],[12.273692,53.429816],[12.280162,53.440192],[12.285411,53.490607],[12.306651,53.534674],[12.325206,53.528022],[12.338145,53.506476],[12.356212,53.506476],[12.370738,53.499396],[12.361095,53.48548],[12.310802,53.44776],[12.302989,53.424079],[12.310313,53.406745],[12.308482,53.402472]],[[12.325206,53.504279],[12.326915,53.494879],[12.333018,53.496955],[12.325206,53.504279]]]}},{"type":"Feature","properties":{"name":"Lough Leane"},"geometry":{"type":"Polygon","coordinates":[[[-9.535695,52.02442],[-9.556081,52.04383],[-9.597096,52.070929],[-9.584645,52.078864],[-9.537831,52.076117],[-9.51537,52.052985],[-9.488026,52.050299],[-9.489247,52.042365],[-9.510182,52.037787],[-9.516347,52.032904],[-9.506215,52.026557],[-9.513783,52.019843],[-9.535695,52.02442]]]}},{"type":"Feature","properties":{"name":"Lassahner See"},"geometry":{"type":"Polygon","coordinates":[[[10.908824,53.598822],[10.913097,53.616156],[10.877818,53.634101],[10.888682,53.64289],[10.91212,53.637091],[10.932506,53.642585],[10.941417,53.665717],[10.948253,53.67298],[10.9546,53.655036],[10.938243,53.620368],[10.945567,53.610053],[10.951305,53.592719],[10.92921,53.559333],[10.918712,53.56568],[10.908824,53.598822]]]}},{"type":"Feature","properties":{"name":"Miedwie"},"geometry":{"type":"Polygon","coordinates":[[[14.871959,53.231696],[14.860362,53.261481],[14.882823,53.321662],[14.904796,53.349616],[14.922984,53.356879],[14.924571,53.342902],[14.904796,53.303351],[14.901988,53.290656],[14.902599,53.269355],[14.913341,53.225226],[14.896861,53.219794],[14.871959,53.231696]]]}},{"type":"Feature","properties":{},"geometry":{"type":"Polygon","coordinates":[[[26.28004,52.279059],[26.2671,52.280036],[26.252452,52.320136],[26.283214,52.32923],[26.312022,52.331671],[26.338145,52.327155],[26.311778,52.292487],[26.28004,52.279059]]]}},{"type":"Feature","properties":{},"geometry":{"type":"Polygon","coordinates":[[[23.874766,52.916388],[23.861339,52.902472],[23.82545,52.906684],[23.793956,52.918891],[23.78297,52.929816],[23.752452,52.937445],[23.767833,52.953803],[23.772227,52.963874],[23.785899,52.94715],[23.851817,52.936469],[23.874766,52.916388]]]}},{"type":"Feature","properties":{},"geometry":{"type":"Polygon","coordinates":[[[25.911754,52.68067],[25.90089,52.698554],[25.916637,52.710089],[25.950694,52.711005],[25.983775,52.703742],[25.998057,52.691291],[25.990977,52.676642],[25.965831,52.668769],[25.938243,52.670295],[25.911754,52.68067]]]}},{"type":"Feature","properties":{"name":"Drawsko"},"geometry":{"type":"Polygon","coordinates":[[[16.176768,53.62464],[16.20106,53.609442],[16.22877,53.574836],[16.211681,53.572394],[16.191905,53.581794],[16.163585,53.58515],[16.163951,53.602423],[16.133556,53.597907],[16.129283,53.604865],[16.144786,53.612189],[16.150279,53.625556],[16.145152,53.641669],[16.153941,53.643805],[16.176768,53.62464]]]}},{"type":"Feature","properties":{},"geometry":{"type":"Polygon","coordinates":[[[27.989513,52.386725],[27.898326,52.412238],[27.894664,52.423835],[27.929576,52.434699],[27.963023,52.43653],[28.011974,52.425605],[28.036021,52.404914],[28.039073,52.396125],[28.024791,52.385504],[27.989513,52.386725]]]}},{"type":"Feature","properties":{},"geometry":{"type":"Polygon","coordinates":[[[19.519786,52.591254],[19.687633,52.549933],[19.728648,52.529547],[19.708263,52.532599],[19.63502,52.557502],[19.577281,52.5633],[19.543468,52.571784],[19.397716,52.619818],[19.363536,52.624701],[19.273936,52.627753],[19.13502,52.667487],[19.15504,52.671149],[19.204356,52.665168],[19.275767,52.648993],[19.347423,52.64234],[19.427501,52.629523],[19.519786,52.591254]]]}},{"type":"Feature","properties":{"name":"Heegermeer en Fluessen"},"geometry":{"type":"Polygon","coordinates":[[[5.504893,52.945685],[5.571544,52.967231],[5.599498,52.973273],[5.617686,52.970832],[5.608897,52.959357],[5.506236,52.92713],[5.495616,52.9159],[5.49586,52.906134],[5.48463,52.900397],[5.479747,52.910712],[5.483653,52.928351],[5.504893,52.945685]]]}},{"type":"Feature","properties":{"name":"Tjeukemeer"},"geometry":{"type":"Polygon","coordinates":[[[5.747813,52.8888],[5.752696,52.898261],[5.767833,52.911322],[5.802745,52.921637],[5.838145,52.91767],[5.843883,52.903083],[5.830211,52.889411],[5.763072,52.882148],[5.757335,52.882148],[5.747813,52.8888]]]}},{"type":"Feature","properties":{"name":"Gop\u0142o"},"geometry":{"type":"Polygon","coordinates":[[[18.34901,52.607062],[18.343516,52.569098],[18.355113,52.564521],[18.361461,52.556281],[18.350841,52.551398],[18.334483,52.569342],[18.328624,52.59278],[18.348155,52.621344],[18.348643,52.642951],[18.3296,52.675116],[18.358165,52.654792],[18.370006,52.617987],[18.37086,52.588813],[18.390025,52.538336],[18.385265,52.516181],[18.375255,52.505561],[18.370616,52.517401],[18.378429,52.532599],[18.379405,52.544745],[18.370372,52.566657],[18.359386,52.61341],[18.34901,52.607062]]]}},{"type":"Feature","properties":{"name":"Steinhuder Meer"},"geometry":{"type":"Polygon","coordinates":[[[9.292735,52.459052],[9.280528,52.470587],[9.293346,52.488227],[9.336803,52.502814],[9.372935,52.50495],[9.381724,52.490668],[9.370128,52.47486],[9.338023,52.457221],[9.314586,52.456],[9.292735,52.459052]]]}},{"type":"Feature","properties":{},"geometry":{"type":"Polygon","coordinates":[[[23.887462,51.508307],[23.82545,51.484015],[23.801158,51.488288],[23.793224,51.503424],[23.814464,51.520514],[23.870494,51.532294],[23.888072,51.525031],[23.887462,51.508307]]]}},{"type":"Feature","properties":{},"geometry":{"type":"Polygon","coordinates":[[[19.952037,51.469367],[19.988292,51.475775],[19.987071,51.46424],[19.914928,51.422248],[19.884288,51.411322],[19.865733,51.394049],[19.854259,51.397101],[19.872325,51.411383],[19.906993,51.429877],[19.952037,51.469367]]]}},{"type":"Feature","properties":{},"geometry":{"type":"Polygon","coordinates":[[[18.644786,51.762397],[18.652599,51.803717],[18.666026,51.82685],[18.671153,51.849982],[18.677867,51.863044],[18.703624,51.86695],[18.721324,51.844489],[18.714976,51.823188],[18.706187,51.811042],[18.695201,51.803412],[18.682384,51.802497],[18.673595,51.759345],[18.657481,51.743842],[18.644786,51.745978],[18.644786,51.762397]]]}},{"type":"Feature","properties":{},"geometry":{"type":"Polygon","coordinates":[[[26.564586,50.290412],[26.545177,50.300788],[26.549815,50.314704],[26.579845,50.322272],[26.614757,50.321662],[26.629161,50.31507],[26.610118,50.295905],[26.614513,50.276984],[26.564586,50.290412]]]}},{"type":"Feature","properties":{},"geometry":{"type":"Polygon","coordinates":[[[29.164806,48.71839],[29.185557,48.732978],[29.186046,48.72779],[29.196056,48.716315],[29.173839,48.701239],[29.158214,48.697333],[29.144542,48.703192],[29.140636,48.714911],[29.089854,48.730536],[29.074229,48.742255],[29.054698,48.763739],[29.056651,48.775458],[29.087901,48.779364],[29.097423,48.798896],[29.117198,48.794989],[29.119151,48.781317],[29.107432,48.773505],[29.082042,48.763739],[29.089854,48.752021],[29.107432,48.742255],[29.128917,48.740302],[29.164806,48.71839]]]}},{"type":"Feature","properties":{},"geometry":{"type":"Polygon","coordinates":[[[19.550548,49.385565],[19.501598,49.408698],[19.487926,49.410773],[19.494273,49.418341],[19.51002,49.427802],[19.523692,49.431159],[19.551402,49.41413],[19.567149,49.419562],[19.588145,49.442389],[19.616222,49.454535],[19.587901,49.392829],[19.550548,49.385565]]]}},{"type":"Feature","properties":{},"geometry":{"type":"Polygon","coordinates":[[[22.43922,49.350898],[22.428844,49.358771],[22.438975,49.400763],[22.453136,49.401984],[22.47755,49.379767],[22.506114,49.367926],[22.516612,49.358161],[22.523082,49.343024],[22.516124,49.331732],[22.513316,49.342414],[22.499278,49.359137],[22.481944,49.369757],[22.474132,49.370978],[22.458995,49.369452],[22.43922,49.350898]]]}},{"type":"Feature","properties":{},"geometry":{"type":"Polygon","coordinates":[[[27.19337,48.587958],[27.224498,48.579657],[27.229991,48.596686],[27.225841,48.61579],[27.233897,48.630683],[27.231456,48.639838],[27.255382,48.628607],[27.281016,48.634772],[27.314464,48.617255],[27.321422,48.621283],[27.318126,48.641303],[27.326915,48.650458],[27.325084,48.641913],[27.328746,48.626776],[27.348277,48.628669],[27.375987,48.641669],[27.431651,48.623114],[27.453136,48.607489],[27.449596,48.587958],[27.419932,48.60163],[27.392589,48.609442],[27.369151,48.611396],[27.351573,48.597724],[27.328136,48.591864],[27.270763,48.612494],[27.268565,48.60456],[27.273326,48.592719],[27.271495,48.582099],[27.25587,48.560614],[27.199229,48.562567],[27.158458,48.573859],[27.142589,48.556708],[27.121104,48.546942],[27.039073,48.548896],[27.003917,48.558661],[26.950572,48.581122],[26.960948,48.591864],[26.978526,48.595771],[27.048839,48.576239],[27.113292,48.572333],[27.115733,48.581183],[27.112682,48.593024],[27.087413,48.616156],[27.105601,48.616156],[27.130626,48.586615],[27.158214,48.591864],[27.19337,48.587958]]]}},{"type":"Feature","properties":{},"geometry":{"type":"Polygon","coordinates":[[[14.185557,49.443427],[14.172252,49.484992],[14.178599,49.505011],[14.171886,49.528693],[14.165172,49.579779],[14.183971,49.604377],[14.196178,49.601691],[14.189464,49.549079],[14.18983,49.536628],[14.197276,49.519599],[14.192515,49.476447],[14.201182,49.461005],[14.203868,49.437567],[14.185557,49.443427]]]}},{"type":"Feature","properties":{},"geometry":{"type":"Polygon","coordinates":[[[16.513682,48.892646],[16.548106,48.906501],[16.587901,48.913214],[16.639903,48.916877],[16.687633,48.909552],[16.713267,48.896491],[16.726207,48.871649],[16.718028,48.865851],[16.680431,48.884955],[16.632823,48.890692],[16.554698,48.888739],[16.504649,48.877326],[16.513682,48.892646]]]}},{"type":"Feature","properties":{},"geometry":{"type":"Polygon","coordinates":[[[29.148692,47.387091],[29.175792,47.343817],[29.152354,47.324286],[29.126964,47.318427],[29.103526,47.334052],[29.096202,47.323004],[29.112315,47.305365],[29.115489,47.285224],[29.093761,47.296942],[29.082164,47.312995],[29.070323,47.338813],[29.070323,47.36402],[29.087413,47.371955],[29.132823,47.341864],[29.146495,47.35163],[29.140636,47.365302],[29.07545,47.402594],[29.072276,47.423896],[29.081554,47.434516],[29.090099,47.437323],[29.101329,47.411139],[29.113292,47.398505],[29.12379,47.391364],[29.139293,47.395331],[29.148692,47.387091]]]}},{"type":"Feature","properties":{},"geometry":{"type":"Polygon","coordinates":[[[14.094737,48.706244],[14.112071,48.70246],[14.123302,48.693061],[14.137218,48.690436],[14.202891,48.65351],[14.234019,48.647773],[14.21815,48.637824],[14.168224,48.638739],[14.125133,48.662909],[14.082286,48.6789],[14.039683,48.70777],[14.040294,48.71717],[14.042491,48.715827],[14.037242,48.738349],[14.009654,48.757575],[13.983287,48.761237],[13.973521,48.782904],[13.987804,48.788886],[14.009288,48.785895],[14.034923,48.759406],[14.078868,48.7555],[14.104503,48.758185],[14.114513,48.75611],[14.084361,48.721137],[14.094737,48.706244]]]}},{"type":"Feature","properties":{},"geometry":{"type":"Polygon","coordinates":[[[19.484874,49.113837],[19.489024,49.127814],[19.506114,49.133918],[19.526134,49.131171],[19.53712,49.133918],[19.539806,49.125373],[19.552623,49.112921],[19.57606,49.106574],[19.580089,49.098944],[19.559093,49.092841],[19.517589,49.10047],[19.495128,49.092536],[19.484874,49.113837]]]}},{"type":"Feature","properties":{},"geometry":{"type":"Polygon","coordinates":[[[22.045909,48.818122],[22.081798,48.812323],[22.062266,48.797126],[22.023448,48.782233],[21.979991,48.773749],[21.954356,48.782233],[21.965343,48.798957],[22.045909,48.818122]]]}},{"type":"Feature","properties":{},"geometry":{"type":"Polygon","coordinates":[[[27.262706,47.908393],[27.24879,47.866095],[27.205089,47.847052],[27.194347,47.868293],[27.186534,47.894416],[27.154307,47.912177],[27.140636,47.957099],[27.146495,47.970771],[27.143199,47.987128],[27.161876,47.997565],[27.175792,47.988349],[27.181651,47.972724],[27.173106,47.964972],[27.187511,47.949286],[27.187511,47.918036],[27.211192,47.914801],[27.222423,47.901129],[27.225352,47.888068],[27.23817,47.881659],[27.261241,47.91236],[27.262706,47.908393]]]}},{"type":"Feature","properties":{},"geometry":{"type":"Polygon","coordinates":[[[26.069224,46.97193],[26.061046,46.988654],[26.060557,47.005927],[26.053722,47.021491],[26.003917,47.043036],[25.989513,47.059211],[26.029674,47.054938],[26.043712,47.050666],[26.074718,47.024848],[26.085948,47.00904],[26.083751,46.9914],[26.095714,46.974677],[26.114513,46.964362],[26.121715,46.954352],[26.100597,46.946723],[26.080089,46.960089],[26.069224,46.97193]]]}},{"type":"Feature","properties":{"name":"Lac d'Orient"},"geometry":{"type":"Polygon","coordinates":[[[4.299571,48.266486],[4.304454,48.27735],[4.319347,48.294684],[4.348155,48.307135],[4.372569,48.300788],[4.358165,48.276496],[4.334727,48.262824],[4.310802,48.255805],[4.299571,48.266486]]]}},{"type":"Feature","properties":{"name":"CHIEMSEE"},"geometry":{"type":"Polygon","coordinates":[[[12.420665,47.893195],[12.437999,47.923285],[12.450694,47.936408],[12.474986,47.940619],[12.53065,47.90235],[12.527599,47.885871],[12.520274,47.871588],[12.476817,47.857672],[12.468883,47.847907],[12.381358,47.841254],[12.357921,47.883185],[12.367198,47.893195],[12.387828,47.890143],[12.400279,47.884955],[12.420665,47.893195]],[[12.411876,47.865851],[12.402965,47.875006],[12.389293,47.871588],[12.389659,47.861884],[12.402354,47.861579],[12.411876,47.865851]]]}},{"type":"Feature","properties":{"name":"Attersee"},"geometry":{"type":"Polygon","coordinates":[[[13.486583,47.803839],[13.515636,47.832099],[13.527354,47.857306],[13.527354,47.882209],[13.5442,47.936042],[13.555431,47.944831],[13.587413,47.957953],[13.582774,47.932135],[13.546397,47.829108],[13.528087,47.807196],[13.496837,47.798041],[13.486583,47.803839]]]}},{"type":"Feature","properties":{"name":"Starnberger See"},"geometry":{"type":"Polygon","coordinates":[[[11.292003,47.847907],[11.297618,47.860663],[11.295665,47.876166],[11.280284,47.891364],[11.273204,47.902961],[11.333385,47.990729],[11.349132,48.005011],[11.359264,47.997443],[11.351939,47.975898],[11.338634,47.9513],[11.333995,47.907172],[11.336681,47.837897],[11.327403,47.829047],[11.306407,47.83393],[11.292003,47.847907]]]}},{"type":"Feature","properties":{},"geometry":{"type":"Polygon","coordinates":[[[-2.095448,47.362799],[-2.092091,47.384406],[-2.109731,47.379279],[-2.124318,47.36402],[-2.138295,47.357062],[-2.16686,47.366767],[-2.178456,47.39289],[-2.187856,47.430304],[-2.156239,47.404181],[-2.141652,47.397162],[-2.124928,47.394721],[-2.103993,47.396857],[-2.08849,47.388312],[-2.07842,47.371039],[-2.083852,47.361579],[-2.095448,47.362799]]]}},{"type":"Feature","properties":{"name":"Traunsee"},"geometry":{"type":"Polygon","coordinates":[[[13.78773,47.834235],[13.771617,47.901374],[13.782603,47.916877],[13.804454,47.923285],[13.816295,47.873175],[13.809337,47.842719],[13.79774,47.823859],[13.78773,47.834235]]]}},{"type":"Feature","properties":{"name":"Lake Tisza"},"geometry":{"type":"Polygon","coordinates":[[[20.614024,47.606208],[20.630382,47.62995],[20.641978,47.636969],[20.66212,47.645514],[20.683604,47.645758],[20.688487,47.624457],[20.676646,47.611396],[20.634898,47.570502],[20.606212,47.5633],[20.59669,47.568854],[20.614024,47.606208]]]}},{"type":"Feature","properties":{"name":"Ammersee"},"geometry":{"type":"Polygon","coordinates":[[[11.116099,47.955512],[11.108775,47.965583],[11.097423,48.00904],[11.097789,48.045478],[11.105113,48.06922],[11.124034,48.081671],[11.13795,48.078253],[11.133067,48.04029],[11.142589,48.016852],[11.170421,48.004157],[11.160777,47.989264],[11.144664,47.950019],[11.130626,47.950019],[11.116099,47.955512]]]}},{"type":"Feature","properties":{"name":"Neusiedlersee"},"geometry":{"type":"Polygon","coordinates":[[[16.768809,47.80445],[16.746104,47.769782],[16.737193,47.738776],[16.741222,47.711432],[16.761851,47.712043],[16.781871,47.718146],[16.800792,47.704169],[16.806163,47.688361],[16.800426,47.678351],[16.793712,47.673712],[16.78065,47.681952],[16.744395,47.690436],[16.717784,47.738166],[16.704967,47.741828],[16.706798,47.724799],[16.70106,47.712958],[16.69044,47.725104],[16.694957,47.743354],[16.707408,47.750067],[16.71107,47.757086],[16.703136,47.764289],[16.702159,47.788642],[16.724132,47.836676],[16.733531,47.883795],[16.746959,47.902289],[16.772472,47.922065],[16.80714,47.931769],[16.837169,47.936652],[16.851085,47.929328],[16.84962,47.907782],[16.839366,47.880439],[16.768809,47.80445]]]}},{"type":"Feature","properties":{"name":"\u00c9tang de Bonnevais"},"geometry":{"type":"Polygon","coordinates":[[[4.830577,48.584357],[4.840831,48.576422],[4.825694,48.572821],[4.790782,48.556098],[4.780406,48.556098],[4.764659,48.565192],[4.712901,48.566413],[4.702891,48.595587],[4.704723,48.604987],[4.723888,48.615973],[4.761241,48.615973],[4.789195,48.608649],[4.787974,48.599616],[4.794322,48.586188],[4.810069,48.579779],[4.813243,48.583136],[4.830577,48.584357]]]}},{"type":"Feature","properties":{"name":"Walensee"},"geometry":{"type":"Polygon","coordinates":[[[9.206065,47.122443],[9.13795,47.132697],[9.131358,47.140631],[9.150401,47.144599],[9.232188,47.139411],[9.302135,47.130622],[9.28004,47.123908],[9.247813,47.121833],[9.206065,47.122443]]]}},{"type":"Feature","properties":{"name":"Zugersee"},"geometry":{"type":"Polygon","coordinates":[[[8.479381,47.094123],[8.476085,47.123297],[8.458995,47.156134],[8.462047,47.186835],[8.492442,47.185065],[8.510265,47.161017],[8.499522,47.125434],[8.526866,47.088629],[8.524058,47.074103],[8.507091,47.075568],[8.479381,47.094123]]]}},{"type":"Feature","properties":{"name":"Bielersee"},"geometry":{"type":"Polygon","coordinates":[[[7.076671,47.059821],[7.225841,47.140631],[7.233165,47.1388],[7.187022,47.077399],[7.153331,47.055182],[7.122569,47.047309],[7.076671,47.059821]]]}},{"type":"Feature","properties":{"name":"Yalpug and Kugurlui"},"geometry":{"type":"Polygon","coordinates":[[[28.623302,45.346198],[28.60316,45.354987],[28.595836,45.374091],[28.588512,45.493293],[28.599498,45.539801],[28.616222,45.555304],[28.616222,45.564948],[28.611095,45.586249],[28.596812,45.610602],[28.584972,45.640021],[28.587413,45.669196],[28.594737,45.682318],[28.606822,45.679572],[28.62318,45.621466],[28.634166,45.603278],[28.644786,45.541266],[28.65211,45.530341],[28.653575,45.471686],[28.669688,45.424567],[28.66273,45.399298],[28.670665,45.3805],[28.671275,45.36109],[28.685802,45.350104],[28.712291,45.340338],[28.740489,45.324225],[28.747203,45.311164],[28.725963,45.305732],[28.732432,45.277777],[28.711681,45.268073],[28.681651,45.265265],[28.635997,45.268927],[28.602306,45.280158],[28.583995,45.301764],[28.587657,45.319953],[28.6338,45.333075],[28.623302,45.346198]]]}},{"type":"Feature","properties":{},"geometry":{"type":"Polygon","coordinates":[[[29.036021,45.444342],[29.030284,45.414862],[29.016612,45.40058],[28.994029,45.407538],[28.968516,45.410285],[28.952647,45.433356],[28.953868,45.462897],[28.95753,45.471686],[28.970348,45.476203],[28.975597,45.490485],[28.968516,45.502387],[28.96754,45.516364],[28.954112,45.565924],[28.960216,45.592353],[28.972179,45.588996],[28.97401,45.568366],[28.971202,45.545233],[28.981944,45.52851],[28.995616,45.484748],[29.007335,45.463507],[29.025401,45.464118],[29.042979,45.470771],[29.045177,45.465583],[29.036021,45.444342]]]}},{"type":"Feature","properties":{"name":"Z\u00fcrichsee"},"geometry":{"type":"Polygon","coordinates":[[[8.761485,47.242438],[8.806407,47.245795],[8.83253,47.227545],[8.937022,47.228156],[8.92213,47.217536],[8.873057,47.213568],[8.833751,47.202033],[8.768809,47.215399],[8.730968,47.212043],[8.708507,47.217841],[8.665782,47.2461],[8.636729,47.259467],[8.610362,47.265509],[8.590343,47.276496],[8.558116,47.318732],[8.53712,47.360724],[8.552257,47.361945],[8.598155,47.303839],[8.652599,47.274665],[8.723155,47.2461],[8.761485,47.242438]]]}},{"type":"Feature","properties":{},"geometry":{"type":"Polygon","coordinates":[[[29.121349,45.502387],[29.15211,45.5586],[29.197276,45.60755],[29.187266,45.628546],[29.181285,45.663459],[29.181895,45.692023],[29.195811,45.696295],[29.218639,45.680487],[29.222911,45.64588],[29.229503,45.634894],[29.220714,45.612067],[29.167247,45.545233],[29.16273,45.532111],[29.171153,45.495368],[29.152599,45.491461],[29.130504,45.492377],[29.121349,45.502387]]]}},{"type":"Feature","properties":{},"geometry":{"type":"Polygon","coordinates":[[[27.156261,46.211005],[27.082042,46.287177],[27.074229,46.304755],[27.093761,46.305609],[27.125011,46.275458],[27.136729,46.271552],[27.145396,46.254035],[27.182017,46.214423],[27.175914,46.200324],[27.156261,46.211005]]]}},{"type":"Feature","properties":{},"geometry":{"type":"Polygon","coordinates":[[[28.133556,45.833991],[28.134166,45.849494],[28.145518,45.865607],[28.170421,45.869513],[28.184581,45.863166],[28.178477,45.827582],[28.149669,45.794196],[28.133556,45.833991]]]}},{"type":"Feature","properties":{},"geometry":{"type":"Polygon","coordinates":[[[28.371837,45.350348],[28.320811,45.386847],[28.309581,45.410285],[28.319835,45.43006],[28.345958,45.434577],[28.382213,45.419074],[28.411143,45.420295],[28.419566,45.443122],[28.412242,45.494757],[28.419566,45.51789],[28.42628,45.516059],[28.441783,45.422736],[28.444102,45.37049],[28.438731,45.349494],[28.418468,45.344001],[28.389781,45.343146],[28.371837,45.350348]]]}},{"type":"Feature","properties":{"name":"Neuch\u00e2tel"},"geometry":{"type":"Polygon","coordinates":[[[6.853282,46.865241],[6.749644,46.812995],[6.730479,46.815131],[6.659679,46.794135],[6.643565,46.801764],[6.647227,46.817267],[6.689464,46.836432],[6.734141,46.864386],[6.771739,46.897467],[6.822887,46.933966],[6.855724,46.948249],[6.873057,46.966437],[6.880015,46.98255],[6.984874,47.01966],[7.021983,47.011176],[7.043468,47.002326],[7.035045,46.98017],[6.9546,46.930365],[6.913097,46.908454],[6.853282,46.865241]]]}},{"type":"Feature","properties":{"name":"MURTENSEE"},"geometry":{"type":"Polygon","coordinates":[[[7.041026,46.921149],[7.051036,46.940314],[7.088878,46.958564],[7.11671,46.965277],[7.129527,46.958258],[7.108653,46.935187],[7.073619,46.915717],[7.056651,46.91297],[7.041026,46.921149]]]}},{"type":"Feature","properties":{},"geometry":{"type":"Polygon","coordinates":[[[29.336925,45.302375],[29.32838,45.3133],[29.338634,45.327582],[29.352672,45.335517],[29.365733,45.338263],[29.378917,45.319709],[29.394664,45.31214],[29.402843,45.294806],[29.38734,45.277777],[29.366099,45.271979],[29.359141,45.274115],[29.363536,45.281134],[29.359019,45.29267],[29.336925,45.302375]]]}},{"type":"Feature","properties":{"name":"Lacul Brates"},"geometry":{"type":"Polygon","coordinates":[[[28.095958,45.463507],[28.049083,45.474128],[28.042979,45.495978],[28.067393,45.513922],[28.098643,45.512702],[28.102306,45.486274],[28.095958,45.463507]]]}},{"type":"Feature","properties":{"name":"Vierwaldst\u00e4ttersee"},"geometry":{"type":"Polygon","coordinates":[[[8.385997,47.057624],[8.421031,47.074347],[8.430431,47.067694],[8.413097,47.049445],[8.423717,47.03852],[8.465343,47.030036],[8.487559,47.010871],[8.507579,47.000861],[8.537364,46.999884],[8.562266,47.002936],[8.580577,47.00904],[8.599132,47.005988],[8.615489,46.978034],[8.617076,46.935187],[8.624644,46.921515],[8.61671,46.905036],[8.600597,46.899909],[8.587901,46.932746],[8.587291,46.954962],[8.594859,46.983771],[8.591197,46.995063],[8.531627,46.976447],[8.493663,46.971625],[8.42213,46.989875],[8.438975,46.999884],[8.414683,47.009772],[8.359874,47.001715],[8.321544,46.97071],[8.2942,46.961615],[8.28297,46.964667],[8.314952,46.994391],[8.31129,47.00904],[8.312755,47.018134],[8.335216,47.011481],[8.339244,47.027533],[8.330699,47.05799],[8.33839,47.059455],[8.353282,47.048835],[8.385997,47.057624]]]}},{"type":"Feature","properties":{},"geometry":{"type":"Polygon","coordinates":[[[-1.707265,47.09748],[-1.700612,47.11817],[-1.670522,47.127265],[-1.642262,47.111457],[-1.638905,47.092902],[-1.648305,47.083136],[-1.665944,47.076178],[-1.691518,47.081061],[-1.707265,47.09748]]]}},{"type":"Feature","properties":{"name":"Lago di Como"},"geometry":{"type":"Polygon","coordinates":[[[9.141612,45.895026],[9.131114,45.933722],[9.151622,45.965583],[9.230968,45.995368],[9.237315,46.006354],[9.236461,46.02851],[9.24464,46.047003],[9.270763,46.073493],[9.285411,46.134284],[9.307628,46.151618],[9.339244,46.162543],[9.348888,46.172248],[9.370128,46.174994],[9.379893,46.161933],[9.373057,46.148566],[9.328624,46.134284],[9.317027,46.123297],[9.316173,46.103888],[9.305431,46.087165],[9.306163,46.07862],[9.313121,46.067145],[9.307628,46.053473],[9.293712,46.039801],[9.284923,46.025763],[9.320323,45.920905],[9.341319,45.903571],[9.36317,45.894171],[9.408214,45.841559],[9.412852,45.819342],[9.400401,45.819709],[9.396373,45.839728],[9.38148,45.858893],[9.365977,45.869513],[9.356212,45.881354],[9.309703,45.905707],[9.281993,45.947333],[9.264659,45.984748],[9.246837,45.984992],[9.223155,45.968024],[9.198253,45.956794],[9.168101,45.949469],[9.154063,45.933356],[9.156016,45.899054],[9.147472,45.870734],[9.127086,45.866523],[9.10609,45.85401],[9.075938,45.82276],[9.067515,45.826667],[9.073253,45.84217],[9.084727,45.854071],[9.106944,45.872321],[9.129161,45.882331],[9.141612,45.895026]]]}},{"type":"Feature","properties":{"name":"Lacul Babadag"},"geometry":{"type":"Polygon","coordinates":[[[28.803233,44.899054],[28.748546,44.914252],[28.735728,44.926764],[28.738048,44.942511],[28.756602,44.950751],[28.776134,44.944648],[28.796153,44.920661],[28.803233,44.899054]]]}},{"type":"Feature","properties":{"name":"W\u00f6rthersee"},"geometry":{"type":"Polygon","coordinates":[[[14.095958,46.63758],[14.143687,46.644294],[14.177379,46.633918],[14.214122,46.630622],[14.243053,46.633979],[14.252208,46.626044],[14.229015,46.619635],[14.195567,46.61695],[14.1421,46.628485],[14.097423,46.625495],[14.065562,46.618476],[14.059459,46.623664],[14.095958,46.63758]]]}},{"type":"Feature","properties":{"name":"Lacul Dranov"},"geometry":{"type":"Polygon","coordinates":[[[29.164806,44.866584],[29.167247,44.882331],[29.181895,44.897589],[29.201915,44.904792],[29.221934,44.903937],[29.233531,44.893927],[29.224132,44.880194],[29.195323,44.858649],[29.173595,44.856513],[29.164806,44.866584]]]}},{"type":"Feature","properties":{"name":"Lacul Ta\u015faul"},"geometry":{"type":"Polygon","coordinates":[[[28.564952,44.369269],[28.555186,44.388129],[28.564586,44.400275],[28.582286,44.387519],[28.609264,44.38172],[28.635387,44.366584],[28.631114,44.345832],[28.612804,44.337958],[28.607188,44.347419],[28.584727,44.365363],[28.564952,44.369269]]]}},{"type":"Feature","properties":{"name":"Lac d' Annecy"},"geometry":{"type":"Polygon","coordinates":[[[6.218028,45.802069],[6.20045,45.837043],[6.151134,45.858649],[6.139293,45.905707],[6.147227,45.913642],[6.172984,45.894171],[6.188731,45.863166],[6.200694,45.851325],[6.220714,45.839728],[6.23231,45.82215],[6.228038,45.808478],[6.218028,45.802069]]]}},{"type":"Feature","properties":{"name":"Lago di Lugano - Ceresio"},"geometry":{"type":"Polygon","coordinates":[[[8.965587,45.952765],[8.983043,45.921515],[8.977306,45.914252],[8.960216,45.938849],[8.927989,45.927924],[8.9015,45.912726],[8.885997,45.974372],[8.894542,45.991095],[8.903331,45.999335],[8.906383,45.987494],[8.902721,45.95008],[8.908824,45.936408],[8.924937,45.936408],[8.93922,45.953131],[8.951671,45.974982],[8.953258,45.998114],[8.96046,46.012397],[8.989757,46.010871],[9.021617,46.023322],[9.121837,46.041266],[9.110606,46.026374],[9.06837,46.017829],[9.039317,46.016974],[9.007091,46.003302],[8.971446,45.974982],[8.965587,45.952765]]]}},{"type":"Feature","properties":{"name":"Brienzersee"},"geometry":{"type":"Polygon","coordinates":[[[7.894054,46.706305],[7.984141,46.758307],[8.005504,46.765265],[8.030528,46.76496],[8.04835,46.7555],[8.03773,46.746711],[8.010631,46.739753],[7.944102,46.709357],[7.904552,46.698371],[7.894054,46.706305]]]}},{"type":"Feature","properties":{"name":"Thunersee"},"geometry":{"type":"Polygon","coordinates":[[[7.734386,46.672248],[7.656505,46.710822],[7.637218,46.728522],[7.633189,46.742804],[7.64503,46.752509],[7.739268,46.703253],[7.777599,46.691413],[7.816417,46.68653],[7.822276,46.674079],[7.776866,46.664374],[7.734386,46.672248]]]}},{"type":"Feature","properties":{"name":"Lacul Isacov"},"geometry":{"type":"Polygon","coordinates":[[[29.25941,45.086554],[29.233897,45.101447],[29.222667,45.120002],[29.250011,45.129401],[29.285899,45.127326],[29.300059,45.110602],[29.25941,45.086554]]]}},{"type":"Feature","properties":{},"geometry":{"type":"Polygon","coordinates":[[[12.10023,44.608771],[12.103038,44.644049],[12.132457,44.660468],[12.166515,44.663459],[12.180797,44.697211],[12.22755,44.662604],[12.244273,44.606696],[12.223765,44.583686],[12.205333,44.573493],[12.177745,44.564215],[12.129039,44.559211],[12.119395,44.580817],[12.10023,44.608771]]]}},{"type":"Feature","properties":{"name":"Balta Bistre?"},"geometry":{"type":"Polygon","coordinates":[[[23.528575,43.883918],[23.519054,43.894782],[23.554698,43.90058],[23.612071,43.891181],[23.626964,43.87995],[23.612682,43.868048],[23.594737,43.866828],[23.528575,43.883918]]]}},{"type":"Feature","properties":{},"geometry":{"type":"Polygon","coordinates":[[[6.341075,44.469306],[6.283092,44.480231],[6.273448,44.485358],[6.307628,44.508429],[6.322032,44.522162],[6.414317,44.546149],[6.425304,44.542487],[6.351451,44.521552],[6.322887,44.506659],[6.3119,44.491767],[6.316417,44.478644],[6.355479,44.471686],[6.341075,44.469306]]]}},{"type":"Feature","properties":{"name":"\u00c9tang de Biscarrosse"},"geometry":{"type":"Polygon","coordinates":[[[-1.193349,44.329169],[-1.199696,44.364997],[-1.193654,44.39234],[-1.172719,44.385382],[-1.141713,44.366217],[-1.099416,44.351691],[-1.124623,44.342231],[-1.162343,44.33338],[-1.186635,44.315192],[-1.193349,44.329169]]]}},{"type":"Feature","properties":{"name":"\u00c9tang de Cazaux"},"geometry":{"type":"Polygon","coordinates":[[[-1.195424,44.455939],[-1.197865,44.492987],[-1.193593,44.51673],[-1.172353,44.532233],[-1.150502,44.532477],[-1.090566,44.503913],[-1.091176,44.493598],[-1.129811,44.473822],[-1.159596,44.448615],[-1.179677,44.443488],[-1.195424,44.455939]]]}},{"type":"Feature","properties":{},"geometry":{"type":"Polygon","coordinates":[[[-5.081288,42.963507],[-5.060536,42.980536],[-5.026112,42.993293],[-5.009633,43.005133],[-5.007802,43.014899],[-4.979848,42.970832],[-4.985341,42.966559],[-4.999623,42.966315],[-5.034291,42.970038],[-5.05248,42.952948],[-5.077077,42.955756],[-5.081288,42.963507]]]}},{"type":"Feature","properties":{},"geometry":{"type":"Polygon","coordinates":[[[26.669444,43.038947],[26.714366,43.056281],[26.759044,43.057746],[26.787974,43.096076],[26.799327,43.097907],[26.795909,43.083869],[26.768321,43.052253],[26.750255,43.04621],[26.716563,43.047126],[26.683726,43.036139],[26.669444,43.038947]]]}},{"type":"Feature","properties":{},"geometry":{"type":"Polygon","coordinates":[[[15.619029,43.864386],[15.524425,43.919135],[15.513927,43.938605],[15.533336,43.946479],[15.558238,43.938849],[15.63795,43.865363],[15.619029,43.864386]]]}},{"type":"Feature","properties":{"name":"Lago d' Iseo"},"geometry":{"type":"Polygon","coordinates":[[[10.028209,45.6659],[9.993053,45.673529],[9.977306,45.671393],[9.971202,45.674689],[9.989635,45.685065],[10.050059,45.694464],[10.050059,45.728217],[10.045665,45.75318],[10.03712,45.771064],[10.080577,45.827643],[10.096934,45.818793],[10.094737,45.799689],[10.07838,45.792365],[10.071422,45.78443],[10.110362,45.718146],[10.099376,45.697516],[10.066905,45.67652],[10.028209,45.6659]]]}},{"type":"Feature","properties":{"name":"Lacul Oltina"},"geometry":{"type":"Polygon","coordinates":[[[27.622081,44.137091],[27.611095,44.175666],[27.616222,44.19361],[27.639049,44.189643],[27.66151,44.175055],[27.658458,44.153449],[27.637584,44.140692],[27.622081,44.137091]]]}},{"type":"Feature","properties":{"name":"\u00c9tang de Carcans"},"geometry":{"type":"Polygon","coordinates":[[[-1.07665,45.164069],[-1.097035,45.094794],[-1.110097,45.074103],[-1.12682,45.070807],[-1.138295,45.076911],[-1.141103,45.119757],[-1.13683,45.162604],[-1.127675,45.184455],[-1.1256,45.211554],[-1.116139,45.218512],[-1.098256,45.211798],[-1.080312,45.180793],[-1.07665,45.164069]]]}},{"type":"Feature","properties":{"name":"Lac du Bourget"},"geometry":{"type":"Polygon","coordinates":[[[5.858653,45.680793],[5.85963,45.718207],[5.822276,45.802375],[5.825694,45.811469],[5.843272,45.811774],[5.861827,45.79444],[5.886485,45.7461],[5.880992,45.736457],[5.886974,45.72547],[5.894908,45.678656],[5.886119,45.658271],[5.869151,45.661628],[5.858653,45.680793]]]}},{"type":"Feature","properties":{},"geometry":{"type":"Polygon","coordinates":[[[26.890391,44.255011],[26.895274,44.26258],[26.846934,44.276862],[26.846934,44.288092],[26.85731,44.298712],[26.864268,44.300299],[26.895885,44.294196],[26.914073,44.276007],[26.928844,44.248358],[26.920787,44.225836],[26.895274,44.235541],[26.890391,44.255011]]]}},{"type":"Feature","properties":{},"geometry":{"type":"Polygon","coordinates":[[[24.153819,41.656562],[24.037852,41.722541],[24.033946,41.734992],[24.062266,41.732306],[24.092052,41.712775],[24.109141,41.694831],[24.155772,41.678717],[24.158946,41.663214],[24.153819,41.656562]]]}},{"type":"Feature","properties":{},"geometry":{"type":"MultiPolygon","coordinates":[[[[25.469924,41.626071],[25.469493,41.624945],[25.466296,41.625826],[25.469924,41.626071]]],[[[25.439708,41.62403],[25.41627,41.633795],[25.430675,41.637152],[25.466296,41.625826],[25.439708,41.62403]]],[[[25.605968,41.639899],[25.599864,41.637091],[25.578624,41.645026],[25.546641,41.647162],[25.469924,41.626071],[25.474376,41.637702],[25.488048,41.645026],[25.513927,41.645331],[25.541759,41.654425],[25.560313,41.666877],[25.570811,41.669318],[25.587413,41.652594],[25.601085,41.649909],[25.605968,41.639899]]]]}},{"type":"Feature","properties":{"name":"Lago di Bolsena"},"geometry":{"type":"Polygon","coordinates":[[[11.919078,42.546515],[11.87318,42.585089],[11.862804,42.608527],[11.879649,42.638007],[11.911143,42.656867],[11.950694,42.659613],[11.982677,42.648932],[11.992442,42.633185],[11.995372,42.591193],[11.995128,42.570197],[11.984141,42.548346],[11.948863,42.542914],[11.919078,42.546515]]]}},{"type":"Feature","properties":{},"geometry":{"type":"Polygon","coordinates":[[[29.367564,41.032599],[29.350597,41.020758],[29.354747,41.005866],[29.354259,40.985175],[29.349742,40.987433],[29.34547,41.010993],[29.346324,41.027106],[29.363658,41.077521],[29.380382,41.082099],[29.392589,41.066596],[29.382091,41.045905],[29.396495,41.036872],[29.4192,41.035041],[29.431163,41.029853],[29.367564,41.032599]]]}},{"type":"Feature","properties":{"name":"Batak"},"geometry":{"type":"Polygon","coordinates":[[[24.157115,41.96778],[24.183238,41.992743],[24.188731,42.011237],[24.195079,42.017646],[24.202647,42.002143],[24.211192,41.970587],[24.193614,41.958136],[24.167979,41.954718],[24.157115,41.96778]]]}},{"type":"Feature","properties":{},"geometry":{"type":"Polygon","coordinates":[[[20.283214,42.123114],[20.279307,42.150458],[20.263072,42.163886],[20.228526,42.185614],[20.150279,42.215399],[20.177745,42.222724],[20.220714,42.205146],[20.253917,42.197333],[20.285167,42.181708],[20.302745,42.166083],[20.314464,42.146552],[20.308604,42.130927],[20.312511,42.121161],[20.332042,42.113349],[20.343761,42.103583],[20.421153,42.105109],[20.375011,42.019599],[20.362682,42.010627],[20.369151,42.060614],[20.367198,42.074286],[20.34962,42.084052],[20.330089,42.084052],[20.31837,42.093817],[20.298595,42.102729],[20.283214,42.123114]]]}},{"type":"Feature","properties":{"name":"Durusu Golu"},"geometry":{"type":"Polygon","coordinates":[[[28.619884,41.32984],[28.600474,41.336554],[28.55482,41.330146],[28.548839,41.341071],[28.553966,41.363288],[28.545177,41.370856],[28.52296,41.381232],[28.476451,41.396125],[28.467296,41.40705],[28.502574,41.401252],[28.558116,41.383307],[28.578624,41.373603],[28.612315,41.342902],[28.653575,41.317389],[28.63502,41.318854],[28.619884,41.32984]]]}},{"type":"Feature","properties":{},"geometry":{"type":"Polygon","coordinates":[[[-6.017812,41.641364],[-5.995046,41.631659],[-5.976491,41.614997],[-5.938222,41.612799],[-5.927724,41.621161],[-5.927541,41.629523],[-5.913258,41.651984],[-5.884755,41.685614],[-5.836415,41.717047],[-5.808095,41.718268],[-5.805653,41.708869],[-5.812489,41.703192],[-5.822255,41.703192],[-5.843739,41.683661],[-5.85735,41.668097],[-5.858571,41.656867],[-5.873036,41.650458],[-5.886708,41.648505],[-5.894521,41.640143],[-5.906972,41.60871],[-5.958974,41.577887],[-5.958974,41.543219],[-5.982533,41.550177],[-5.978932,41.564826],[-5.980458,41.582099],[-5.989247,41.613715],[-6.005055,41.63349],[-6.022389,41.638068],[-6.032704,41.651129],[-6.030019,41.65235],[-6.017812,41.641364]]]}},{"type":"Feature","properties":{"name":"Trasimeno"},"geometry":{"type":"Polygon","coordinates":[[[12.074962,43.104254],[12.054942,43.119147],[12.052745,43.129767],[12.023692,43.173224],[12.037364,43.193915],[12.076915,43.200934],[12.117564,43.196662],[12.182017,43.181159],[12.185924,43.169013],[12.172252,43.158942],[12.162852,43.140143],[12.181407,43.108161],[12.161388,43.098761],[12.133311,43.092658],[12.105113,43.092658],[12.074962,43.104254]]]}},{"type":"Feature","properties":{},"geometry":{"type":"Polygon","coordinates":[[[18.499522,42.747443],[18.469737,42.765021],[18.45692,42.80152],[18.433116,42.812506],[18.418224,42.824347],[18.393321,42.855963],[18.404552,42.858039],[18.433604,42.854132],[18.448741,42.844733],[18.46754,42.812201],[18.476573,42.772956],[18.499522,42.747443]]]}},{"type":"Feature","properties":{"name":"Iskar"},"geometry":{"type":"Polygon","coordinates":[[[23.59547,42.448981],[23.575328,42.455329],[23.556407,42.470221],[23.534923,42.516486],[23.564708,42.505805],[23.596568,42.479987],[23.624034,42.463263],[23.623057,42.451056],[23.615245,42.440192],[23.60963,42.440436],[23.59547,42.448981]]]}},{"type":"Feature","properties":{"name":"L\u00edmni Viston\u00edda"},"geometry":{"type":"Polygon","coordinates":[[[25.16981,41.020575],[25.08961,41.037604],[25.080455,41.054633],[25.08253,41.075263],[25.107799,41.106024],[25.127574,41.100165],[25.130626,41.083197],[25.140147,41.067694],[25.165904,41.052191],[25.176524,41.033637],[25.16981,41.020575]]]}},{"type":"Feature","properties":{},"geometry":{"type":"Polygon","coordinates":[[[-6.256154,41.247809],[-6.276479,41.250495],[-6.284047,41.225287],[-6.321767,41.279364],[-6.323598,41.295478],[-6.31017,41.299445],[-6.295033,41.290656],[-6.275258,41.285773],[-6.256703,41.288825],[-6.247304,41.269355],[-6.21935,41.249152],[-6.196523,41.238532],[-6.174062,41.218024],[-6.199574,41.221076],[-6.256154,41.247809]]]}},{"type":"Feature","properties":{"name":"Lago di Bracciano"},"geometry":{"type":"Polygon","coordinates":[[[12.204478,42.099982],[12.18568,42.113715],[12.176036,42.130439],[12.18568,42.149298],[12.208995,42.163825],[12.25587,42.166571],[12.276256,42.150519],[12.283214,42.12464],[12.265636,42.100653],[12.24586,42.094001],[12.22755,42.091803],[12.204478,42.099982]]]}},{"type":"Feature","properties":{"name":"\u0130znik G\u00f6l\u00fc"},"geometry":{"type":"Polygon","coordinates":[[[29.651744,40.398871],[29.571544,40.390631],[29.483165,40.399176],[29.440562,40.414679],[29.421153,40.428351],[29.36964,40.421942],[29.349376,40.434699],[29.336925,40.457221],[29.341441,40.479743],[29.359141,40.493415],[29.400401,40.512213],[29.499766,40.49549],[29.55421,40.490058],[29.624522,40.499457],[29.65089,40.487311],[29.671886,40.466315],[29.690929,40.457526],[29.710094,40.454474],[29.71046,40.432868],[29.689708,40.407965],[29.651744,40.398871]]]}},{"type":"Feature","properties":{},"geometry":{"type":"Polygon","coordinates":[[[19.623057,42.031317],[19.617198,42.048896],[19.618663,42.070258],[19.636485,42.082709],[19.652354,42.079657],[19.667491,42.072089],[19.644542,42.062567],[19.652354,42.042853],[19.648936,42.024359],[19.623057,42.031317]]]}},{"type":"Feature","properties":{"name":"Limni Kerkinis"},"geometry":{"type":"Polygon","coordinates":[[[23.22816,41.16175],[23.187389,41.188788],[23.161021,41.198554],[23.128795,41.203681],[23.108409,41.217963],[23.117564,41.25019],[23.114513,41.263251],[23.132457,41.270575],[23.16627,41.260993],[23.219981,41.200324],[23.249278,41.156989],[23.22816,41.16175]]]}},{"type":"Feature","properties":{},"geometry":{"type":"Polygon","coordinates":[[[4.583507,43.514716],[4.517833,43.516303],[4.508067,43.507148],[4.526012,43.495307],[4.49171,43.481024],[4.472179,43.483466],[4.451427,43.479193],[4.442882,43.482856],[4.444835,43.50141],[4.432994,43.525092],[4.444835,43.529364],[4.507701,43.53144],[4.530772,43.536322],[4.507823,43.544257],[4.487071,43.559149],[4.492198,43.576483],[4.537242,43.584662],[4.562511,43.584906],[4.613536,43.579169],[4.632579,43.565497],[4.638682,43.547309],[4.624156,43.53205],[4.601085,43.518744],[4.583507,43.514716]]]}},{"type":"Feature","properties":{},"geometry":{"type":"Polygon","coordinates":[[[4.232066,43.479193],[4.220836,43.487738],[4.216807,43.507453],[4.229259,43.53205],[4.216197,43.543647],[4.197398,43.547919],[4.188975,43.565802],[4.20106,43.573432],[4.226573,43.564887],[4.243907,43.546942],[4.246104,43.525336],[4.250865,43.513251],[4.268809,43.506232],[4.293712,43.528388],[4.31544,43.522956],[4.316661,43.498969],[4.313853,43.482856],[4.294444,43.478888],[4.232066,43.479193]]]}},{"type":"Feature","properties":{},"geometry":{"type":"Polygon","coordinates":[[[27.349132,42.503974],[27.374522,42.520636],[27.400401,42.524054],[27.431163,42.521613],[27.44752,42.514045],[27.443004,42.494574],[27.414806,42.490302],[27.386485,42.500006],[27.365733,42.488166],[27.352061,42.490607],[27.349132,42.503974]]]}},{"type":"Feature","properties":{},"geometry":{"type":"Polygon","coordinates":[[[15.904063,43.726691],[15.895885,43.725836],[15.847911,43.771125],[15.846446,43.788459],[15.854869,43.799689],[15.857188,43.83985],[15.87672,43.834601],[15.890636,43.814276],[15.887096,43.797248],[15.868907,43.794806],[15.852794,43.784796],[15.870616,43.758368],[15.897105,43.737067],[15.904063,43.726691]]]}},{"type":"Feature","properties":{},"geometry":{"type":"Polygon","coordinates":[[[-4.039784,42.985419],[-4.078114,42.991828],[-4.073476,43.004279],[-4.05193,43.015509],[-4.029164,43.018561],[-4.020314,43.013373],[-4.055898,43.002692],[-4.047353,42.993293],[-4.023061,42.990607],[-4.006642,42.999701],[-3.995961,43.018195],[-3.980214,43.028571],[-3.967397,43.024298],[-3.917836,43.045295],[-3.885671,43.041022],[-3.868642,43.027716],[-3.871083,43.007575],[-3.891713,42.997565],[-3.93578,43.001532],[-3.979848,42.994879],[-3.997792,42.986945],[-4.039784,42.985419]]]}},{"type":"Feature","properties":{"name":"Jrebchevo"},"geometry":{"type":"Polygon","coordinates":[[[25.877696,42.589057],[25.850597,42.627082],[25.831309,42.640998],[25.849376,42.655951],[25.885265,42.643439],[25.876475,42.631354],[25.890514,42.618476],[25.911265,42.60932],[25.931163,42.604865],[25.915416,42.597602],[25.877696,42.589057]]]}},{"type":"Feature","properties":{"name":"Sainte-Croix"},"geometry":{"type":"Polygon","coordinates":[[[6.153331,43.745002],[6.142955,43.75318],[6.158458,43.768683],[6.199229,43.80091],[6.22047,43.807868],[6.208263,43.786017],[6.186778,43.767768],[6.177013,43.754096],[6.179698,43.738898],[6.153331,43.745002]]]}},{"type":"Feature","properties":{},"geometry":{"type":"Polygon","coordinates":[[[3.525767,43.351264],[3.529063,43.380439],[3.541881,43.395575],[3.573497,43.423529],[3.619151,43.456366],[3.644908,43.464301],[3.665294,43.479499],[3.692882,43.448432],[3.691417,43.435126],[3.676524,43.432074],[3.650645,43.419623],[3.625499,43.401068],[3.588634,43.379828],[3.544932,43.346991],[3.528819,43.345465],[3.525767,43.351264]]]}},{"type":"Feature","properties":{"name":"Mandra"},"geometry":{"type":"Polygon","coordinates":[[[27.316661,42.402167],[27.359752,42.427375],[27.376964,42.442267],[27.399913,42.445624],[27.425059,42.454718],[27.441173,42.454718],[27.439342,42.441962],[27.431773,42.433112],[27.434825,42.417975],[27.43336,42.409125],[27.407725,42.427069],[27.395518,42.421881],[27.391368,42.406378],[27.382213,42.397895],[27.334727,42.388495],[27.318614,42.390937],[27.316661,42.402167]]]}},{"type":"Feature","properties":{},"geometry":{"type":"Polygon","coordinates":[[[17.001353,43.648932],[16.97877,43.660163],[16.973888,43.671759],[16.973033,43.705451],[16.984019,43.708808],[17.057262,43.696051],[17.116222,43.691779],[17.079723,43.687506],[17.076182,43.666266],[17.067882,43.64466],[17.048106,43.640387],[17.02711,43.641913],[17.001353,43.648932]]]}},{"type":"Feature","properties":{"name":"Limni Ioanninon"},"geometry":{"type":"Polygon","coordinates":[[[20.87086,39.658759],[20.861705,39.674872],[20.842296,39.690924],[20.847423,39.697333],[20.914561,39.678839],[20.923106,39.668769],[20.910289,39.65467],[20.891612,39.645697],[20.87086,39.658759]]]}},{"type":"Feature","properties":{},"geometry":{"type":"Polygon","coordinates":[[[-5.330922,38.946295],[-5.260732,38.959357],[-5.236684,38.951483],[-5.211476,38.968817],[-5.197499,38.989753],[-5.196278,39.017707],[-5.161305,39.035651],[-5.148549,39.031745],[-5.179555,39.018683],[-5.193532,38.971808],[-5.189809,38.924933],[-5.183522,38.904425],[-5.16863,38.900763],[-5.137929,38.881598],[-5.126698,38.883673],[-5.118459,38.889167],[-5.088368,38.86518],[-5.069203,38.860602],[-5.030629,38.837226],[-5.008168,38.833869],[-5.012685,38.827399],[-5.037953,38.824103],[-5.06432,38.804694],[-5.060536,38.785224],[-5.068959,38.750617],[-5.078114,38.755927],[-5.081654,38.785834],[-5.065907,38.838996],[-5.117299,38.848761],[-5.137318,38.864875],[-5.151296,38.870368],[-5.163442,38.881293],[-5.216786,38.912177],[-5.251576,38.92713],[-5.2683,38.92591],[-5.305104,38.931159],[-5.325429,38.917731],[-5.331532,38.90467],[-5.373525,38.907721],[-5.401723,38.905585],[-5.416615,38.913825],[-5.455068,38.919989],[-5.472279,38.925971],[-5.475331,38.933844],[-5.470448,38.944831],[-5.459462,38.953315],[-5.440053,38.946295],[-5.404164,38.923529],[-5.377431,38.922003],[-5.344289,38.931159],[-5.330922,38.946295]]]}},{"type":"Feature","properties":{"name":"Marmara G\u00f6l\u00fc"},"geometry":{"type":"Polygon","coordinates":[[[27.974376,38.607428],[27.93568,38.637213],[27.954234,38.648444],[28.002574,38.648444],[28.028697,38.653327],[28.040294,38.660285],[28.066905,38.653022],[28.084972,38.641486],[28.07252,38.617438],[28.049693,38.603766],[28.026866,38.609259],[27.974376,38.607428]]]}},{"type":"Feature","properties":{},"geometry":{"type":"Polygon","coordinates":[[[-5.406606,39.010443],[-5.440053,39.007392],[-5.456166,38.998542],[-5.493825,38.997687],[-5.517568,39.000067],[-5.535146,39.013739],[-5.519521,39.027411],[-5.490712,39.027411],[-5.440907,39.034064],[-5.418996,39.041327],[-5.345204,39.07154],[-5.316274,39.105109],[-5.283193,39.11048],[-5.282216,39.103949],[-5.299611,39.084906],[-5.316945,39.073676],[-5.328114,39.058661],[-5.343739,39.044989],[-5.384755,39.025458],[-5.401723,39.020514],[-5.406606,39.010443]]]}},{"type":"Feature","properties":{},"geometry":{"type":"Polygon","coordinates":[[[-2.230702,39.695685],[-2.198781,39.651618],[-2.176869,39.637946],[-2.160756,39.623358],[-2.147694,39.626105],[-2.139516,39.620917],[-2.110341,39.590277],[-2.121571,39.585211],[-2.142201,39.591986],[-2.159901,39.6034],[-2.173818,39.605231],[-2.181142,39.614386],[-2.197865,39.62049],[-2.222463,39.656012],[-2.247731,39.679694],[-2.274159,39.717414],[-2.263539,39.717719],[-2.230702,39.695685]]]}},{"type":"Feature","properties":{},"geometry":{"type":"Polygon","coordinates":[[[28.412608,38.734748],[28.446666,38.741156],[28.42567,38.706183],[28.434581,38.70008],[28.402843,38.678534],[28.375499,38.652106],[28.346934,38.63111],[28.33546,38.638739],[28.363658,38.704047],[28.381847,38.702521],[28.412608,38.734748]]]}},{"type":"Feature","properties":{},"geometry":{"type":"Polygon","coordinates":[[[21.944713,40.208014],[21.894176,40.156623],[21.864024,40.138678],[21.850108,40.139899],[21.885997,40.186103],[21.928477,40.227118],[21.996104,40.266913],[22.012706,40.273627],[22.027599,40.28675],[22.055675,40.299201],[22.064464,40.295905],[22.039806,40.266059],[21.976329,40.230475],[21.969249,40.222296],[21.944713,40.208014]]]}},{"type":"Feature","properties":{"name":"L\u00edmni Kastor\u00edas"},"geometry":{"type":"Polygon","coordinates":[[[21.270274,40.50434],[21.258311,40.520758],[21.267833,40.526252],[21.281749,40.518927],[21.29005,40.519232],[21.264781,40.536505],[21.266612,40.551154],[21.290538,40.559943],[21.318858,40.557502],[21.325572,40.54383],[21.317027,40.530158],[21.316417,40.520758],[21.320689,40.508551],[21.309703,40.497931],[21.291515,40.494635],[21.270274,40.50434]]]}},{"type":"Feature","properties":{"name":"Lake Kremaston"},"geometry":{"type":"Polygon","coordinates":[[[21.605724,38.890998],[21.551646,38.887336],[21.514293,38.890387],[21.504893,38.894904],[21.476573,38.916877],[21.48817,38.920172],[21.494884,38.927497],[21.484874,38.942389],[21.474864,38.968207],[21.457164,38.990729],[21.431407,38.996466],[21.409679,39.009528],[21.398692,39.025946],[21.413951,39.030158],[21.482921,38.989508],[21.518199,38.989142],[21.505138,38.94361],[21.516368,38.934455],[21.533214,38.935065],[21.577525,38.902838],[21.605724,38.890998]]]}},{"type":"Feature","properties":{},"geometry":{"type":"Polygon","coordinates":[[[-6.287709,38.793708],[-6.265248,38.791022],[-6.232777,38.770331],[-6.225087,38.743903],[-6.218739,38.732672],[-6.221181,38.716803],[-6.242116,38.721381],[-6.281361,38.772162],[-6.302663,38.780402],[-6.287709,38.793708]]]}},{"type":"Feature","properties":{},"geometry":{"type":"Polygon","coordinates":[[[21.368663,38.750251],[21.36085,38.756049],[21.354503,38.783698],[21.353282,38.812262],[21.330089,38.837531],[21.342052,38.842414],[21.377208,38.81745],[21.417369,38.801032],[21.411265,38.792853],[21.400279,38.790412],[21.38502,38.795539],[21.370006,38.775153],[21.368663,38.750251]]]}},{"type":"Feature","properties":{"name":"Plastiras (Tavropos)"},"geometry":{"type":"Polygon","coordinates":[[[21.774181,39.309821],[21.77357,39.29798],[21.74586,39.283087],[21.722789,39.328986],[21.709972,39.339362],[21.712169,39.351203],[21.722179,39.349982],[21.733165,39.33692],[21.769054,39.31684],[21.774181,39.309821]]]}},{"type":"Feature","properties":{},"geometry":{"type":"Polygon","coordinates":[[[-0.365285,39.319586],[-0.387135,39.325324],[-0.39568,39.345954],[-0.380788,39.363654],[-0.334889,39.363288],[-0.329091,39.344489],[-0.340321,39.331122],[-0.354909,39.327155],[-0.365285,39.319586]]]}},{"type":"Feature","properties":{},"geometry":{"type":"Polygon","coordinates":[[[16.119395,41.372992],[16.095958,41.365729],[16.065562,41.374701],[16.038219,41.37226],[16.021739,41.385932],[15.971934,41.406256],[15.955821,41.418402],[15.948863,41.433051],[15.960094,41.439093],[16.014781,41.422675],[16.054332,41.399848],[16.057384,41.389228],[16.070811,41.389838],[16.119395,41.372992]]]}},{"type":"Feature","properties":{"name":"Limni Vilvi"},"geometry":{"type":"Polygon","coordinates":[[[23.531871,40.639594],[23.513316,40.666632],[23.460704,40.681525],[23.436778,40.673346],[23.40211,40.667853],[23.354015,40.677008],[23.360118,40.691291],[23.380138,40.700385],[23.443126,40.700995],[23.52003,40.697333],[23.54005,40.692755],[23.588145,40.673346],[23.582042,40.659064],[23.565929,40.647223],[23.550059,40.640204],[23.531871,40.639594]]]}},{"type":"Feature","properties":{"name":"Limni Korinia"},"geometry":{"type":"Polygon","coordinates":[[[23.150645,40.674567],[23.114513,40.679084],[23.097545,40.687018],[23.097545,40.701545],[23.108775,40.712836],[23.136729,40.713752],[23.185924,40.704962],[23.206309,40.693732],[23.204478,40.677253],[23.185924,40.666022],[23.161876,40.665412],[23.150645,40.674567]]]}},{"type":"Feature","properties":{},"geometry":{"type":"Polygon","coordinates":[[[15.724376,41.850653],[15.697765,41.859442],[15.684581,41.881049],[15.683116,41.900214],[15.712291,41.906562],[15.796886,41.908087],[15.803722,41.89411],[15.803233,41.860053],[15.78712,41.848822],[15.770274,41.846076],[15.724376,41.850653]]]}},{"type":"Feature","properties":{"name":"Dojran Lake"},"geometry":{"type":"Polygon","coordinates":[[[22.712413,41.216803],[22.716685,41.238654],[22.732432,41.253546],[22.753184,41.254462],[22.769908,41.24842],[22.779063,41.233771],[22.774669,41.210089],[22.75648,41.189704],[22.740733,41.182135],[22.724864,41.194281],[22.712413,41.216803]]]}},{"type":"Feature","properties":{},"geometry":{"type":"Polygon","coordinates":[[[15.313243,41.880683],[15.324229,41.889228],[15.421397,41.891974],[15.519542,41.905951],[15.542125,41.903876],[15.53358,41.896552],[15.488292,41.873481],[15.450694,41.870124],[15.411388,41.874091],[15.382823,41.871283],[15.357921,41.862799],[15.330821,41.868842],[15.313243,41.880683]]]}},{"type":"Feature","properties":{},"geometry":{"type":"Polygon","coordinates":[[[-5.565541,40.604315],[-5.603871,40.570258],[-5.607839,40.581549],[-5.589772,40.607062],[-5.583485,40.630133],[-5.593251,40.640753],[-5.589284,40.651129],[-5.569692,40.644782],[-5.565541,40.604315]]]}},{"type":"Feature","properties":{"name":"Ku\u015f G\u00f6l\u00fc"},"geometry":{"type":"Polygon","coordinates":[[[27.846934,40.177008],[27.87086,40.195197],[27.885753,40.21192],[27.933849,40.248114],[28.013805,40.251776],[28.056407,40.228644],[28.059337,40.214972],[28.056041,40.193122],[28.064586,40.157538],[28.056651,40.148688],[27.979503,40.159369],[27.948741,40.167609],[27.911632,40.149604],[27.872081,40.159308],[27.846934,40.177008]]]}},{"type":"Feature","properties":{},"geometry":{"type":"Polygon","coordinates":[[[-6.132741,40.277594],[-6.137563,40.28797],[-6.115102,40.296759],[-6.10143,40.256354],[-6.086781,40.258734],[-6.083485,40.24842],[-6.094106,40.238044],[-6.125722,40.234992],[-6.134511,40.229865],[-6.159474,40.23255],[-6.168568,40.242011],[-6.165273,40.255133],[-6.138173,40.264228],[-6.132741,40.277594]]]}},{"type":"Feature","properties":{"name":"Ulubat G\u00f6l\u00fc"},"geometry":{"type":"Polygon","coordinates":[[[28.463634,40.198859],[28.459117,40.209845],[28.462413,40.221076],[28.479259,40.224738],[28.506236,40.22016],[28.550548,40.222907],[28.613292,40.202826],[28.629039,40.204352],[28.6515,40.19361],[28.683971,40.188849],[28.712291,40.193976],[28.719493,40.177253],[28.688487,40.154792],[28.677013,40.142585],[28.654552,40.132941],[28.625987,40.130194],[28.596812,40.132941],[28.569469,40.147834],[28.560069,40.164557],[28.558482,40.174201],[28.508678,40.177619],[28.484386,40.191291],[28.463634,40.198859]]]}},{"type":"Feature","properties":{"name":"Limni Vegoritis"},"geometry":{"type":"Polygon","coordinates":[[[21.750499,40.725592],[21.770518,40.785529],[21.785411,40.811042],[21.796886,40.814948],[21.828624,40.797003],[21.834361,40.790351],[21.824596,40.783026],[21.818492,40.769965],[21.81422,40.747199],[21.757457,40.718878],[21.750499,40.725592]]]}},{"type":"Feature","properties":{},"geometry":{"type":"Polygon","coordinates":[[[-5.728749,36.653693],[-5.775014,36.659735],[-5.781972,36.673102],[-5.761342,36.677375],[-5.724233,36.676764],[-5.718129,36.669196],[-5.684071,36.664313],[-5.701405,36.653937],[-5.728749,36.653693]]]}},{"type":"Feature","properties":{"name":"Dam"},"geometry":{"type":"Polygon","coordinates":[[[21.465343,37.877692],[21.45106,37.90528],[21.449229,37.924201],[21.467784,37.932685],[21.482921,37.928717],[21.525523,37.909308],[21.484141,37.905646],[21.476939,37.889533],[21.474132,37.872809],[21.465343,37.877692]]]}},{"type":"Feature","properties":{"name":"Limni Trikhonis"},"geometry":{"type":"Polygon","coordinates":[[[21.604503,38.522589],[21.571788,38.545417],[21.526134,38.560004],[21.484874,38.560614],[21.471446,38.552375],[21.455333,38.552985],[21.45045,38.565436],[21.462657,38.585211],[21.47755,38.597419],[21.519176,38.609259],[21.583018,38.605597],[21.602183,38.593146],[21.63795,38.557868],[21.650157,38.528083],[21.625743,38.518317],[21.604503,38.522589]]]}},{"type":"Feature","properties":{"name":"Bafa G\u00f6l\u00fc"},"geometry":{"type":"Polygon","coordinates":[[[27.383678,37.536628],[27.422984,37.562751],[27.435069,37.559088],[27.420543,37.5409],[27.419688,37.528083],[27.459727,37.534796],[27.503795,37.518073],[27.525157,37.504706],[27.525401,37.490424],[27.435313,37.483405],[27.391368,37.495002],[27.379893,37.514777],[27.378917,37.524176],[27.383678,37.536628]]]}},{"type":"Feature","properties":{},"geometry":{"type":"Polygon","coordinates":[[[22.217784,38.487982],[22.202525,38.528693],[22.186412,38.544806],[22.153819,38.528693],[22.150645,38.542365],[22.178477,38.558783],[22.207408,38.582465],[22.202891,38.556403],[22.220714,38.501349],[22.217784,38.487982]]]}},{"type":"Feature","properties":{"name":"Kyceiz G\u00f6l\u00fc"},"geometry":{"type":"Polygon","coordinates":[[[28.632579,36.866706],[28.597667,36.885871],[28.595958,36.906256],[28.643809,36.938483],[28.668224,36.966742],[28.704112,36.960334],[28.729259,36.947028],[28.705089,36.935736],[28.695811,36.922614],[28.678844,36.910163],[28.657603,36.905646],[28.646007,36.891364],[28.639903,36.868903],[28.632579,36.866706]]]}},{"type":"Feature","properties":{"name":"Iliki Limni"},"geometry":{"type":"Polygon","coordinates":[[[23.239513,38.42536],[23.248912,38.439337],[23.286632,38.427497],[23.305431,38.414679],[23.308482,38.398566],[23.282603,38.400397],[23.259532,38.397711],[23.247081,38.400763],[23.239513,38.42536]]]}},{"type":"Feature","properties":{},"geometry":{"type":"Polygon","coordinates":[[[32.399913,69.219245],[32.37794,69.232306],[32.390147,69.243903],[32.406993,69.251593],[32.500743,69.262946],[32.526866,69.275092],[32.524791,69.292365],[32.515025,69.30213],[32.526866,69.304572],[32.552989,69.29505],[32.580577,69.304572],[32.60377,69.320014],[32.62086,69.336066],[32.646007,69.349738],[32.677501,69.353888],[32.691173,69.364264],[32.732555,69.365485],[32.764659,69.347907],[32.741466,69.338752],[32.656749,69.319709],[32.633556,69.310492],[32.619884,69.300055],[32.594615,69.288764],[32.56422,69.257575],[32.550548,69.251044],[32.475719,69.239753],[32.480968,69.229315],[32.496837,69.235541],[32.513438,69.234931],[32.518565,69.214118],[32.479259,69.202277],[32.399913,69.219245]]]}},{"type":"Feature","properties":{},"geometry":{"type":"Polygon","coordinates":[[[33.162242,69.140753],[33.180064,69.15351],[33.213878,69.139533],[33.233897,69.147834],[33.216075,69.159735],[33.171397,69.161872],[33.126475,69.141303],[33.117686,69.15528],[33.131358,69.167731],[33.160777,69.182379],[33.213145,69.197516],[33.263316,69.205512],[33.285899,69.199286],[33.292735,69.185065],[33.270518,69.185309],[33.246349,69.177619],[33.260387,69.139228],[33.243175,69.129401],[33.202647,69.125006],[33.166026,69.125861],[33.162242,69.140753]]]}},{"type":"Feature","properties":{},"geometry":{"type":"Polygon","coordinates":[[[34.077037,69.094062],[34.125499,69.123786],[34.144786,69.117194],[34.160289,69.134467],[34.177013,69.146979],[34.19337,69.134162],[34.208751,69.144294],[34.224254,69.149359],[34.229503,69.124396],[34.195079,69.108283],[34.106456,69.096137],[34.094249,69.079474],[34.075572,69.075019],[34.077037,69.094062]]]}},{"type":"Feature","properties":{},"geometry":{"type":"Polygon","coordinates":[[[36.01588,68.623969],[36.030772,68.636481],[36.05714,68.638556],[36.121959,68.651374],[36.153819,68.661139],[36.171641,68.647467],[36.174083,68.629645],[36.191295,68.639716],[36.238292,68.658454],[36.227794,68.685797],[36.244151,68.688239],[36.262584,68.681647],[36.278941,68.697455],[36.304454,68.710517],[36.333385,68.720893],[36.359264,68.717047],[36.359874,68.692389],[36.342296,68.678107],[36.297374,68.663214],[36.250743,68.633795],[36.207652,68.622199],[36.165782,68.604071],[36.158946,68.615058],[36.143077,68.627265],[36.095714,68.609748],[36.066905,68.618903],[36.040294,68.618903],[36.021495,68.614508],[36.01588,68.623969]]]}},{"type":"Feature","properties":{},"geometry":{"type":"Polygon","coordinates":[[[36.03004,68.706305],[36.010753,68.715583],[36.031261,68.727423],[36.121959,68.761359],[36.141856,68.747077],[36.145274,68.722113],[36.118053,68.699774],[36.082774,68.690558],[36.03004,68.706305]]]}},{"type":"Feature","properties":{},"geometry":{"type":"Polygon","coordinates":[[[32.40919,69.129157],[32.432017,69.132086],[32.467662,69.166022],[32.5442,69.175482],[32.552989,69.164801],[32.531627,69.148444],[32.495982,69.135993],[32.470103,69.119879],[32.435557,69.109809],[32.403453,69.1211],[32.40919,69.129157]]]}},{"type":"Feature","properties":{},"geometry":{"type":"Polygon","coordinates":[[[32.081187,69.163031],[32.05714,69.187384],[32.072032,69.192755],[32.110118,69.181159],[32.125743,69.189765],[32.091075,69.201056],[32.073741,69.216559],[32.117686,69.233161],[32.143077,69.218878],[32.151988,69.201972],[32.170421,69.187995],[32.168346,69.166877],[32.094249,69.158881],[32.081187,69.163031]]]}},{"type":"Feature","properties":{},"geometry":{"type":"Polygon","coordinates":[[[32.224498,69.125006],[32.181895,69.102912],[32.135265,69.099738],[32.116954,69.094977],[32.109141,69.109198],[32.121349,69.1211],[32.1338,69.126715],[32.171641,69.133551],[32.187022,69.146064],[32.23817,69.172553],[32.27589,69.183234],[32.334727,69.178473],[32.363902,69.180854],[32.378429,69.19245],[32.400523,69.19068],[32.410899,69.171332],[32.396251,69.161261],[32.372813,69.168097],[32.344981,69.169257],[32.224498,69.125006]]]}},{"type":"Feature","properties":{},"geometry":{"type":"Polygon","coordinates":[[[29.914928,69.413947],[29.939708,69.426398],[29.988292,69.441596],[30.016612,69.457648],[30.043712,69.468085],[30.083507,69.477912],[30.109996,69.489142],[30.114146,69.462714],[30.076182,69.439215],[30.038585,69.43476],[30.021373,69.424933],[29.986827,69.420539],[29.92213,69.400275],[29.914928,69.413947]]]}},{"type":"Feature","properties":{},"geometry":{"type":"Polygon","coordinates":[[[36.983043,68.483039],[37.055919,68.498847],[37.091563,68.499701],[37.109019,68.479743],[37.097179,68.462836],[37.041881,68.450324],[36.946788,68.435492],[36.916026,68.442633],[36.877208,68.430426],[36.875743,68.445563],[36.923228,68.470221],[36.95753,68.473273],[36.983043,68.483039]]]}},{"type":"Feature","properties":{},"geometry":{"type":"Polygon","coordinates":[[[36.553722,68.534491],[36.604259,68.565741],[36.666392,68.578498],[36.701427,68.552008],[36.719005,68.562995],[36.769298,68.568976],[36.818858,68.557379],[36.690684,68.537726],[36.65089,68.528205],[36.633678,68.519599],[36.622325,68.544928],[36.551036,68.519049],[36.538219,68.519599],[36.553722,68.534491]]]}},{"type":"Feature","properties":{},"geometry":{"type":"Polygon","coordinates":[[[33.558849,68.855292],[33.608531,68.902838],[33.629405,68.897834],[33.667613,68.923346],[33.692882,68.886237],[33.684825,68.860602],[33.636485,68.829718],[33.6067,68.844611],[33.584727,68.844855],[33.566905,68.834784],[33.558849,68.855292]]]}},{"type":"Feature","properties":{},"geometry":{"type":"Polygon","coordinates":[[[34.716319,68.684638],[34.745616,68.70484],[34.753429,68.728949],[34.782603,68.745307],[34.825084,68.753607],[34.835826,68.745612],[34.844493,68.711432],[34.767467,68.685797],[34.72047,68.676886],[34.716319,68.684638]]]}},{"type":"Feature","properties":{},"geometry":{"type":"Polygon","coordinates":[[[34.222179,68.766364],[34.245372,68.777411],[34.240001,68.790534],[34.230235,68.799689],[34.286021,68.819892],[34.302379,68.830573],[34.325328,68.833258],[34.341319,68.77735],[34.316417,68.772589],[34.292247,68.762824],[34.275645,68.751532],[34.242442,68.754767],[34.222179,68.766364]]]}},{"type":"Feature","properties":{},"geometry":{"type":"Polygon","coordinates":[[[37.725719,68.155402],[37.7046,68.156256],[37.700694,68.186652],[37.712413,68.221686],[37.692149,68.256232],[37.681407,68.264228],[37.767589,68.287421],[37.798839,68.27735],[37.805064,68.24903],[37.834239,68.229438],[37.834239,68.211615],[37.842784,68.17475],[37.768565,68.159919],[37.750011,68.142951],[37.736095,68.147711],[37.725719,68.155402]]]}},{"type":"Feature","properties":{},"geometry":{"type":"Polygon","coordinates":[[[32.40504,68.95069],[32.387462,68.971808],[32.410655,68.97779],[32.466563,69.00904],[32.492686,68.996222],[32.502818,68.980475],[32.506114,68.968268],[32.487315,68.953986],[32.433482,68.936774],[32.410289,68.939704],[32.40504,68.95069]]]}},{"type":"Feature","properties":{},"geometry":{"type":"Polygon","coordinates":[[[36.278941,68.403693],[36.295299,68.406012],[36.311046,68.397406],[36.339854,68.421515],[36.391368,68.436408],[36.422862,68.453925],[36.460338,68.45539],[36.482921,68.447089],[36.469737,68.441779],[36.438243,68.420905],[36.401378,68.404547],[36.367931,68.401007],[36.336436,68.393561],[36.295299,68.378669],[36.279796,68.382575],[36.278941,68.403693]]]}},{"type":"Feature","properties":{},"geometry":{"type":"Polygon","coordinates":[[[38.493419,68.061774],[38.514415,68.065924],[38.554942,68.066535],[38.606334,68.072455],[38.649181,68.067694],[38.664073,68.057013],[38.656016,68.03736],[38.639903,68.029914],[38.618785,68.003791],[38.586925,67.984503],[38.559581,67.986579],[38.542003,67.982978],[38.537364,67.994879],[38.524181,68.007086],[38.482066,67.999945],[38.450572,68.006171],[38.436534,68.021003],[38.453868,68.039435],[38.47877,68.048346],[38.493419,68.061774]]]}},{"type":"Feature","properties":{},"geometry":{"type":"Polygon","coordinates":[[[36.828136,68.24256],[36.794444,68.268683],[36.779063,68.288336],[36.79713,68.314215],[36.827769,68.323127],[36.862804,68.308539],[36.881358,68.294257],[36.938975,68.299628],[36.956309,68.286505],[36.955577,68.268073],[36.94044,68.255927],[36.89796,68.260993],[36.880382,68.238959],[36.860484,68.222602],[36.828136,68.24256]]]}},{"type":"Feature","properties":{},"geometry":{"type":"Polygon","coordinates":[[[36.711558,68.308539],[36.7317,68.301398],[36.733531,68.288886],[36.671641,68.278815],[36.657481,68.263922],[36.667491,68.234503],[36.641368,68.231269],[36.610728,68.23841],[36.597911,68.236579],[36.61317,68.21369],[36.586925,68.21131],[36.55421,68.227668],[36.551036,68.246711],[36.571788,68.250861],[36.622325,68.280585],[36.646495,68.284186],[36.675304,68.300544],[36.711558,68.308539]]]}},{"type":"Feature","properties":{},"geometry":{"type":"Polygon","coordinates":[[[36.403819,68.28089],[36.416881,68.255866],[36.398692,68.244025],[36.365977,68.240729],[36.338634,68.231208],[36.307872,68.216376],[36.277843,68.196418],[36.26295,68.181891],[36.212413,68.161017],[36.178233,68.140876],[36.174571,68.159857],[36.173961,68.192878],[36.179698,68.213996],[36.196056,68.227668],[36.233165,68.24256],[36.253429,68.261603],[36.270274,68.283576],[36.305431,68.307318],[36.319713,68.31153],[36.40858,68.31446],[36.426402,68.320746],[36.435313,68.306159],[36.421153,68.291877],[36.403819,68.28089]]]}},{"type":"Feature","properties":{},"geometry":{"type":"Polygon","coordinates":[[[37.610362,67.99903],[37.596934,68.019843],[37.63795,68.045417],[37.674815,68.059088],[37.693858,68.060858],[37.701305,68.038581],[37.680431,68.019538],[37.652599,68.004645],[37.638194,68.000495],[37.610362,67.99903]]]}},{"type":"Feature","properties":{},"geometry":{"type":"Polygon","coordinates":[[[33.354259,68.239569],[33.372081,68.24433],[33.422374,68.228522],[33.427989,68.20954],[33.412852,68.18006],[33.403575,68.146491],[33.374766,68.133673],[33.328136,68.125678],[33.306163,68.141425],[33.310069,68.161017],[33.32191,68.197028],[33.339122,68.228583],[33.354259,68.239569]]]}},{"type":"Feature","properties":{},"geometry":{"type":"Polygon","coordinates":[[[32.241466,68.220526],[32.26588,68.245246],[32.289928,68.256476],[32.314586,68.274909],[32.331798,68.301398],[32.34962,68.316901],[32.377696,68.322821],[32.418956,68.308844],[32.448375,68.306403],[32.464366,68.297248],[32.399669,68.283271],[32.367442,68.270514],[32.311046,68.236579],[32.257823,68.21131],[32.241466,68.220526]]]}},{"type":"Feature","properties":{},"geometry":{"type":"Polygon","coordinates":[[[33.089122,68.151252],[33.041515,68.174445],[33.059581,68.192267],[33.139415,68.20362],[33.165782,68.213141],[33.187266,68.203009],[33.17213,68.185736],[33.154185,68.17475],[33.105968,68.155097],[33.089122,68.151252]]]}},{"type":"Feature","properties":{},"geometry":{"type":"Polygon","coordinates":[[[35.926036,67.897101],[35.931895,67.943427],[35.898692,67.916999],[35.87733,67.924079],[35.846934,67.921149],[35.825938,67.922919],[35.824107,67.940436],[35.788097,67.96192],[35.826182,67.966925],[35.860973,67.957709],[35.872325,67.959784],[35.836558,67.982428],[35.861217,67.986823],[35.901622,67.971076],[35.931651,67.969001],[35.965587,67.96131],[36.002208,67.944953],[36.006358,67.926215],[35.954356,67.907172],[35.937999,67.896491],[35.926036,67.897101]]]}},{"type":"Feature","properties":{},"geometry":{"type":"Polygon","coordinates":[[[36.437755,67.824225],[36.44398,67.840583],[36.460948,67.851569],[36.501353,67.867072],[36.544444,67.868537],[36.561778,67.847419],[36.546519,67.836676],[36.474864,67.812018],[36.441905,67.811164],[36.437755,67.824225]]]}},{"type":"Feature","properties":{},"geometry":{"type":"Polygon","coordinates":[[[36.754405,67.928839],[36.79481,67.941901],[36.740001,67.965461],[36.782603,67.96839],[36.824474,67.976447],[36.839122,67.986579],[36.893565,67.993659],[36.911632,67.978766],[36.882579,67.968695],[36.852183,67.965155],[36.851573,67.943122],[36.817638,67.928839],[36.772472,67.920233],[36.754405,67.928839]]]}},{"type":"Feature","properties":{},"geometry":{"type":"Polygon","coordinates":[[[32.47816,68.098639],[32.460582,68.11048],[32.491222,68.137824],[32.48524,68.150946],[32.474864,68.160773],[32.496837,68.163703],[32.52296,68.173224],[32.541515,68.185431],[32.548839,68.170295],[32.569102,68.152106],[32.604503,68.142585],[32.611583,68.130744],[32.577647,68.118293],[32.558116,68.10279],[32.529552,68.093268],[32.47816,68.098639]]]}},{"type":"Feature","properties":{},"geometry":{"type":"Polygon","coordinates":[[[33.711925,67.976752],[33.677257,68.000861],[33.650401,67.991034],[33.639903,68.005255],[33.64564,68.022834],[33.668224,68.026068],[33.715343,68.046637],[33.763927,68.055243],[33.785167,68.045111],[33.793712,68.029059],[33.797862,68.012702],[33.839488,67.997809],[33.844005,67.983527],[33.763682,67.959479],[33.733897,67.967231],[33.711925,67.976752]]]}},{"type":"Feature","properties":{},"geometry":{"type":"Polygon","coordinates":[[[32.656505,68.017218],[32.632335,68.046332],[32.615489,68.048407],[32.599132,68.044806],[32.576793,68.051642],[32.570567,68.06446],[32.604747,68.069464],[32.636241,68.062995],[32.692515,68.074836],[32.716319,68.06684],[32.707042,68.048957],[32.656505,68.017218]]]}},{"type":"Feature","properties":{},"geometry":{"type":"Polygon","coordinates":[[[32.797374,67.974616],[32.718272,68.021979],[32.722179,68.038275],[32.741466,68.054023],[32.764171,68.061469],[32.773692,68.07453],[32.761729,68.103095],[32.721934,68.130744],[32.773448,68.146186],[32.792735,68.161628],[32.8296,68.136359],[32.856944,68.128058],[32.860118,68.029914],[32.880382,68.024909],[32.899425,68.028815],[32.901744,67.99964],[32.888438,67.970221],[32.797374,67.974616]]]}},{"type":"Feature","properties":{},"geometry":{"type":"Polygon","coordinates":[[[30.456309,68.917731],[30.441173,68.936408],[30.455211,68.954291],[30.482188,68.960822],[30.501842,68.953986],[30.527721,68.953742],[30.545665,68.949225],[30.520274,68.922187],[30.482921,68.906989],[30.456309,68.917731]]]}},{"type":"Feature","properties":{"name":"Chudozero"},"geometry":{"type":"Polygon","coordinates":[[[34.310435,68.158087],[34.280772,68.177985],[34.281993,68.191107],[34.295665,68.201545],[34.347667,68.213385],[34.378795,68.24195],[34.37794,68.258918],[34.398448,68.275519],[34.441905,68.285346],[34.462169,68.280036],[34.482677,68.265998],[34.517345,68.261237],[34.563731,68.264533],[34.601329,68.28089],[34.600108,68.306403],[34.578014,68.315924],[34.567882,68.324591],[34.592906,68.329352],[34.632091,68.34693],[34.638438,68.329047],[34.658946,68.307013],[34.632091,68.290961],[34.649058,68.28266],[34.697032,68.288947],[34.716075,68.28028],[34.704356,68.272284],[34.688731,68.246711],[34.675304,68.214606],[34.613048,68.199103],[34.560802,68.180976],[34.52589,68.178595],[34.536143,68.184577],[34.551036,68.200324],[34.542979,68.222052],[34.512706,68.223761],[34.492076,68.214606],[34.44398,68.20716],[34.38502,68.17652],[34.334239,68.156317],[34.310435,68.158087]]]}},{"type":"Feature","properties":{},"geometry":{"type":"Polygon","coordinates":[[[36.736583,68.11109],[36.745372,68.129523],[36.79005,68.13819],[36.878673,68.18067],[36.880382,68.157477],[36.865855,68.121833],[36.839976,68.11109],[36.816173,68.10755],[36.767833,68.092414],[36.743663,68.095099],[36.736583,68.11109]]]}},{"type":"Feature","properties":{},"geometry":{"type":"Polygon","coordinates":[[[36.677379,68.009406],[36.659801,68.021918],[36.646495,68.04151],[36.661632,68.054328],[36.69044,68.045661],[36.717784,68.048651],[36.740001,68.063849],[36.798595,68.037116],[36.806041,68.023688],[36.779063,68.012091],[36.737315,68.002326],[36.708263,67.99964],[36.677379,68.009406]]]}},{"type":"Feature","properties":{},"geometry":{"type":"Polygon","coordinates":[[[34.355968,68.362616],[34.3744,68.381964],[34.400523,68.391486],[34.424327,68.395331],[34.448009,68.393256],[34.479259,68.374274],[34.486461,68.359626],[34.459483,68.358771],[34.430308,68.367682],[34.390147,68.346869],[34.365489,68.347785],[34.355968,68.362616]]]}},{"type":"Feature","properties":{},"geometry":{"type":"Polygon","coordinates":[[[29.976573,68.952216],[29.99171,68.960273],[30.045787,68.973944],[30.117442,68.999762],[30.146983,69.018805],[30.174815,69.030402],[30.244395,69.044928],[30.251842,69.025031],[30.225719,69.0138],[30.144176,68.994452],[30.080333,68.963507],[30.023692,68.949836],[29.990733,68.94776],[29.976573,68.952216]]]}},{"type":"Feature","properties":{},"geometry":{"type":"Polygon","coordinates":[[[35.111705,66.977179],[35.146739,66.998603],[35.193126,67.011054],[35.220225,67.015815],[35.238658,67.004218],[35.205333,66.978644],[35.18275,66.968878],[35.14088,66.960822],[35.108653,66.959357],[35.111705,66.977179]]]}},{"type":"Feature","properties":{},"geometry":{"type":"Polygon","coordinates":[[[34.663951,66.981574],[34.683604,66.995612],[34.628917,67.02204],[34.636607,67.043708],[34.651744,67.061896],[34.668468,67.077643],[34.683604,67.086554],[34.702647,67.078864],[34.71339,67.085395],[34.741222,67.094306],[34.771007,67.085089],[34.778087,67.068732],[34.807262,67.043463],[34.799205,67.020514],[34.775401,67.009528],[34.760265,66.998542],[34.738048,66.991461],[34.710948,66.977179],[34.695445,66.959906],[34.675548,66.966742],[34.663951,66.981574]]]}},{"type":"Feature","properties":{},"geometry":{"type":"Polygon","coordinates":[[[38.250743,66.419135],[38.334239,66.41944],[38.350108,66.401862],[38.353038,66.385504],[38.372325,66.375739],[38.363414,66.352545],[38.325694,66.339423],[38.276256,66.331061],[38.225841,66.34632],[38.197765,66.361151],[38.189464,66.374823],[38.185313,66.402777],[38.186534,66.429816],[38.168956,66.487799],[38.176768,66.506537],[38.194835,66.527045],[38.212901,66.52497],[38.236461,66.487494],[38.254893,66.471747],[38.256358,66.446784],[38.250743,66.419135]]]}},{"type":"Feature","properties":{},"geometry":{"type":"Polygon","coordinates":[[[32.4546,67.338141],[32.4463,67.352362],[32.495372,67.375861],[32.511729,67.379706],[32.535777,67.372565],[32.555064,67.358039],[32.562266,67.346137],[32.543712,67.330939],[32.482555,67.320807],[32.468272,67.325324],[32.4546,67.338141]]]}},{"type":"Feature","properties":{},"geometry":{"type":"Polygon","coordinates":[[[37.954356,66.374213],[37.987071,66.414618],[38.001964,66.443183],[38.019786,66.456305],[38.034923,66.474128],[38.046764,66.496711],[38.070811,66.504767],[38.093761,66.503241],[38.089854,66.484503],[38.072276,66.446784],[38.085216,66.419684],[38.128551,66.408698],[38.145518,66.395026],[38.095836,66.365241],[38.069347,66.361457],[38.073253,66.400397],[38.041759,66.38581],[38.019786,66.381049],[37.975108,66.347724],[37.953746,66.350714],[37.954356,66.374213]]]}},{"type":"Feature","properties":{},"geometry":{"type":"Polygon","coordinates":[[[34.586681,67.275092],[34.61378,67.289069],[34.638682,67.297675],[34.668956,67.302985],[34.698741,67.287604],[34.692149,67.275397],[34.62672,67.250983],[34.599132,67.253974],[34.586681,67.275092]]]}},{"type":"Feature","properties":{},"geometry":{"type":"Polygon","coordinates":[[[31.065318,67.674079],[31.080455,67.655646],[31.080821,67.64527],[31.057872,67.648505],[31.000987,67.674384],[30.976573,67.699042],[30.955333,67.730231],[30.969859,67.737067],[31.009044,67.728461],[31.034312,67.715399],[31.031383,67.699652],[31.065318,67.674079]]]}},{"type":"Feature","properties":{},"geometry":{"type":"Polygon","coordinates":[[[31.513072,67.633063],[31.459483,67.659186],[31.389659,67.682379],[31.427013,67.681525],[31.511241,67.669623],[31.557017,67.656256],[31.54066,67.639899],[31.554332,67.632148],[31.590587,67.628546],[31.573741,67.625006],[31.513072,67.633063]]]}},{"type":"Feature","properties":{},"geometry":{"type":"Polygon","coordinates":[[[34.118663,67.347602],[34.08839,67.366339],[34.085094,67.383918],[34.043712,67.375251],[34.035167,67.411261],[34.054698,67.4383],[34.080089,67.463263],[34.109141,67.476935],[34.130015,67.481086],[34.155528,67.497443],[34.214366,67.511481],[34.220714,67.493598],[34.189952,67.474005],[34.145396,67.453742],[34.110973,67.400519],[34.101451,67.391303],[34.114513,67.391913],[34.130626,67.379767],[34.144542,67.360968],[34.157603,67.371405],[34.177257,67.380622],[34.194591,67.373175],[34.220103,67.382392],[34.223399,67.355597],[34.188487,67.331549],[34.118663,67.347602]]]}},{"type":"Feature","properties":{},"geometry":{"type":"Polygon","coordinates":[[[34.240611,67.252753],[34.290538,67.270941],[34.260753,67.293524],[34.237315,67.318488],[34.255748,67.342536],[34.278331,67.352423],[34.308971,67.371955],[34.321788,67.360724],[34.329478,67.344062],[34.399303,67.318183],[34.426768,67.272956],[34.417735,67.255133],[34.340099,67.249213],[34.261119,67.236457],[34.237559,67.237616],[34.240611,67.252753]]]}},{"type":"Feature","properties":{},"geometry":{"type":"Polygon","coordinates":[[[34.308116,66.890387],[34.322032,66.898078],[34.304454,66.91651],[34.361827,66.924811],[34.379161,66.935858],[34.394786,66.93946],[34.399913,66.920417],[34.40089,66.897467],[34.406749,66.879645],[34.360118,66.859992],[34.321544,66.849921],[34.2942,66.870734],[34.308116,66.890387]]]}},{"type":"Feature","properties":{},"geometry":{"type":"Polygon","coordinates":[[[37.494884,66.401557],[37.459239,66.434577],[37.38441,66.454779],[37.34669,66.469977],[37.304698,66.503852],[37.29005,66.521125],[37.336436,66.563605],[37.355846,66.575202],[37.38502,66.582282],[37.399181,66.56269],[37.406993,66.522284],[37.433116,66.49195],[37.53712,66.445563],[37.562999,66.42536],[37.560069,66.394171],[37.540172,66.371588],[37.505138,66.367682],[37.478038,66.38465],[37.482799,66.396247],[37.494884,66.401557]]]}},{"type":"Feature","properties":{},"geometry":{"type":"Polygon","coordinates":[[[34.151988,66.862677],[34.095836,66.882575],[34.082042,66.893317],[34.078868,66.908454],[34.120494,66.919196],[34.160899,66.917121],[34.198985,66.902838],[34.208263,66.890326],[34.19044,66.88465],[34.151988,66.862677]]]}},{"type":"Feature","properties":{},"geometry":{"type":"Polygon","coordinates":[[[31.662852,67.383002],[31.719737,67.349372],[31.773814,67.330939],[31.807628,67.328864],[31.822276,67.335456],[31.863292,67.33869],[31.93336,67.325812],[31.961681,67.310431],[31.934581,67.294379],[31.894298,67.294379],[31.82545,67.311164],[31.756602,67.316046],[31.700694,67.349738],[31.655772,67.383551],[31.662852,67.383002]]]}},{"type":"Feature","properties":{},"geometry":{"type":"Polygon","coordinates":[[[36.157481,67.427314],[36.131236,67.451972],[36.178722,67.470404],[36.194224,67.481696],[36.243297,67.463874],[36.257579,67.450812],[36.236095,67.440985],[36.213878,67.435614],[36.206798,67.418097],[36.190929,67.412116],[36.157481,67.427314]]]}},{"type":"Feature","properties":{},"geometry":{"type":"Polygon","coordinates":[[[39.845225,66.679267],[39.844371,66.703376],[39.87672,66.705695],[39.955821,66.686042],[39.991466,66.669745],[39.97877,66.659674],[39.960582,66.655463],[39.944835,66.656073],[39.910411,66.66651],[39.860973,66.658698],[39.845225,66.679267]]]}},{"type":"Feature","properties":{},"geometry":{"type":"Polygon","coordinates":[[[37.42213,67.215338],[37.423595,67.249518],[37.42921,67.264655],[37.460826,67.256049],[37.491344,67.237311],[37.491344,67.216193],[37.479991,67.187384],[37.461925,67.179328],[37.428355,67.188544],[37.42213,67.215338]]]}},{"type":"Feature","properties":{},"geometry":{"type":"Polygon","coordinates":[[[37.20338,67.213507],[37.199962,67.23194],[37.217296,67.248908],[37.244395,67.258124],[37.287364,67.241461],[37.310924,67.216498],[37.294932,67.205817],[37.244884,67.19776],[37.20338,67.213507]]]}},{"type":"Feature","properties":{"name":"Loukhskoe ozereo"},"geometry":{"type":"Polygon","coordinates":[[[33.604015,66.132819],[33.598643,66.10871],[33.569591,66.083991],[33.524913,66.089057],[33.495494,66.103949],[33.44044,66.099189],[33.39503,66.107184],[33.345958,66.124762],[33.326915,66.129828],[33.289806,66.131598],[33.253184,66.14527],[33.212169,66.136664],[33.192271,66.152716],[33.175059,66.172065],[33.134776,66.163703],[33.12794,66.177375],[33.151134,66.186896],[33.240733,66.2107],[33.303722,66.21131],[33.364024,66.218756],[33.402476,66.215766],[33.425059,66.221076],[33.514171,66.230902],[33.55714,66.228522],[33.608165,66.213629],[33.649181,66.210944],[33.668224,66.202399],[33.654307,66.196418],[33.644542,66.186042],[33.622813,66.175605],[33.501475,66.18244],[33.46754,66.177741],[33.501475,66.159796],[33.5088,66.149176],[33.604015,66.132819]]]}},{"type":"Feature","properties":{},"geometry":{"type":"Polygon","coordinates":[[[31.746349,66.558844],[31.658702,66.576422],[31.642955,66.588019],[31.604015,66.601386],[31.617076,66.618903],[31.643321,66.628424],[31.726817,66.635504],[31.769054,66.63227],[31.812389,66.619513],[31.85377,66.616523],[31.905162,66.624884],[31.918468,66.615973],[31.875499,66.604926],[31.865977,66.594489],[31.841075,66.593024],[31.81898,66.571051],[31.804088,66.547858],[31.771373,66.550788],[31.746349,66.558844]]]}},{"type":"Feature","properties":{},"geometry":{"type":"Polygon","coordinates":[[[30.875255,66.565985],[30.833018,66.585944],[30.789073,66.59809],[30.757823,66.597174],[30.74171,66.60047],[30.746837,66.627509],[30.729625,66.654547],[30.763438,66.659919],[30.83192,66.638556],[30.867198,66.633185],[30.892589,66.623908],[31.024913,66.6305],[31.063487,66.618903],[31.132457,66.627204],[31.117931,66.603461],[31.077159,66.590705],[31.049815,66.588019],[31.031993,66.582038],[30.980846,66.607917],[30.858653,66.603461],[30.858043,66.587409],[30.902354,66.557379],[30.875255,66.565985]]]}},{"type":"Feature","properties":{},"geometry":{"type":"Polygon","coordinates":[[[32.83314,66.302619],[32.817882,66.31568],[32.834239,66.333503],[32.888194,66.336432],[32.948985,66.325446],[32.968639,66.325202],[32.987315,66.341803],[33.038829,66.358405],[33.101573,66.389655],[33.146251,66.386725],[33.177379,66.390876],[33.207042,66.403693],[33.232677,66.405768],[33.250255,66.38404],[33.233287,66.362311],[33.216075,66.346564],[33.202891,66.336432],[33.187755,66.330512],[33.055797,66.328742],[32.992198,66.32099],[32.938975,66.304694],[32.916637,66.293341],[32.881358,66.293341],[32.83314,66.302619]]]}},{"type":"Feature","properties":{},"geometry":{"type":"Polygon","coordinates":[[[32.949718,66.462531],[32.936534,66.480109],[32.937144,66.49317],[32.977306,66.497931],[33.069835,66.492255],[33.135509,66.473517],[33.11085,66.462531],[33.087047,66.46015],[33.042125,66.440192],[33.027232,66.440802],[32.995372,66.448859],[32.969493,66.442878],[32.956798,66.444709],[32.949718,66.462531]]]}},{"type":"Feature","properties":{},"geometry":{"type":"Polygon","coordinates":[[[31.107432,66.723273],[31.078136,66.709845],[30.976939,66.702765],[30.965343,66.689093],[30.944224,66.681342],[30.9192,66.678717],[30.880382,66.667365],[30.848521,66.667609],[30.861827,66.676581],[30.887706,66.684638],[30.951182,66.698859],[30.966807,66.706061],[30.971934,66.713446],[31.043956,66.728034],[31.107432,66.723273]]]}},{"type":"Feature","properties":{"name":"Susij\u00e4rvi and Rugozero and Siikaj\u00e4rvi"},"geometry":{"type":"Polygon","coordinates":[[[30.778087,66.385199],[30.7588,66.391486],[30.708507,66.394721],[30.679698,66.400641],[30.671641,66.416449],[30.687999,66.445563],[30.720714,66.455085],[30.75587,66.456549],[30.780772,66.463752],[30.791148,66.481818],[30.812022,66.502692],[30.864268,66.515753],[30.880138,66.524359],[30.8744,66.542792],[30.90089,66.554694],[31.025401,66.556464],[31.038829,66.537726],[30.993053,66.513312],[30.958263,66.498786],[30.947765,66.48487],[30.920787,66.477668],[30.895518,66.480048],[30.789683,66.45362],[30.802989,66.438727],[30.829112,66.418524],[30.824107,66.397406],[30.802501,66.386725],[30.778087,66.385199]]]}},{"type":"Feature","properties":{},"geometry":{"type":"Polygon","coordinates":[[[34.229259,65.993048],[34.201305,65.970771],[34.177501,65.966559],[34.156139,65.969001],[34.065196,65.948737],[34.044688,65.958258],[34.051768,65.965399],[34.128795,65.992743],[34.145518,66.003791],[34.172862,66.01026],[34.211681,66.0055],[34.229259,65.993048]]]}},{"type":"Feature","properties":{},"geometry":{"type":"Polygon","coordinates":[[[30.953502,66.440497],[30.952647,66.45362],[31.013194,66.478888],[31.053966,66.471442],[31.102061,66.477118],[31.110362,66.463141],[31.091075,66.447394],[31.056895,66.444709],[30.989757,66.42359],[30.968272,66.430121],[30.953502,66.440497]]]}},{"type":"Feature","properties":{},"geometry":{"type":"Polygon","coordinates":[[[33.861583,66.030219],[33.886241,66.047187],[33.879405,66.086676],[33.902843,66.095343],[33.932628,66.085822],[33.980113,66.089362],[34.010753,66.078681],[33.955455,66.067633],[33.978038,66.057257],[34.019054,66.053412],[34.034801,66.038825],[34.023814,66.025153],[34.004527,66.015082],[33.948985,66.005255],[33.934337,66.005866],[33.904552,66.015021],[33.874889,66.010871],[33.861827,66.012091],[33.861583,66.030219]]]}},{"type":"Feature","properties":{},"geometry":{"type":"Polygon","coordinates":[[[31.626231,66.970954],[31.580577,66.973639],[31.568858,66.980719],[31.585826,66.992926],[31.660533,67.004523],[31.719005,66.986701],[31.727672,66.972419],[31.706065,66.965583],[31.672374,66.961676],[31.658092,66.962043],[31.626231,66.970954]]]}},{"type":"Feature","properties":{},"geometry":{"type":"Polygon","coordinates":[[[31.723888,66.092902],[31.747325,66.099738],[31.796153,66.089057],[31.824962,66.074469],[31.887706,66.07154],[31.865367,66.060858],[31.813975,66.059333],[31.771739,66.051886],[31.722057,66.066779],[31.741344,66.066474],[31.765147,66.070929],[31.755138,66.084601],[31.731212,66.086676],[31.723888,66.092902]]]}},{"type":"Feature","properties":{},"geometry":{"type":"Polygon","coordinates":[[[32.480479,65.942511],[32.41151,65.958869],[32.444835,65.963629],[32.486095,65.957648],[32.505382,65.959723],[32.522105,65.97547],[32.534312,65.976386],[32.586436,65.978766],[32.608653,65.971076],[32.592052,65.955024],[32.561046,65.943976],[32.519054,65.946662],[32.480479,65.942511]]]}},{"type":"Feature","properties":{},"geometry":{"type":"Polygon","coordinates":[[[32.006847,66.021003],[32.037486,66.044501],[32.062511,66.053107],[32.09608,66.060553],[32.118419,66.052863],[32.120128,66.028754],[32.095225,66.020148],[32.0713,66.021857],[32.009776,66.008795],[32.006847,66.021003]]]}},{"type":"Feature","properties":{},"geometry":{"type":"Polygon","coordinates":[[[30.091563,66.110236],[30.142711,66.119757],[30.175059,66.100959],[30.16981,66.082892],[30.080821,66.091437],[30.011241,66.117011],[30.022594,66.138434],[30.058604,66.142951],[30.080821,66.128669],[30.091563,66.110236]]]}},{"type":"Feature","properties":{},"geometry":{"type":"Polygon","coordinates":[[[32.098155,66.119757],[32.087169,66.11402],[32.057994,66.083441],[32.043956,66.07807],[31.99586,66.0763],[31.931895,66.079291],[31.812755,66.093573],[31.71815,66.113471],[31.800548,66.117072],[31.827647,66.125373],[31.870128,66.14588],[31.9192,66.148566],[31.967296,66.130133],[31.983897,66.118537],[32.084239,66.123908],[32.098155,66.119757]]]}},{"type":"Feature","properties":{},"geometry":{"type":"Polygon","coordinates":[[[33.35255,65.986823],[33.396495,65.983832],[33.451793,65.96424],[33.506847,65.939276],[33.552989,65.926459],[33.5713,65.917548],[33.584483,65.897956],[33.561534,65.883673],[33.511851,65.876471],[33.477672,65.889594],[33.445811,65.89643],[33.433116,65.910407],[33.444591,65.916999],[33.448741,65.924994],[33.438487,65.928839],[33.296397,65.933905],[33.273204,65.943122],[33.272227,65.96717],[33.29835,65.980231],[33.35255,65.986823]]]}},{"type":"Feature","properties":{},"geometry":{"type":"Polygon","coordinates":[[[31.725841,66.137824],[31.735728,66.14942],[31.749034,66.158332],[31.769298,66.167853],[31.791515,66.173224],[31.820811,66.177375],[31.840709,66.162848],[31.828136,66.151252],[31.818126,66.146491],[31.809093,66.133429],[31.739268,66.122931],[31.725841,66.137824]]]}},{"type":"Feature","properties":{},"geometry":{"type":"Polygon","coordinates":[[[32.685069,66.038581],[32.690074,66.053107],[32.700816,66.065009],[32.725719,66.076911],[32.687755,66.099494],[32.722789,66.103034],[32.761119,66.093878],[32.775157,66.09925],[32.828014,66.134589],[32.853526,66.139655],[32.874766,66.130988],[32.815929,66.111701],[32.761729,66.065314],[32.731944,66.04505],[32.725474,66.031745],[32.708507,66.023383],[32.685069,66.038581]]]}},{"type":"Feature","properties":{},"geometry":{"type":"Polygon","coordinates":[[[32.958873,65.329474],[32.948741,65.337165],[32.91212,65.334235],[32.840221,65.349128],[32.817393,65.361823],[32.861095,65.398139],[32.905284,65.412421],[32.928233,65.416266],[33.013927,65.396613],[33.032603,65.385627],[33.04481,65.358039],[33.058116,65.344916],[33.095225,65.327399],[33.061412,65.322882],[32.994517,65.324713],[32.979381,65.322882],[32.96754,65.316046],[32.958873,65.329474]]]}},{"type":"Feature","properties":{},"geometry":{"type":"Polygon","coordinates":[[[33.448009,65.304206],[33.374522,65.320807],[33.383067,65.327948],[33.407481,65.338629],[33.471202,65.344611],[33.521983,65.327643],[33.509776,65.311896],[33.448009,65.304206]]]}},{"type":"Feature","properties":{},"geometry":{"type":"Polygon","coordinates":[[[37.493175,64.735968],[37.449718,64.750251],[37.513438,64.766913],[37.543468,64.765143],[37.56837,64.750861],[37.591319,64.74317],[37.605846,64.724433],[37.535655,64.712226],[37.474376,64.724738],[37.493175,64.735968]]]}},{"type":"Feature","properties":{},"geometry":{"type":"Polygon","coordinates":[[[33.376964,65.242316],[33.39088,65.257819],[33.483897,65.255744],[33.573497,65.283942],[33.579967,65.270026],[33.565684,65.257819],[33.549937,65.253058],[33.500255,65.247687],[33.462413,65.216193],[33.433604,65.211737],[33.39564,65.221198],[33.376964,65.242316]]]}},{"type":"Feature","properties":{},"geometry":{"type":"Polygon","coordinates":[[[32.999889,65.190314],[32.942149,65.208136],[32.938365,65.239691],[32.924571,65.268805],[32.907115,65.277106],[32.927989,65.281256],[32.952891,65.296454],[32.976695,65.304206],[32.998057,65.30268],[33.023692,65.305915],[33.04127,65.287482],[33.011241,65.259894],[33.026988,65.243232],[33.046275,65.235785],[33.081309,65.210211],[33.034923,65.200446],[33.012706,65.189399],[32.999889,65.190314]]]}},{"type":"Feature","properties":{},"geometry":{"type":"Polygon","coordinates":[[[38.724986,64.276679],[38.738292,64.299262],[38.788097,64.304938],[38.81776,64.278144],[38.778819,64.258185],[38.735606,64.262397],[38.724986,64.276679]]]}},{"type":"Feature","properties":{},"geometry":{"type":"Polygon","coordinates":[[[57.819591,58.878058],[57.866954,58.893805],[57.906139,58.941413],[58.003917,58.970465],[58.01295,58.9961],[58.023936,59.013007],[58.031627,59.001715],[58.027721,58.984748],[58.005138,58.962775],[57.966807,58.943122],[57.912608,58.902716],[57.86964,58.879523],[57.820567,58.868293],[57.802379,58.855719],[57.794932,58.85694],[57.819591,58.878058]]]}},{"type":"Feature","properties":{"name":"Suininki"},"geometry":{"type":"Polygon","coordinates":[[[29.562633,66.061408],[29.535899,66.070075],[29.498057,66.091193],[29.509166,66.093512],[29.566905,66.086127],[29.693492,66.084967],[29.723155,66.07569],[29.707164,66.074225],[29.671764,66.080756],[29.600963,66.075446],[29.596202,66.064704],[29.562633,66.061408]]]}},{"type":"Feature","properties":{},"geometry":{"type":"Polygon","coordinates":[[[33.04005,65.553351],[33.080455,65.549811],[33.118907,65.551276],[33.205577,65.534919],[33.257335,65.538153],[33.29481,65.535163],[33.31422,65.50611],[33.2942,65.47547],[33.241344,65.453986],[33.175548,65.479865],[33.143809,65.477545],[33.130382,65.479621],[33.112559,65.485541],[33.068248,65.508734],[33.040294,65.5055],[33.002574,65.511969],[32.997813,65.529547],[33.023082,65.54737],[33.04005,65.553351]]]}},{"type":"Feature","properties":{},"geometry":{"type":"Polygon","coordinates":[[[33.03712,65.607184],[33.084727,65.621711],[33.162242,65.637458],[33.164806,65.621466],[33.146495,65.601203],[33.115489,65.598822],[33.098399,65.592597],[33.069224,65.588141],[33.03712,65.588141],[33.03712,65.607184]]]}},{"type":"Feature","properties":{},"geometry":{"type":"Polygon","coordinates":[[[32.896495,65.540534],[32.849132,65.560797],[32.825084,65.557196],[32.815562,65.578315],[32.802745,65.587226],[32.833995,65.602973],[32.900645,65.615485],[32.915782,65.626166],[32.949718,65.629401],[32.991588,65.61463],[33.004649,65.577765],[32.984752,65.545661],[32.93629,65.527777],[32.927013,65.533698],[32.896495,65.540534]]]}},{"type":"Feature","properties":{},"geometry":{"type":"Polygon","coordinates":[[[42.036388,63.12519],[42.015391,63.149909],[42.018321,63.166815],[42.047496,63.175116],[42.061168,63.15821],[42.063487,63.146247],[42.099864,63.121894],[42.112804,63.106452],[42.098033,63.093634],[42.064708,63.098761],[42.036388,63.12519]]]}},{"type":"Feature","properties":{},"geometry":{"type":"Polygon","coordinates":[[[33.780284,64.730353],[33.729991,64.749396],[33.682506,64.7461],[33.612071,64.777655],[33.546153,64.798712],[33.509776,64.814826],[33.505626,64.828742],[33.530284,64.824897],[33.550792,64.829108],[33.5713,64.839484],[33.600108,64.830268],[33.612071,64.830878],[33.634044,64.839484],[33.657848,64.853461],[33.667369,64.870429],[33.747569,64.88288],[33.774669,64.862982],[33.7494,64.845465],[33.704845,64.836798],[33.67628,64.838629],[33.659679,64.832648],[33.669688,64.823127],[33.701549,64.814826],[33.740001,64.784796],[33.744395,64.758918],[33.772227,64.748786],[33.78358,64.759223],[33.805919,64.768744],[33.846324,64.757758],[33.848643,64.744391],[33.830821,64.74317],[33.79005,64.722663],[33.780284,64.730353]]]}},{"type":"Feature","properties":{},"geometry":{"type":"Polygon","coordinates":[[[32.013682,65.144538],[32.014903,65.178717],[31.980479,65.19953],[32.027599,65.217963],[32.060069,65.223029],[32.092296,65.205207],[32.128429,65.177253],[32.080089,65.160285],[32.065196,65.149298],[32.035655,65.143927],[32.013682,65.144538]]]}},{"type":"Feature","properties":{},"geometry":{"type":"Polygon","coordinates":[[[33.385265,64.590949],[33.402476,64.591559],[33.393321,64.60401],[33.357921,64.617987],[33.319469,64.624823],[33.302867,64.644171],[33.315684,64.661139],[33.393809,64.678046],[33.42213,64.665839],[33.442393,64.653083],[33.472667,64.645941],[33.476817,64.631964],[33.49464,64.60755],[33.441417,64.601325],[33.426524,64.587043],[33.39503,64.576667],[33.369151,64.585273],[33.385265,64.590949]]]}},{"type":"Feature","properties":{"name":"Pistoj\u00e4rvi and Ohtaj\u00e4rvi"},"geometry":{"type":"Polygon","coordinates":[[[30.514049,65.561652],[30.489268,65.561957],[30.501842,65.569098],[30.551768,65.581549],[30.566417,65.571418],[30.566905,65.552741],[30.584483,65.539374],[30.59962,65.522711],[30.584239,65.51026],[30.528087,65.490912],[30.479503,65.51081],[30.462657,65.528083],[30.483409,65.545905],[30.513682,65.552741],[30.514049,65.561652]]]}},{"type":"Feature","properties":{},"geometry":{"type":"Polygon","coordinates":[[[32.30714,65.271796],[32.280406,65.289557],[32.276622,65.313971],[32.324718,65.326178],[32.4192,65.307135],[32.444469,65.291388],[32.40797,65.271491],[32.381114,65.26673],[32.30714,65.271796]]]}},{"type":"Feature","properties":{},"geometry":{"type":"Polygon","coordinates":[[[32.594615,65.252143],[32.636241,65.267585],[32.685069,65.273871],[32.715343,65.265876],[32.694591,65.249762],[32.658214,65.238166],[32.631602,65.233405],[32.606456,65.237006],[32.594615,65.252143]]]}},{"type":"Feature","properties":{},"geometry":{"type":"Polygon","coordinates":[[[30.706432,65.476935],[30.70338,65.491461],[30.751964,65.498297],[30.714366,65.523566],[30.736827,65.532782],[30.779063,65.531623],[30.802989,65.522101],[30.830089,65.517707],[30.858043,65.504584],[30.838756,65.492072],[30.801036,65.489997],[30.776622,65.483771],[30.744151,65.461432],[30.723888,65.463263],[30.706432,65.476935]]]}},{"type":"Feature","properties":{},"geometry":{"type":"Polygon","coordinates":[[[30.767955,64.70777],[30.786998,64.715827],[30.826549,64.71015],[30.876231,64.71015],[30.894542,64.692878],[30.876231,64.681647],[30.827647,64.67713],[30.788097,64.681281],[30.775401,64.694342],[30.767955,64.70777]]]}},{"type":"Feature","properties":{"name":"Sumozero"},"geometry":{"type":"Polygon","coordinates":[[[35.223521,63.893439],[35.212779,63.911261],[35.175304,63.903815],[35.155406,63.912116],[35.15089,63.927314],[35.142955,63.936286],[35.108653,63.956427],[35.074474,63.954962],[35.052501,63.966864],[35.04713,63.976386],[35.032237,63.987372],[35.027599,64.00611],[35.036754,64.012946],[35.067393,64.016486],[35.094493,64.025397],[35.135509,64.024298],[35.159312,64.032233],[35.205333,64.039069],[35.227672,64.03675],[35.273448,64.005866],[35.297618,63.972785],[35.319224,63.957404],[35.294566,63.952033],[35.260387,63.930548],[35.269298,63.895209],[35.287364,63.881537],[35.274913,63.874091],[35.241344,63.880988],[35.226817,63.877082],[35.223521,63.893439]]]}},{"type":"Feature","properties":{},"geometry":{"type":"Polygon","coordinates":[[[34.208751,64.012336],[34.232921,64.038214],[34.263194,64.139594],[34.245372,64.166083],[34.274791,64.184211],[34.257213,64.203864],[34.281871,64.218695],[34.352672,64.242438],[34.372935,64.231757],[34.354747,64.21424],[34.38087,64.172919],[34.385387,64.14704],[34.386485,64.081061],[34.395274,64.072394],[34.360728,64.070929],[34.322642,64.046881],[34.294444,64.021247],[34.268809,64.011176],[34.235606,64.00196],[34.208751,64.012336]]]}},{"type":"Feature","properties":{},"geometry":{"type":"Polygon","coordinates":[[[60.034923,56.837958],[60.113658,56.837592],[60.149058,56.816474],[60.161876,56.797431],[60.190929,56.770392],[60.174327,56.751044],[60.143077,56.753424],[60.12379,56.781745],[60.102672,56.798041],[60.078258,56.797126],[60.031505,56.814399],[60.017833,56.813849],[60.01234,56.821967],[60.034923,56.837958]]]}},{"type":"Feature","properties":{"name":"Berezovoe and Tungudskoe"},"geometry":{"type":"Polygon","coordinates":[[[33.012096,64.42475],[33.043956,64.428595],[33.139903,64.405707],[33.164073,64.410468],[33.191417,64.420539],[33.222667,64.412238],[33.271373,64.385749],[33.302257,64.351325],[33.258556,64.339118],[33.130138,64.341803],[33.163707,64.308173],[33.11671,64.285285],[33.091441,64.288825],[33.08192,64.303717],[33.099132,64.316535],[33.062511,64.336127],[33.107188,64.348334],[33.093761,64.358405],[33.052501,64.361396],[33.026012,64.353644],[33.048961,64.320075],[33.058116,64.311408],[33.016612,64.312934],[32.979747,64.330451],[33.000499,64.381598],[32.996104,64.412543],[33.012096,64.42475]]]}},{"type":"Feature","properties":{},"geometry":{"type":"Polygon","coordinates":[[[32.948741,64.651862],[33.020763,64.668524],[33.04835,64.662238],[33.077525,64.648322],[33.096812,64.634345],[33.021617,64.610846],[33.000499,64.619757],[32.986827,64.633185],[32.959727,64.642646],[32.948741,64.651862]]]}},{"type":"Feature","properties":{},"geometry":{"type":"Polygon","coordinates":[[[33.95692,64.502021],[34.001231,64.528815],[34.025645,64.524909],[34.026866,64.507697],[34.041759,64.493415],[34.105968,64.474982],[34.128429,64.456855],[34.136485,64.444953],[34.116588,64.422614],[34.037608,64.405097],[34.006602,64.411383],[33.990001,64.427375],[33.968272,64.440497],[33.936046,64.450324],[33.873668,64.480902],[33.86378,64.488654],[33.91627,64.486274],[33.933726,64.496955],[33.95692,64.502021]]]}},{"type":"Feature","properties":{},"geometry":{"type":"Polygon","coordinates":[[[33.221202,64.543952],[33.202647,64.557318],[33.246349,64.566535],[33.214854,64.584113],[33.264781,64.587653],[33.313243,64.579352],[33.335948,64.573371],[33.355479,64.564215],[33.342296,64.552008],[33.315318,64.549018],[33.28651,64.538947],[33.257701,64.535041],[33.221202,64.543952]]]}},{"type":"Feature","properties":{},"geometry":{"type":"Polygon","coordinates":[[[31.091075,64.879035],[31.083507,64.893317],[31.121837,64.909369],[31.160411,64.904608],[31.181529,64.889411],[31.18922,64.87696],[31.162852,64.873053],[31.136607,64.881964],[31.118785,64.870734],[31.112559,64.847785],[31.100597,64.839484],[31.094371,64.856452],[31.091075,64.879035]]]}},{"type":"Feature","properties":{},"geometry":{"type":"Polygon","coordinates":[[[33.67628,64.46192],[33.655162,64.490729],[33.618663,64.487189],[33.609386,64.501715],[33.638194,64.515143],[33.653331,64.526129],[33.673839,64.524298],[33.746471,64.503546],[33.77589,64.489264],[33.781261,64.476447],[33.756236,64.466925],[33.731944,64.473151],[33.697642,64.4607],[33.67628,64.46192]]]}},{"type":"Feature","properties":{},"geometry":{"type":"Polygon","coordinates":[[[38.654796,62.902472],[38.689952,62.941718],[38.683604,62.956916],[38.666392,62.964362],[38.669688,62.975959],[38.688975,62.991706],[38.71754,62.998236],[38.734386,62.98609],[38.736217,62.971808],[38.753795,62.962531],[38.756847,62.941413],[38.75587,62.91944],[38.761729,62.909308],[38.735362,62.896552],[38.710948,62.878974],[38.677379,62.869513],[38.646495,62.873053],[38.654796,62.902472]]]}},{"type":"Feature","properties":{},"geometry":{"type":"Polygon","coordinates":[[[33.034923,63.816107],[32.985362,63.833991],[32.97462,63.840522],[32.966563,63.850348],[32.97877,63.852057],[33.014415,63.842902],[33.04005,63.843756],[33.001109,63.859259],[32.973765,63.880927],[32.987437,63.896979],[33.032603,63.90589],[33.061778,63.892829],[33.0171,63.872016],[33.084361,63.848822],[33.109874,63.830695],[33.086436,63.82569],[33.061412,63.831916],[33.049815,63.820868],[33.034923,63.816107]]]}},{"type":"Feature","properties":{},"geometry":{"type":"Polygon","coordinates":[[[33.92689,63.7638],[33.959605,63.776618],[33.899913,63.819709],[33.912974,63.820014],[33.945323,63.813727],[33.964366,63.806891],[34.035411,63.756354],[33.995006,63.748297],[33.95692,63.750739],[33.92689,63.7638]]]}},{"type":"Feature","properties":{},"geometry":{"type":"Polygon","coordinates":[[[31.823985,64.084357],[31.777354,64.089362],[31.748546,64.103278],[31.732188,64.119391],[31.727672,64.138434],[31.749766,64.141974],[31.775645,64.130988],[31.845103,64.087897],[31.823985,64.084357]]]}},{"type":"Feature","properties":{"name":"\u00c4n\u00e4ttij\u00e4rvi"},"geometry":{"type":"Polygon","coordinates":[[[29.813487,64.466315],[29.804698,64.485358],[29.82606,64.491034],[29.86439,64.469001],[29.903331,64.477668],[29.908702,64.462775],[29.883189,64.448798],[29.862926,64.42713],[29.846202,64.417609],[29.835582,64.43244],[29.832896,64.448249],[29.813487,64.466315]]]}},{"type":"Feature","properties":{},"geometry":{"type":"Polygon","coordinates":[[[32.147838,64.155646],[32.13795,64.169074],[32.138316,64.187751],[32.142467,64.198493],[32.167979,64.195197],[32.193614,64.169318],[32.250377,64.132453],[32.237804,64.11817],[32.187633,64.132209],[32.147838,64.155646]]]}},{"type":"Feature","properties":{},"geometry":{"type":"Polygon","coordinates":[[[35.73463,63.616645],[35.702159,63.632086],[35.687511,63.651374],[35.70338,63.662116],[35.731578,63.654059],[35.779796,63.668097],[35.802013,63.661811],[35.802013,63.638922],[35.766368,63.616034],[35.73463,63.616645]]]}},{"type":"Feature","properties":{},"geometry":{"type":"Polygon","coordinates":[[[35.82252,63.467414],[35.801524,63.481696],[35.795177,63.492377],[35.792247,63.506354],[35.751475,63.51612],[35.747325,63.535163],[35.797374,63.546759],[35.836925,63.544684],[35.874034,63.561347],[35.872203,63.487311],[35.880626,63.478644],[35.866222,63.47901],[35.839488,63.487555],[35.821666,63.485785],[35.827647,63.472724],[35.82252,63.467414]]]}},{"type":"Feature","properties":{},"geometry":{"type":"Polygon","coordinates":[[[33.474986,63.893439],[33.42213,63.920783],[33.417613,63.94068],[33.431651,63.960944],[33.461314,63.972785],[33.548106,63.978766],[33.574229,63.965399],[33.582652,63.952277],[33.552867,63.927924],[33.559703,63.904425],[33.56776,63.890998],[33.545177,63.889533],[33.526134,63.89881],[33.519054,63.909491],[33.50587,63.904425],[33.511241,63.889289],[33.520274,63.876776],[33.502086,63.871161],[33.479991,63.877082],[33.474986,63.893439]]]}},{"type":"Feature","properties":{},"geometry":{"type":"Polygon","coordinates":[[[33.265636,63.595526],[33.156627,63.623175],[33.142345,63.62287],[33.129527,63.61756],[33.114024,63.640143],[33.093516,63.654059],[33.087901,63.696295],[33.033702,63.720343],[33.021007,63.731086],[33.015147,63.742987],[32.988292,63.773017],[32.980846,63.789984],[32.980846,63.806647],[33.006724,63.804816],[33.067882,63.791144],[33.083507,63.764411],[33.145274,63.72248],[33.161388,63.705817],[33.190684,63.665412],[33.22755,63.651374],[33.251964,63.651129],[33.266612,63.65467],[33.284434,63.643683],[33.382823,63.616645],[33.409557,63.603888],[33.425548,63.588385],[33.401256,63.572028],[33.370982,63.574469],[33.343272,63.583625],[33.318126,63.578864],[33.29066,63.580695],[33.265636,63.595526]]]}},{"type":"Feature","properties":{"name":"Rovkulskoe"},"geometry":{"type":"Polygon","coordinates":[[[30.986461,64.046881],[31.028697,64.027533],[31.057262,64.031134],[31.126231,64.021613],[31.139415,64.006415],[31.110118,63.990607],[31.082774,63.980231],[31.086436,63.969245],[31.097667,63.958869],[31.078868,63.947272],[31.056407,63.948432],[31.023326,63.959723],[30.98878,63.983527],[30.999766,63.999579],[31.018321,64.00672],[31.008556,64.015021],[30.906505,64.023383],[30.87025,64.032294],[30.885997,64.03913],[30.913829,64.04328],[30.893077,64.058478],[30.853282,64.068244],[30.792003,64.102179],[30.806285,64.11402],[30.834239,64.104254],[30.857432,64.084906],[30.892589,64.062873],[30.945689,64.058112],[30.986461,64.046881]]]}},{"type":"Feature","properties":{"name":"Piiloj\u00e4rvi and Karasj\u00e4rvi"},"geometry":{"type":"Polygon","coordinates":[[[35.224132,63.742682],[35.204478,63.750739],[35.188731,63.769171],[35.203258,63.785163],[35.262218,63.802741],[35.278575,63.816718],[35.307872,63.821479],[35.343516,63.818854],[35.420665,63.822394],[35.491466,63.806891],[35.529796,63.791754],[35.544566,63.774787],[35.557872,63.769171],[35.56422,63.750434],[35.539317,63.735602],[35.484874,63.729621],[35.454845,63.738532],[35.409312,63.763495],[35.354625,63.771491],[35.297618,63.766486],[35.306651,63.744513],[35.264903,63.734992],[35.255382,63.724555],[35.237193,63.730841],[35.224132,63.742682]]]}},{"type":"Feature","properties":{},"geometry":{"type":"Polygon","coordinates":[[[31.21046,64.38996],[31.091685,64.414923],[31.059337,64.416999],[31.024547,64.428351],[31.012462,64.442023],[31.04481,64.442878],[31.072765,64.438117],[31.21461,64.401862],[31.243175,64.397956],[31.291026,64.393805],[31.314952,64.402106],[31.331554,64.412238],[31.346812,64.397101],[31.32606,64.385749],[31.301036,64.384589],[31.21046,64.38996]]]}},{"type":"Feature","properties":{},"geometry":{"type":"Polygon","coordinates":[[[37.125987,62.826361],[37.126353,62.868903],[37.066173,62.890021],[37.062389,62.902777],[37.081432,62.913764],[37.120128,62.914679],[37.172618,62.891242],[37.190196,62.864997],[37.150035,62.829047],[37.125987,62.826361]]]}},{"type":"Feature","properties":{},"geometry":{"type":"Polygon","coordinates":[[[35.203868,63.204596],[35.22169,63.198004],[35.232677,63.186408],[35.222911,63.157843],[35.195811,63.143317],[35.162364,63.137946],[35.132823,63.152533],[35.11964,63.171515],[35.134288,63.184638],[35.203868,63.204596]]]}},{"type":"Feature","properties":{},"geometry":{"type":"Polygon","coordinates":[[[34.322032,63.403205],[34.404674,63.435004],[34.443858,63.436774],[34.486095,63.427253],[34.485606,63.412116],[34.457652,63.394843],[34.434703,63.386786],[34.410411,63.383795],[34.385753,63.392707],[34.324474,63.377631],[34.313243,63.386542],[34.322032,63.403205]]]}},{"type":"Feature","properties":{},"geometry":{"type":"Polygon","coordinates":[[[34.511119,63.361823],[34.526622,63.382086],[34.566783,63.385016],[34.603282,63.37757],[34.664317,63.378791],[34.714488,63.368964],[34.715709,63.355902],[34.673839,63.343695],[34.658946,63.332648],[34.601207,63.347541],[34.548961,63.340155],[34.519176,63.34278],[34.511119,63.361823]]]}},{"type":"Feature","properties":{"name":"Maslozero"},"geometry":{"type":"Polygon","coordinates":[[[33.219615,63.518805],[33.24879,63.504889],[33.25648,63.488532],[33.232677,63.479254],[33.218028,63.467963],[33.185435,63.464728],[33.156016,63.471808],[33.145518,63.500128],[33.132823,63.491217],[33.140147,63.47425],[33.134776,63.454901],[33.120372,63.434699],[33.115855,63.416266],[33.100108,63.410285],[33.0713,63.418341],[33.036388,63.410895],[33.009044,63.429328],[32.97108,63.44776],[32.942882,63.456061],[32.927623,63.476569],[32.889537,63.495002],[32.840831,63.497687],[32.782848,63.48548],[32.77711,63.498297],[32.79774,63.514045],[32.766856,63.539923],[32.788829,63.544684],[32.825694,63.564337],[32.837291,63.558966],[32.873546,63.55091],[32.924571,63.559577],[32.941905,63.580695],[32.961192,63.58869],[32.991222,63.592841],[33.011241,63.604132],[33.027843,63.607062],[33.034679,63.58924],[33.016002,63.560431],[33.020763,63.543219],[33.086681,63.523261],[33.109874,63.51258],[33.14796,63.519416],[33.175304,63.513739],[33.219615,63.518805]]]}},{"type":"Feature","properties":{},"geometry":{"type":"Polygon","coordinates":[[[32.784923,63.330939],[32.76588,63.342475],[32.751964,63.355597],[32.737071,63.37403],[32.723643,63.399298],[32.714366,63.407965],[32.741222,63.410895],[32.76295,63.418036],[32.739757,63.428717],[32.724864,63.446906],[32.742931,63.469184],[32.779552,63.462043],[32.841075,63.442145],[32.846202,63.426947],[32.87086,63.392462],[32.899058,63.388007],[32.922618,63.394843],[32.945811,63.394538],[32.958018,63.366584],[32.938731,63.332648],[32.90211,63.324103],[32.871471,63.3357],[32.865733,63.348456],[32.848888,63.366889],[32.810191,63.37519],[32.790538,63.363898],[32.79835,63.354132],[32.834239,63.332099],[32.843272,63.323493],[32.83192,63.315741],[32.784923,63.330939]]]}},{"type":"Feature","properties":{},"geometry":{"type":"Polygon","coordinates":[[[34.661632,63.035651],[34.651378,63.050849],[34.669566,63.069586],[34.692393,63.077643],[34.831309,63.044562],[34.831309,63.032355],[34.815929,63.03028],[34.795421,63.037116],[34.768321,63.032965],[34.748057,63.021979],[34.7317,63.019049],[34.684459,63.025519],[34.661632,63.035651]]]}},{"type":"Feature","properties":{},"geometry":{"type":"Polygon","coordinates":[[[60.005138,55.825202],[60.016734,55.832953],[60.02357,55.822272],[60.034923,55.812751],[60.074718,55.785102],[60.111339,55.791938],[60.124644,55.781867],[60.082774,55.768439],[60.038097,55.77558],[60.01295,55.796698],[60.005138,55.825202]]]}},{"type":"Feature","properties":{},"geometry":{"type":"Polygon","coordinates":[[[38.939952,62.656317],[38.881847,62.654181],[38.900401,62.649176],[38.913829,62.641425],[38.887584,62.626288],[38.861095,62.619452],[38.822154,62.628913],[38.791515,62.625128],[38.76588,62.617987],[38.75941,62.63996],[38.736583,62.662543],[38.712169,62.671515],[38.770763,62.693183],[38.808238,62.701178],[38.867442,62.685187],[38.911143,62.691107],[38.928722,62.706244],[38.958995,62.706549],[38.968516,62.680976],[38.949474,62.660163],[38.939952,62.656317]]]}},{"type":"Feature","properties":{},"geometry":{"type":"Polygon","coordinates":[[[32.248057,63.226264],[32.279796,63.23487],[32.285167,63.209296],[32.279307,63.172431],[32.261974,63.162604],[32.237804,63.154608],[32.225108,63.140937],[32.208751,63.142707],[32.198619,63.164679],[32.186534,63.222724],[32.212413,63.22779],[32.248057,63.226264]]]}},{"type":"Feature","properties":{},"geometry":{"type":"Polygon","coordinates":[[[33.683116,62.892951],[33.656016,62.904547],[33.628673,62.92237],[33.653941,62.937873],[33.622813,62.955695],[33.680431,62.94654],[33.742198,62.919745],[33.730357,62.908454],[33.683116,62.892951]]]}},{"type":"Feature","properties":{},"geometry":{"type":"Polygon","coordinates":[[[33.843028,62.869757],[33.834483,62.881964],[33.790538,62.888556],[33.846934,62.937262],[33.878429,62.931342],[33.929698,62.88172],[33.906749,62.876593],[33.88087,62.883429],[33.869273,62.88227],[33.881724,62.862067],[33.857921,62.858771],[33.843028,62.869757]]]}},{"type":"Feature","properties":{},"geometry":{"type":"Polygon","coordinates":[[[32.488536,63.168891],[32.476573,63.176337],[32.491222,63.188239],[32.521251,63.196784],[32.604137,63.2414],[32.626475,63.232184],[32.630382,63.213507],[32.607677,63.205207],[32.586925,63.189399],[32.562022,63.175116],[32.537608,63.167121],[32.523936,63.156378],[32.488536,63.168891]]]}},{"type":"Feature","properties":{},"geometry":{"type":"Polygon","coordinates":[[[33.769054,62.998786],[33.779185,63.021125],[33.802013,63.02558],[33.822276,63.035651],[33.84901,63.042243],[33.862071,63.011603],[33.843272,62.986945],[33.832286,62.982489],[33.802257,62.978034],[33.769908,62.980719],[33.769054,62.998786]]]}},{"type":"Feature","properties":{},"geometry":{"type":"Polygon","coordinates":[[[31.725841,63.185187],[31.680675,63.187018],[31.638682,63.212043],[31.630382,63.234626],[31.711681,63.211371],[31.763682,63.222419],[31.775645,63.215827],[31.758067,63.206305],[31.742931,63.192023],[31.725841,63.185187]]]}},{"type":"Feature","properties":{},"geometry":{"type":"Polygon","coordinates":[[[34.488292,62.682502],[34.470103,62.687873],[34.444347,62.704169],[34.421397,62.703253],[34.418468,62.722052],[34.44276,62.736884],[34.48585,62.74317],[34.503429,62.733039],[34.52064,62.71424],[34.506114,62.709479],[34.494884,62.714606],[34.481944,62.726447],[34.462047,62.725287],[34.469737,62.713385],[34.495616,62.694342],[34.510509,62.671149],[34.499522,62.670905],[34.488292,62.682502]]]}},{"type":"Feature","properties":{},"geometry":{"type":"Polygon","coordinates":[[[39.875865,61.661505],[39.851207,61.679084],[39.852306,61.69776],[39.879405,61.707892],[39.911876,61.705512],[39.94044,61.669806],[39.940929,61.644843],[39.906993,61.644843],[39.875865,61.661505]]]}},{"type":"Feature","properties":{},"geometry":{"type":"Polygon","coordinates":[[[32.482188,63.030646],[32.480724,63.061835],[32.472667,63.071662],[32.494395,63.076667],[32.518809,63.090399],[32.533458,63.104987],[32.551036,63.084723],[32.55421,63.055609],[32.527721,63.028815],[32.503062,63.014899],[32.48939,63.000006],[32.478038,63.001471],[32.482188,63.030646]]]}},{"type":"Feature","properties":{},"geometry":{"type":"Polygon","coordinates":[[[33.108653,62.818366],[33.134898,62.840338],[33.142589,62.866523],[33.123546,62.907538],[33.119151,62.930732],[33.140269,62.956916],[33.158092,62.953009],[33.189586,62.933722],[33.229991,62.916449],[33.238536,62.898627],[33.22462,62.890265],[33.206309,62.863837],[33.208018,62.831183],[33.213145,62.821662],[33.148936,62.793708],[33.124766,62.799018],[33.108653,62.818366]]]}},{"type":"Feature","properties":{},"geometry":{"type":"Polygon","coordinates":[[[34.175792,62.694648],[34.144786,62.70777],[34.128429,62.725592],[34.178966,62.750861],[34.203624,62.752936],[34.225352,62.734809],[34.23524,62.711615],[34.212901,62.707404],[34.190318,62.693183],[34.186168,62.681891],[34.175792,62.694648]]]}},{"type":"Feature","properties":{"name":"Yangozero"},"geometry":{"type":"Polygon","coordinates":[[[32.962657,62.870978],[32.943126,62.870368],[32.97462,62.827521],[32.927989,62.81446],[32.894298,62.821906],[32.849742,62.840644],[32.836436,62.863227],[32.853282,62.884345],[32.884776,62.887336],[32.901134,62.901618],[32.882091,62.914069],[32.86964,62.924445],[32.862559,62.935187],[32.842052,62.948859],[32.837901,62.966071],[32.844005,62.986945],[32.856212,63.002082],[32.868419,63.008307],[32.888438,63.010993],[32.91627,62.993476],[32.936046,62.972357],[32.992442,62.953925],[33.003429,62.915534],[33.001964,62.900397],[32.983165,62.879584],[32.962657,62.870978]]]}},{"type":"Feature","properties":{"name":"Viekinj\u00e4rvi"},"geometry":{"type":"Polygon","coordinates":[[[29.762706,63.401984],[29.773692,63.384406],[29.756114,63.37403],[29.705333,63.398444],[29.683604,63.413581],[29.687755,63.44123],[29.642955,63.467353],[29.669444,63.469123],[29.707408,63.449836],[29.735606,63.419806],[29.762706,63.401984]]]}},{"type":"Feature","properties":{"name":"Seletskoe ozero"},"geometry":{"type":"Polygon","coordinates":[[[33.070079,63.247931],[33.136729,63.274115],[33.200572,63.286017],[33.205333,63.26966],[33.219249,63.248542],[33.236827,63.234015],[33.22523,63.228644],[33.208507,63.212287],[33.198741,63.171881],[33.184581,63.147773],[33.168468,63.137336],[33.122325,63.130255],[33.073253,63.145148],[33.070933,63.170661],[33.059337,63.205451],[33.026622,63.23902],[33.070079,63.247931]]]}},{"type":"Feature","properties":{},"geometry":{"type":"Polygon","coordinates":[[[33.489513,63.154914],[33.508311,63.170966],[33.530284,63.175421],[33.563975,63.176581],[33.577647,63.158759],[33.580821,63.143927],[33.559093,63.132941],[33.519908,63.12342],[33.490489,63.136481],[33.489513,63.154914]]]}},{"type":"Feature","properties":{},"geometry":{"type":"Polygon","coordinates":[[[32.492686,63.298468],[32.525645,63.30683],[32.570323,63.327399],[32.601085,63.313117],[32.610118,63.293708],[32.587169,63.288947],[32.565807,63.279181],[32.520274,63.277716],[32.492686,63.298468]]]}},{"type":"Feature","properties":{},"geometry":{"type":"Polygon","coordinates":[[[35.362071,62.802008],[35.327647,62.825812],[35.285411,62.849005],[35.276988,62.863288],[35.284434,62.88703],[35.303233,62.902228],[35.354015,62.901923],[35.399547,62.887641],[35.428722,62.873053],[35.446178,62.860602],[35.474132,62.824286],[35.451793,62.807624],[35.427135,62.797858],[35.382579,62.793341],[35.362071,62.802008]]]}},{"type":"Feature","properties":{"name":"Tiligul Liman"},"geometry":{"type":"Polygon","coordinates":[[[31.172862,46.651618],[31.158702,46.66828],[31.142833,46.736945],[31.147349,46.774176],[31.142589,46.799445],[31.132091,46.830329],[31.11671,46.84278],[31.090587,46.848151],[31.084605,46.866889],[31.057506,46.896918],[31.01588,46.910285],[31.000499,46.928107],[31.000499,47.003058],[31.004405,47.038764],[31.013194,47.028632],[31.026622,46.979865],[31.046519,46.94007],[31.077769,46.910895],[31.097423,46.916266],[31.109019,46.926032],[31.113536,46.896003],[31.143199,46.860053],[31.177989,46.840705],[31.176768,46.818427],[31.180308,46.799079],[31.190684,46.777716],[31.184825,46.750006],[31.18922,46.732795],[31.205821,46.717353],[31.205577,46.687018],[31.193736,46.660285],[31.172862,46.651618]]]}},{"type":"Feature","properties":{"name":"Tuulos and Koroppi"},"geometry":{"type":"Polygon","coordinates":[[[30.514903,63.621711],[30.532237,63.61341],[30.618663,63.58924],[30.643687,63.578864],[30.666026,63.547003],[30.683604,63.535163],[30.680186,63.51911],[30.668346,63.505744],[30.640636,63.506598],[30.577891,63.528937],[30.484019,63.550666],[30.427867,63.583014],[30.422496,63.609198],[30.439952,63.62464],[30.506358,63.611274],[30.472423,63.645758],[30.487071,63.644294],[30.503062,63.634467],[30.514903,63.621711]]]}},{"type":"Feature","properties":{},"geometry":{"type":"Polygon","coordinates":[[[36.063487,62.061042],[36.110118,62.094672],[36.163341,62.096198],[36.198741,62.077765],[36.201671,62.063483],[36.178233,62.054816],[36.15504,62.051886],[36.13087,62.059577],[36.117808,62.04859],[36.082774,62.034919],[36.056285,62.049445],[36.063487,62.061042]]]}},{"type":"Feature","properties":{},"geometry":{"type":"Polygon","coordinates":[[[33.560313,62.444342],[33.555553,62.46778],[33.565074,62.513922],[33.584972,62.531989],[33.590953,62.520148],[33.593639,62.504401],[33.612315,62.521003],[33.628673,62.541266],[33.63026,62.521308],[33.622813,62.480902],[33.632091,62.437201],[33.592784,62.435675],[33.578746,62.424994],[33.560313,62.444342]]]}},{"type":"Feature","properties":{},"geometry":{"type":"Polygon","coordinates":[[[36.636729,61.947516],[36.631847,61.965338],[36.660411,61.990973],[36.688731,61.999274],[36.718761,61.988837],[36.720225,61.967719],[36.688365,61.93653],[36.663341,61.922858],[36.645518,61.934699],[36.636729,61.947516]]]}},{"type":"Feature","properties":{},"geometry":{"type":"Polygon","coordinates":[[[38.118419,61.695075],[38.057506,61.721259],[38.039928,61.735541],[38.037852,61.76026],[38.052989,61.779547],[38.072398,61.780768],[38.091075,61.791449],[38.113048,61.7956],[38.161143,61.763434],[38.209483,61.708503],[38.201671,61.686774],[38.172618,61.678107],[38.118419,61.695075]]]}},{"type":"Feature","properties":{},"geometry":{"type":"Polygon","coordinates":[[[33.772594,62.370246],[33.765758,62.380988],[33.749156,62.3935],[33.726329,62.420844],[33.734874,62.448249],[33.758311,62.468146],[33.790782,62.476142],[33.81422,62.475592],[33.8838,62.434211],[33.896007,62.396491],[33.925792,62.356024],[33.953136,62.349189],[33.968516,62.340216],[33.958751,62.334601],[33.92213,62.323859],[33.916148,62.331671],[33.845103,62.348029],[33.772594,62.370246]]]}},{"type":"Feature","properties":{},"geometry":{"type":"Polygon","coordinates":[[[35.17567,62.467536],[35.137584,62.493415],[35.116222,62.522528],[35.141124,62.531134],[35.158092,62.514777],[35.177501,62.50318],[35.204845,62.495124],[35.206309,62.476691],[35.195567,62.46424],[35.17567,62.467536]]]}},{"type":"Feature","properties":{},"geometry":{"type":"Polygon","coordinates":[[[32.677257,62.904547],[32.613048,62.938117],[32.609508,62.949713],[32.691905,62.962531],[32.706554,62.953009],[32.712413,62.936957],[32.685557,62.91529],[32.677257,62.904547]]]}},{"type":"Feature","properties":{},"geometry":{"type":"Polygon","coordinates":[[[31.915904,63.003852],[31.906139,63.014533],[31.878184,63.02442],[31.838878,63.024665],[31.817149,63.020758],[31.78004,63.043463],[31.764537,63.061286],[31.785045,63.06214],[31.791515,63.049079],[31.789806,63.039801],[31.836436,63.055915],[31.875743,63.039252],[31.967052,62.991095],[32.007823,62.978888],[32.023204,62.966132],[32.019298,62.948859],[32.010753,62.943244],[31.99525,62.948859],[31.975352,62.943244],[31.95753,62.947089],[31.925304,62.967597],[31.92567,62.985419],[31.915904,63.003852]]]}},{"type":"Feature","properties":{},"geometry":{"type":"Polygon","coordinates":[[[34.546519,62.6034],[34.534434,62.622138],[34.594981,62.647956],[34.638682,62.631903],[34.635387,62.609626],[34.61671,62.593573],[34.601817,62.600714],[34.5796,62.584662],[34.546519,62.6034]]]}},{"type":"Feature","properties":{},"geometry":{"type":"Polygon","coordinates":[[[32.050059,62.927741],[32.06422,62.939643],[32.09962,62.954535],[32.109141,62.92359],[32.129405,62.929572],[32.157237,62.932257],[32.16505,62.91529],[32.148936,62.898627],[32.132579,62.887946],[32.109752,62.88526],[32.083018,62.907233],[32.057384,62.914435],[32.050059,62.927741]]]}},{"type":"Feature","properties":{},"geometry":{"type":"Polygon","coordinates":[[[32.095714,62.39527],[32.073985,62.424689],[32.067149,62.449347],[32.084727,62.469001],[32.107921,62.472602],[32.130626,62.475226],[32.167979,62.423224],[32.118907,62.39881],[32.095714,62.39527]]]}},{"type":"Feature","properties":{},"geometry":{"type":"Polygon","coordinates":[[[56.795665,55.720587],[56.807262,55.716437],[56.826915,55.70185],[56.803722,55.664069],[56.795421,55.640021],[56.771007,55.634955],[56.681163,55.603766],[56.649181,55.589728],[56.704112,55.570197],[56.705333,55.555304],[56.674327,55.546942],[56.632335,55.524665],[56.591075,55.52735],[56.564342,55.533271],[56.555675,55.521979],[56.570567,55.498542],[56.57838,55.477973],[56.515636,55.46015],[56.526622,55.438422],[56.510875,55.443183],[56.504893,55.463996],[56.563487,55.483039],[56.558971,55.495795],[56.543224,55.515753],[56.55128,55.542792],[56.570567,55.548712],[56.596812,55.535651],[56.615001,55.538947],[56.615489,55.55799],[56.628917,55.56507],[56.637462,55.576056],[56.641002,55.59986],[56.761241,55.640326],[56.786388,55.645636],[56.790294,55.666754],[56.803111,55.687262],[56.80421,55.70423],[56.795665,55.720587]]]}},{"type":"Feature","properties":{},"geometry":{"type":"Polygon","coordinates":[[[33.389903,62.307563],[33.36024,62.311408],[33.354015,62.319159],[33.368907,62.327521],[33.450328,62.343512],[33.469005,62.316779],[33.465831,62.281378],[33.438487,62.273078],[33.420665,62.28321],[33.415538,62.294806],[33.389903,62.307563]]]}},{"type":"Feature","properties":{"name":"Karpanj\u00e4rvi"},"geometry":{"type":"Polygon","coordinates":[[[31.175059,62.695807],[31.196056,62.67945],[31.191051,62.666693],[31.19044,62.654792],[31.1963,62.644416],[31.180308,62.648871],[31.168712,62.661383],[31.101329,62.684211],[31.061412,62.683112],[31.049205,62.708625],[31.069347,62.722907],[31.124156,62.703253],[31.146739,62.703253],[31.175059,62.695807]]]}},{"type":"Feature","properties":{},"geometry":{"type":"Polygon","coordinates":[[[53.141124,56.857184],[53.087291,56.909857],[53.080089,56.933356],[53.091807,56.93067],[53.124766,56.910773],[53.151134,56.885138],[53.173839,56.867621],[53.192515,56.857795],[53.171641,56.851569],[53.141124,56.857184]]]}},{"type":"Feature","properties":{},"geometry":{"type":"Polygon","coordinates":[[[54.537608,56.274176],[54.563121,56.279792],[54.58253,56.278083],[54.599132,56.286078],[54.660899,56.292609],[54.690074,56.300055],[54.70338,56.292609],[54.687022,56.280158],[54.637462,56.260749],[54.574474,56.256598],[54.526622,56.260504],[54.537608,56.274176]]]}},{"type":"Feature","properties":{},"geometry":{"type":"Polygon","coordinates":[[[31.551402,62.295417],[31.587657,62.29029],[31.589122,62.303961],[31.60963,62.32923],[31.64088,62.346808],[31.642345,62.318244],[31.623302,62.243964],[31.60963,62.232062],[31.579112,62.231452],[31.563609,62.240668],[31.565074,62.267707],[31.554332,62.284064],[31.551402,62.295417]]]}},{"type":"Feature","properties":{},"geometry":{"type":"Polygon","coordinates":[[[31.798106,62.332526],[31.765391,62.343268],[31.777354,62.359259],[31.808849,62.370002],[31.84901,62.366461],[31.865977,62.341193],[31.842784,62.319464],[31.812511,62.324225],[31.798106,62.332526]]]}},{"type":"Feature","properties":{"name":"Viiksinselk\u00e4"},"geometry":{"type":"Polygon","coordinates":[[[31.151134,62.523993],[31.198741,62.50257],[31.219859,62.480902],[31.227306,62.455634],[31.209727,62.445563],[31.169078,62.453864],[31.141368,62.479377],[31.123302,62.506476],[31.136974,62.521003],[31.151134,62.523993]]]}},{"type":"Feature","properties":{},"geometry":{"type":"Polygon","coordinates":[[[33.174693,61.756354],[33.188365,61.768805],[33.222179,61.769416],[33.242442,61.748297],[33.230968,61.72425],[33.204723,61.720649],[33.177013,61.734626],[33.174693,61.756354]]]}},{"type":"Feature","properties":{},"geometry":{"type":"Polygon","coordinates":[[[31.699962,62.052741],[31.723155,62.050055],[31.746104,62.033454],[31.737559,62.010871],[31.701182,62.003669],[31.667247,62.023322],[31.670299,62.037299],[31.689708,62.042975],[31.699962,62.052741]]]}},{"type":"Feature","properties":{"name":"Shotozero"},"geometry":{"type":"Polygon","coordinates":[[[33.095714,61.750128],[33.058116,61.752509],[33.01295,61.765265],[32.967174,61.76612],[32.896739,61.791388],[32.871104,61.816657],[32.885997,61.83216],[32.927013,61.838385],[32.969249,61.833014],[33.039073,61.816718],[33.060802,61.806586],[33.094127,61.779242],[33.095714,61.750128]]]}},{"type":"Feature","properties":{},"geometry":{"type":"Polygon","coordinates":[[[36.485362,61.289252],[36.466807,61.3086],[36.51002,61.317206],[36.550304,61.319281],[36.563731,61.325507],[36.570079,61.313056],[36.558482,61.30567],[36.546641,61.288703],[36.525157,61.279181],[36.485362,61.289252]]]}},{"type":"Feature","properties":{"name":"Suuri Onkamoj\u00e4rvi"},"geometry":{"type":"Polygon","coordinates":[[[29.953014,62.336066],[29.939098,62.360175],[29.927745,62.368781],[29.906016,62.376837],[29.905772,62.397345],[29.924815,62.409247],[29.941661,62.39527],[29.974742,62.375373],[29.980724,62.3664],[30.007091,62.35633],[30.037364,62.339667],[30.049571,62.309638],[30.012218,62.290045],[29.981822,62.306403],[30.001231,62.315924],[29.953014,62.336066]]]}},{"type":"Feature","properties":{},"geometry":{"type":"Polygon","coordinates":[[[59.181285,53.580817],[59.129405,53.579169],[59.124522,53.602179],[59.166148,53.6305],[59.192271,53.607001],[59.230724,53.609381],[59.238658,53.629279],[59.222301,53.700934],[59.208995,53.714606],[59.209239,53.729743],[59.218394,53.740485],[59.233653,53.736029],[59.265391,53.715216],[59.276378,53.687873],[59.279307,53.628058],[59.268565,53.606391],[59.240123,53.581671],[59.199962,53.571295],[59.181285,53.580817]]]}},{"type":"Feature","properties":{},"geometry":{"type":"Polygon","coordinates":[[[32.83192,61.575873],[32.817149,61.555915],[32.788829,61.543463],[32.735606,61.533637],[32.718272,61.540168],[32.708751,61.548835],[32.671886,61.552741],[32.615733,61.548529],[32.584849,61.55268],[32.597301,61.562506],[32.613292,61.568732],[32.639659,61.594001],[32.65211,61.595832],[32.764659,61.583258],[32.816173,61.582709],[32.83192,61.575873]]]}},{"type":"Feature","properties":{},"geometry":{"type":"Polygon","coordinates":[[[59.011363,53.332282],[59.021739,53.371833],[58.997325,53.416083],[59.021617,53.439643],[59.031627,53.415778],[59.033214,53.396735],[59.047862,53.358405],[59.049327,53.338813],[59.060557,53.32038],[59.037364,53.312812],[59.011363,53.332282]]]}},{"type":"Feature","properties":{},"geometry":{"type":"Polygon","coordinates":[[[42.555186,58.774298],[42.554332,58.801642],[42.57838,58.822455],[42.613536,58.821295],[42.647472,58.814704],[42.678355,58.805182],[42.692027,58.78974],[42.684825,58.774298],[42.644176,58.759406],[42.595714,58.755255],[42.570445,58.761237],[42.555186,58.774298]]]}},{"type":"Feature","properties":{},"geometry":{"type":"Polygon","coordinates":[[[37.017223,60.027167],[37.023204,60.01673],[36.990123,60.000373],[36.998424,59.991461],[37.034679,59.999823],[37.059459,60.000128],[37.079356,59.993537],[37.123546,59.991828],[37.14796,59.981391],[37.136974,59.97547],[37.062022,59.964484],[37.033458,59.966559],[37.010631,59.97425],[36.967296,59.97132],[36.938365,59.979315],[36.955089,60.000983],[36.990977,60.019416],[37.017223,60.027167]]]}},{"type":"Feature","properties":{},"geometry":{"type":"Polygon","coordinates":[[[37.742686,59.798224],[37.743785,59.811652],[37.739268,59.830085],[37.689708,59.87049],[37.693614,59.894904],[37.710216,59.892829],[37.767833,59.87287],[37.757579,59.860968],[37.764659,59.841071],[37.802013,59.823798],[37.823497,59.803595],[37.831798,59.788703],[37.794932,59.794684],[37.764415,59.795295],[37.750011,59.789069],[37.742686,59.798224]]]}},{"type":"Feature","properties":{},"geometry":{"type":"Polygon","coordinates":[[[42.154552,58.404425],[42.168712,58.418708],[42.209727,58.435065],[42.264781,58.43299],[42.325938,58.44068],[42.356944,58.454108],[42.39442,58.450812],[42.414317,58.427924],[42.389659,58.408026],[42.344493,58.396735],[42.29005,58.393683],[42.245128,58.396125],[42.191905,58.380622],[42.170177,58.388068],[42.154552,58.404425]]]}},{"type":"Feature","properties":{},"geometry":{"type":"Polygon","coordinates":[[[29.986095,60.837958],[30.077891,60.804328],[30.089488,60.78443],[30.092418,60.763312],[30.075206,60.754645],[30.057628,60.775519],[30.022594,60.786505],[29.997325,60.802619],[29.97169,60.836737],[29.986095,60.837958]]]}},{"type":"Feature","properties":{"name":"Pyukhay\u00e4rvi"},"geometry":{"type":"Polygon","coordinates":[[[30.251842,60.85694],[30.27003,60.862616],[30.310069,60.851569],[30.339854,60.836188],[30.353526,60.790412],[30.329967,60.786505],[30.316051,60.773688],[30.283702,60.774054],[30.250377,60.785041],[30.228282,60.788336],[30.190562,60.78797],[30.153331,60.797492],[30.136974,60.821295],[30.148326,60.842047],[30.281505,60.818915],[30.271251,60.837348],[30.251842,60.85694]]]}},{"type":"Feature","properties":{},"geometry":{"type":"Polygon","coordinates":[[[54.531627,54.332404],[54.556651,54.344001],[54.595225,54.340461],[54.622569,54.319342],[54.620128,54.30091],[54.598765,54.30091],[54.534312,54.317267],[54.531627,54.332404]]]}},{"type":"Feature","properties":{},"geometry":{"type":"Polygon","coordinates":[[[54.054454,54.525702],[54.099864,54.519782],[54.121593,54.50611],[54.082652,54.495978],[54.038951,54.494757],[54.032481,54.51081],[54.054454,54.525702]]]}},{"type":"Feature","properties":{},"geometry":{"type":"Polygon","coordinates":[[[30.226573,59.086493],[30.252452,59.094794],[30.268199,59.083197],[30.246471,59.070685],[30.24464,59.048102],[30.228038,59.000006],[30.227428,58.976203],[30.197154,58.969367],[30.170055,58.985114],[30.196178,59.007941],[30.190196,59.03797],[30.179576,59.062995],[30.188243,59.069525],[30.206065,59.071906],[30.226573,59.086493]]]}},{"type":"Feature","properties":{},"geometry":{"type":"Polygon","coordinates":[[[39.34547,57.144416],[39.363902,57.172614],[39.378795,57.185736],[39.428966,57.195258],[39.472179,57.212775],[39.48878,57.213141],[39.49171,57.199103],[39.48463,57.148932],[39.427013,57.121527],[39.353282,57.122077],[39.34547,57.144416]]]}},{"type":"Feature","properties":{},"geometry":{"type":"Polygon","coordinates":[[[35.107555,58.390753],[35.096446,58.403571],[35.092296,58.421698],[35.125743,58.445197],[35.229747,58.466559],[35.243419,58.453742],[35.228282,58.448127],[35.197276,58.448432],[35.134654,58.427619],[35.117686,58.416022],[35.126231,58.399054],[35.127696,58.379767],[35.109874,58.376471],[35.107555,58.390753]]]}},{"type":"Feature","properties":{},"geometry":{"type":"Polygon","coordinates":[[[34.306529,57.866339],[34.294444,57.859137],[34.274791,57.864814],[34.272716,57.879645],[34.282725,57.900519],[34.262828,57.920111],[34.217052,57.939704],[34.199229,57.951911],[34.185313,57.968024],[34.16627,57.980719],[34.186534,57.986396],[34.224254,57.9784],[34.243175,57.957587],[34.275401,57.94007],[34.317638,57.926032],[34.317882,57.905524],[34.295665,57.881171],[34.297862,57.87464],[34.306529,57.866339]]]}},{"type":"Feature","properties":{},"geometry":{"type":"Polygon","coordinates":[[[33.321788,58.014045],[33.342296,57.989691],[33.308849,57.969123],[33.2942,57.966498],[33.269542,57.97901],[33.261851,57.999518],[33.242442,58.016486],[33.21754,58.026557],[33.255382,58.022345],[33.295665,58.022101],[33.321788,58.014045]]]}},{"type":"Feature","properties":{},"geometry":{"type":"Polygon","coordinates":[[[33.949474,58.135382],[33.83839,58.150824],[33.835704,58.166632],[33.852061,58.181159],[33.91627,58.178473],[33.955455,58.185309],[33.929576,58.167731],[33.960216,58.141364],[33.949474,58.135382]]]}},{"type":"Feature","properties":{},"geometry":{"type":"Polygon","coordinates":[[[36.521251,57.028449],[36.481456,57.043341],[36.474864,57.053717],[36.490245,57.065009],[36.523326,57.059943],[36.554576,57.066779],[36.575938,57.083441],[36.595958,57.085822],[36.608897,57.06446],[36.599376,57.028205],[36.567393,57.006476],[36.521251,57.028449]]]}},{"type":"Feature","properties":{},"geometry":{"type":"Polygon","coordinates":[[[33.419688,57.672431],[33.411021,57.659369],[33.396739,57.648993],[33.388438,57.636176],[33.356944,57.629035],[33.346812,57.644782],[33.350352,57.67005],[33.337047,57.675727],[33.323741,57.676032],[33.31776,57.687018],[33.351329,57.70246],[33.400401,57.708991],[33.420055,57.7013],[33.417369,57.688239],[33.419688,57.672431]]]}},{"type":"Feature","properties":{},"geometry":{"type":"Polygon","coordinates":[[[32.969859,57.680182],[32.994884,57.712897],[33.005504,57.734626],[33.005138,57.754523],[33.057262,57.760138],[33.084239,57.759284],[33.092296,57.747382],[33.081309,57.7331],[33.078624,57.720893],[33.105235,57.681403],[33.091563,57.684638],[33.04005,57.707221],[33.024547,57.695319],[33.033702,57.678107],[33.022472,57.654303],[32.98585,57.635016],[32.972911,57.641852],[32.966319,57.663214],[32.969859,57.680182]]]}},{"type":"Feature","properties":{},"geometry":{"type":"Polygon","coordinates":[[[34.516124,57.536261],[34.496837,57.528815],[34.435924,57.518439],[34.411265,57.525519],[34.358897,57.528815],[34.334727,57.540412],[34.414195,57.546393],[34.428233,57.561835],[34.378917,57.577643],[34.362804,57.59455],[34.380626,57.601081],[34.417003,57.624884],[34.466319,57.62873],[34.504893,57.609992],[34.510875,57.568122],[34.52064,57.546393],[34.516124,57.536261]]]}},{"type":"Feature","properties":{},"geometry":{"type":"Polygon","coordinates":[[[38.739268,56.7555],[38.722301,56.790045],[38.747813,56.811713],[38.791515,56.808722],[38.824474,56.793586],[38.838145,56.768622],[38.828746,56.743903],[38.798106,56.734992],[38.768565,56.736518],[38.739268,56.7555]]]}},{"type":"Feature","properties":{},"geometry":{"type":"Polygon","coordinates":[[[33.056407,57.434943],[33.063487,57.447394],[33.060557,57.463446],[32.994273,57.499152],[32.978526,57.524054],[32.988902,57.537177],[33.07545,57.4961],[33.081676,57.472663],[33.090831,57.45777],[33.090831,57.437628],[33.080211,57.41883],[33.066539,57.407233],[33.04005,57.401618],[32.989268,57.370063],[32.982432,57.38758],[33.016612,57.413214],[33.056407,57.434943]]]}},{"type":"Feature","properties":{},"geometry":{"type":"Polygon","coordinates":[[[37.738536,56.035407],[37.683116,56.074958],[37.643077,56.092536],[37.6338,56.105597],[37.654674,56.101447],[37.685313,56.08985],[37.726573,56.068122],[37.759044,56.064582],[37.788097,56.047614],[37.803844,56.029181],[37.787608,56.024726],[37.757213,56.028571],[37.738536,56.035407]]]}},{"type":"Feature","properties":{},"geometry":{"type":"Polygon","coordinates":[[[33.108653,57.043341],[33.086436,57.06446],[33.075938,57.079596],[33.105479,57.087348],[33.188731,57.057013],[33.191173,57.040656],[33.172618,57.026984],[33.138438,57.024298],[33.108653,57.043341]]]}},{"type":"Feature","properties":{},"geometry":{"type":"MultiPolygon","coordinates":[[[[32.957042,56.915168],[32.956316,56.91659],[32.958458,56.916129],[32.957042,56.915168]]],[[[32.980235,56.930915],[33.027232,56.954108],[33.088145,56.949958],[33.181895,56.949958],[33.254649,56.8935],[33.234752,56.884284],[33.168468,56.910163],[33.146739,56.924994],[33.121104,56.93244],[33.066783,56.936286],[33.006724,56.928595],[32.972545,56.913092],[32.958458,56.916129],[32.980235,56.930915]]],[[[32.683849,56.992194],[32.736095,56.946723],[32.782848,56.9336],[32.863414,56.965461],[32.893809,56.96778],[32.944347,56.938971],[32.956316,56.91659],[32.937999,56.920539],[32.918468,56.940436],[32.888438,56.955329],[32.850352,56.943427],[32.812877,56.926764],[32.773326,56.919318],[32.761974,56.905402],[32.760753,56.89112],[32.743907,56.89466],[32.742076,56.919684],[32.722179,56.92237],[32.695811,56.936042],[32.680675,56.961859],[32.643443,56.994574],[32.667491,57.022528],[32.66505,57.039801],[32.674571,57.073371],[32.663585,57.090583],[32.631602,57.10456],[32.602428,57.130744],[32.588145,57.153083],[32.587169,57.205329],[32.576793,57.227912],[32.589,57.234748],[32.612804,57.203009],[32.620494,57.177741],[32.628917,57.129828],[32.637462,57.114081],[32.681773,57.091803],[32.717784,57.069464],[32.723888,57.057318],[32.722179,57.046332],[32.710948,57.024298],[32.685557,56.999274],[32.668468,56.996649],[32.683849,56.992194]]]]}},{"type":"Feature","properties":{},"geometry":{"type":"Polygon","coordinates":[[[40.147716,55.21778],[40.141612,55.230902],[40.130382,55.242499],[40.147716,55.257086],[40.170421,55.259406],[40.189708,55.233039],[40.173839,55.208014],[40.143199,55.206794],[40.147716,55.21778]]]}},{"type":"Feature","properties":{},"geometry":{"type":"Polygon","coordinates":[[[35.049815,55.910529],[35.099864,55.91236],[35.095714,55.890998],[35.071544,55.870429],[35.021007,55.876105],[35.007091,55.889472],[35.049815,55.910529]]]}},{"type":"Feature","properties":{},"geometry":{"type":"Polygon","coordinates":[[[34.501964,56.124945],[34.508433,56.137152],[34.509044,56.152289],[34.528331,56.155524],[34.539683,56.147528],[34.541759,56.136481],[34.536632,56.120185],[34.517955,56.091925],[34.513805,56.072882],[34.507823,56.062506],[34.458751,56.011359],[34.465831,55.986701],[34.482555,55.975409],[34.503917,55.974494],[34.543224,55.940314],[34.547984,55.921881],[34.541515,55.907904],[34.542735,55.893073],[34.581554,55.876715],[34.619395,55.87519],[34.65919,55.894232],[34.69752,55.892096],[34.768565,55.851081],[34.762706,55.832648],[34.73463,55.826728],[34.709727,55.826728],[34.697032,55.821967],[34.692515,55.836798],[34.691417,55.870124],[34.676524,55.882575],[34.647594,55.882025],[34.615245,55.871955],[34.569102,55.87342],[34.534679,55.885871],[34.526378,55.901984],[34.538219,55.916266],[34.533458,55.929938],[34.51649,55.95069],[34.458263,55.98548],[34.448131,56.009284],[34.491832,56.053839],[34.5171,56.102057],[34.515636,56.12464],[34.492931,56.112738],[34.490977,56.114814],[34.501964,56.124945]]]}},{"type":"Feature","properties":{},"geometry":{"type":"Polygon","coordinates":[[[45.371226,53.00318],[45.364635,52.965094],[45.348155,52.941901],[45.329478,52.963874],[45.312266,53.005194],[45.286143,53.012885],[45.171641,53.031317],[45.132091,53.053717],[45.107432,53.075934],[45.125255,53.087897],[45.158214,53.088568],[45.187633,53.073676],[45.271495,53.056708],[45.330943,53.050727],[45.365977,53.053168],[45.406749,53.06922],[45.436168,53.07154],[45.455821,53.067633],[45.463145,53.041327],[45.389537,53.027533],[45.371226,53.00318]]]}},{"type":"Feature","properties":{},"geometry":{"type":"Polygon","coordinates":[[[55.411998,48.732245],[55.369151,48.757819],[55.401256,48.775946],[55.43629,48.776252],[55.444591,48.747687],[55.424083,48.729254],[55.411998,48.732245]]]}},{"type":"Feature","properties":{},"geometry":{"type":"Polygon","coordinates":[[[31.234386,56.08216],[31.219615,56.103827],[31.192271,56.106208],[31.166026,56.119574],[31.132091,56.144843],[31.12025,56.159674],[31.132091,56.173346],[31.154185,56.171637],[31.216807,56.151129],[31.22877,56.140692],[31.240733,56.113349],[31.25941,56.095832],[31.319102,56.083625],[31.312633,56.061896],[31.261729,56.055976],[31.234386,56.08216]]]}},{"type":"Feature","properties":{},"geometry":{"type":"Polygon","coordinates":[[[30.038951,56.130622],[30.053844,56.148688],[30.077647,56.138007],[30.104381,56.118659],[30.153331,56.128485],[30.156016,56.112738],[30.126353,56.103278],[30.06544,56.100592],[30.048839,56.106208],[30.038951,56.130622]]]}},{"type":"Feature","properties":{},"geometry":{"type":"Polygon","coordinates":[[[31.339976,56.258124],[31.338145,56.239997],[31.299815,56.238532],[31.283824,56.216559],[31.260631,56.193915],[31.254405,56.181098],[31.265391,56.167426],[31.249522,56.162116],[31.220225,56.190924],[31.168956,56.259284],[31.182384,56.261969],[31.205089,56.25965],[31.22169,56.269721],[31.261485,56.281623],[31.271617,56.287543],[31.298961,56.287848],[31.315684,56.284308],[31.339976,56.258124]]]}},{"type":"Feature","properties":{},"geometry":{"type":"Polygon","coordinates":[[[57.793956,47.049445],[57.793224,47.083319],[57.786632,47.12226],[57.771129,47.149054],[57.771129,47.164191],[57.798473,47.159186],[57.819347,47.113959],[57.829112,47.074408],[57.839854,47.05329],[57.825816,47.033332],[57.803233,47.031867],[57.793956,47.049445]]]}},{"type":"Feature","properties":{},"geometry":{"type":"Polygon","coordinates":[[[50.000499,50.131354],[49.974376,50.112372],[49.962169,50.09394],[49.975597,50.082648],[50.016124,50.060675],[50.031749,50.03089],[50.019542,50.007453],[49.999034,49.984503],[49.990977,49.961615],[49.968516,49.946418],[49.945079,49.953864],[49.917979,49.970832],[49.889049,49.967292],[49.898204,49.952399],[49.923595,49.931891],[49.958629,49.913764],[49.97169,49.89173],[49.975597,49.869757],[49.985973,49.84925],[49.975597,49.85047],[49.963634,49.846869],[49.952403,49.834967],[49.935557,49.84632],[49.923595,49.915534],[49.90919,49.912848],[49.902721,49.89234],[49.893809,49.88404],[49.870616,49.906867],[49.846934,49.975898],[49.866466,49.99256],[49.881602,50.012458],[49.888194,50.043341],[49.922618,50.065985],[49.934337,50.104621],[49.960704,50.126654],[49.993175,50.139411],[50.000499,50.131354]]]}},{"type":"Feature","properties":{},"geometry":{"type":"Polygon","coordinates":[[[53.729503,48.557135],[53.747325,48.569342],[53.817515,48.571662],[53.751231,48.544074],[53.725597,48.538336],[53.729503,48.557135]]]}},{"type":"Feature","properties":{},"geometry":{"type":"Polygon","coordinates":[[[49.843516,50.233405],[49.793346,50.253607],[49.766612,50.27619],[49.788097,50.295539],[49.820689,50.297003],[49.888438,50.236945],[49.906016,50.240241],[49.925304,50.255378],[49.948253,50.251227],[49.965831,50.23902],[49.94044,50.193244],[49.912852,50.193488],[49.873057,50.202155],[49.856944,50.212531],[49.843516,50.233405]]]}},{"type":"Feature","properties":{},"geometry":{"type":"Polygon","coordinates":[[[52.447765,49.153815],[52.406016,49.201667],[52.401622,49.215949],[52.427257,49.207892],[52.468761,49.162726],[52.486339,49.15174],[52.484019,49.133002],[52.46046,49.133307],[52.447765,49.153815]]]}},{"type":"Feature","properties":{},"geometry":{"type":"Polygon","coordinates":[[[49.4015,50.416205],[49.396495,50.438239],[49.373546,50.452765],[49.363414,50.470343],[49.380015,50.478644],[49.41627,50.471564],[49.437144,50.438849],[49.422618,50.412665],[49.4015,50.416205]]]}},{"type":"Feature","properties":{},"geometry":{"type":"Polygon","coordinates":[[[49.490123,50.019049],[49.500743,50.067755],[49.47462,50.081427],[49.484141,50.09571],[49.50172,50.088568],[49.521007,50.071906],[49.531993,50.047003],[49.531749,50.03443],[49.507335,50.015143],[49.490123,50.019049]]]}},{"type":"Feature","properties":{},"geometry":{"type":"Polygon","coordinates":[[[33.067882,54.336615],[33.068004,54.309211],[33.08546,54.298224],[33.158702,54.282233],[33.208018,54.249152],[33.212169,54.23548],[33.292491,54.19953],[33.323741,54.174567],[33.297862,54.167365],[33.280772,54.16651],[33.257945,54.177863],[33.242808,54.19776],[33.211558,54.222724],[33.192882,54.243232],[33.166392,54.254828],[33.150645,54.265509],[33.134288,54.282477],[33.102794,54.289069],[33.068004,54.30213],[33.061168,54.324103],[33.064952,54.33631],[33.067882,54.336615]]]}},{"type":"Feature","properties":{},"geometry":{"type":"Polygon","coordinates":[[[50.736705,49.233527],[50.750987,49.237067],[50.830943,49.203498],[50.818492,49.191535],[50.778087,49.194586],[50.74464,49.214179],[50.736705,49.233527]]]}},{"type":"Feature","properties":{},"geometry":{"type":"Polygon","coordinates":[[[49.006602,49.789496],[49.01588,49.812995],[48.982555,49.84986],[49.001231,49.853705],[49.044688,49.836188],[49.073009,49.81507],[49.056895,49.795417],[49.071788,49.786261],[49.091319,49.779975],[49.078014,49.761542],[49.043468,49.750251],[49.006602,49.761237],[49.006602,49.789496]]]}},{"type":"Feature","properties":{"name":"North Caspian swamp"},"geometry":{"type":"Polygon","coordinates":[[[53.403087,47.419013],[53.414317,47.430915],[53.424815,47.435675],[53.427745,47.423712],[53.387462,47.405646],[53.39796,47.400275],[53.428966,47.402106],[53.449474,47.407721],[53.462413,47.419318],[53.497569,47.422858],[53.53651,47.409491],[53.563853,47.396369],[53.579112,47.40174],[53.592784,47.400519],[53.600108,47.387824],[53.551402,47.377692],[53.507701,47.360724],[53.470225,47.362555],[53.430431,47.349738],[53.389903,47.345832],[53.315562,47.320563],[53.278331,47.324164],[53.249889,47.302191],[53.25941,47.275153],[53.246837,47.245368],[53.198741,47.221564],[53.165538,47.231696],[53.186046,47.270026],[53.199351,47.281012],[53.193126,47.303656],[53.169932,47.314337],[53.157115,47.324469],[53.112559,47.324713],[53.077159,47.306647],[53.115245,47.310187],[53.136241,47.298285],[53.107432,47.281623],[53.058971,47.292975],[53.021007,47.326789],[53.067882,47.354499],[53.052257,47.362555],[53.027843,47.369025],[53.032237,47.379767],[53.054942,47.400885],[53.097423,47.409796],[53.104747,47.425849],[53.095592,47.43714],[53.133311,47.443366],[53.126842,47.451117],[53.12379,47.47132],[53.149425,47.496894],[53.208629,47.502814],[53.240977,47.498969],[53.272227,47.468634],[53.302257,47.448432],[53.314952,47.457038],[53.313243,47.47486],[53.320567,47.487372],[53.331309,47.485846],[53.346934,47.46894],[53.367686,47.465094],[53.397716,47.464789],[53.425914,47.451728],[53.44044,47.450507],[53.464854,47.469855],[53.489513,47.46778],[53.532603,47.452887],[53.562389,47.449347],[53.581309,47.43537],[53.554942,47.428839],[53.524058,47.429999],[53.421397,47.443732],[53.38795,47.435065],[53.387584,47.421088],[53.403087,47.419013]],[[53.254161,47.399665],[53.220714,47.404731],[53.209727,47.392829],[53.212413,47.356574],[53.231212,47.343512],[53.275767,47.345587],[53.302745,47.358649],[53.278453,47.3664],[53.269786,47.388983],[53.254161,47.399665]]]}},{"type":"Feature","properties":{},"geometry":{"type":"Polygon","coordinates":[[[57.475597,45.603339],[57.469737,45.587287],[57.453624,45.574469],[57.436656,45.573249],[57.406016,45.58515],[57.378673,45.591681],[57.335948,45.591437],[57.253429,45.609565],[57.150645,45.595587],[57.006114,45.624701],[56.982432,45.635138],[56.97755,45.667243],[56.999034,45.68592],[57.033824,45.678473],[57.064464,45.709113],[57.093028,45.721625],[57.121226,45.731452],[57.148936,45.731757],[57.169688,45.71955],[57.197642,45.713629],[57.234508,45.715094],[57.31776,45.694586],[57.413463,45.682685],[57.448009,45.673468],[57.466685,45.653815],[57.475597,45.603339]]]}},{"type":"Feature","properties":{},"geometry":{"type":"Polygon","coordinates":[[[57.198741,45.948493],[57.197887,45.96662],[57.222301,45.974677],[57.25587,45.967841],[57.286876,45.959235],[57.32191,45.936896],[57.320079,45.917609],[57.290294,45.914923],[57.248424,45.917853],[57.21046,45.931525],[57.198741,45.948493]]]}},{"type":"Feature","properties":{},"geometry":{"type":"Polygon","coordinates":[[[56.241222,45.836432],[56.282481,45.833747],[56.302989,45.828131],[56.351207,45.837897],[56.356212,45.82508],[56.302989,45.807563],[56.274181,45.807868],[56.23878,45.82038],[56.144298,45.796271],[56.108897,45.800421],[56.105601,45.811774],[56.149303,45.827155],[56.181407,45.86341],[56.183482,45.900885],[56.189464,45.919074],[56.16151,45.948493],[56.16981,45.958319],[56.189708,45.945563],[56.207042,45.950873],[56.23524,45.945502],[56.264659,45.945502],[56.286876,45.941962],[56.286021,45.919074],[56.268199,45.911017],[56.242931,45.915168],[56.223888,45.904181],[56.232188,45.889045],[56.241222,45.836432]]]}},{"type":"Feature","properties":{},"geometry":{"type":"Polygon","coordinates":[[[56.41566,45.914557],[56.468516,45.932746],[56.492076,45.955634],[56.500133,45.970221],[56.509654,45.96662],[56.537242,45.921759],[56.534312,45.900031],[56.475841,45.893195],[56.417247,45.902106],[56.41566,45.914557]]]}},{"type":"Feature","properties":{},"geometry":{"type":"Polygon","coordinates":[[[48.569835,49.229621],[48.556529,49.245734],[48.527354,49.262336],[48.523448,49.288825],[48.555064,49.29267],[48.59962,49.276923],[48.636241,49.271247],[48.638927,49.229621],[48.643321,49.211188],[48.629405,49.199286],[48.594493,49.208258],[48.569835,49.229621]]]}},{"type":"Feature","properties":{},"geometry":{"type":"Polygon","coordinates":[[[47.75172,49.636359],[47.773448,49.651252],[47.790294,49.657233],[47.813487,49.660163],[47.838878,49.656256],[47.856944,49.634589],[47.850108,49.60633],[47.820689,49.596808],[47.79481,49.620002],[47.773692,49.618232],[47.754649,49.620612],[47.75172,49.636359]]]}},{"type":"Feature","properties":{},"geometry":{"type":"Polygon","coordinates":[[[48.117442,49.484137],[48.136485,49.495429],[48.185802,49.500495],[48.230357,49.503791],[48.258311,49.497565],[48.280528,49.482062],[48.298473,49.461249],[48.30836,49.436896],[48.295177,49.427069],[48.293468,49.437751],[48.28297,49.456794],[48.246349,49.465399],[48.217784,49.458258],[48.191173,49.465399],[48.167003,49.451422],[48.132823,49.449652],[48.11378,49.46485],[48.117442,49.484137]]]}},{"type":"Feature","properties":{},"geometry":{"type":"Polygon","coordinates":[[[56.118419,46.073065],[56.092784,46.113166],[56.09901,46.142035],[56.1338,46.158087],[56.164439,46.146186],[56.122813,46.123908],[56.124522,46.093268],[56.163341,46.063239],[56.182628,46.043647],[56.159923,46.040961],[56.12794,46.047797],[56.118907,46.053168],[56.118419,46.073065]]]}},{"type":"Feature","properties":{},"geometry":{"type":"Polygon","coordinates":[[[39.732188,52.572333],[39.696544,52.604743],[39.715587,52.625556],[39.742931,52.628546],[39.748057,52.613959],[39.76588,52.600592],[39.805675,52.579169],[39.813731,52.563117],[39.764049,52.571173],[39.732188,52.572333]]]}},{"type":"Feature","properties":{},"geometry":{"type":"Polygon","coordinates":[[[57.64088,45.809943],[57.589854,45.86402],[57.584727,45.890265],[57.594859,45.910773],[57.635875,45.905646],[57.677501,45.906867],[57.692638,45.916999],[57.764903,45.89588],[57.776134,45.871833],[57.815684,45.817694],[57.820201,45.780219],[57.786876,45.769782],[57.755138,45.772834],[57.686046,45.786139],[57.64088,45.809943]]]}},{"type":"Feature","properties":{},"geometry":{"type":"Polygon","coordinates":[[[51.849254,48.420966],[51.855235,48.459845],[51.847179,48.488715],[51.845103,48.508673],[51.878673,48.52143],[51.92213,48.526496],[51.956554,48.515204],[51.986827,48.49317],[52.001475,48.463752],[52.000011,48.434333],[51.966319,48.41529],[51.913585,48.407843],[51.894786,48.415045],[51.849254,48.420966]]]}},{"type":"Feature","properties":{},"geometry":{"type":"Polygon","coordinates":[[[55.62672,45.553351],[55.650157,45.568488],[55.667247,45.573859],[55.831798,45.564643],[55.850597,45.574469],[55.874522,45.581061],[55.894542,45.57569],[55.879039,45.555793],[55.835704,45.547736],[55.796641,45.545661],[55.768809,45.539679],[55.700694,45.532538],[55.657481,45.533454],[55.622813,45.526618],[55.610362,45.533698],[55.62672,45.553351]]]}},{"type":"Feature","properties":{},"geometry":{"type":"Polygon","coordinates":[[[39.140636,51.549872],[39.159312,51.573371],[39.188243,51.586432],[39.187877,51.604254],[39.197276,51.631964],[39.226573,51.684577],[39.233653,51.731208],[39.233043,51.762152],[39.255138,51.788336],[39.282481,51.789496],[39.276378,51.768439],[39.258067,51.742194],[39.265147,51.728278],[39.257701,51.703864],[39.226817,51.643561],[39.215587,51.596259],[39.181041,51.559088],[39.140636,51.549872]]]}},{"type":"Feature","properties":{},"geometry":{"type":"Polygon","coordinates":[[[54.20814,46.492255],[54.206065,46.546698],[54.162608,46.612982],[54.182872,46.612433],[54.195079,46.603156],[54.214976,46.570441],[54.224498,46.548163],[54.234874,46.507697],[54.223888,46.49256],[54.20814,46.492255]]]}},{"type":"Feature","properties":{},"geometry":{"type":"Polygon","coordinates":[[[46.105724,49.378913],[46.112071,49.357795],[46.102794,49.32569],[46.07899,49.305487],[46.051646,49.309027],[46.023936,49.322089],[46.025401,49.347968],[46.046641,49.368476],[46.058849,49.363715],[46.070689,49.363715],[46.082896,49.379462],[46.095103,49.387213],[46.105724,49.378913]]]}},{"type":"Feature","properties":{},"geometry":{"type":"Polygon","coordinates":[[[29.838634,53.436042],[29.825694,53.486579],[29.840221,53.512702],[29.8296,53.527899],[29.834849,53.556281],[29.851085,53.545417],[29.868663,53.517218],[29.857677,53.49903],[29.859141,53.449408],[29.838634,53.436042]]]}},{"type":"Feature","properties":{},"geometry":{"type":"Polygon","coordinates":[[[55.349498,45.54682],[55.314708,45.532233],[55.251964,45.54383],[55.21754,45.538825],[55.19044,45.520392],[55.183849,45.483527],[55.163707,45.502204],[55.159923,45.528693],[55.165172,45.54859],[55.194591,45.572394],[55.2588,45.584845],[55.336192,45.609259],[55.352794,45.624152],[55.366954,45.642829],[55.377696,45.68653],[55.396251,45.68714],[55.4192,45.663947],[55.416148,45.61164],[55.405528,45.588446],[55.375377,45.551581],[55.349498,45.54682]]]}},{"type":"Feature","properties":{},"geometry":{"type":"Polygon","coordinates":[[[48.399913,49.068244],[48.385265,49.105048],[48.361827,49.11518],[48.35377,49.123542],[48.367442,49.125006],[48.400401,49.112799],[48.435557,49.104193],[48.526134,49.094611],[48.542003,49.075019],[48.513438,49.054511],[48.470225,49.046149],[48.433116,49.05152],[48.399913,49.068244]]]}},{"type":"Feature","properties":{},"geometry":{"type":"Polygon","coordinates":[[[53.683116,46.943854],[53.696544,46.968573],[53.733409,46.982245],[53.75587,46.975409],[53.719981,46.960578],[53.718761,46.948065],[53.680675,46.915961],[53.678355,46.923346],[53.683116,46.943854]]]}},{"type":"Feature","properties":{},"geometry":{"type":"Polygon","coordinates":[[[50.632945,48.292792],[50.643321,48.293708],[50.682384,48.285041],[50.714366,48.2732],[50.702525,48.255378],[50.673961,48.24317],[50.641612,48.263068],[50.632945,48.292792]]]}},{"type":"Feature","properties":{},"geometry":{"type":"Polygon","coordinates":[[[53.082774,47.153205],[53.064952,47.196295],[53.095592,47.216803],[53.135142,47.25196],[53.139659,47.235602],[53.125255,47.213568],[53.135997,47.184455],[53.090831,47.160346],[53.082774,47.153205]]]}},{"type":"Feature","properties":{},"geometry":{"type":"Polygon","coordinates":[[[55.686412,45.932135],[55.71339,45.955939],[55.721446,45.980597],[55.782481,45.988288],[55.821422,45.996649],[55.829112,45.985053],[55.793712,45.953253],[55.764537,45.902411],[55.723521,45.897345],[55.682506,45.914008],[55.686412,45.932135]]]}},{"type":"Feature","properties":{},"geometry":{"type":"Polygon","coordinates":[[[56.52003,45.515265],[56.389293,45.537299],[56.382579,45.548651],[56.424083,45.560797],[56.455577,45.565802],[56.522227,45.562018],[56.55128,45.567939],[56.663585,45.540595],[56.703746,45.545661],[56.729625,45.540595],[56.742686,45.515326],[56.733531,45.494818],[56.699229,45.490607],[56.591075,45.51026],[56.52003,45.515265]]]}},{"type":"Feature","properties":{},"geometry":{"type":"Polygon","coordinates":[[[48.399547,49.133002],[48.276744,49.146369],[48.234874,49.15589],[48.17213,49.178229],[48.163585,49.18946],[48.212169,49.187995],[48.211314,49.204352],[48.199474,49.226081],[48.207164,49.249274],[48.216319,49.261115],[48.199229,49.271003],[48.187877,49.28675],[48.199718,49.301032],[48.221202,49.295661],[48.246715,49.267096],[48.24879,49.244208],[48.236095,49.201422],[48.240977,49.179694],[48.267223,49.171637],[48.297862,49.168952],[48.319591,49.154425],[48.346202,49.151496],[48.382579,49.153571],[48.401622,49.143439],[48.399547,49.133002]]]}},{"type":"Feature","properties":{},"geometry":{"type":"Polygon","coordinates":[[[55.610606,44.794623],[55.624889,44.766974],[55.618053,44.748297],[55.590343,44.734259],[55.548717,44.729804],[55.510753,44.751227],[55.490245,44.739875],[55.46461,44.737799],[55.440196,44.740851],[55.438487,44.755072],[55.451182,44.789862],[55.507335,44.785102],[55.537364,44.806525],[55.50294,44.840705],[55.53297,44.857062],[55.569591,44.861457],[55.581432,44.854071],[55.611095,44.814521],[55.610606,44.794623]]]}},{"type":"Feature","properties":{},"geometry":{"type":"Polygon","coordinates":[[[54.043956,45.570929],[54.077891,45.601203],[54.058849,45.628546],[54.101085,45.627387],[54.143077,45.620246],[54.153087,45.630011],[54.193614,45.633673],[54.230113,45.623236],[54.20045,45.61994],[54.219249,45.599738],[54.266124,45.565802],[54.301768,45.562873],[54.342784,45.553107],[54.427257,45.520331],[54.513805,45.47547],[54.542247,45.445685],[54.538829,45.423468],[54.486095,45.428473],[54.463145,45.443976],[54.395518,45.449897],[54.375255,45.454657],[54.361583,45.447516],[54.351817,45.433234],[54.390758,45.423712],[54.450206,45.418097],[54.456065,45.40528],[54.437999,45.397284],[54.411876,45.394294],[54.390636,45.381842],[54.368663,45.379767],[54.308849,45.384772],[54.301524,45.37464],[54.316417,45.352973],[54.345225,45.344611],[54.362804,45.334845],[54.361583,45.315558],[54.333263,45.306891],[54.339244,45.294074],[54.372325,45.26319],[54.440318,45.244452],[54.463878,45.232856],[54.495372,45.19422],[54.520274,45.181098],[54.567882,45.173407],[54.606822,45.185004],[54.607432,45.205207],[54.585704,45.216498],[54.701671,45.202521],[54.719859,45.208197],[54.710704,45.234931],[54.637462,45.282538],[54.649669,45.280402],[54.688975,45.261725],[54.72816,45.247748],[54.745616,45.236457],[54.779796,45.234381],[54.875011,45.241461],[54.885997,45.257575],[54.909801,45.266181],[54.918712,45.243537],[54.879161,45.208136],[54.827769,45.176642],[54.786632,45.168341],[54.750987,45.123786],[54.703746,45.08747],[54.655284,45.071418],[54.58961,45.034857],[54.562511,45.028327],[54.546153,45.049689],[54.52589,45.05445],[54.494151,45.037482],[54.452281,45.022101],[54.393077,45.009284],[54.283946,45.021186],[54.275645,45.045539],[54.260997,45.063361],[54.21339,45.061286],[54.166515,45.05567],[54.138316,45.04737],[54.121349,45.038459],[54.103526,45.012213],[54.076793,44.98841],[53.896251,44.937018],[53.837657,44.936164],[53.764537,44.953986],[53.736583,44.94831],[53.612315,44.857672],[53.587047,44.825263],[53.56422,44.807379],[53.545665,44.753302],[53.527354,44.680182],[53.504405,44.650153],[53.44337,44.593024],[53.430431,44.573737],[53.425914,44.534186],[53.393199,44.483893],[53.353038,44.442023],[53.322765,44.402167],[53.291515,44.38227],[53.222545,44.397956],[53.165538,44.416144],[53.140514,44.436408],[53.163341,44.46131],[53.199718,44.513068],[53.243907,44.590094],[53.407481,44.807135],[53.526988,44.936713],[53.567638,44.973639],[53.634898,45.022711],[53.712535,45.050605],[53.975108,45.124335],[54.036876,45.152594],[54.080577,45.176642],[54.111583,45.198371],[54.122813,45.222785],[54.115367,45.253974],[54.074962,45.304511],[54.03712,45.337226],[54.020763,45.375556],[54.024181,45.405646],[54.013682,45.484381],[54.016612,45.508185],[54.031749,45.548346],[54.043956,45.570929]]]}},{"type":"Feature","properties":{},"geometry":{"type":"Polygon","coordinates":[[[37.721934,51.421881],[37.794688,51.412543],[37.805675,51.42414],[37.818736,51.429816],[37.825572,51.416693],[37.786021,51.385138],[37.721934,51.421881]]]}},{"type":"Feature","properties":{},"geometry":{"type":"Polygon","coordinates":[[[55.101329,44.979865],[55.11671,44.993537],[55.159557,45.004523],[55.1869,45.020026],[55.22877,45.028571],[55.251109,45.006598],[55.23585,44.969733],[55.207408,44.963507],[55.185435,44.967353],[55.14088,44.959357],[55.114024,44.961676],[55.099132,44.965827],[55.101329,44.979865]]]}},{"type":"Feature","properties":{},"geometry":{"type":"Polygon","coordinates":[[[54.440684,45.589606],[54.439464,45.603278],[54.421031,45.596747],[54.403209,45.595587],[54.412364,45.610175],[54.428722,45.623542],[54.441539,45.626471],[54.469493,45.619635],[54.481944,45.609565],[54.485606,45.589606],[54.483409,45.572638],[54.456432,45.565558],[54.436778,45.572638],[54.440684,45.589606]]]}},{"type":"Feature","properties":{},"geometry":{"type":"Polygon","coordinates":[[[46.625743,48.775641],[46.619884,48.794928],[46.659923,48.797614],[46.692393,48.8039],[46.716441,48.802375],[46.728038,48.779547],[46.714122,48.765509],[46.689708,48.758063],[46.659068,48.754828],[46.625743,48.775641]]]}},{"type":"Feature","properties":{},"geometry":{"type":"Polygon","coordinates":[[[35.626353,51.691413],[35.649547,51.701545],[35.713756,51.693732],[35.736339,51.686347],[35.710704,51.673835],[35.659923,51.670539],[35.625743,51.678595],[35.626353,51.691413]]]}},{"type":"Feature","properties":{},"geometry":{"type":"Polygon","coordinates":[[[47.830455,48.377814],[47.878429,48.393561],[47.900401,48.388251],[47.920909,48.359381],[47.96046,48.335334],[47.97169,48.323432],[47.944957,48.31153],[47.902354,48.31092],[47.873057,48.304694],[47.85609,48.295172],[47.814098,48.308844],[47.775401,48.310309],[47.75294,48.31922],[47.737804,48.333869],[47.607677,48.337714],[47.495616,48.351386],[47.469859,48.370368],[47.459239,48.387946],[47.434459,48.384406],[47.435069,48.394477],[47.445079,48.41767],[47.435069,48.445075],[47.401378,48.456916],[47.369884,48.473273],[47.357188,48.484015],[47.33839,48.48786],[47.321788,48.513068],[47.293224,48.539557],[47.259288,48.545783],[47.223888,48.532477],[47.271007,48.597296],[47.236095,48.587775],[47.245616,48.610053],[47.222423,48.633246],[47.179088,48.651374],[47.174327,48.673102],[47.18922,48.696295],[47.207286,48.707282],[47.222667,48.722419],[47.250987,48.757209],[47.292979,48.772101],[47.324962,48.756598],[47.338145,48.717658],[47.353892,48.690314],[47.343516,48.666815],[47.34669,48.653144],[47.37733,48.651068],[47.392589,48.645392],[47.407481,48.602607],[47.45106,48.580634],[47.471568,48.561591],[47.5442,48.526496],[47.576182,48.486945],[47.65919,48.454535],[47.689464,48.439704],[47.729381,48.430426],[47.76588,48.429572],[47.778453,48.423957],[47.792979,48.408454],[47.803111,48.394171],[47.80421,48.38172],[47.830455,48.377814]]]}},{"type":"Feature","properties":{},"geometry":{"type":"Polygon","coordinates":[[[56.067882,45.01966],[56.055919,45.029181],[56.079723,45.043769],[56.129405,45.042609],[56.13502,45.025641],[56.085948,45.004523],[56.073741,45.007819],[56.067882,45.01966]]]}},{"type":"Feature","properties":{},"geometry":{"type":"Polygon","coordinates":[[[44.952159,48.795539],[44.966441,48.821418],[45.022716,48.833014],[45.066417,48.811286],[45.077647,48.791693],[45.066905,48.778022],[45.021495,48.777716],[44.963512,48.781623],[44.956065,48.784247],[44.952159,48.795539]]]}},{"type":"Feature","properties":{},"geometry":{"type":"Polygon","coordinates":[[[53.588267,45.479926],[53.553722,45.50611],[53.560924,45.523627],[53.584117,45.523932],[53.625987,45.504584],[53.651378,45.479315],[53.700938,45.448737],[53.675304,45.43769],[53.626231,45.457282],[53.588267,45.479926]]]}},{"type":"Feature","properties":{},"geometry":{"type":"Polygon","coordinates":[[[44.791637,48.13526],[44.758311,48.190802],[44.753673,48.219977],[44.760997,48.234809],[44.810069,48.245856],[44.822032,48.24549],[44.836558,48.219977],[44.833873,48.180121],[44.830577,48.170905],[44.81068,48.148017],[44.791637,48.13526]]]}},{"type":"Feature","properties":{},"geometry":{"type":"Polygon","coordinates":[[[52.17689,45.12049],[52.133556,45.160895],[52.130138,45.181403],[52.16505,45.171637],[52.190196,45.175482],[52.199718,45.15943],[52.17689,45.12049]]]}},{"type":"Feature","properties":{},"geometry":{"type":"Polygon","coordinates":[[[44.650645,48.297553],[44.616832,48.373053],[44.606456,48.403998],[44.629405,48.387702],[44.657848,48.35047],[44.670665,48.31568],[44.671153,48.292243],[44.659679,48.287116],[44.650645,48.297553]]]}},{"type":"Feature","properties":{},"geometry":{"type":"Polygon","coordinates":[[[52.569347,44.478888],[52.536388,44.501471],[52.527843,44.521125],[52.547618,44.536261],[52.574718,44.532111],[52.602306,44.521674],[52.632091,44.528205],[52.652843,44.527594],[52.681407,44.516303],[52.714122,44.515753],[52.730846,44.502326],[52.715587,44.475898],[52.6963,44.467536],[52.659679,44.464606],[52.603526,44.46192],[52.569347,44.478888]]]}},{"type":"Feature","properties":{},"geometry":{"type":"Polygon","coordinates":[[[30.150401,51.350104],[30.137706,51.360419],[30.136974,51.380378],[30.112682,51.409552],[30.134532,51.413886],[30.176524,51.375067],[30.188121,51.356635],[30.188243,51.340644],[30.181041,51.334052],[30.158946,51.329657],[30.150401,51.350104]]]}},{"type":"Feature","properties":{},"geometry":{"type":"Polygon","coordinates":[[[44.777354,47.677985],[44.799083,47.715461],[44.795787,47.742194],[44.788585,47.766852],[44.807628,47.763861],[44.841319,47.735602],[44.856944,47.711859],[44.839854,47.703498],[44.821056,47.689215],[44.822276,47.666632],[44.840587,47.655402],[44.84901,47.64588],[44.826182,47.643805],[44.787486,47.659552],[44.777354,47.677985]]]}},{"type":"Feature","properties":{},"geometry":{"type":"Polygon","coordinates":[[[45.074718,47.478766],[45.12672,47.428229],[45.179698,47.39643],[45.199474,47.376471],[45.16212,47.385382],[45.111583,47.418402],[45.074962,47.464484],[45.051524,47.483222],[45.029185,47.529303],[44.905528,47.583747],[44.903453,47.599189],[44.91627,47.593817],[44.92921,47.581061],[44.942393,47.586432],[44.958995,47.581061],[45.036632,47.531989],[45.054454,47.50318],[45.074718,47.478766]]]}},{"type":"Feature","properties":{},"geometry":{"type":"Polygon","coordinates":[[[37.597545,49.435981],[37.576182,49.417853],[37.564464,49.39881],[37.559825,49.371466],[37.563487,49.350348],[37.577037,49.334296],[37.613536,49.32923],[37.617198,49.310614],[37.535167,49.269782],[37.538341,49.25257],[37.569835,49.241584],[37.578258,49.225775],[37.565196,49.213019],[37.52943,49.204962],[37.514659,49.213019],[37.516368,49.2284],[37.513682,49.243903],[37.496837,49.260565],[37.490245,49.274237],[37.516124,49.289984],[37.555919,49.305182],[37.564464,49.317023],[37.541392,49.344733],[37.53004,49.376837],[37.54481,49.432135],[37.557872,49.441291],[37.591319,49.452277],[37.616954,49.478156],[37.648448,49.517646],[37.67689,49.564032],[37.699229,49.544196],[37.681407,49.504035],[37.654063,49.478766],[37.63441,49.453803],[37.597545,49.435981]]]}},{"type":"Feature","properties":{},"geometry":{"type":"Polygon","coordinates":[[[52.182872,44.503241],[52.250011,44.534186],[52.299083,44.538947],[52.326671,44.539801],[52.373424,44.510077],[52.359996,44.489875],[52.327647,44.473273],[52.286388,44.477362],[52.249766,44.487189],[52.180431,44.489264],[52.182872,44.503241]]]}},{"type":"Feature","properties":{},"geometry":{"type":"Polygon","coordinates":[[[53.169688,44.034064],[53.190684,44.040351],[53.236827,44.029303],[53.259776,44.017096],[53.248668,44.010871],[53.214488,44.009711],[53.179942,44.013861],[53.169688,44.034064]]]}},{"type":"Feature","properties":{},"geometry":{"type":"Polygon","coordinates":[[[52.320201,44.838324],[52.345225,44.84632],[52.379893,44.84278],[52.42628,44.846076],[52.445079,44.832404],[52.416515,44.813666],[52.382335,44.806525],[52.35255,44.810675],[52.326793,44.822577],[52.320201,44.838324]]]}},{"type":"Feature","properties":{},"geometry":{"type":"Polygon","coordinates":[[[36.907481,49.970832],[36.937266,49.958686],[36.997569,49.922126],[36.993419,49.900397],[36.955455,49.879035],[36.934337,49.891913],[36.927501,49.92005],[36.867931,49.962836],[36.848643,49.991339],[36.835582,50.005927],[36.809703,50.025519],[36.790416,50.051459],[36.789683,50.084662],[36.793468,50.111884],[36.820689,50.146491],[36.814464,50.076667],[36.830211,50.04682],[36.850352,50.029425],[36.892345,50.015998],[36.907237,49.992804],[36.907481,49.970832]]]}},{"type":"Feature","properties":{},"geometry":{"type":"Polygon","coordinates":[[[36.439464,49.130072],[36.462901,49.139899],[36.450206,49.164557],[36.465343,49.157355],[36.47755,49.139289],[36.502452,49.120246],[36.491832,49.108039],[36.468272,49.110724],[36.445079,49.106574],[36.423473,49.112799],[36.439464,49.130072]]]}},{"type":"Feature","properties":{},"geometry":{"type":"Polygon","coordinates":[[[53.813609,43.644294],[53.837047,43.644049],[53.864757,43.636237],[53.886974,43.623786],[53.829356,43.620551],[53.78358,43.633307],[53.813609,43.644294]]]}},{"type":"Feature","properties":{},"geometry":{"type":"Polygon","coordinates":[[[51.876231,43.395758],[51.905162,43.355597],[51.889659,43.340216],[51.864757,43.324713],[51.864146,43.305365],[51.89149,43.289008],[51.90089,43.274726],[51.876231,43.275641],[51.844737,43.296759],[51.818614,43.296759],[51.794566,43.289313],[51.767589,43.309577],[51.772838,43.330939],[51.792735,43.349372],[51.779674,43.37226],[51.759166,43.383246],[51.729991,43.413336],[51.698497,43.468268],[51.697887,43.483466],[51.728526,43.483466],[51.776988,43.472785],[51.810557,43.471869],[51.827281,43.492987],[51.837657,43.498053],[51.864024,43.489691],[51.889049,43.473029],[51.892589,43.451056],[51.874522,43.435004],[51.869395,43.423407],[51.876231,43.395758]]]}},{"type":"Feature","properties":{},"geometry":{"type":"Polygon","coordinates":[[[51.164317,43.760565],[51.158702,43.806037],[51.171153,43.817389],[51.206432,43.820075],[51.239146,43.808722],[51.243907,43.778693],[51.235606,43.749274],[51.204356,43.737921],[51.171153,43.741828],[51.164317,43.760565]]]}},{"type":"Feature","properties":{},"geometry":{"type":"Polygon","coordinates":[[[52.90797,42.898688],[52.833263,42.920905],[52.816417,42.944098],[52.836436,42.955146],[52.949351,42.919806],[52.972789,42.905158],[52.975108,42.884406],[52.964488,42.865363],[52.942149,42.875128],[52.90797,42.898688]]]}},{"type":"Feature","properties":{},"geometry":{"type":"Polygon","coordinates":[[[53.384288,42.760749],[53.404796,42.767585],[53.493175,42.758307],[53.529307,42.78089],[53.53712,42.769049],[53.524669,42.749091],[53.500255,42.735968],[53.427745,42.737799],[53.39857,42.745856],[53.384288,42.760749]]]}},{"type":"Feature","properties":{},"geometry":{"type":"Polygon","coordinates":[[[51.318858,43.478156],[51.280528,43.572394],[51.276378,43.585456],[51.299571,43.574713],[51.32899,43.540229],[51.342906,43.498053],[51.337291,43.47248],[51.318858,43.478156]]]}},{"type":"Feature","properties":{"name":"Manych-Gudilo"},"geometry":{"type":"Polygon","coordinates":[[[42.658458,46.300544],[42.619151,46.309455],[42.548106,46.348395],[42.514537,46.38642],[42.485606,46.399176],[42.43629,46.399543],[42.384776,46.386725],[42.379771,46.371222],[42.387828,46.359076],[42.373546,46.357306],[42.359874,46.377204],[42.383311,46.410224],[42.451427,46.426276],[42.487804,46.445319],[42.467784,46.463446],[42.428599,46.474128],[42.411388,46.494086],[42.379527,46.511603],[42.308116,46.532965],[42.282237,46.534491],[42.23585,46.553839],[42.184581,46.557685],[42.094981,46.549384],[42.04835,46.550299],[41.957896,46.56037],[41.951427,46.570441],[42.042369,46.564521],[42.093516,46.565436],[42.132213,46.572272],[42.198253,46.590338],[42.219005,46.583258],[42.251475,46.55976],[42.308849,46.544013],[42.402354,46.536261],[42.43275,46.546637],[42.472911,46.553229],[42.509776,46.541388],[42.481212,46.530646],[42.494884,46.520514],[42.545177,46.519294],[42.581432,46.505622],[42.568614,46.493781],[42.556163,46.48841],[42.594493,46.438788],[42.634044,46.411139],[42.689586,46.413459],[42.737193,46.411139],[42.755626,46.398322],[42.872081,46.379584],[42.89503,46.365912],[42.921886,46.335028],[42.936412,46.313605],[42.948009,46.287482],[42.98463,46.274909],[43.046641,46.267829],[43.080577,46.259528],[43.066417,46.252082],[42.953014,46.261847],[42.953868,46.24372],[42.968028,46.231818],[43.056529,46.232123],[43.09962,46.227973],[43.097179,46.218146],[43.077891,46.214606],[43.072032,46.205695],[43.08839,46.183051],[43.119884,46.167304],[43.200084,46.142951],[43.262584,46.135199],[43.31068,46.137274],[43.358287,46.06623],[43.406505,46.047797],[43.55067,46.015082],[43.570567,46.007086],[43.574962,45.991339],[43.559581,45.984748],[43.497813,45.990424],[43.4192,46.003485],[43.360118,46.027594],[43.308116,46.053107],[43.244151,46.098639],[43.214366,46.112006],[43.09962,46.136725],[43.06068,46.147956],[42.977794,46.179206],[42.950694,46.194342],[42.930186,46.214606],[42.914317,46.237799],[42.787364,46.31446],[42.706309,46.327521],[42.617442,46.336432],[42.658458,46.300544]]]}},{"type":"Feature","properties":{},"geometry":{"type":"Polygon","coordinates":[[[35.164073,48.499396],[35.149181,48.533332],[35.180919,48.582404],[35.199474,48.595221],[35.214,48.578559],[35.218516,48.52735],[35.180919,48.505133],[35.171519,48.492011],[35.164073,48.499396]]]}},{"type":"Feature","properties":{},"geometry":{"type":"Polygon","coordinates":[[[42.411632,46.290107],[42.433116,46.303778],[42.475841,46.310004],[42.518077,46.304694],[42.521007,46.291266],[42.500011,46.272223],[42.463878,46.260993],[42.421397,46.271674],[42.411632,46.290107]]]}},{"type":"Feature","properties":{"name":"Manych Reservoir"},"geometry":{"type":"Polygon","coordinates":[[[44.638927,45.46839],[44.621837,45.473395],[44.582896,45.473639],[44.54481,45.48255],[44.505626,45.503424],[44.448009,45.514716],[44.370006,45.549811],[44.332286,45.558417],[44.265147,45.583136],[44.203868,45.61164],[44.177013,45.640143],[44.260753,45.604193],[44.45338,45.538825],[44.502696,45.532599],[44.538585,45.534919],[44.589488,45.522467],[44.605846,45.531989],[44.630138,45.537604],[44.658214,45.532843],[44.665538,45.520392],[44.658702,45.485846],[44.638927,45.46839]]]}},{"type":"Feature","properties":{},"geometry":{"type":"Polygon","coordinates":[[[51.457286,43.27027],[51.469493,43.303595],[51.503184,43.302375],[51.57545,43.260749],[51.560557,43.243842],[51.526378,43.2284],[51.489268,43.228644],[51.463634,43.238532],[51.457286,43.27027]]]}},{"type":"Feature","properties":{"name":"Veselovskoe Reservoir"},"geometry":{"type":"Polygon","coordinates":[[[41.04127,47.091681],[41.124278,47.064887],[41.152232,47.060736],[41.176036,47.048835],[41.281261,47.014655],[41.349132,46.967963],[41.414073,46.960273],[41.462413,46.929938],[41.49171,46.900153],[41.519054,46.858893],[41.518565,46.833869],[41.538097,46.768195],[41.575572,46.740851],[41.605235,46.725348],[41.572642,46.727729],[41.528575,46.751837],[41.509044,46.793158],[41.501231,46.830634],[41.499522,46.863654],[41.46461,46.904303],[41.411143,46.94715],[41.373057,46.948981],[41.359386,46.945685],[41.340709,46.948615],[41.273814,46.989691],[41.230968,47.007209],[41.204845,47.006354],[41.147227,47.041999],[41.077647,47.04798],[41.002452,47.085456],[40.894786,47.123786],[40.843272,47.126471],[40.835826,47.109198],[40.812999,47.08631],[40.800548,47.104987],[40.783214,47.104987],[40.776744,47.119025],[40.793956,47.139777],[40.833263,47.154059],[40.868663,47.153205],[40.906627,47.143378],[40.952159,47.149665],[41.026378,47.181769],[41.050304,47.182379],[40.975597,47.142829],[41.00172,47.114264],[41.04127,47.091681]]]}},{"type":"Feature","properties":{},"geometry":{"type":"Polygon","coordinates":[[[33.287364,48.011542],[33.273936,47.984198],[33.277599,47.951789],[33.285655,47.92829],[33.261485,47.913459],[33.201427,47.92298],[33.164073,47.943732],[33.153087,47.957404],[33.142345,47.982672],[33.15089,48.001105],[33.151866,47.982428],[33.157237,47.96485],[33.173595,47.952643],[33.197276,47.942023],[33.230235,47.936957],[33.24464,47.941413],[33.284679,48.024298],[33.290294,48.02674],[33.287364,48.011542]]]}},{"type":"Feature","properties":{},"geometry":{"type":"Polygon","coordinates":[[[45.090465,45.256598],[45.062266,45.271247],[45.045909,45.292365],[45.065807,45.290534],[45.115123,45.270941],[45.141612,45.250739],[45.13441,45.234626],[45.116222,45.234626],[45.090465,45.256598]]]}},{"type":"Feature","properties":{},"geometry":{"type":"Polygon","coordinates":[[[38.868541,45.884528],[38.900645,45.904181],[38.916759,45.907477],[38.933604,45.89411],[38.929454,45.870612],[38.912852,45.850959],[38.883433,45.85987],[38.868541,45.884528]]]}},{"type":"Feature","properties":{},"geometry":{"type":"Polygon","coordinates":[[[41.716319,45.049445],[41.742686,45.080329],[41.768809,45.088996],[41.792979,45.076789],[41.787852,45.053229],[41.767589,45.036628],[41.761119,45.025031],[41.738292,45.009894],[41.714854,45.027411],[41.716319,45.049445]]]}},{"type":"Feature","properties":{"name":"Beysugskiy Liman"},"geometry":{"type":"Polygon","coordinates":[[[38.346812,46.226447],[38.306651,46.252326],[38.291759,46.277594],[38.290782,46.310004],[38.326182,46.319831],[38.378307,46.299018],[38.410655,46.272834],[38.434825,46.259467],[38.44398,46.248175],[38.451427,46.221442],[38.455821,46.189582],[38.413341,46.192267],[38.346812,46.226447]]]}},{"type":"Feature","properties":{},"geometry":{"type":"Polygon","coordinates":[[[38.705943,46.18067],[38.71815,46.205939],[38.739757,46.212775],[38.760997,46.205329],[38.774303,46.187812],[38.756114,46.172065],[38.708507,46.160468],[38.705943,46.18067]]]}},{"type":"Feature","properties":{},"geometry":{"type":"Polygon","coordinates":[[[38.609874,46.194403],[38.626231,46.219367],[38.660167,46.219611],[38.678477,46.203864],[38.663341,46.185431],[38.632823,46.175055],[38.616222,46.17713],[38.609874,46.194403]]]}},{"type":"Feature","properties":{},"geometry":{"type":"Polygon","coordinates":[[[33.611827,47.562628],[33.636485,47.565558],[33.659679,47.545966],[33.665538,47.523322],[33.654552,47.521003],[33.625133,47.523078],[33.604625,47.536139],[33.611827,47.562628]]]}},{"type":"Feature","properties":{},"geometry":{"type":"Polygon","coordinates":[[[46.88502,42.960822],[46.875743,42.979804],[46.894786,42.994635],[46.914561,42.984259],[46.931651,42.966132],[46.925792,42.944464],[46.902599,42.939948],[46.88502,42.960822]]]}},{"type":"Feature","properties":{"name":"Molochnyy Liman"},"geometry":{"type":"Polygon","coordinates":[[[35.382579,46.549384],[35.397716,46.532111],[35.434337,46.477729],[35.463756,46.473883],[35.479747,46.488715],[35.491099,46.491339],[35.497569,46.478034],[35.486827,46.463752],[35.421764,46.439948],[35.377818,46.38819],[35.323985,46.458625],[35.307384,46.486945],[35.291026,46.573493],[35.280772,46.590949],[35.288585,46.615973],[35.289561,46.635627],[35.280894,46.654608],[35.289195,46.708747],[35.299571,46.707282],[35.347423,46.688483],[35.350474,46.661444],[35.361827,46.612982],[35.382579,46.549384]]]}},{"type":"Feature","properties":{},"geometry":{"type":"Polygon","coordinates":[[[38.183849,45.963935],[38.192149,45.976447],[38.233531,45.981208],[38.254405,45.966925],[38.253673,45.947272],[38.220958,45.945197],[38.187022,45.947272],[38.183849,45.963935]]]}},{"type":"Feature","properties":{"name":"Liman in Primorsko-Akhtarsk area"},"geometry":{"type":"Polygon","coordinates":[[[38.172618,45.821234],[38.15858,45.832831],[38.160655,45.845343],[38.130626,45.899726],[38.137706,45.925299],[38.150279,45.932746],[38.201182,45.88935],[38.258067,45.878058],[38.242931,45.866156],[38.239513,45.850104],[38.259654,45.833441],[38.267345,45.806952],[38.257945,45.779914],[38.231456,45.775153],[38.198131,45.776984],[38.182628,45.773078],[38.16505,45.763556],[38.139537,45.7909],[38.138316,45.844428],[38.120494,45.864386],[38.104137,45.862555],[38.088878,45.889289],[38.097667,45.918036],[38.116099,45.926764],[38.12318,45.900885],[38.146129,45.859626],[38.157359,45.806647],[38.176036,45.790045],[38.184703,45.801642],[38.172618,45.821234]]]}},{"type":"Feature","properties":{},"geometry":{"type":"Polygon","coordinates":[[[37.743907,45.495124],[37.74586,45.516791],[37.718761,45.539984],[37.730724,45.550666],[37.792003,45.519782],[37.778819,45.50434],[37.77296,45.487067],[37.775401,45.467414],[37.752696,45.47071],[37.743907,45.495124]]]}},{"type":"Feature","properties":{},"geometry":{"type":"Polygon","coordinates":[[[42.22877,44.244025],[42.273204,44.265692],[42.316173,44.252021],[42.315929,44.231208],[42.295421,44.218756],[42.257579,44.213385],[42.229991,44.218146],[42.22877,44.244025]]]}},{"type":"Feature","properties":{},"geometry":{"type":"Polygon","coordinates":[[[39.482188,45.117804],[39.493175,45.143927],[39.52711,45.164191],[39.547618,45.187567],[39.573253,45.189704],[39.59608,45.183478],[39.568126,45.139777],[39.518809,45.092841],[39.500011,45.096442],[39.482188,45.117804]]]}},{"type":"Feature","properties":{"name":"Krasnodarsk Reservoir"},"geometry":{"type":"Polygon","coordinates":[[[39.443858,45.033332],[39.431407,45.007514],[39.384776,44.99317],[39.368419,44.985175],[39.379161,44.970954],[39.399303,44.958747],[39.388194,44.95008],[39.361217,44.953681],[39.34547,44.966498],[39.324596,44.964362],[39.240733,44.925116],[39.197032,44.917975],[39.1692,44.917121],[39.116222,44.938544],[39.111095,44.952765],[39.094249,44.966437],[39.130138,45.008124],[39.165294,45.022345],[39.191783,45.02088],[39.263682,45.030402],[39.304698,45.042609],[39.322765,45.058966],[39.354625,45.077033],[39.404063,45.087775],[39.442638,45.089423],[39.4463,45.057135],[39.443858,45.033332]]]}},{"type":"Feature","properties":{},"geometry":{"type":"Polygon","coordinates":[[[37.486949,45.264411],[37.45692,45.273932],[37.424571,45.296515],[37.441661,45.316474],[37.479747,45.322333],[37.528331,45.283393],[37.566051,45.259894],[37.574718,45.242377],[37.553233,45.239997],[37.536876,45.243537],[37.513438,45.250983],[37.486949,45.264411]]]}},{"type":"Feature","properties":{},"geometry":{"type":"Polygon","coordinates":[[[38.500255,44.956671],[38.485362,44.978949],[38.481456,44.999457],[38.535289,45.006903],[38.577525,45.004523],[38.5796,44.989386],[38.557628,44.979865],[38.512096,44.945624],[38.500255,44.956671]]]}},{"type":"Feature","properties":{},"geometry":{"type":"Polygon","coordinates":[[[38.79066,44.999762],[38.816173,45.011054],[38.861339,45.014228],[38.867442,44.977484],[38.838512,44.961676],[38.804698,44.961676],[38.78651,44.977484],[38.78651,44.991339],[38.79066,44.999762]]]}},{"type":"Feature","properties":{},"geometry":{"type":"Polygon","coordinates":[[[37.737559,45.617316],[37.726817,45.632453],[37.704356,45.65174],[37.709361,45.677253],[37.726329,45.685126],[37.758678,45.712409],[37.780772,45.702033],[37.78004,45.68653],[37.792491,45.68006],[37.802013,45.663947],[37.777721,45.625312],[37.752696,45.598883],[37.740001,45.600959],[37.737559,45.617316]]]}},{"type":"Feature","properties":{},"geometry":{"type":"Polygon","coordinates":[[[36.094981,45.065436],[36.092296,45.121649],[36.108287,45.133551],[36.110606,45.105353],[36.120128,45.071112],[36.119395,45.055915],[36.094981,45.065436]]]}},{"type":"Feature","properties":{},"geometry":{"type":"Polygon","coordinates":[[[37.263072,45.001227],[37.119395,45.057135],[37.168224,45.063361],[37.24879,45.067878],[37.298106,45.062812],[37.314464,45.048224],[37.306773,45.036322],[37.263072,45.001227]]]}},{"type":"Feature","properties":{},"geometry":{"type":"Polygon","coordinates":[[[36.362071,45.168036],[36.313365,45.188239],[36.327647,45.19599],[36.38087,45.196295],[36.397227,45.182624],[36.390636,45.163825],[36.362071,45.168036]]]}},{"type":"Feature","properties":{},"geometry":{"type":"Polygon","coordinates":[[[29.97047,46.703986],[29.959849,46.643012],[29.977672,46.618903],[29.986827,46.60047],[29.963634,46.595099],[29.945811,46.603461],[29.941661,46.648932],[29.962901,46.701911],[29.97047,46.703986]]]}},{"type":"Feature","properties":{},"geometry":{"type":"Polygon","coordinates":[[[35.771617,45.357123],[35.770763,45.373481],[35.79066,45.382025],[35.82191,45.401923],[35.844981,45.407294],[35.889049,45.373114],[35.823375,45.359381],[35.785655,45.344001],[35.771617,45.357123]]]}},{"type":"Feature","properties":{},"geometry":{"type":"Polygon","coordinates":[[[33.866222,45.980902],[33.843028,45.965155],[33.842174,45.985663],[33.827037,46.019232],[33.804942,46.046027],[33.811534,46.058478],[33.829112,46.051642],[33.884288,46.015998],[33.872447,46.015692],[33.866222,45.980902]]]}},{"type":"Feature","properties":{"name":"Kiziltashskiy Lim\u00e1n"},"geometry":{"type":"Polygon","coordinates":[[[36.980601,45.157599],[36.97047,45.167426],[36.858165,45.15821],[36.844737,45.166571],[36.852794,45.172797],[36.891978,45.187995],[36.969005,45.19776],[37.026988,45.172187],[37.059337,45.185858],[37.096934,45.186164],[37.149181,45.175788],[37.192638,45.161811],[37.199474,45.149909],[37.181285,45.141608],[37.158702,45.12464],[37.160533,45.094855],[37.166148,45.073798],[37.13795,45.068122],[37.087413,45.076483],[37.011241,45.083014],[36.962169,45.098517],[36.958018,45.126105],[36.980601,45.157599]]]}},{"type":"Feature","properties":{},"geometry":{"type":"Polygon","coordinates":[[[38.078868,45.031256],[38.108653,45.030097],[38.133067,45.038092],[38.164195,45.058966],[38.199596,45.050299],[38.201427,45.025885],[38.139903,45.010443],[38.074229,45.000617],[38.067393,45.012213],[38.078868,45.031256]]]}},{"type":"Feature","properties":{},"geometry":{"type":"Polygon","coordinates":[[[33.898082,45.96131],[33.904063,46.00672],[33.916759,46.019843],[33.949718,46.007941],[33.957042,45.994879],[33.931163,45.985053],[33.915538,45.969611],[33.909434,45.948493],[33.898082,45.96131]]]}},{"type":"Feature","properties":{"name":"Liman near Odessa"},"geometry":{"type":"Polygon","coordinates":[[[30.494151,46.768195],[30.454356,46.860663],[30.453624,46.874945],[30.471202,46.867804],[30.507213,46.807379],[30.527354,46.763434],[30.539073,46.708747],[30.571422,46.672492],[30.610973,46.653693],[30.633556,46.62519],[30.652354,46.607367],[30.683604,46.586554],[30.691295,46.56037],[30.667735,46.551764],[30.656749,46.55976],[30.646373,46.575568],[30.617442,46.59217],[30.59669,46.615363],[30.581798,46.644171],[30.561046,46.651984],[30.509532,46.654914],[30.459972,46.67359],[30.455577,46.689948],[30.499156,46.66944],[30.507823,46.692389],[30.494151,46.768195]]]}},{"type":"Feature","properties":{},"geometry":{"type":"Polygon","coordinates":[[[30.619884,46.761664],[30.629405,46.732795],[30.653209,46.719428],[30.69752,46.703986],[30.730479,46.677497],[30.749522,46.63172],[30.753917,46.601081],[30.76002,46.583869],[30.740977,46.574042],[30.72047,46.588629],[30.700206,46.650458],[30.697276,46.66944],[30.677013,46.693244],[30.617198,46.717047],[30.600841,46.744391],[30.603526,46.77088],[30.619884,46.761664]]]}},{"type":"Feature","properties":{},"geometry":{"type":"Polygon","coordinates":[[[34.034923,45.905646],[33.998546,45.951178],[34.000377,45.978217],[34.030772,45.952033],[34.052013,45.914313],[34.050792,45.8982],[34.041026,45.893439],[34.034923,45.905646]]]}},{"type":"Feature","properties":{},"geometry":{"type":"Polygon","coordinates":[[[34.070811,45.973517],[34.092784,45.954718],[34.096446,45.944953],[34.081554,45.912238],[34.060069,45.926764],[34.039928,45.953253],[34.035411,45.980292],[34.046641,45.99964],[34.050304,46.023749],[34.062755,46.028754],[34.083629,46.019232],[34.072276,45.99903],[34.070811,45.973517]]]}},{"type":"Feature","properties":{},"geometry":{"type":"Polygon","coordinates":[[[43.990977,41.626715],[44.031383,41.640753],[44.062266,41.643683],[44.088878,41.635993],[44.081309,41.622016],[44.007579,41.611274],[43.988292,41.615424],[43.990977,41.626715]]]}},{"type":"Feature","properties":{},"geometry":{"type":"Polygon","coordinates":[[[43.780162,41.43946],[43.798595,41.476325],[43.822765,41.490851],[43.840831,41.473029],[43.838145,41.44068],[43.809825,41.415045],[43.782848,41.41297],[43.780162,41.43946]]]}},{"type":"Feature","properties":{},"geometry":{"type":"Polygon","coordinates":[[[48.205089,40.076239],[48.232432,40.078192],[48.265636,40.058661],[48.291026,40.051947],[48.292979,40.037177],[48.278331,40.021308],[48.263682,40.019599],[48.234386,40.048896],[48.216807,40.052802],[48.201182,40.047797],[48.189464,40.060614],[48.205089,40.076239]]]}},{"type":"Feature","properties":{},"geometry":{"type":"Polygon","coordinates":[[[33.413097,45.203742],[33.410167,45.214972],[33.460094,45.242682],[33.492808,45.245368],[33.554088,45.242072],[33.573375,45.223334],[33.5713,45.198981],[33.554942,45.179084],[33.532481,45.166266],[33.50172,45.166877],[33.471202,45.177863],[33.450694,45.19068],[33.413097,45.203742]]]}},{"type":"Feature","properties":{"name":"\u00c7\u0131ld\u0131r"},"geometry":{"type":"Polygon","coordinates":[[[43.316661,41.082648],[43.30714,41.060981],[43.293712,41.041327],[43.299449,41.02381],[43.288341,40.975287],[43.268565,40.980963],[43.248057,40.994025],[43.232921,41.016974],[43.208751,41.037726],[43.16981,41.048712],[43.146251,41.066901],[43.139781,41.083869],[43.228282,41.102301],[43.281016,41.107062],[43.287242,41.090399],[43.294444,41.084113],[43.316661,41.082648]]]}},{"type":"Feature","properties":{},"geometry":{"type":"Polygon","coordinates":[[[43.169444,41.199225],[43.193614,41.226874],[43.215587,41.242072],[43.24586,41.243537],[43.252696,41.227729],[43.241954,41.207221],[43.188243,41.195624],[43.169444,41.199225]]]}},{"type":"Feature","properties":{},"geometry":{"type":"Polygon","coordinates":[[[35.521373,41.275275],[35.462901,41.302802],[35.426768,41.300544],[35.417979,41.314521],[35.431651,41.328192],[35.455089,41.334052],[35.511729,41.32038],[35.558604,41.336005],[35.588634,41.356757],[35.626964,41.375067],[35.683604,41.386786],[35.713145,41.37818],[35.730357,41.369696],[35.710948,41.363349],[35.669932,41.359442],[35.632823,41.349677],[35.564464,41.308661],[35.539806,41.304694],[35.531261,41.290778],[35.533214,41.273505],[35.521373,41.275275]]]}},{"type":"Feature","properties":{},"geometry":{"type":"Polygon","coordinates":[[[45.316173,39.217047],[45.373546,39.159919],[45.396983,39.123664],[45.38734,39.09162],[45.324229,39.131964],[45.310802,39.162604],[45.269176,39.196723],[45.282848,39.214911],[45.316173,39.217047]]]}},{"type":"Feature","properties":{},"geometry":{"type":"Polygon","coordinates":[[[49.329234,37.509528],[49.371349,37.482184],[49.401134,37.459296],[49.413097,37.445624],[49.38087,37.451911],[49.323863,37.477179],[49.281383,37.502692],[49.278697,37.51789],[49.295421,37.522345],[49.329234,37.509528]]]}},{"type":"Feature","properties":{},"geometry":{"type":"Polygon","coordinates":[[[43.550059,39.792365],[43.541759,39.815497],[43.55067,39.833625],[43.566173,39.819403],[43.594981,39.769721],[43.59254,39.751899],[43.562877,39.746222],[43.547618,39.76734],[43.550059,39.792365]]]}},{"type":"Feature","properties":{},"geometry":{"type":"Polygon","coordinates":[[[35.294932,41.246161],[35.236339,41.273505],[35.195811,41.293463],[35.205089,41.300849],[35.246104,41.298896],[35.269542,41.281317],[35.306651,41.271552],[35.34962,41.267646],[35.361095,41.257331],[35.336436,41.233954],[35.335948,41.242255],[35.294932,41.246161]]]}},{"type":"Feature","properties":{},"geometry":{"type":"Polygon","coordinates":[[[36.945323,40.402411],[36.996104,40.380927],[37.028087,40.354254],[36.996104,40.355536],[36.930919,40.381903],[36.915294,40.3935],[36.924083,40.401801],[36.945323,40.402411]]]}},{"type":"Feature","properties":{"name":"Sapanca G\u00f6l\u00fc"},"geometry":{"type":"Polygon","coordinates":[[[30.152843,40.722907],[30.252452,40.74433],[30.302989,40.746405],[30.327403,40.731208],[30.313365,40.713141],[30.288341,40.703009],[30.152843,40.722907]]]}},{"type":"Feature","properties":{},"geometry":{"type":"Polygon","coordinates":[[[33.752208,39.123053],[33.714,39.143744],[33.69398,39.143805],[33.633678,39.181525],[33.606334,39.179816],[33.58253,39.171454],[33.549205,39.166999],[33.514415,39.169684],[33.498057,39.203864],[33.509044,39.228217],[33.521251,39.242804],[33.522472,39.280524],[33.544444,39.289191],[33.622081,39.225592],[33.664928,39.206794],[33.708263,39.192267],[33.71693,39.177497],[33.747569,39.160834],[33.779063,39.13819],[33.81422,39.124518],[33.85963,39.124274],[33.888438,39.115607],[33.893809,39.094794],[33.881969,39.080512],[33.870372,39.091193],[33.837901,39.095954],[33.814708,39.089118],[33.766856,39.106696],[33.752208,39.123053]]]}},{"type":"Feature","properties":{},"geometry":{"type":"Polygon","coordinates":[[[31.716685,40.029547],[31.675792,40.000067],[31.654307,40.015692],[31.595714,40.028449],[31.521495,40.025458],[31.47462,40.033271],[31.471446,40.050421],[31.503917,40.046942],[31.516856,40.04267],[31.541881,40.051032],[31.601085,40.043586],[31.64564,40.04682],[31.655406,40.069098],[31.629893,40.095893],[31.643809,40.100653],[31.667979,40.085822],[31.672984,40.047736],[31.694957,40.031928],[31.742198,40.050666],[31.750987,40.049201],[31.716685,40.029547]]]}},{"type":"Feature","properties":{"name":"Seyfe G\u00f6l\u00fc"},"geometry":{"type":"Polygon","coordinates":[[[34.383556,39.207526],[34.368419,39.217597],[34.366588,39.238105],[34.386851,39.249396],[34.411265,39.229499],[34.420421,39.209296],[34.401134,39.195014],[34.386851,39.193854],[34.383556,39.207526]]]}},{"type":"Feature","properties":{},"geometry":{"type":"Polygon","coordinates":[[[35.368907,37.287177],[35.385631,37.285468],[35.410411,37.276679],[35.39564,37.259772],[35.381969,37.250006],[35.357432,37.252021],[35.329112,37.237494],[35.305553,37.21015],[35.268687,37.21192],[35.250255,37.227423],[35.259166,37.233649],[35.286876,37.241095],[35.314708,37.262824],[35.368907,37.287177]]]}},{"type":"Feature","properties":{},"geometry":{"type":"Polygon","coordinates":[[[31.8567,38.359259],[31.868663,38.385443],[31.88795,38.389899],[31.893565,38.355414],[31.88502,38.323859],[31.867442,38.33216],[31.8567,38.359259]]]}},{"type":"Feature","properties":{},"geometry":{"type":"Polygon","coordinates":[[[29.911632,38.273932],[29.939708,38.259406],[29.944713,38.22486],[29.917003,38.208258],[29.847423,38.215338],[29.843028,38.236212],[29.861339,38.250128],[29.911632,38.273932]]]}},{"type":"Feature","properties":{"name":"Seyhan Baraji"},"geometry":{"type":"Polygon","coordinates":[[[35.279063,37.077277],[35.266612,37.088263],[35.29066,37.107917],[35.310313,37.117438],[35.327647,37.117438],[35.342784,37.110602],[35.330211,37.098395],[35.325206,37.084967],[35.342052,37.079352],[35.334727,37.064215],[35.312389,37.064826],[35.279063,37.077277]]]}},{"type":"Feature","properties":{},"geometry":{"type":"Polygon","coordinates":[[[33.074229,38.564704],[33.064708,38.601874],[33.034434,38.612311],[33.042979,38.626593],[33.070933,38.64588],[33.126231,38.581671],[33.131602,38.558722],[33.108409,38.550177],[33.074229,38.564704]]]}},{"type":"Feature","properties":{"name":"Ak\u015fehir G\u00f6l\u00fc"},"geometry":{"type":"Polygon","coordinates":[[[31.496959,38.507636],[31.481456,38.491584],[31.453258,38.447577],[31.405406,38.444342],[31.365855,38.461249],[31.307628,38.53321],[31.299815,38.556403],[31.316783,38.57099],[31.358775,38.565009],[31.374766,38.565619],[31.400645,38.576606],[31.432384,38.596198],[31.471202,38.604865],[31.503551,38.602423],[31.499889,38.558478],[31.503429,38.528693],[31.496959,38.507636]]]}},{"type":"Feature","properties":{},"geometry":{"type":"Polygon","coordinates":[[[29.717784,37.811652],[29.704112,37.825324],[29.827525,37.865424],[29.839732,37.865729],[29.85731,37.859809],[29.874034,37.866339],[29.921764,37.898444],[29.945323,37.90467],[29.977061,37.896003],[29.994395,37.877326],[29.955699,37.842292],[29.885753,37.802375],[29.842784,37.793219],[29.77296,37.790229],[29.753551,37.800055],[29.717784,37.811652]]]}},{"type":"Feature","properties":{"name":"Burdur G\u00f6l\u00fc"},"geometry":{"type":"Polygon","coordinates":[[[30.207286,37.710578],[30.096324,37.6612],[30.069224,37.666877],[30.066661,37.679633],[30.095225,37.73133],[30.137706,37.765509],[30.187999,37.793219],[30.237559,37.80567],[30.320811,37.820563],[30.332042,37.810126],[30.314586,37.790168],[30.278819,37.778937],[30.2494,37.758979],[30.233897,37.731635],[30.207286,37.710578]]]}},{"type":"Feature","properties":{"name":"Salda G\u00f6l\u00fc"},"geometry":{"type":"Polygon","coordinates":[[[29.659312,37.537482],[29.641734,37.566901],[29.664073,37.590094],[29.702647,37.582648],[29.718761,37.555915],[29.721446,37.537238],[29.716319,37.524665],[29.692638,37.52143],[29.659312,37.537482]]]}},{"type":"Feature","properties":{},"geometry":{"type":"Polygon","coordinates":[[[30.832164,37.445075],[30.854503,37.428351],[30.860728,37.41651],[30.877696,37.443549],[30.880382,37.425727],[30.875987,37.400153],[30.86378,37.387641],[30.828624,37.415595],[30.832164,37.445075]]]}},{"type":"Feature","properties":{},"geometry":{"type":"Polygon","coordinates":[[[30.21461,39.637091],[30.179576,39.628791],[30.153087,39.596686],[30.148326,39.605963],[30.161143,39.631232],[30.187022,39.657965],[30.21046,39.660041],[30.239024,39.648688],[30.24586,39.638007],[30.21461,39.637091]]]}},{"type":"Feature","properties":{"name":"Yay G\u00f6l\u00fc"},"geometry":{"type":"Polygon","coordinates":[[[35.241222,38.337531],[35.235118,38.359565],[35.236583,38.387519],[35.256602,38.39527],[35.269054,38.372077],[35.304332,38.330756],[35.281505,38.318244],[35.253184,38.324164],[35.241222,38.337531]]]}},{"type":"Feature","properties":{},"geometry":{"type":"Polygon","coordinates":[[[45.809337,35.166754],[45.793224,35.155158],[45.757823,35.14112],[45.7317,35.138434],[45.723643,35.154242],[45.805186,35.181586],[45.809337,35.166754]]]}},{"type":"Feature","properties":{},"geometry":{"type":"Polygon","coordinates":[[[42.216075,38.868293],[42.296031,38.897956],[42.314952,38.910163],[42.333507,38.884894],[42.331676,38.854865],[42.257091,38.848944],[42.228526,38.85755],[42.216075,38.868293]]]}},{"type":"Feature","properties":{},"geometry":{"type":"Polygon","coordinates":[[[39.914806,38.390692],[39.97047,38.398505],[39.98524,38.39588],[40.006969,38.376532],[40.023692,38.355536],[40.001598,38.349311],[39.969493,38.372077],[39.91505,38.369208],[39.898448,38.378669],[39.914806,38.390692]]]}},{"type":"Feature","properties":{"name":"Hazar Dagi"},"geometry":{"type":"Polygon","coordinates":[[[39.31068,38.485297],[39.367198,38.501105],[39.432384,38.533454],[39.470958,38.53498],[39.503917,38.529914],[39.509044,38.516852],[39.479503,38.498114],[39.362071,38.462165],[39.308604,38.463629],[39.31068,38.485297]]]}},{"type":"Feature","properties":{},"geometry":{"type":"Polygon","coordinates":[[[36.929698,37.740302],[36.884044,37.713263],[36.873057,37.703192],[36.851329,37.715888],[36.922252,37.758368],[36.929698,37.740302]]]}},{"type":"Feature","properties":{},"geometry":{"type":"Polygon","coordinates":[[[42.947765,36.64643],[42.922374,36.625373],[42.863536,36.621161],[42.823131,36.655951],[42.833018,36.665473],[42.839854,36.677802],[42.822765,36.68592],[42.804698,36.701239],[42.763438,36.691474],[42.728526,36.703192],[42.729991,36.74372],[42.703014,36.773383],[42.677745,36.777411],[42.648448,36.777411],[42.613292,36.767646],[42.554332,36.813239],[42.517833,36.82038],[42.504039,36.851386],[42.528209,36.847419],[42.551036,36.849799],[42.587657,36.841864],[42.620372,36.805548],[42.638438,36.805548],[42.646739,36.821906],[42.663829,36.832282],[42.687022,36.826911],[42.705577,36.808783],[42.742198,36.783271],[42.777354,36.767646],[42.813243,36.734442],[42.849376,36.725226],[42.872569,36.732917],[42.908214,36.718695],[42.910533,36.701789],[42.936412,36.692267],[42.953868,36.675544],[42.947765,36.64643]]]}},{"type":"Feature","properties":{},"geometry":{"type":"Polygon","coordinates":[[[44.957286,36.050055],[44.897227,36.100898],[44.88795,36.142829],[44.914439,36.173102],[44.942393,36.174018],[44.959361,36.152289],[44.956065,36.125556],[44.958751,36.110968],[44.973277,36.081549],[44.971446,36.04737],[44.957286,36.050055]]]}},{"type":"Feature","properties":{"name":"Er\u00e7ek"},"geometry":{"type":"Polygon","coordinates":[[[43.538829,38.622382],[43.528331,38.710089],[43.536143,38.736579],[43.574474,38.74195],[43.627696,38.723761],[43.637462,38.704474],[43.63087,38.659857],[43.599986,38.636054],[43.558116,38.615241],[43.538829,38.622382]]]}},{"type":"Feature","properties":{},"geometry":{"type":"Polygon","coordinates":[[[45.603892,32.125251],[45.561412,32.13172],[45.535167,32.163825],[45.507335,32.225959],[45.495128,32.239997],[45.495616,32.255744],[45.5088,32.251837],[45.52711,32.237555],[45.55189,32.234931],[45.602428,32.218573],[45.646983,32.175177],[45.649181,32.143073],[45.640147,32.129645],[45.603892,32.125251]]]}},{"type":"Feature","properties":{},"geometry":{"type":"Polygon","coordinates":[[[47.653819,31.639106],[47.680675,31.600165],[47.678233,31.567755],[47.62794,31.556769],[47.606578,31.555854],[47.592052,31.578131],[47.571544,31.621833],[47.582286,31.644721],[47.614513,31.654242],[47.653819,31.639106]]]}},{"type":"Feature","properties":{"name":"Sabkha al Jabbul"},"geometry":{"type":"Polygon","coordinates":[[[37.548106,36.091071],[37.643565,36.081244],[37.66212,36.064337],[37.696788,36.05152],[37.698253,35.984626],[37.682628,35.965338],[37.659679,35.958503],[37.631114,35.930548],[37.606456,35.894538],[37.594859,35.901984],[37.596446,35.937628],[37.583263,35.975409],[37.533702,36.01911],[37.474376,36.058356],[37.454234,36.084845],[37.467906,36.098212],[37.489879,36.096442],[37.509776,36.085089],[37.548106,36.091071]]]}},{"type":"Feature","properties":{},"geometry":{"type":"Polygon","coordinates":[[[38.063487,36.768073],[38.092296,36.725531],[38.092296,36.705939],[38.102061,36.685675],[38.194224,36.68183],[38.253673,36.613593],[38.289317,36.557868],[38.306651,36.519599],[38.275401,36.494208],[38.29359,36.478461],[38.289439,36.451728],[38.22877,36.415168],[38.197765,36.422431],[38.191417,36.445441],[38.247203,36.478766],[38.229747,36.499274],[38.233165,36.527533],[38.254283,36.54328],[38.261729,36.556403],[38.2317,36.602179],[38.202647,36.637213],[38.137706,36.665168],[38.087901,36.670783],[38.067027,36.68067],[38.039683,36.732062],[38.027476,36.772467],[38.046153,36.778754],[38.063487,36.768073]]]}},{"type":"Feature","properties":{"name":"Qadisiyah"},"geometry":{"type":"Polygon","coordinates":[[[42.31837,34.281012],[42.352183,34.299506],[42.330821,34.326545],[42.307628,34.33216],[42.305797,34.307807],[42.287974,34.26258],[42.2671,34.250861],[42.236217,34.267585],[42.197276,34.280707],[42.173839,34.267279],[42.143199,34.261359],[42.125011,34.273261],[42.114024,34.308356],[42.101207,34.32038],[42.06068,34.346442],[42.03358,34.3711],[42.042369,34.379584],[42.08839,34.375251],[42.119151,34.378546],[42.135142,34.401129],[42.152354,34.385993],[42.164561,34.386603],[42.180064,34.393073],[42.179698,34.370795],[42.162608,34.342292],[42.161388,34.320319],[42.173473,34.321173],[42.21339,34.338141],[42.251964,34.360724],[42.330821,34.385993],[42.349864,34.365485],[42.37379,34.360419],[42.392589,34.348212],[42.418712,34.353888],[42.409557,34.324408],[42.434825,34.276007],[42.411143,34.261969],[42.389415,34.235846],[42.375743,34.224555],[42.347667,34.210273],[42.318614,34.203986],[42.301036,34.22071],[42.289195,34.238227],[42.300792,34.251288],[42.31837,34.281012]]]}},{"type":"Feature","properties":{},"geometry":{"type":"Polygon","coordinates":[[[44.976329,34.188239],[44.965831,34.222174],[44.970958,34.254279],[44.995006,34.269416],[45.018565,34.2555],[45.042857,34.201056],[45.038707,34.152594],[45.022349,34.146613],[44.994151,34.153205],[44.972423,34.126105],[44.976329,34.188239]]]}},{"type":"Feature","properties":{},"geometry":{"type":"Polygon","coordinates":[[[37.661388,35.884162],[37.639415,35.898444],[37.650157,35.90705],[37.695689,35.917121],[37.707286,35.902289],[37.698619,35.886847],[37.661388,35.884162]]]}},{"type":"Feature","properties":{},"geometry":{"type":"Polygon","coordinates":[[[46.517589,32.242316],[46.481212,32.258429],[46.469493,32.268805],[46.489024,32.278022],[46.541026,32.27027],[46.560313,32.264045],[46.584483,32.248908],[46.589488,32.229865],[46.563365,32.214118],[46.539806,32.219489],[46.517589,32.242316]]]}},{"type":"Feature","properties":{},"geometry":{"type":"Polygon","coordinates":[[[47.37025,31.896247],[47.350597,31.896247],[47.327647,31.914435],[47.30067,31.923346],[47.287608,31.932563],[47.293468,31.950995],[47.305186,31.951545],[47.349986,31.930426],[47.37086,31.912299],[47.37025,31.896247]]]}},{"type":"Feature","properties":{},"geometry":{"type":"Polygon","coordinates":[[[46.763927,32.450202],[46.785655,32.448127],[46.797008,32.413336],[46.790416,32.369635],[46.770518,32.400824],[46.763927,32.450202]]]}},{"type":"Feature","properties":{},"geometry":{"type":"Polygon","coordinates":[[[47.724376,31.678351],[47.715709,31.70246],[47.743907,31.713996],[47.782603,31.714911],[47.794444,31.705695],[47.799815,31.696479],[47.79774,31.683966],[47.770763,31.670905],[47.738292,31.668219],[47.724376,31.678351]]]}},{"type":"Feature","properties":{},"geometry":{"type":"Polygon","coordinates":[[[47.320079,31.909674],[47.326549,31.897162],[47.315807,31.896247],[47.295909,31.887336],[47.271739,31.870978],[47.251598,31.87934],[47.247813,31.905158],[47.262706,31.911994],[47.276378,31.906989],[47.295055,31.913214],[47.320079,31.909674]]]}},{"type":"Feature","properties":{"name":"Suwayqiyah"},"geometry":{"type":"Polygon","coordinates":[[[45.872325,32.738532],[45.923839,32.740973],[45.96693,32.737677],[45.996959,32.685309],[46.016856,32.690436],[46.034434,32.689826],[46.025767,32.678839],[46.002574,32.669562],[45.961192,32.672858],[45.921397,32.682379],[45.898448,32.692511],[45.823253,32.698127],[45.787608,32.71894],[45.779918,32.747199],[45.805186,32.762702],[45.872325,32.738532]]]}},{"type":"Feature","properties":{},"geometry":{"type":"Polygon","coordinates":[[[45.4817,32.920783],[45.414561,32.89466],[45.373546,32.898505],[45.367198,32.915778],[45.38148,32.936286],[45.410411,32.941657],[45.452281,32.923468],[45.475474,32.924933],[45.4817,32.920783]]]}},{"type":"Feature","properties":{},"geometry":{"type":"Polygon","coordinates":[[[44.252696,32.033942],[44.273448,32.019355],[44.284434,32.003913],[44.266612,31.988776],[44.228526,31.997687],[44.201427,32.031867],[44.220225,32.047919],[44.252696,32.033942]]]}},{"type":"Feature","properties":{},"geometry":{"type":"Polygon","coordinates":[[[36.526866,34.650275],[36.5713,34.666022],[36.61317,34.666938],[36.604015,34.64942],[36.555186,34.628913],[36.52003,34.630622],[36.526866,34.650275]]]}},{"type":"Feature","properties":{"name":"Sheksinskoe Reservoir"},"geometry":{"type":"MultiPolygon","coordinates":[[[[38.426036,59.645209],[38.382335,59.673774],[38.354503,59.700507],[38.340465,59.736518],[38.343761,59.750067],[38.362804,59.763251],[38.379161,59.718329],[38.401378,59.708197],[38.428722,59.711493],[38.459727,59.721869],[38.482677,59.745429],[38.498057,59.778998],[38.522472,59.779608],[38.553599,59.767401],[38.586925,59.785834],[38.598521,59.770697],[38.57838,59.740668],[38.566661,59.716864],[38.589,59.71894],[38.608043,59.712104],[38.62379,59.694892],[38.693126,59.710639],[38.708263,59.706732],[38.710948,59.685614],[38.69752,59.681769],[38.672862,59.69245],[38.648814,59.687445],[38.600841,59.657416],[38.582408,59.621833],[38.55189,59.613837],[38.527721,59.594794],[38.47462,59.574286],[38.490245,59.537177],[38.516246,59.506537],[38.510509,59.490241],[38.477061,59.442633],[38.476573,59.410224],[38.486339,59.375067],[38.508556,59.316901],[38.518565,59.267829],[38.496593,59.248236],[38.452647,59.252082],[38.429942,59.271369],[38.440684,59.282721],[38.46754,59.327887],[38.439464,59.404364],[38.44337,59.441474],[38.455089,59.480536],[38.472667,59.50788],[38.449229,59.54975],[38.431163,59.562262],[38.420421,59.613715],[38.419566,59.627997],[38.426036,59.645209]]],[[[38.164073,59.990302],[38.148448,59.97663],[38.098155,59.961798],[38.095225,59.943],[38.103526,59.927802],[38.117198,59.916083],[38.148448,59.906317],[38.197276,59.902411],[38.214366,59.897773],[38.225108,59.890021],[38.257823,59.877021],[38.27296,59.854071],[38.279307,59.836005],[38.257823,59.814521],[38.24464,59.814215],[38.252696,59.828803],[38.250011,59.845771],[38.244029,59.852851],[38.179942,59.876715],[38.147838,59.883551],[38.115245,59.899909],[38.076182,59.912177],[38.064464,59.935614],[38.072642,59.964118],[38.118419,59.996222],[38.110362,60.021247],[38.089,60.037848],[38.07838,60.042609],[38.065196,60.039069],[38.056651,60.048224],[38.079845,60.062873],[38.094005,60.076789],[38.12672,60.078315],[38.154063,60.069953],[38.175548,60.084845],[38.195445,60.092841],[38.229381,60.094367],[38.231212,60.071173],[38.178722,60.049201],[38.183238,60.040839],[38.185557,60.024787],[38.15797,60.009345],[38.158214,60.000067],[38.164073,59.990302]]]]}}]}