{"type":"FeatureCollection","features":[{"type":"Feature","properties":{"name":"E\u011firdir"},"geometry":{"type":"Polygon","coordinates":[[[30.860109,38.280991],[30.893078,38.274809],[30.855105,38.175903],[30.856282,38.150293],[30.8919,38.143523],[30.92428,38.122034],[30.93841,38.092304],[30.966669,37.990159],[30.918099,37.928048],[30.898376,37.868293],[30.876593,37.852397],[30.855693,37.861522],[30.84804,37.877123],[30.834499,37.88566],[30.79476,37.931875],[30.77857,37.940117],[30.7718,37.959251],[30.777098,37.980151],[30.812716,38.016652],[30.852161,38.076997],[30.843624,38.111143],[30.813894,38.138224],[30.774155,38.148527],[30.755021,38.171193],[30.751194,38.195331],[30.752077,38.223001],[30.773271,38.25126],[30.809773,38.270688],[30.860109,38.280991]]]}},{"type":"Feature","properties":{"name":"Bey\u015fehir"},"geometry":{"type":"Polygon","coordinates":[[[31.465027,37.60778],[31.456491,37.628091],[31.459434,37.669891],[31.451781,37.687553],[31.45914,37.717872],[31.41263,37.800883],[31.353757,37.869176],[31.324027,37.91804],[31.318728,37.95042],[31.357879,37.962195],[31.394674,37.966316],[31.418518,37.977207],[31.447954,37.957191],[31.527727,37.886837],[31.561579,37.86947],[31.593076,37.817662],[31.594842,37.794407],[31.602201,37.781161],[31.626633,37.79529],[31.646355,37.795879],[31.654892,37.77233],[31.702285,37.70492],[31.706406,37.676367],[31.582478,37.641338],[31.526255,37.635745],[31.515658,37.628386],[31.5239,37.604837],[31.508299,37.60101],[31.485633,37.61043],[31.465027,37.60778]]]}},{"type":"Feature","properties":{"name":"Engozero"},"geometry":{"type":"Polygon","coordinates":[[[33.420782,65.650968],[33.392229,65.653911],[33.37545,65.666863],[33.382809,65.685114],[33.441093,65.690707],[33.427847,65.701304],[33.399883,65.706308],[33.37074,65.697183],[33.348663,65.673339],[33.321582,65.668924],[33.301859,65.675105],[33.275955,65.66598],[33.247402,65.672456],[33.205897,65.666275],[33.170867,65.687174],[33.149967,65.69365],[33.140253,65.711901],[33.149084,65.734273],[33.209429,65.742515],[33.26683,65.733978],[33.400177,65.775484],[33.444626,65.804331],[33.424903,65.81434],[33.414306,65.834062],[33.444037,65.859966],[33.549125,65.857906],[33.60005,65.877039],[33.635668,65.881455],[33.709554,65.886459],[33.759595,65.88381],[33.77814,65.876451],[33.641261,65.854962],[33.573852,65.849075],[33.514096,65.832885],[33.506737,65.824348],[33.516745,65.807275],[33.556779,65.803743],[33.582683,65.796383],[33.653036,65.820521],[33.675702,65.823465],[33.726921,65.809041],[33.848788,65.824054],[33.893826,65.841127],[33.941513,65.815223],[33.947694,65.799916],[33.927383,65.786964],[33.906483,65.783137],[33.870865,65.786081],[33.795802,65.774601],[33.777552,65.763709],[33.705727,65.759294],[33.658334,65.739571],[33.618301,65.715433],[33.603288,65.699538],[33.612708,65.662448],[33.706316,65.632717],[33.693952,65.625947],[33.633902,65.614466],[33.571202,65.609462],[33.507031,65.628596],[33.487897,65.617999],[33.451985,65.615938],[33.425198,65.627418],[33.520866,65.652734],[33.515273,65.661859],[33.420782,65.650968]]]}},{"type":"Feature","properties":{"name":"P\u00e4\u00e4j\u00e4rvi"},"geometry":{"type":"Polygon","coordinates":[[[31.239544,66.024516],[31.232774,66.00391],[31.233068,65.96947],[31.240427,65.953574],[31.280461,65.950042],[31.313724,65.939739],[31.350225,65.912657],[31.356407,65.899117],[31.344338,65.8791],[31.319317,65.870269],[31.258089,65.879689],[31.239544,65.865559],[31.276045,65.852901],[31.303127,65.832002],[31.286348,65.816106],[31.215995,65.816695],[31.172429,65.823465],[31.147114,65.840244],[31.134162,65.859377],[31.197156,65.86026],[31.224532,65.875273],[31.189208,65.894995],[31.081176,65.920016],[31.001109,65.930319],[30.88513,65.954751],[30.823902,65.973591],[30.787695,65.995374],[30.757964,66.005971],[30.641691,66.035407],[30.624912,66.051303],[30.62138,66.06396],[30.627856,66.07809],[30.736182,66.120773],[30.723524,66.135197],[30.609605,66.171698],[30.593709,66.18465],[30.617553,66.196424],[30.640219,66.198485],[30.736476,66.186122],[30.791816,66.209965],[30.866879,66.225272],[30.791816,66.240579],[30.783574,66.254708],[30.845979,66.275314],[30.830672,66.288855],[30.767384,66.309755],[30.728822,66.338897],[30.74148,66.345667],[30.784752,66.336247],[30.797115,66.323001],[30.854516,66.34655],[30.895433,66.332715],[30.902203,66.319763],[30.883952,66.295331],[30.946652,66.282967],[30.963136,66.28179],[31.062926,66.304456],[31.102959,66.292093],[31.141227,66.320352],[31.140932,66.357442],[31.106786,66.37216],[31.145642,66.36951],[31.158594,66.382168],[31.209519,66.392176],[31.225709,66.408072],[31.270747,66.419552],[31.193035,66.43221],[31.256912,66.465179],[31.452664,66.505801],[31.503294,66.502857],[31.565405,66.51993],[31.587777,66.507567],[31.55628,66.489611],[31.558635,66.478425],[31.656658,66.493438],[31.797659,66.467239],[31.703756,66.460763],[31.620746,66.448694],[31.568055,66.455759],[31.521251,66.442807],[31.480334,66.456642],[31.443833,66.447811],[31.357879,66.451344],[31.301361,66.437214],[31.300772,66.423085],[31.321672,66.413076],[31.377307,66.398947],[31.402328,66.384817],[31.335801,66.348316],[31.219233,66.315053],[31.188619,66.313287],[31.174195,66.295919],[31.149469,66.285028],[31.1374,66.270898],[31.14417,66.247644],[31.141521,66.230276],[31.071757,66.204078],[31.09089,66.18936],[31.126214,66.177585],[31.189208,66.171109],[31.205104,66.15698],[31.160949,66.131075],[31.190974,66.096046],[31.174195,66.071025],[31.190974,66.061606],[31.24602,66.058368],[31.286054,66.04571],[31.278989,66.028931],[31.239544,66.024516]],[[30.929873,66.051892],[30.952834,66.058368],[30.928401,66.080445],[30.898082,66.091042],[30.843036,66.061606],[30.861286,66.045416],[30.929873,66.051892]],[[31.020832,66.19613],[31.000521,66.209376],[30.968729,66.214675],[30.936643,66.211143],[30.914272,66.199074],[30.923986,66.186122],[30.963725,66.162572],[30.989629,66.160218],[31.015533,66.162572],[31.022598,66.179057],[31.020832,66.19613]]]}},{"type":"Feature","properties":{"name":"Lake Ladoga"},"geometry":{"type":"MultiPolygon","coordinates":[[[[30.088286,61.25199],[30.110658,61.259349],[30.082399,61.274362],[30.077395,61.292318],[30.092407,61.307625],[30.124199,61.314101],[30.19779,61.300855],[30.237529,61.301149],[30.261372,61.320871],[30.208387,61.32823],[30.19308,61.334412],[30.226048,61.333235],[30.239884,61.336767],[30.24842,61.348247],[30.223105,61.355312],[30.144804,61.355018],[30.219572,61.40035],[30.206915,61.423899],[30.247243,61.453924],[30.264905,61.458045],[30.338496,61.442444],[30.350859,61.451275],[30.264905,61.479239],[30.237234,61.4813],[30.226637,61.488659],[30.227226,61.526926],[30.268731,61.514563],[30.316124,61.519861],[30.334669,61.516329],[30.373819,61.496312],[30.415913,61.487776],[30.458891,61.485715],[30.488033,61.491602],[30.452415,61.533697],[30.520118,61.521922],[30.561329,61.540467],[30.619908,61.540761],[30.645812,61.546943],[30.583407,61.57844],[30.559269,61.584916],[30.557503,61.601989],[30.5681,61.606404],[30.59577,61.601989],[30.601951,61.606699],[30.607544,61.624949],[30.650522,61.644672],[30.703507,61.699718],[30.82037,61.775958],[30.84127,61.778608],[30.858048,61.766539],[30.906324,61.759768],[30.864819,61.738574],[30.990512,61.729449],[31.023775,61.723267],[31.049679,61.711198],[31.062631,61.695008],[31.066164,61.677052],[31.06322,61.639373],[31.078233,61.622889],[31.111201,61.613469],[31.158888,61.612292],[31.165953,61.638196],[31.208636,61.630542],[31.23454,61.636135],[31.228947,61.656152],[31.236012,61.662039],[31.248964,61.663511],[31.260444,61.660567],[31.261916,61.636135],[31.271924,61.621417],[31.298123,61.59934],[31.317256,61.595219],[31.319317,61.614352],[31.337567,61.622595],[31.323438,61.642317],[31.378484,61.622595],[31.411158,61.593747],[31.434413,61.58521],[31.483866,61.54812],[31.522134,61.526926],[31.534497,61.514269],[31.542445,61.485421],[31.57247,61.453924],[31.576591,61.440677],[31.592192,61.424487],[31.625161,61.405943],[31.652243,61.398878],[31.652243,61.416245],[31.641351,61.428314],[31.604556,61.451275],[31.59337,61.478356],[31.598963,61.48601],[31.617802,61.482183],[31.639879,61.468348],[31.700813,61.410358],[31.730838,61.391813],[31.804429,61.365909],[31.856826,61.359139],[31.882435,61.331468],[31.912461,61.312335],[32.508548,61.136599],[32.533569,61.118349],[32.569481,61.081259],[32.58155,61.060359],[32.585083,61.032689],[32.580373,60.998248],[32.591559,60.991772],[32.629532,60.995599],[32.632475,60.974699],[32.64425,60.960275],[32.721079,60.90258],[32.77848,60.878442],[32.805856,60.861369],[32.817336,60.83782],[32.803501,60.745978],[32.814098,60.721546],[32.847361,60.70565],[32.932727,60.684162],[32.95451,60.656786],[32.948328,60.628821],[32.925662,60.600857],[32.862079,60.544339],[32.821163,60.515491],[32.78319,60.457501],[32.772887,60.470453],[32.779657,60.493708],[32.776419,60.505777],[32.76229,60.51343],[32.720784,60.520201],[32.677219,60.544044],[32.637774,60.551109],[32.601567,60.544633],[32.585083,60.519023],[32.594797,60.49989],[32.642778,60.453086],[32.67192,60.439545],[32.680457,60.429242],[32.686933,60.40275],[32.670743,60.381555],[32.645427,60.361244],[32.629532,60.355357],[32.591559,60.361244],[32.578018,60.352413],[32.57949,60.342994],[32.622467,60.289419],[32.626588,60.263515],[32.619523,60.2382],[32.569776,60.190807],[32.497951,60.165492],[32.29219,60.133995],[32.263931,60.138116],[32.238616,60.152834],[32.164142,60.215828],[32.125286,60.211119],[32.083781,60.232313],[32.050223,60.239966],[31.778231,60.246442],[31.736431,60.258511],[31.724362,60.235256],[31.588954,60.166964],[31.570409,60.135173],[31.605733,60.146653],[31.610737,60.138705],[31.606616,60.129285],[31.576591,60.114861],[31.545977,60.091018],[31.537146,60.06217],[31.528904,60.052751],[31.549215,60.036561],[31.56776,60.010068],[31.57718,59.979748],[31.570409,59.950901],[31.537146,59.927057],[31.483572,59.908807],[31.427348,59.900564],[31.385843,59.905863],[31.349342,59.939715],[31.323438,59.943542],[31.243665,59.936182],[31.186853,59.91646],[31.127391,59.919992],[31.071168,59.93265],[31.042615,59.950901],[31.097366,59.964147],[31.107375,59.987991],[31.128275,59.996527],[31.161243,60.019487],[31.158888,60.032145],[31.150646,60.040976],[31.087652,60.068646],[31.117972,60.128991],[31.105903,60.152246],[31.081176,60.164609],[31.028485,60.179916],[30.989923,60.206409],[30.961959,60.236728],[30.882186,60.396862],[30.85746,60.43513],[30.823608,60.46486],[30.796526,60.440428],[30.78328,60.438956],[30.76915,60.450731],[30.76238,60.464272],[30.762086,60.47899],[30.775921,60.505777],[30.759142,60.52079],[30.727939,60.537274],[30.714399,60.55317],[30.712044,60.572303],[30.706156,60.580251],[30.695854,60.586727],[30.533953,60.629999],[30.5263,60.639713],[30.52836,60.67327],[30.523062,60.686222],[30.499513,60.713304],[30.494214,60.728022],[30.497747,60.737442],[30.531893,60.738619],[30.536014,60.742446],[30.529832,60.761579],[30.536603,60.783362],[30.536308,60.80544],[30.532187,60.825751],[30.525122,60.834876],[30.499513,60.851655],[30.432692,60.868434],[30.466838,60.889333],[30.448588,60.897281],[30.379412,60.952622],[30.300817,60.989712],[30.254602,61.032689],[30.234585,61.04358],[29.895772,61.165447],[29.795688,61.218433],[29.825419,61.22432],[29.842198,61.221376],[29.871045,61.205186],[29.912551,61.206952],[29.929035,61.200771],[29.959649,61.169862],[29.993795,61.155733],[30.011163,61.153378],[30.02853,61.155733],[30.012635,61.188113],[29.987025,61.211073],[29.902542,61.221671],[29.877227,61.231973],[29.893711,61.236978],[29.911373,61.231973],[29.898716,61.243748],[29.836899,61.259349],[29.86192,61.264942],[29.890768,61.307331],[29.909607,61.306742],[30.049136,61.239038],[30.068858,61.236978],[30.088286,61.25199]],[[30.796821,61.704133],[30.802708,61.732392],[30.762674,61.715025],[30.730883,61.68706],[30.714987,61.661156],[30.725584,61.651148],[30.792111,61.645849],[30.823608,61.622595],[30.836265,61.62024],[30.839798,61.623183],[30.810361,61.667338],[30.795937,61.680584],[30.775921,61.683234],[30.810067,61.683234],[30.796821,61.704133]],[[30.850984,61.697657],[30.85746,61.68029],[30.874238,61.666455],[30.912506,61.64997],[30.904852,61.667043],[30.907501,61.700601],[30.8919,61.711198],[30.899554,61.705016],[30.887485,61.712964],[30.871589,61.715908],[30.85746,61.711787],[30.850984,61.697657]],[[30.650522,61.564899],[30.670538,61.558718],[30.686434,61.561072],[30.65582,61.582561],[30.617553,61.589037],[30.650522,61.564899]],[[30.54926,61.519567],[30.563979,61.505732],[30.582229,61.499845],[30.601363,61.503966],[30.617553,61.519567],[30.610782,61.526926],[30.54926,61.519567]],[[30.351742,61.475707],[30.387066,61.464227],[30.404728,61.464815],[30.384416,61.479239],[30.35969,61.486598],[30.337024,61.485421],[30.351742,61.475707]],[[30.885719,61.389164],[30.911328,61.366203],[30.955188,61.357078],[30.988157,61.365615],[30.980798,61.395934],[31.025247,61.411241],[30.99846,61.419189],[30.960193,61.412419],[30.885719,61.389164]],[[31.528904,61.375623],[31.53332,61.361199],[31.545977,61.348247],[31.619568,61.306447],[31.644884,61.301738],[31.659307,61.314101],[31.651065,61.327642],[31.625161,61.348542],[31.646061,61.361788],[31.596902,61.389164],[31.55628,61.399172],[31.537441,61.394462],[31.528904,61.375623]],[[31.666078,61.375623],[31.7067,61.365909],[31.714354,61.355018],[31.700813,61.355018],[31.75527,61.337944],[31.819736,61.302915],[31.885673,61.300855],[31.873899,61.308214],[31.837986,61.314101],[31.824151,61.341182],[31.801191,61.351485],[31.750855,61.362377],[31.728189,61.375623],[31.707289,61.380922],[31.67903,61.382099],[31.666078,61.375623]],[[30.260783,61.375329],[30.350859,61.389164],[30.335846,61.395345],[30.26255,61.397995],[30.234585,61.382982],[30.260783,61.375329]],[[29.980254,61.239038],[29.932567,61.261998],[29.911373,61.265531],[29.923442,61.249341],[29.939632,61.241687],[29.980254,61.239038]],[[30.608722,60.898459],[30.591943,60.892277],[30.562212,60.868434],[30.59106,60.856953],[30.605778,60.860191],[30.621968,60.896693],[30.608722,60.898459]]],[[[30.796526,61.704722],[30.796526,61.705016],[30.796821,61.704133],[30.796526,61.704722]]]]}},{"type":"Feature","properties":{"name":"V\u00e4nern"},"geometry":{"type":"Polygon","coordinates":[[[14.098132,59.042493],[14.071051,59.023065],[14.040437,59.009819],[13.978326,59.003343],[13.973616,58.998338],[13.977149,58.977438],[14.001287,58.959482],[14.014239,58.956539],[14.014239,58.950357],[14.004819,58.937994],[13.986274,58.881476],[13.973911,58.86352],[13.953894,58.850568],[13.965963,58.82643],[13.936232,58.816127],[13.928579,58.808768],[13.904441,58.819954],[13.879714,58.813183],[13.868528,58.799054],[13.871766,58.783453],[13.890017,58.771678],[13.849983,58.739592],[13.711927,58.689845],[13.686906,58.669828],[13.653054,58.67336],[13.640396,58.699559],[13.624206,58.69897],[13.547377,58.669239],[13.530304,58.65717],[13.507049,58.655698],[13.475552,58.665118],[13.439345,58.644218],[13.363105,58.628323],[13.325427,58.60389],[13.279506,58.536187],[13.245948,58.510871],[13.213568,58.503512],[13.172652,58.502923],[13.137622,58.512343],[13.122904,58.535598],[13.160288,58.56945],[13.184426,58.613899],[13.123787,58.620375],[13.006041,58.600358],[12.990146,58.609483],[12.979549,58.607128],[12.983964,58.605951],[12.965714,58.579753],[12.946874,58.569155],[12.924797,58.567095],[12.875932,58.579753],[12.938632,58.546489],[12.911256,58.538836],[12.917732,58.529122],[12.931273,58.524706],[12.892417,58.499097],[12.807346,58.473781],[12.778498,58.477019],[12.757009,58.45818],[12.670466,58.442579],[12.691661,58.414909],[12.651038,58.389005],[12.601879,58.366044],[12.552721,58.356919],[12.512687,58.373698],[12.584806,58.411671],[12.619247,58.464362],[12.63632,58.477608],[12.590399,58.462301],[12.522401,58.396952],[12.465,58.388121],[12.40495,58.391065],[12.32606,58.376053],[12.310753,58.384589],[12.303689,58.399013],[12.307221,58.413437],[12.317524,58.424623],[12.331653,58.429038],[12.376102,58.469955],[12.414958,58.482024],[12.45823,58.483495],[12.465589,58.495564],[12.487666,58.513521],[12.533881,58.538836],[12.520341,58.552082],[12.560668,58.579753],[12.598347,58.617431],[12.631022,58.639508],[12.629255,58.648045],[12.617481,58.651283],[12.563907,58.648045],[12.540357,58.653344],[12.518574,58.666884],[12.501796,58.684252],[12.492965,58.702797],[12.491493,58.730173],[12.520341,58.792283],[12.500618,58.790517],[12.472065,58.774033],[12.45823,58.771678],[12.4441,58.778743],[12.438213,58.795816],[12.410248,58.812595],[12.436447,58.828196],[12.451459,58.830845],[12.464411,58.804352],[12.479718,58.801114],[12.512687,58.806413],[12.493848,58.812595],[12.483545,58.822897],[12.478541,58.853511],[12.486194,58.888246],[12.476186,58.905025],[12.478541,58.915622],[12.453814,58.921804],[12.434681,58.939465],[12.43056,58.955361],[12.451459,58.956539],[12.533881,58.895311],[12.50886,58.850568],[12.510921,58.8332],[12.566261,58.815833],[12.581274,58.815538],[12.59246,58.842031],[12.629255,58.861165],[12.624251,58.878238],[12.629255,58.888246],[12.632788,58.92563],[12.642796,58.940349],[12.644268,58.951829],[12.651333,58.961543],[12.677237,58.970962],[12.667228,58.987741],[12.701375,59.014528],[12.711972,59.032485],[12.694604,59.057211],[12.697842,59.066631],[12.707556,59.070458],[12.71727,59.065748],[12.731694,59.046025],[12.772905,59.077228],[12.80764,59.08076],[12.823536,59.092829],[12.836193,59.095184],[12.846496,59.078994],[12.857388,59.080466],[12.875932,59.093712],[12.890062,59.072518],[12.887413,59.061627],[12.875932,59.052796],[12.935394,59.052207],[12.944814,59.049558],[12.948052,59.039549],[12.98838,59.045437],[13.019877,59.026892],[13.061971,59.018944],[13.074923,59.01129],[13.076983,58.997161],[13.067858,58.985092],[13.040482,58.970962],[13.085814,58.956539],[13.105831,58.92563],[13.124965,58.915328],[13.169119,58.910029],[13.184426,58.902081],[13.197967,58.881476],[13.245065,58.904142],[13.259489,58.915622],[13.234762,58.95595],[13.219161,58.963309],[13.225931,58.997455],[13.221516,59.013351],[13.211802,59.025714],[13.215629,59.035723],[13.210036,59.057211],[13.184132,59.083115],[13.184426,59.101366],[13.159699,59.139633],[13.142038,59.157884],[13.122904,59.168775],[13.13615,59.181433],[13.133501,59.193207],[13.109069,59.216757],[13.114073,59.227354],[13.109069,59.237951],[13.110246,59.251197],[13.074923,59.271214],[13.071979,59.282988],[13.102593,59.271214],[13.126731,59.278279],[13.134973,59.294763],[13.130557,59.315368],[13.115545,59.333913],[13.170591,59.36806],[13.177361,59.328615],[13.197378,59.310659],[13.27303,59.306832],[13.232702,59.337151],[13.238,59.347749],[13.251541,59.357168],[13.280389,59.36806],[13.359278,59.361289],[13.383122,59.37483],[13.417857,59.361289],[13.450826,59.356874],[13.483206,59.360995],[13.595358,59.394258],[13.67101,59.408388],[13.656586,59.388665],[13.669538,59.377479],[13.682785,59.376007],[13.719286,59.383367],[13.729294,59.395436],[13.766384,59.395436],[13.76344,59.37483],[13.72635,59.35393],[13.736064,59.341567],[13.732532,59.333913],[13.743424,59.325377],[13.808184,59.326554],[13.784635,59.351281],[13.786989,59.360112],[13.808184,59.361289],[13.822608,59.343333],[13.831733,59.340095],[13.859403,59.345982],[13.87,59.340095],[13.856459,59.328615],[13.858226,59.322728],[13.876182,59.319784],[13.913272,59.325083],[13.922103,59.305949],[13.940353,59.311542],[13.944769,59.323022],[13.940648,59.346865],[13.952128,59.35393],[13.975088,59.353341],[13.994811,59.316252],[14.01365,59.306832],[14.026013,59.310953],[14.037493,59.333913],[14.061337,59.329792],[14.075761,59.313014],[14.055744,59.311836],[14.040437,59.299178],[14.060454,59.249137],[14.061926,59.234124],[14.054566,59.212047],[14.021598,59.183788],[14.00894,59.154057],[13.962136,59.135512],[13.927401,59.090769],[13.939764,59.071635],[13.955954,59.062804],[13.958898,59.052796],[14.001581,59.065453],[14.048385,59.066631],[14.040437,59.086942],[14.059865,59.092535],[14.051328,59.111374],[14.054566,59.120499],[14.06899,59.121677],[14.081648,59.112552],[14.096661,59.086942],[14.082531,59.066631],[14.096955,59.061627],[14.116677,59.066631],[14.098132,59.042493]],[[13.19885,58.63421],[13.204737,58.671594],[13.199144,58.680425],[13.170591,58.696615],[13.157639,58.690433],[13.115545,58.696615],[13.101121,58.692788],[13.061382,58.66188],[13.061971,58.644807],[13.094056,58.638625],[13.109069,58.628323],[13.138211,58.639214],[13.163821,58.655698],[13.170591,58.648045],[13.149691,58.634504],[13.18737,58.625968],[13.19885,58.63421]],[[13.568571,59.313014],[13.562684,59.315957],[13.561801,59.333913],[13.533836,59.342744],[13.497335,59.343627],[13.460245,59.334797],[13.431398,59.313014],[13.472903,59.313897],[13.486149,59.303888],[13.479379,59.285638],[13.48821,59.275629],[13.499984,59.271214],[13.508227,59.274158],[13.507049,59.285638],[13.547377,59.278867],[13.527655,59.306832],[13.568571,59.306832],[13.568571,59.313014]],[[13.84233,58.819954],[13.821724,58.83997],[13.779925,58.825547],[13.771977,58.803469],[13.76609,58.799643],[13.746073,58.812595],[13.74519,58.830551],[13.739597,58.837321],[13.715459,58.83997],[13.704273,58.836438],[13.691027,58.806413],[13.711044,58.78463],[13.711927,58.761081],[13.71752,58.752544],[13.75667,58.764908],[13.801413,58.757254],[13.811127,58.759609],[13.814954,58.779037],[13.84233,58.819954]]]}},{"type":"Feature","properties":{"name":"Lake Onega"},"geometry":{"type":"Polygon","coordinates":[[[35.843988,60.859603],[35.805426,60.889333],[35.789236,60.88845],[35.762155,60.875498],[35.743315,60.875793],[35.778933,60.91406],[35.717411,60.913471],[35.617033,60.895809],[35.560221,60.907878],[35.532845,60.921125],[35.494578,60.950856],[35.489573,60.971461],[35.497816,60.981469],[35.512828,60.983824],[35.503703,60.999426],[35.488102,61.012672],[35.387429,61.055355],[35.368295,61.058593],[35.353283,61.057121],[35.299709,61.028568],[35.279986,61.009728],[35.267623,61.005607],[35.224646,61.024741],[35.209044,61.023269],[35.151643,61.000309],[35.123384,60.996482],[35.092182,60.999426],[35.137808,61.020031],[35.143696,61.034455],[35.108078,61.058887],[35.078347,61.053883],[35.015353,61.073311],[34.962073,61.067718],[34.951476,61.071839],[34.93558,61.09009],[34.920862,61.094211],[34.879357,61.093033],[34.874647,61.087735],[34.920862,61.053883],[34.876413,61.028273],[34.825488,61.019737],[34.833436,61.041225],[34.798701,61.077432],[34.803999,61.099215],[34.77574,61.113933],[34.771619,61.120998],[34.777507,61.136599],[34.785749,61.143958],[34.812242,61.149551],[34.814302,61.158677],[34.804882,61.18723],[34.809298,61.205775],[34.821367,61.219904],[34.838734,61.22903],[34.85934,61.231973],[34.885244,61.226675],[34.931753,61.202831],[34.955303,61.197238],[35.056564,61.199299],[35.072165,61.207541],[35.080407,61.225203],[35.098364,61.221671],[35.133687,61.197238],[35.162535,61.184286],[35.25732,61.169862],[35.226412,61.167802],[35.216992,61.158677],[35.216404,61.142781],[35.110138,61.180165],[35.072165,61.177516],[35.048616,61.165153],[35.037725,61.142781],[35.026539,61.133067],[35.045084,61.118937],[35.07923,61.111578],[35.156059,61.058298],[35.181374,61.046524],[35.219347,61.050351],[35.290289,61.087441],[35.325907,61.084791],[35.366529,61.070956],[35.428346,61.065069],[35.500465,61.020914],[35.52843,61.009434],[35.556983,61.010611],[35.628219,61.058004],[35.634106,61.063891],[35.639699,61.090384],[35.691802,61.128063],[35.688858,61.142781],[35.679438,61.152495],[35.599371,61.191057],[35.610263,61.206952],[35.612323,61.223731],[35.596133,61.256111],[35.559043,61.273184],[35.548152,61.310569],[35.532551,61.327936],[35.473678,61.369147],[35.464258,61.373562],[35.391845,61.377389],[35.374183,61.382982],[35.355932,61.394462],[35.348867,61.418011],[35.33621,61.433907],[35.284402,61.451275],[35.260853,61.475707],[35.239953,61.48336],[35.147522,61.491602],[35.112787,61.504555],[35.095714,61.505732],[35.058919,61.495135],[35.044495,61.498962],[35.054503,61.507793],[35.053031,61.524571],[35.028305,61.540761],[34.910265,61.531047],[34.881123,61.539878],[34.85934,61.561072],[34.826077,61.57167],[34.723049,61.582267],[34.701561,61.593747],[34.688903,61.625538],[34.674479,61.642317],[34.620316,61.656741],[34.578811,61.683234],[34.510518,61.738574],[34.427508,61.78685],[34.340965,61.812165],[34.318299,61.828061],[34.341848,61.827472],[34.330368,61.843662],[34.284152,61.883107],[34.307996,61.893704],[34.335077,61.881341],[34.353622,61.859558],[34.35215,61.841601],[34.418971,61.824823],[34.489619,61.820996],[34.554673,61.77743],[34.575867,61.783612],[34.580871,61.802157],[34.578516,61.8469],[34.589408,61.855731],[34.61384,61.85367],[34.62326,61.858086],[34.626792,61.873098],[34.624143,61.906362],[34.610013,61.931677],[34.564681,61.978775],[34.52141,62.032644],[34.455178,62.064729],[34.307407,62.110356],[34.284152,62.12949],[34.30358,62.137143],[34.28739,62.15451],[34.236465,62.184241],[34.284152,62.211617],[34.257071,62.234578],[34.263547,62.249001],[34.263841,62.270196],[34.207912,62.310818],[34.154043,62.337605],[34.116365,62.384998],[34.075743,62.422676],[34.023346,62.417672],[34.037475,62.403837],[34.020402,62.380582],[34.005095,62.374695],[33.989788,62.382643],[33.942984,62.432979],[33.932093,62.452407],[33.927677,62.475367],[33.935036,62.524526],[33.950343,62.52747],[33.969771,62.54366],[33.968888,62.547192],[34.070738,62.513929],[34.0675,62.453584],[34.073682,62.437689],[34.10253,62.431213],[34.139914,62.403837],[34.164052,62.392062],[34.172,62.384115],[34.174943,62.369396],[34.201142,62.338488],[34.372756,62.259893],[34.32242,62.245175],[34.300342,62.232223],[34.304463,62.211617],[34.299754,62.196016],[34.310939,62.183653],[34.418677,62.139498],[34.45871,62.130667],[34.50051,62.107412],[34.57469,62.093871],[34.707448,62.037942],[34.745421,62.033232],[34.74336,62.061491],[34.65564,62.133022],[34.655346,62.157454],[34.5585,62.231928],[34.594707,62.227513],[34.606187,62.231928],[34.600005,62.239582],[34.61384,62.246941],[34.623849,62.244292],[34.709803,62.166874],[34.723344,62.16187],[34.728937,62.170995],[34.69479,62.211617],[34.688903,62.241937],[34.681838,62.252534],[34.642982,62.279615],[34.544076,62.362332],[34.512285,62.403837],[34.495211,62.419438],[34.456944,62.441221],[34.439577,62.463887],[34.444875,62.475367],[34.510518,62.444754],[34.579694,62.384998],[34.630913,62.368513],[34.72717,62.281087],[34.76691,62.255183],[34.794874,62.250473],[34.791636,62.28668],[34.770442,62.341137],[34.761022,62.34938],[34.711863,62.363803],[34.606187,62.437394],[34.570274,62.454468],[34.556439,62.466242],[34.543782,62.505098],[34.489619,62.533651],[34.47755,62.547781],[34.461654,62.595762],[34.478727,62.59223],[34.503159,62.554257],[34.5167,62.544837],[34.59765,62.504509],[34.67183,62.478017],[34.702444,62.459177],[34.73659,62.410607],[34.803411,62.365275],[34.825488,62.328185],[34.837263,62.290212],[34.846388,62.280498],[34.845799,62.301987],[34.852569,62.321415],[34.868171,62.295805],[34.874352,62.267546],[34.86611,62.251062],[34.839029,62.259893],[34.862872,62.228985],[34.872292,62.184241],[34.888482,62.166579],[35.050971,62.06002],[35.101896,62.039414],[35.161652,62.034116],[35.153704,62.049717],[35.162535,62.061786],[35.188439,62.081214],[35.19256,62.100936],[35.186378,62.118304],[35.17166,62.130961],[35.132215,62.142442],[35.096597,62.171289],[35.060979,62.182769],[35.041846,62.194544],[35.010349,62.225747],[35.051854,62.225747],[35.010349,62.259893],[35.078935,62.241642],[35.116908,62.22398],[35.154587,62.182475],[35.202568,62.175116],[35.291466,62.170701],[35.335621,62.132139],[35.357698,62.122719],[35.372711,62.160398],[35.401559,62.181003],[35.448951,62.170112],[35.464258,62.172172],[35.483097,62.17806],[35.577883,62.232811],[35.59319,62.249001],[35.588185,62.278732],[35.54462,62.334956],[35.537849,62.382937],[35.502231,62.406486],[35.48663,62.437394],[35.421281,62.492735],[35.36388,62.530708],[35.338859,62.573685],[35.326201,62.582222],[35.304124,62.582516],[35.296765,62.570447],[35.310306,62.523937],[35.286757,62.526587],[35.243485,62.541011],[35.094537,62.565443],[35.056269,62.601355],[34.966488,62.651397],[34.920862,62.657284],[34.938818,62.636973],[34.962367,62.623138],[34.935875,62.623138],[34.902611,62.638151],[34.870526,62.645804],[34.846388,62.623138],[34.848743,62.60165],[34.920862,62.568386],[34.945,62.530708],[34.989743,62.499505],[34.99828,62.472129],[35.014764,62.453879],[35.03066,62.423854],[35.023889,62.423854],[34.989743,62.46477],[34.968549,62.505687],[34.927632,62.541011],[34.915269,62.563382],[34.905849,62.569858],[34.886716,62.568386],[34.90791,62.533651],[34.895547,62.536006],[34.876119,62.557495],[34.832847,62.574568],[34.79458,62.620195],[34.739239,62.664055],[34.713924,62.675535],[34.702444,62.660522],[34.711275,62.646393],[34.770736,62.595762],[34.739828,62.612247],[34.678306,62.681422],[34.625026,62.720573],[34.564681,62.753247],[34.575867,62.775913],[34.574101,62.796519],[34.562326,62.815947],[34.519349,62.863928],[34.493445,62.85127],[34.484026,62.854803],[34.454884,62.896308],[34.451351,62.906611],[34.458416,62.911026],[34.522587,62.92074],[34.544076,62.917797],[34.575573,62.893364],[34.605009,62.887477],[34.640333,62.869521],[34.640333,62.863339],[34.657112,62.844206],[34.687726,62.823895],[34.719517,62.812709],[34.739828,62.821834],[34.765438,62.842439],[34.806649,62.850682],[34.850509,62.847149],[34.896135,62.824189],[34.999752,62.782978],[35.046555,62.774736],[35.059802,62.767671],[35.065395,62.756485],[34.976202,62.767082],[34.976202,62.759723],[35.044495,62.739118],[35.119558,62.735291],[35.216698,62.698201],[35.376538,62.672886],[35.415099,62.65699],[35.418043,62.633147],[35.412156,62.618723],[35.496344,62.575746],[35.510473,62.574568],[35.480743,62.599589],[35.475738,62.609303],[35.480448,62.625787],[35.494578,62.636973],[35.512239,62.640211],[35.527546,62.633147],[35.543148,62.614013],[35.556983,62.565737],[35.609674,62.567209],[35.705931,62.551608],[35.715939,62.547192],[35.730363,62.523643],[35.805132,62.478311],[35.825737,62.459177],[35.839278,62.436511],[35.846932,62.407075],[35.843988,62.378816],[35.818673,62.350851],[35.825737,62.317883],[35.791885,62.273139],[35.776578,62.192189],[35.760683,62.167168],[35.687975,62.116832],[35.668252,62.094755],[35.66001,62.057959],[35.67885,62.029994],[35.712701,62.0088],[35.776578,61.984074],[35.828387,61.97171],[35.853702,61.961702],[35.871952,61.946101],[35.866948,61.932854],[35.833391,61.909894],[35.860472,61.876336],[35.83604,61.868977],[35.823382,61.858675],[35.825737,61.847194],[35.846932,61.83542],[35.908454,61.828061],[35.916107,61.81658],[35.956729,61.807455],[36.033853,61.723561],[36.042095,61.706488],[36.020901,61.664689],[36.026494,61.654386],[36.135114,61.608171],[36.182801,61.574024],[36.213415,61.545177],[36.231665,61.512502],[36.223129,61.479239],[36.283474,61.474235],[36.342641,61.460989],[36.395332,61.435968],[36.435954,61.395934],[36.445374,61.375917],[36.448906,61.353251],[36.445079,61.330291],[36.432422,61.310569],[36.405046,61.294379],[36.349411,61.27966],[36.332927,61.259349],[36.383852,61.2149],[36.401808,61.204303],[36.450084,61.193706],[36.45656,61.183698],[36.448317,61.171923],[36.395038,61.177516],[36.294365,61.103042],[36.209882,61.0739],[36.158663,61.068896],[36.141001,61.0739],[36.110976,61.09686],[36.096552,61.091267],[36.078302,61.071839],[36.037974,61.012378],[35.987343,60.975288],[35.931414,60.954977],[35.870481,60.94644],[35.805426,60.944674],[35.828387,60.93702],[35.853113,60.937315],[35.835157,60.933194],[35.818967,60.922891],[35.921994,60.92819],[35.94937,60.922891],[35.921994,60.881974],[35.904627,60.877853],[35.876368,60.859014],[35.859884,60.854599],[35.843988,60.859603]],[[35.143107,62.005857],[35.140458,62.017926],[35.129272,62.025873],[35.096303,62.037648],[35.070693,62.03912],[35.065395,62.030289],[35.078347,62.002913],[35.082174,61.94404],[35.124562,61.947867],[35.13457,61.959641],[35.143107,62.005857]],[[34.681838,61.951399],[34.651813,61.965234],[34.611191,62.002324],[34.592646,62.00674],[34.585876,62.000264],[34.587936,61.982602],[34.604126,61.974948],[34.623554,61.947867],[34.636212,61.93933],[34.681838,61.94404],[34.681838,61.951399]],[[35.353577,62.016159],[35.319431,62.081214],[35.301475,62.091811],[35.279986,62.096226],[35.257615,62.093283],[35.236126,62.081214],[35.223174,62.066201],[35.21552,62.047362],[35.216404,62.028523],[35.229944,62.012921],[35.195504,61.9879],[35.174604,61.951399],[35.170777,61.905773],[35.152232,61.869566],[35.160474,61.858675],[35.202568,61.855731],[35.226706,61.840424],[35.236126,61.848372],[35.236126,61.854848],[35.222585,61.876336],[35.245546,61.887228],[35.306773,61.896353],[35.319431,61.906362],[35.326201,61.94404],[35.311778,61.971416],[35.318254,61.9879],[35.347101,61.997909],[35.353577,62.016159]]]}},{"type":"Feature","properties":{"name":"Lake Saimaa"},"geometry":{"type":"Polygon","coordinates":[[[28.046282,61.086557],[28.076013,61.088029],[28.026265,61.103925],[28.000067,61.105102],[27.986526,61.094211],[28.00566,61.076843],[27.996829,61.0739],[27.978578,61.082436],[27.966215,61.081259],[27.948259,61.063008],[27.930303,61.061831],[27.904104,61.0739],[27.917056,61.09009],[27.938251,61.101276],[27.927948,61.113345],[27.900866,61.111578],[27.887031,61.118349],[27.867897,61.14072],[27.856712,61.146313],[27.807847,61.155733],[27.824626,61.160737],[27.861421,61.156322],[27.873196,61.15956],[27.909108,61.187819],[27.983288,61.204303],[28.088082,61.188113],[28.134003,61.169274],[28.144305,61.142781],[28.170209,61.13395],[28.199351,61.137188],[28.260874,61.155733],[28.242329,61.162798],[28.238208,61.168685],[28.239679,61.177516],[28.158435,61.177516],[28.139007,61.181931],[28.109865,61.218433],[28.054819,61.237272],[28.040395,61.275834],[28.022733,61.277305],[27.983288,61.265531],[27.955618,61.273184],[27.917645,61.259349],[27.876728,61.259349],[27.856123,61.241393],[27.84582,61.239038],[27.657427,61.259349],[27.687158,61.245808],[27.694517,61.236389],[27.691573,61.218433],[27.679799,61.201948],[27.663314,61.197238],[27.514955,61.225203],[27.479926,61.224614],[27.485224,61.247869],[27.478748,61.255522],[27.465796,61.259349],[27.472566,61.239038],[27.455199,61.240804],[27.442247,61.260821],[27.43165,61.265531],[27.383374,61.245808],[27.395149,61.271712],[27.426646,61.280838],[27.493172,61.273184],[27.479042,61.288197],[27.410456,61.314101],[27.376604,61.334412],[27.328622,61.341182],[27.328622,61.355018],[27.315082,61.342066],[27.321852,61.320871],[27.259447,61.313218],[27.239136,61.320871],[27.261802,61.323815],[27.280935,61.334412],[27.266512,61.341182],[27.280935,61.355018],[27.266512,61.361788],[27.286823,61.375623],[27.265334,61.376212],[27.2462,61.382982],[27.258269,61.394757],[27.342163,61.416245],[27.328622,61.423899],[27.362769,61.436851],[27.355115,61.449214],[27.339514,61.455101],[27.308017,61.451275],[27.315082,61.436851],[27.302424,61.436262],[27.266512,61.44421],[27.274165,61.458045],[27.245612,61.458339],[27.218825,61.464815],[27.248261,61.495724],[27.262979,61.499845],[27.280935,61.485421],[27.294476,61.505732],[27.332449,61.475707],[27.383374,61.458045],[27.376015,61.474824],[27.388084,61.475707],[27.418109,61.464815],[27.469623,61.470703],[27.486402,61.464815],[27.481397,61.480417],[27.468445,61.485715],[27.43842,61.485421],[27.370716,61.503377],[27.326562,61.50897],[27.277403,61.536935],[27.281524,61.579323],[27.266512,61.595219],[27.284468,61.611997],[27.281818,61.633486],[27.286823,61.64997],[27.273871,61.65939],[27.293299,61.67558],[27.326562,61.68706],[27.355704,61.683234],[27.352466,61.673225],[27.355704,61.663511],[27.308017,61.622595],[27.337453,61.599045],[27.346284,61.621711],[27.355998,61.632897],[27.369245,61.634663],[27.383374,61.622595],[27.378664,61.608171],[27.334804,61.574613],[27.342163,61.567843],[27.328622,61.554302],[27.31361,61.551947],[27.294476,61.533697],[27.323029,61.532225],[27.416343,61.509264],[27.527907,61.513385],[27.527907,61.519567],[27.503475,61.521922],[27.486402,61.533697],[27.499942,61.546943],[27.444602,61.548709],[27.424879,61.554302],[27.478748,61.564899],[27.474333,61.583738],[27.476393,61.601106],[27.463147,61.632897],[27.465796,61.64997],[27.48699,61.632603],[27.498765,61.627893],[27.514072,61.628776],[27.490523,61.599928],[27.487579,61.584327],[27.499942,61.571375],[27.517899,61.566665],[27.570001,61.565782],[27.602675,61.580206],[27.663903,61.589037],[27.732784,61.622595],[27.623281,61.616413],[27.600026,61.624361],[27.595611,61.632309],[27.601204,61.638196],[27.643298,61.636135],[27.691573,61.64997],[27.753095,61.642317],[27.763398,61.646732],[27.770463,61.67087],[27.789008,61.681173],[27.801371,61.697657],[27.735728,61.703545],[27.739555,61.717968],[27.715711,61.726211],[27.671262,61.759768],[27.649479,61.767127],[27.611801,61.761829],[27.595611,61.773309],[27.618571,61.789793],[27.621809,61.801274],[27.615922,61.814814],[27.678033,61.800685],[27.657427,61.78685],[27.702465,61.779196],[27.712179,61.773309],[27.714828,61.763595],[27.706586,61.749465],[27.708941,61.742401],[27.728369,61.737397],[27.758688,61.742401],[27.787242,61.753292],[27.801371,61.766539],[27.817267,61.759179],[27.825803,61.745344],[27.823448,61.732098],[27.807847,61.725622],[27.831985,61.701484],[27.841699,61.696774],[27.863188,61.711198],[27.913524,61.681762],[27.925004,61.67087],[27.904104,61.67087],[27.944138,61.653503],[27.94561,61.642317],[27.904104,61.61553],[27.932069,61.622595],[27.94561,61.608759],[27.938251,61.6014],[27.950319,61.586093],[28.015963,61.544882],[28.031858,61.523394],[28.034508,61.485421],[28.074541,61.490425],[28.089554,61.498962],[28.096324,61.526926],[28.13047,61.526926],[28.120168,61.550475],[28.1446,61.564016],[28.144305,61.567843],[28.15608,61.563427],[28.157257,61.533697],[28.180218,61.516623],[28.19788,61.530753],[28.21407,61.556657],[28.233498,61.574613],[28.212304,61.582267],[28.24645,61.61553],[28.24645,61.636135],[28.258224,61.645555],[28.26264,61.661451],[28.256164,61.721206],[28.260874,61.732392],[28.22555,61.725622],[28.242917,61.742989],[28.273826,61.756825],[28.307972,61.765361],[28.335348,61.766539],[28.335348,61.759768],[28.317686,61.758885],[28.308855,61.745933],[28.388922,61.744461],[28.404818,61.738574],[28.402168,61.757119],[28.369494,61.768599],[28.356542,61.780079],[28.418653,61.766539],[28.444262,61.737102],[28.458981,61.745933],[28.445146,61.752998],[28.441024,61.764184],[28.445146,61.793031],[28.483118,61.763006],[28.508139,61.750349],[28.527862,61.752115],[28.53316,61.768893],[28.516382,61.783612],[28.479292,61.800685],[28.527273,61.825117],[28.534632,61.841601],[28.501369,61.842485],[28.47311,61.855731],[28.502252,61.861913],[28.562891,61.841601],[28.64914,61.82394],[28.675338,61.810104],[28.699182,61.820996],[28.766886,61.807455],[28.809274,61.826],[28.849307,61.811576],[28.864614,61.826294],[28.859316,61.844251],[28.821932,61.848372],[28.821932,61.855731],[28.849896,61.862207],[28.842243,61.875453],[28.831646,61.881341],[28.663269,61.896648],[28.630006,61.90489],[28.603513,61.924023],[28.774245,61.924023],[28.746869,61.937858],[28.693,61.941391],[28.585263,61.9879],[28.51962,61.997909],[28.453682,62.021164],[28.395104,62.031761],[28.308855,62.075032],[28.404818,62.053838],[28.440436,62.034116],[28.486945,62.034116],[28.445146,62.047656],[28.452505,62.053838],[28.424834,62.06679],[28.358897,62.069734],[28.308561,62.100347],[28.274709,62.108884],[28.239385,62.110062],[28.212304,62.102408],[28.287661,62.081214],[28.257636,62.082097],[28.170798,62.102408],[28.177863,62.094755],[28.153136,62.090339],[28.101328,62.111533],[28.076013,62.109178],[28.103389,62.094755],[28.071009,62.089162],[27.998301,62.115066],[27.911463,62.132433],[27.884382,62.143325],[27.863188,62.157454],[27.922944,62.16864],[27.986526,62.163636],[27.986526,62.170701],[27.933541,62.199548],[27.914701,62.218976],[27.917645,62.245763],[27.883499,62.252534],[27.89704,62.266663],[27.885854,62.282853],[27.841699,62.315233],[27.821977,62.321415],[27.821977,62.328185],[27.938251,62.321415],[27.925887,62.343787],[27.903221,62.348496],[27.852885,62.341726],[27.817856,62.345258],[27.815206,62.355561],[27.823448,62.361743],[27.8573,62.368219],[27.869958,62.376755],[27.818739,62.403837],[27.816972,62.410902],[27.780471,62.444754],[27.790774,62.452407],[27.773995,62.463298],[27.773701,62.472129],[27.743676,62.470658],[27.736317,62.46477],[27.770757,62.410607],[27.77164,62.394417],[27.761632,62.384998],[27.739555,62.382937],[27.721893,62.387058],[27.663903,62.417672],[27.657427,62.434451],[27.578832,62.46271],[27.580009,62.442693],[27.626519,62.420616],[27.625047,62.407664],[27.605619,62.395006],[27.579715,62.38853],[27.558226,62.39324],[27.483164,62.437394],[27.446368,62.45329],[27.448429,62.462121],[27.460203,62.465948],[27.506713,62.46477],[27.506713,62.472129],[27.460203,62.490086],[27.441658,62.492735],[27.376604,62.520111],[27.3716,62.503626],[27.382785,62.491557],[27.418109,62.478311],[27.418109,62.472129],[27.340397,62.471541],[27.305662,62.455351],[27.254148,62.465065],[27.256503,62.476839],[27.266806,62.486553],[27.274165,62.485965],[27.262685,62.504804],[27.221474,62.520111],[27.164073,62.554257],[27.119918,62.600472],[27.116386,62.619311],[27.120801,62.632852],[27.194687,62.561027],[27.214998,62.556318],[27.328917,62.493029],[27.338336,62.498033],[27.338631,62.505981],[27.321852,62.513046],[27.329211,62.524821],[27.370422,62.533651],[27.342752,62.559261],[27.333038,62.575157],[27.338631,62.582222],[27.393677,62.550136],[27.404274,62.561027],[27.386023,62.570741],[27.388673,62.583693],[27.403097,62.591347],[27.421347,62.585165],[27.434299,62.559556],[27.445191,62.512163],[27.460498,62.515401],[27.48964,62.533651],[27.551456,62.554257],[27.5544,62.505687],[27.615922,62.478311],[27.636527,62.451818],[27.705408,62.423854],[27.731313,62.418555],[27.739555,62.410607],[27.722482,62.436806],[27.69334,62.465948],[27.658016,62.489791],[27.612684,62.502743],[27.603853,62.510102],[27.595611,62.530708],[27.601792,62.535123],[27.616511,62.533357],[27.65625,62.521877],[27.69069,62.492441],[27.698049,62.478311],[27.73249,62.502743],[27.735728,62.514812],[27.691868,62.524232],[27.60768,62.568681],[27.584719,62.56191],[27.572062,62.564265],[27.507007,62.605771],[27.514072,62.623138],[27.524375,62.614307],[27.562053,62.602533],[27.534089,62.595762],[27.559993,62.585165],[27.574711,62.581927],[27.599143,62.589875],[27.615627,62.58752],[27.643298,62.574568],[27.615922,62.602533],[27.622692,62.616073],[27.617982,62.627554],[27.595611,62.643449],[27.600615,62.65699],[27.585308,62.66847],[27.592373,62.681422],[27.623281,62.692019],[27.636527,62.712331],[27.615922,62.745888],[27.630051,62.743533],[27.648596,62.728815],[27.660665,62.725577],[27.672734,62.730581],[27.680093,62.756191],[27.678033,62.767082],[27.645653,62.789454],[27.643886,62.800345],[27.622692,62.795047],[27.615922,62.780034],[27.603264,62.791514],[27.608563,62.804172],[27.648302,62.826249],[27.673912,62.827427],[27.698344,62.819773],[27.683331,62.828604],[27.643298,62.835375],[27.647124,62.846561],[27.63741,62.856275],[27.636527,62.863339],[27.641531,62.873936],[27.655661,62.868638],[27.671262,62.869521],[27.689218,62.878941],[27.699521,62.892187],[27.698049,62.917797],[27.650068,62.931632],[27.60974,62.917797],[27.615922,62.896897],[27.597082,62.89307],[27.569707,62.900135],[27.5544,62.88365],[27.564702,62.875408],[27.575594,62.841556],[27.550867,62.831254],[27.533794,62.835963],[27.503475,62.866283],[27.477276,62.884828],[27.453727,62.891304],[27.390144,62.889832],[27.397209,62.908966],[27.393677,62.915147],[27.383374,62.917797],[27.396915,62.929866],[27.40133,62.94164],[27.394854,62.949588],[27.376604,62.951354],[27.396915,62.979319],[27.342163,62.986089],[27.355704,62.999924],[27.300658,63.010227],[27.293887,63.020235],[27.277992,63.025534],[27.2462,63.027006],[27.254737,63.03878],[27.300658,63.047611],[27.226184,63.067922],[27.204989,63.05497],[27.182912,63.064684],[27.171138,63.061152],[27.164956,63.076459],[27.184678,63.081757],[27.170843,63.093238],[27.164073,63.109722],[27.215881,63.092943],[27.241491,63.089411],[27.266512,63.095887],[27.232365,63.116492],[27.209111,63.140336],[27.183207,63.149167],[27.149943,63.177131],[27.129927,63.184785],[27.171138,63.184785],[27.156714,63.205979],[27.176142,63.200975],[27.2462,63.212161],[27.225595,63.259259],[27.210288,63.271917],[27.19086,63.260437],[27.184678,63.267207],[27.19086,63.287812],[27.174964,63.290167],[27.164073,63.308418],[27.198219,63.328729],[27.205578,63.312539],[27.225006,63.298115],[27.247967,63.291933],[27.266512,63.301353],[27.227655,63.332556],[27.235015,63.361698],[27.224712,63.369057],[27.208816,63.365525],[27.198219,63.349334],[27.191154,63.364936],[27.201457,63.385247],[27.177614,63.403792],[27.159952,63.430579],[27.161129,63.443531],[27.177614,63.452362],[27.166722,63.46502],[27.165545,63.479149],[27.177614,63.507408],[27.151121,63.519771],[27.115797,63.528014],[27.023367,63.538905],[27.011592,63.53655],[27.007177,63.524187],[27.01277,63.514767],[27.039262,63.50417],[27.047505,63.493279],[26.979212,63.493279],[26.981861,63.503287],[26.978329,63.51094],[26.958901,63.521243],[26.971853,63.539199],[26.952719,63.547147],[26.897085,63.548619],[26.911508,63.56216],[26.884721,63.580705],[26.877362,63.591007],[26.893552,63.595717],[26.927993,63.591596],[26.973031,63.559216],[27.020129,63.567753],[27.035436,63.566281],[27.057807,63.544792],[27.071937,63.538611],[27.122568,63.548619],[27.146705,63.56216],[27.152887,63.551857],[27.185267,63.533312],[27.197042,63.518299],[27.19086,63.472673],[27.226772,63.463253],[27.26033,63.445003],[27.279464,63.420865],[27.286823,63.390251],[27.260036,63.404969],[27.23737,63.433523],[27.212054,63.44883],[27.177614,63.424397],[27.2462,63.390251],[27.274459,63.369057],[27.274165,63.342564],[27.293887,63.336971],[27.307428,63.338737],[27.341574,63.366113],[27.365418,63.369057],[27.370422,63.359932],[27.34805,63.304002],[27.371305,63.304002],[27.383374,63.315188],[27.395737,63.302531],[27.383963,63.294288],[27.341869,63.287812],[27.321558,63.249251],[27.308017,63.239242],[27.362769,63.212161],[27.321852,63.198326],[27.347167,63.19862],[27.370422,63.191555],[27.321852,63.184785],[27.348345,63.178309],[27.376604,63.178015],[27.376604,63.171244],[27.322441,63.155054],[27.254737,63.185374],[27.232954,63.18714],[27.218825,63.171244],[27.237075,63.168006],[27.26033,63.137098],[27.301247,63.123852],[27.308017,63.116492],[27.274165,63.116492],[27.274165,63.109722],[27.328917,63.103835],[27.355998,63.096181],[27.376604,63.081757],[27.353349,63.08058],[27.328622,63.088528],[27.350994,63.045256],[27.400153,63.012876],[27.460203,62.99286],[27.514072,62.986089],[27.562053,62.986089],[27.602675,62.972843],[27.617099,62.973137],[27.629757,62.979319],[27.630346,62.991976],[27.587663,63.016114],[27.575594,63.033187],[27.620632,63.022002],[27.64006,63.012582],[27.643298,62.999924],[27.664492,62.993743],[27.698049,62.951354],[27.71836,62.940463],[27.744853,62.932809],[27.771935,62.931337],[27.794012,62.938402],[27.811968,62.964601],[27.816384,62.979613],[27.794601,62.986089],[27.756039,62.979613],[27.746325,62.986089],[27.74191,62.997275],[27.746325,63.005812],[27.767519,63.020235],[27.72572,63.044079],[27.721893,63.061741],[27.705408,63.067922],[27.740438,63.098536],[27.757217,63.099419],[27.767519,63.081757],[27.773701,63.081757],[27.781943,63.094415],[27.798133,63.105601],[27.831985,63.116492],[27.849058,63.110016],[27.852591,63.081463],[27.869958,63.075576],[27.869958,63.067922],[27.83905,63.058797],[27.826981,63.046434],[27.821977,63.030244],[27.850824,63.011404],[27.890269,62.999924],[27.911758,63.004634],[27.935012,63.044079],[27.950025,63.045845],[28.027443,63.040841],[28.035391,63.02524],[28.097501,62.998158],[28.186399,62.991682],[28.216425,62.997275],[28.233498,63.014054],[28.219368,63.014054],[28.219368,63.020235],[28.276769,63.043196],[28.305617,63.047317],[28.336231,63.040841],[28.366845,63.049672],[28.376853,63.047611],[28.383918,63.023768],[28.377147,63.020824],[28.335348,63.020235],[28.302085,63.031127],[28.284423,63.029655],[28.267055,63.014054],[28.281185,63.015231],[28.301201,62.999924],[28.348888,62.993448],[28.348888,62.986089],[28.277358,62.986089],[28.239974,62.990799],[28.226727,62.987561],[28.233498,62.973137],[28.219957,62.966955],[28.162262,62.964012],[28.1237,62.951354],[28.1237,62.945173],[28.185222,62.945173],[28.134886,62.905728],[28.1237,62.889832],[28.192287,62.881001],[28.225256,62.868344],[28.24645,62.848915],[28.13047,62.841556],[28.157257,62.829193],[28.146955,62.813886],[28.13047,62.801228],[28.164617,62.793281],[28.179335,62.783272],[28.189343,62.752953],[28.200823,62.738235],[28.233498,62.719395],[28.213481,62.714097],[28.198763,62.698201],[28.215247,62.697024],[28.247038,62.712919],[28.267055,62.70556],[28.275886,62.693197],[28.271176,62.67112],[28.273826,62.657284],[28.233498,62.650808],[28.233498,62.643449],[28.335348,62.62932],[28.405995,62.600178],[28.486651,62.573979],[28.562008,62.57133],[28.620881,62.556906],[28.6512,62.554257],[28.623236,62.547192],[28.623236,62.541011],[28.642664,62.535712],[28.671806,62.505687],[28.714489,62.472718],[28.732739,62.46477],[28.89199,62.426503],[28.912007,62.410607],[28.946448,62.406781],[28.959988,62.399421],[28.96617,62.382937],[28.866969,62.405014],[28.836355,62.396478],[28.887869,62.368808],[28.897583,62.355561],[28.876978,62.357916],[28.821637,62.376167],[28.793673,62.393829],[28.753639,62.390296],[28.739804,62.392651],[28.706541,62.410607],[28.60734,62.419144],[28.586146,62.42768],[28.546996,62.467125],[28.527862,62.472129],[28.524624,62.48567],[28.504901,62.495384],[28.458981,62.505687],[28.543169,62.508631],[28.568778,62.499505],[28.596743,62.478311],[28.625591,62.470658],[28.6512,62.472129],[28.607046,62.507747],[28.511083,62.560733],[28.431605,62.568386],[28.376264,62.598117],[28.356542,62.602533],[28.356542,62.595762],[28.376853,62.588403],[28.358014,62.568975],[28.267055,62.582222],[28.250865,62.573391],[28.205239,62.52747],[28.215247,62.517756],[28.202589,62.476545],[28.195525,62.469774],[28.170798,62.46477],[28.177863,62.451818],[28.171681,62.450641],[28.170798,62.444754],[28.186105,62.44181],[28.202295,62.427092],[28.219368,62.423854],[28.200235,62.417966],[28.173153,62.418849],[28.146072,62.424442],[28.108687,62.440927],[28.067771,62.442104],[28.055407,62.459177],[28.075424,62.460355],[28.09809,62.455056],[28.1237,62.46477],[28.11693,62.472129],[28.144305,62.478311],[28.134591,62.488319],[28.134591,62.502155],[28.14195,62.514518],[28.155197,62.523937],[28.11693,62.547192],[28.128704,62.55514],[28.11693,62.574568],[28.137535,62.602533],[28.111337,62.608714],[28.077485,62.635501],[28.055407,62.643449],[28.056585,62.652869],[28.050698,62.658756],[28.027443,62.664055],[28.046576,62.676418],[28.1237,62.664055],[28.076013,62.684366],[28.080428,62.706738],[28.056585,62.715274],[28.003599,62.722339],[27.996829,62.756485],[27.969159,62.76826],[27.952086,62.769437],[27.938251,62.767082],[27.921177,62.755308],[27.88968,62.725283],[27.814618,62.714391],[27.767519,62.698201],[27.776056,62.69614],[27.78783,62.684366],[27.757217,62.675241],[27.749857,62.659639],[27.718949,62.650808],[27.794012,62.623138],[27.84376,62.636973],[27.863188,62.62932],[27.82963,62.606359],[27.821977,62.602533],[27.811968,62.606065],[27.801371,62.623138],[27.776939,62.609009],[27.712179,62.623138],[27.732784,62.609303],[27.72572,62.588403],[27.735139,62.584871],[27.779,62.58752],[27.810791,62.562499],[27.817856,62.55043],[27.815206,62.533651],[27.853768,62.521583],[27.890269,62.499505],[27.901161,62.485376],[27.898511,62.473601],[27.869958,62.451818],[27.89233,62.432685],[28.007132,62.403837],[28.017434,62.406781],[28.036862,62.427386],[28.043633,62.430918],[28.051875,62.42768],[28.056291,62.413845],[28.046576,62.392357],[28.048048,62.376755],[27.994768,62.338488],[27.977695,62.315233],[27.937073,62.300221],[27.925004,62.28668],[27.939428,62.258421],[27.985054,62.245469],[28.076013,62.231928],[28.069243,62.245763],[28.097501,62.24959],[28.149898,62.246058],[28.177863,62.252534],[28.162556,62.262542],[28.144305,62.266663],[28.144305,62.273139],[28.190521,62.270196],[28.25322,62.247824],[28.273826,62.245763],[28.299141,62.249296],[28.252043,62.267546],[28.233498,62.280498],[28.307677,62.293156],[28.342118,62.294333],[28.376853,62.280498],[28.349477,62.264897],[28.3483,62.254006],[28.363312,62.239582],[28.381563,62.234283],[28.414237,62.241937],[28.443674,62.229868],[28.500486,62.222214],[28.508139,62.207202],[28.526684,62.201903],[28.549056,62.203964],[28.568778,62.211617],[28.562597,62.231928],[28.58909,62.218388],[28.569073,62.259304],[28.572016,62.269901],[28.580847,62.272845],[28.613816,62.266663],[28.622058,62.269313],[28.610284,62.28668],[28.618232,62.306991],[28.634422,62.294039],[28.661503,62.294039],[28.68623,62.305225],[28.699182,62.300809],[28.685347,62.314645],[28.715666,62.31435],[28.728913,62.318177],[28.740098,62.328185],[28.693,62.341726],[28.654438,62.363215],[28.64443,62.376755],[28.727146,62.355561],[28.65591,62.382937],[28.63766,62.396478],[28.660914,62.399421],[28.693294,62.394123],[28.746869,62.376755],[28.74628,62.364098],[28.810746,62.338194],[28.821932,62.328185],[28.777483,62.317883],[28.791318,62.294039],[28.800149,62.291095],[28.81575,62.273139],[28.856667,62.259893],[28.925548,62.218388],[28.958222,62.191306],[28.9803,62.163636],[28.95675,62.158926],[28.908769,62.189245],[28.85755,62.203081],[28.794556,62.245763],[28.787785,62.239582],[28.791318,62.235166],[28.802209,62.231928],[28.802504,62.225452],[28.839299,62.194544],[28.856372,62.184536],[28.932024,62.163636],[28.895523,62.157748],[28.685347,62.204552],[28.699182,62.190717],[28.774245,62.17806],[28.77395,62.165696],[28.808391,62.163636],[28.827525,62.154216],[28.842537,62.135671],[28.787785,62.143325],[28.794556,62.135671],[28.76041,62.12949],[28.81104,62.11536],[28.87374,62.118892],[29.027986,62.150095],[29.041822,62.163636],[29.0586,62.163341],[29.103638,62.150095],[29.226682,62.157454],[29.188121,62.178648],[29.103932,62.186891],[29.062133,62.197782],[29.098045,62.206024],[29.157507,62.200431],[29.209904,62.17806],[29.240517,62.17806],[29.302334,62.160398],[29.322056,62.158926],[29.34325,62.163636],[29.316463,62.170112],[29.313225,62.176882],[29.366505,62.187479],[29.370038,62.211617],[29.387405,62.217504],[29.411543,62.218388],[29.411543,62.225747],[29.274664,62.245763],[29.293797,62.252534],[29.31558,62.252534],[29.305572,62.266663],[29.288204,62.273139],[29.31558,62.28668],[29.304394,62.303459],[29.288204,62.314645],[29.301745,62.334956],[29.284083,62.352029],[29.268482,62.386469],[29.254058,62.395006],[29.220501,62.403837],[29.220501,62.410607],[29.296152,62.412668],[29.31558,62.417672],[29.325,62.425031],[29.335597,62.448286],[29.335303,62.459177],[29.319113,62.489203],[29.263478,62.532768],[29.240517,62.561027],[29.206077,62.554257],[29.214319,62.567209],[29.254647,62.574568],[29.281434,62.609303],[29.308516,62.614602],[29.339718,62.608714],[29.365917,62.59429],[29.377397,62.574568],[29.350904,62.581633],[29.322351,62.582222],[29.363856,62.541011],[29.359735,62.528059],[29.367388,62.516873],[29.398002,62.505687],[29.388877,62.533946],[29.401829,62.549547],[29.41272,62.551902],[29.419196,62.548075],[29.411543,62.523054],[29.424201,62.514223],[29.473654,62.499505],[29.472771,62.48096],[29.54489,62.448286],[29.580802,62.439749],[29.597287,62.431213],[29.618481,62.40001],[29.662341,62.385881],[29.677942,62.382937],[29.692661,62.390296],[29.677354,62.404131],[29.677059,62.427386],[29.626429,62.434745],[29.601997,62.443576],[29.581097,62.456822],[29.569322,62.472129],[29.624368,62.466831],[29.631433,62.475367],[29.623779,62.485376],[29.576093,62.499505],[29.571677,62.526587],[29.591694,62.543366],[29.651744,62.554257],[29.617303,62.57604],[29.589633,62.602533],[29.64203,62.623727],[29.699431,62.62932],[29.692661,62.623138],[29.800104,62.576334],[29.816294,62.557495],[29.810995,62.535712],[29.804519,62.533651],[29.802459,62.52747],[29.807463,62.522466],[29.823064,62.520111],[29.894594,62.441221],[29.947286,62.448875],[29.949346,62.441221],[29.911373,62.410607],[29.896361,62.411785],[29.869574,62.422971],[29.85044,62.423854],[29.856033,62.406192],[29.848085,62.393829],[29.832778,62.384998],[29.816294,62.382937],[29.830129,62.369691],[29.82483,62.354384],[29.816882,62.352323],[29.790684,62.367041],[29.773316,62.366747],[29.741231,62.355561],[29.741231,62.34938],[29.759481,62.349085],[29.775377,62.341726],[29.768018,62.328185],[29.856622,62.30758],[29.785385,62.30758],[29.747412,62.321415],[29.737698,62.300809],[29.722097,62.301398],[29.657043,62.326125],[29.639381,62.324359],[29.623779,62.314645],[29.654393,62.293745],[29.657631,62.284325],[29.637615,62.280498],[29.59346,62.300809],[29.541946,62.300809],[29.541946,62.294039],[29.559608,62.287269],[29.579919,62.259893],[29.603174,62.246058],[29.627606,62.222214],[29.654688,62.206613],[29.697076,62.193072],[29.739759,62.186007],[29.768018,62.191012],[29.761836,62.204552],[29.775377,62.218388],[29.837782,62.199843],[29.872223,62.17541],[29.895478,62.170701],[29.974956,62.170995],[30.003509,62.153627],[30.020288,62.131844],[29.999682,62.12684],[29.973484,62.109178],[29.939338,62.109178],[29.922559,62.084157],[29.911962,62.085041],[29.857505,62.123897],[29.832778,62.13155],[29.800987,62.153333],[29.768018,62.150095],[29.666168,62.157454],[29.699431,62.135671],[29.685007,62.123014],[29.630844,62.150095],[29.583452,62.157454],[29.560491,62.176293],[29.548717,62.17806],[29.55637,62.170701],[29.544007,62.164225],[29.53076,62.164519],[29.508094,62.17806],[29.530466,62.154216],[29.534293,62.142147],[29.535176,62.126252],[29.507211,62.090633],[29.521635,62.081214],[29.496614,62.074738],[29.417725,62.102408],[29.436564,62.076798],[29.460996,62.058548],[29.521635,62.034116],[29.508094,62.012921],[29.528994,62.007623],[29.566378,61.984074],[29.607001,61.973771],[29.650567,61.95346],[29.67235,61.951399],[29.627606,61.974948],[29.621719,61.984074],[29.620836,62.002913],[29.607001,62.016454],[29.633494,62.032349],[29.666168,62.034116],[29.701786,62.015276],[29.761248,61.949044],[29.802459,61.930499],[29.794805,61.919019],[29.767429,61.913132],[29.754772,61.903124],[29.788918,61.889288],[29.774788,61.875748],[29.751828,61.875159],[29.707085,61.889288],[29.741231,61.841601],[29.718565,61.818935],[29.660281,61.853965],[29.631433,61.848372],[29.67441,61.838069],[29.68589,61.828061],[29.6697,61.828355],[29.651744,61.807455],[29.636732,61.800096],[29.536353,61.797741],[29.479835,61.780079],[29.524873,61.766539],[29.527817,61.752115],[29.520163,61.741812],[29.480424,61.752115],[29.470416,61.748877],[29.44981,61.721795],[29.438624,61.718263],[29.411543,61.752115],[29.400357,61.739163],[29.383873,61.732392],[29.383873,61.717968],[29.424495,61.708254],[29.432148,61.697657],[29.377397,61.684411],[29.328827,61.690887],[29.30204,61.689121],[29.298801,61.683822],[29.329121,61.663511],[29.298213,61.639079],[29.257591,61.632897],[29.247288,61.626421],[29.240517,61.61553],[29.281434,61.61553],[29.252881,61.601695],[29.2414,61.598457],[29.220501,61.6014],[29.164866,61.621123],[29.144849,61.622595],[29.151031,61.618473],[29.151619,61.608759],[29.128365,61.615824],[29.103638,61.61553],[29.103638,61.608759],[29.124244,61.6014],[29.104816,61.597574],[29.041822,61.61553],[29.053891,61.605227],[29.096279,61.589037],[29.113058,61.571964],[29.124244,61.567843],[29.103344,61.561956],[29.059778,61.576968],[29.041822,61.574613],[29.021216,61.587565],[29.004143,61.590214],[29.000611,61.6014],[28.987364,61.609348],[28.814867,61.683822],[28.774245,61.690298],[28.721848,61.689415],[28.712723,61.67087],[28.718904,61.640845],[28.706541,61.636135],[28.665036,61.67087],[28.667685,61.646438],[28.651789,61.638785],[28.596743,61.642317],[28.603513,61.628776],[28.599981,61.622006],[28.602925,61.614058],[28.617349,61.6014],[28.631478,61.59934],[28.671806,61.608759],[28.665036,61.622595],[28.710073,61.615235],[28.760115,61.621417],[28.821932,61.602283],[28.81575,61.6014],[28.810157,61.592275],[28.821932,61.584033],[28.856667,61.574613],[28.839299,61.569903],[28.808391,61.589037],[28.773656,61.596985],[28.685347,61.589037],[28.671806,61.582267],[28.662386,61.569609],[28.666802,61.563427],[28.699182,61.554302],[28.684464,61.541056],[28.665036,61.539878],[28.706541,61.533697],[28.658265,61.509853],[28.675044,61.505732],[28.687996,61.513974],[28.711545,61.494546],[28.706541,61.479239],[28.670334,61.463344],[28.574666,61.500139],[28.534632,61.498962],[28.550234,61.485715],[28.568778,61.479239],[28.56348,61.464521],[28.568484,61.450686],[28.58909,61.430669],[28.559064,61.404471],[28.505196,61.394757],[28.350066,61.398583],[28.343296,61.392402],[28.341529,61.374446],[28.346828,61.372679],[28.391277,61.366792],[28.446912,61.372679],[28.47311,61.369147],[28.44544,61.34913],[28.41777,61.346187],[28.303556,61.363848],[28.29502,61.361788],[28.298258,61.352957],[28.345356,61.324698],[28.387156,61.32823],[28.452505,61.314101],[28.482824,61.319988],[28.526684,61.348247],[28.554943,61.355018],[28.551411,61.347364],[28.554943,61.334412],[28.583202,61.348542],[28.613522,61.35178],[28.678576,61.348247],[28.662681,61.359433],[28.6512,61.375623],[28.669157,61.372091],[28.7348,61.331763],[28.76718,61.321754],[28.787785,61.320871],[28.795733,61.304976],[28.866675,61.287314],[28.884042,61.269358],[28.879038,61.242276],[28.864909,61.22638],[28.84342,61.217255],[28.76041,61.197238],[28.725969,61.179577],[28.695355,61.175161],[28.669157,61.165447],[28.58909,61.155733],[28.510494,61.126591],[28.423068,61.119232],[28.395987,61.112756],[28.369494,61.101276],[28.335936,61.078021],[28.321513,61.0739],[28.278535,61.07861],[28.242034,61.064186],[28.127232,61.059476],[28.04481,61.074489],[28.041867,61.081259],[28.046282,61.086557]],[[28.559653,61.241393],[28.604691,61.207247],[28.622353,61.202537],[28.641781,61.206658],[28.66062,61.217255],[28.671806,61.211073],[28.678576,61.218433],[28.658854,61.220493],[28.617349,61.245808],[28.604102,61.241982],[28.56554,61.245808],[28.559653,61.241393]],[[27.972985,61.479239],[27.955324,61.493074],[27.95238,61.501316],[27.95915,61.513385],[27.946198,61.527515],[27.932658,61.526043],[27.907637,61.513385],[27.845526,61.510736],[27.828453,61.513385],[27.815206,61.533697],[27.777233,61.533697],[27.748091,61.543999],[27.712179,61.533697],[27.718066,61.521039],[27.715711,61.495135],[27.729546,61.487481],[27.758688,61.488953],[27.773701,61.479239],[27.751329,61.478945],[27.754862,61.470703],[27.78783,61.451275],[27.717772,61.45098],[27.698049,61.458045],[27.705408,61.464815],[27.692162,61.477179],[27.629757,61.464815],[27.57736,61.484538],[27.5544,61.485421],[27.542331,61.479534],[27.499942,61.485421],[27.499942,61.479239],[27.548218,61.464815],[27.540859,61.458045],[27.771935,61.438323],[27.801371,61.430669],[27.778705,61.422721],[27.733667,61.416834],[27.712179,61.402705],[27.817561,61.404176],[27.849353,61.410358],[27.90381,61.436851],[27.919706,61.454218],[27.89704,61.464815],[27.897334,61.477179],[27.883499,61.485421],[27.902632,61.487776],[27.972985,61.479239]],[[27.718949,61.273184],[27.678033,61.287314],[27.682448,61.304387],[27.658016,61.32146],[27.671262,61.334412],[27.636527,61.341182],[27.650068,61.355018],[27.650068,61.361788],[27.641531,61.364143],[27.636527,61.382982],[27.616511,61.389164],[27.527907,61.389164],[27.534089,61.402705],[27.502297,61.40712],[27.452844,61.426254],[27.421347,61.430669],[27.388673,61.424487],[27.333332,61.398878],[27.300658,61.395934],[27.300658,61.389164],[27.411927,61.358844],[27.520253,61.355312],[27.555871,61.347658],[27.582659,61.32823],[27.52408,61.334412],[27.466974,61.347953],[27.452255,61.348247],[27.440775,61.335001],[27.458143,61.320871],[27.51731,61.288786],[27.568824,61.279955],[27.597082,61.26141],[27.612978,61.259349],[27.62593,61.263176],[27.657427,61.287314],[27.718949,61.273184]],[[28.269116,61.391224],[28.290016,61.399467],[28.287661,61.416245],[28.421596,61.416245],[28.486945,61.430669],[28.541403,61.436851],[28.513732,61.460989],[28.507256,61.472174],[28.50078,61.470703],[28.486945,61.479239],[28.493716,61.485421],[28.469283,61.489542],[28.46163,61.49484],[28.458981,61.505732],[28.410116,61.512797],[28.388922,61.507498],[28.390688,61.491602],[28.356542,61.498962],[28.376853,61.464815],[28.362135,61.451863],[28.342707,61.445976],[28.294431,61.44421],[28.206122,61.457751],[28.185222,61.451275],[28.213481,61.45098],[28.219663,61.442149],[28.219368,61.410358],[28.239974,61.394168],[28.269116,61.391224]],[[28.22555,61.513385],[28.255281,61.514857],[28.28089,61.526926],[28.290899,61.512502],[28.304439,61.516035],[28.329166,61.533697],[28.351243,61.519567],[28.363312,61.519567],[28.373026,61.536935],[28.384212,61.543411],[28.383918,61.557834],[28.397753,61.559012],[28.432488,61.540761],[28.459275,61.558423],[28.471933,61.574024],[28.47311,61.582267],[28.430427,61.589626],[28.383918,61.589037],[28.325339,61.561072],[28.266467,61.553419],[28.242623,61.538995],[28.22555,61.513385]],[[28.292665,61.684411],[28.273826,61.642317],[28.301201,61.636135],[28.28089,61.608759],[28.310915,61.623183],[28.329166,61.642317],[28.342118,61.617002],[28.360074,61.607876],[28.541403,61.622595],[28.506079,61.676463],[28.467223,61.687355],[28.452505,61.697657],[28.507256,61.711198],[28.500486,61.717968],[28.475465,61.722973],[28.451916,61.720029],[28.404818,61.705016],[28.404818,61.697657],[28.421302,61.692359],[28.431605,61.683234],[28.427778,61.673814],[28.431605,61.663511],[28.414532,61.657329],[28.398342,61.656741],[28.38539,61.661451],[28.376853,61.67087],[28.383918,61.717968],[28.369494,61.726505],[28.305028,61.732392],[28.290016,61.729154],[28.281479,61.720618],[28.281185,61.708549],[28.292665,61.684411]],[[28.870502,61.903124],[28.897583,61.916664],[28.884042,61.903124],[28.920544,61.894881],[28.932024,61.855731],[28.969408,61.831593],[28.983243,61.806572],[28.99384,61.800685],[28.986481,61.793031],[29.007675,61.780079],[29.022688,61.786261],[29.111586,61.779491],[29.124244,61.773309],[29.116884,61.766539],[29.126598,61.762417],[29.15839,61.766833],[29.172225,61.752115],[29.220206,61.766833],[29.234041,61.783612],[29.192536,61.807455],[29.209315,61.812459],[29.267893,61.808338],[29.301745,61.820996],[29.292914,61.83542],[29.293797,61.8469],[29.301156,61.853965],[29.312637,61.854848],[29.301745,61.862207],[29.309104,61.869566],[29.291737,61.875453],[29.323822,61.914898],[29.31558,61.930499],[29.34325,61.94404],[29.324411,61.956992],[29.330887,61.969355],[29.350021,61.977598],[29.370038,61.978775],[29.429794,61.959641],[29.432148,61.94404],[29.513982,61.937858],[29.513982,61.94404],[29.482779,61.958464],[29.459524,61.978775],[29.438919,62.019692],[29.464234,62.028523],[29.449516,62.042063],[29.40124,62.064729],[29.378869,62.090633],[29.363856,62.122719],[29.355614,62.127723],[29.322351,62.12949],[29.268188,62.150095],[29.29262,62.12007],[29.29939,62.102702],[29.284966,62.094755],[29.26701,62.055604],[29.247877,62.047656],[29.288204,62.026462],[29.294975,61.984957],[29.280257,61.987606],[29.262595,62.002913],[29.219618,62.008506],[29.199895,62.019692],[29.226682,62.040297],[29.15839,62.081214],[29.173697,62.083569],[29.241106,62.075032],[29.247288,62.080036],[29.235219,62.107118],[29.237279,62.119776],[29.226388,62.134199],[29.183116,62.141264],[29.141905,62.136849],[29.138079,62.116538],[29.123949,62.109178],[29.090097,62.122719],[29.042705,62.122425],[29.003554,62.128901],[28.932024,62.102408],[28.877566,62.091222],[28.699182,62.075032],[28.699182,62.068262],[28.706541,62.061197],[28.678576,62.055015],[28.678576,62.034116],[28.68829,62.02293],[28.744219,61.986134],[28.828113,61.967589],[28.876683,61.937858],[28.876683,61.930499],[28.82723,61.921963],[28.822226,61.916959],[28.825464,61.909894],[28.870502,61.903124]],[[27.815206,62.485965],[27.796661,62.507453],[27.789891,62.528647],[27.76016,62.530708],[27.70953,62.550136],[27.657427,62.561027],[27.764576,62.517756],[27.780471,62.492735],[27.79519,62.479488],[27.815206,62.478311],[27.815206,62.485965]],[[27.821977,62.931632],[27.841993,62.911026],[27.82963,62.901607],[27.83434,62.88836],[27.866426,62.850093],[27.874668,62.817713],[27.890269,62.814769],[27.883499,62.829193],[27.916468,62.825072],[27.967098,62.796224],[28.051875,62.734408],[28.082195,62.745888],[28.041867,62.753247],[28.075719,62.762372],[28.137829,62.743239],[28.165205,62.745888],[28.141067,62.764139],[28.111925,62.774441],[28.048048,62.780034],[28.059529,62.799462],[28.078368,62.809765],[28.1237,62.822128],[28.1237,62.829193],[28.05894,62.830076],[28.041867,62.835375],[28.11693,62.848915],[28.11693,62.855686],[28.080723,62.854803],[28.048048,62.863339],[28.067771,62.869521],[28.110454,62.869815],[28.13047,62.87688],[28.105744,62.8863],[28.055702,62.878058],[28.034508,62.88365],[28.04481,62.890715],[28.082195,62.896897],[28.051875,62.896602],[28.038629,62.900429],[28.027443,62.911026],[28.089554,62.924861],[28.074835,62.935164],[28.06571,62.966072],[28.055407,62.979319],[28.033919,62.985795],[28.013019,62.980791],[27.995652,62.968427],[27.986526,62.951354],[27.993297,62.951354],[27.993297,62.945173],[27.951791,62.951354],[27.932069,62.938402],[27.904104,62.934281],[27.893213,62.936636],[27.883499,62.945173],[27.917645,62.958713],[27.878789,62.971371],[27.860538,62.967544],[27.849353,62.951354],[27.888209,62.922212],[27.904104,62.917797],[27.881733,62.909849],[27.821977,62.931632]]]}},{"type":"Feature","properties":{"name":"P\u00e4ij\u00e4nne"},"geometry":{"type":"Polygon","coordinates":[[[26.327784,61.42802],[26.356043,61.430669],[26.311006,61.392402],[26.283335,61.351485],[26.271266,61.344126],[26.22564,61.334412],[26.190905,61.307331],[26.202385,61.296439],[26.238886,61.307331],[26.245362,61.305564],[26.24654,61.29585],[26.253016,61.293495],[26.286573,61.300855],[26.265968,61.279955],[26.271855,61.264059],[26.280392,61.259349],[26.25596,61.22903],[26.245657,61.224614],[26.229172,61.230207],[26.223874,61.243159],[26.22564,61.269358],[26.220636,61.278777],[26.177364,61.265531],[26.184135,61.287314],[26.160291,61.285548],[26.138214,61.262882],[26.108189,61.252579],[26.120552,61.241687],[26.144101,61.234917],[26.190905,61.231973],[26.184723,61.20813],[26.210627,61.174278],[26.211216,61.155733],[26.190905,61.169862],[26.174126,61.156616],[26.167356,61.149257],[26.177364,61.122175],[26.195615,61.140132],[26.206506,61.141898],[26.217987,61.136599],[26.210627,61.120115],[26.226229,61.10628],[26.273327,61.088029],[26.211216,61.088618],[26.169416,61.05771],[26.16088,61.045935],[26.163529,61.032689],[26.183252,61.044169],[26.204446,61.040342],[26.144101,61.008551],[26.087878,60.930544],[26.070804,60.977937],[26.060502,60.985591],[26.047255,60.97676],[26.032832,60.942613],[26.015758,60.947912],[26.008988,60.964396],[26.023117,60.977937],[26.094648,61.005607],[26.147928,61.061242],[26.159114,61.079198],[26.163529,61.097743],[26.153226,61.09686],[26.13056,61.104808],[26.094648,61.122175],[26.087878,61.149551],[26.058441,61.16162],[26.035775,61.178399],[25.985439,61.204303],[25.970426,61.172806],[25.953942,61.181343],[25.935986,61.202831],[25.917146,61.211073],[25.883,61.163092],[25.85739,61.141898],[25.845322,61.139543],[25.834724,61.149551],[25.87623,61.183698],[25.867105,61.18723],[25.848854,61.183698],[25.805582,61.216666],[25.794397,61.218433],[25.762605,61.211073],[25.76025,61.215783],[25.794397,61.242276],[25.784977,61.24993],[25.664582,61.286136],[25.643388,61.287314],[25.623665,61.282898],[25.613363,61.275539],[25.608653,61.256111],[25.623665,61.231385],[25.724927,61.211073],[25.684893,61.186641],[25.553312,61.169862],[25.550074,61.146019],[25.498855,61.114816],[25.544187,61.090384],[25.565676,61.074489],[25.574507,61.060065],[25.580688,61.060065],[25.58216,61.073017],[25.592463,61.087735],[25.607475,61.083025],[25.613951,61.063303],[25.622194,61.053883],[25.608653,61.026507],[25.626903,61.018854],[25.63073,61.010317],[25.623665,60.99295],[25.591874,60.991772],[25.568914,61.00914],[25.533296,61.015616],[25.512396,61.026507],[25.546542,61.060065],[25.467064,61.099804],[25.440277,61.091267],[25.437627,61.082436],[25.464709,61.060065],[25.458233,61.045641],[25.444103,61.040048],[25.423203,61.043286],[25.405542,61.066246],[25.327241,61.058593],[25.30693,61.067718],[25.317821,61.083025],[25.380521,61.091562],[25.402598,61.101276],[25.376105,61.101276],[25.394944,61.139837],[25.435272,61.160443],[25.485314,61.168685],[25.532412,61.169862],[25.532412,61.177516],[25.506214,61.183109],[25.492085,61.193412],[25.490024,61.209602],[25.498855,61.231973],[25.518872,61.253462],[25.515928,61.262587],[25.482959,61.273773],[25.485314,61.287314],[25.470596,61.291729],[25.457644,61.289669],[25.430563,61.279955],[25.436744,61.269652],[25.453523,61.258466],[25.45735,61.249046],[25.448519,61.240804],[25.429091,61.236683],[25.395239,61.239038],[25.381698,61.259349],[25.384642,61.284076],[25.409368,61.32823],[25.385525,61.33765],[25.334894,61.313218],[25.30693,61.307331],[25.321059,61.338533],[25.297216,61.346775],[25.261303,61.350602],[25.238637,61.369147],[25.279848,61.375623],[25.231867,61.389164],[25.307518,61.399172],[25.273078,61.416245],[25.149445,61.458045],[25.149445,61.464815],[25.204785,61.461577],[25.217737,61.464815],[25.224508,61.477179],[25.212144,61.483655],[25.177409,61.485421],[25.211556,61.498962],[25.211556,61.505732],[25.175054,61.51574],[25.143263,61.539878],[25.160925,61.545765],[25.240109,61.538406],[25.25365,61.54135],[25.279848,61.561072],[25.271606,61.571081],[25.259243,61.574613],[25.259243,61.582267],[25.286618,61.588448],[25.310462,61.582855],[25.3555,61.561072],[25.374045,61.558129],[25.391412,61.561956],[25.40613,61.572258],[25.416139,61.589037],[25.391412,61.589037],[25.368452,61.595219],[25.426736,61.608759],[25.464709,61.642317],[25.435272,61.672931],[25.423498,61.677052],[25.348141,61.677052],[25.376105,61.683234],[25.376105,61.690887],[25.344903,61.702662],[25.344314,61.710609],[25.361681,61.717968],[25.361681,61.725622],[25.28338,61.738574],[25.268368,61.73357],[25.250706,61.719146],[25.238637,61.725622],[25.251883,61.752115],[25.195071,61.790088],[25.17005,61.800685],[25.17005,61.807455],[25.238637,61.800685],[25.245702,61.807455],[25.273078,61.793031],[25.273078,61.766539],[25.288385,61.762417],[25.351673,61.763006],[25.402598,61.776547],[25.436744,61.83542],[25.460882,61.85838],[25.465003,61.870743],[25.449991,61.883107],[25.435272,61.883695],[25.368746,61.876336],[25.280142,61.876336],[25.230689,61.856908],[25.211556,61.862207],[25.23746,61.878397],[25.277199,61.889288],[25.374633,61.899002],[25.382581,61.904007],[25.376105,61.910483],[25.3555,61.916664],[25.307518,61.92579],[25.293389,61.937858],[25.40613,61.930499],[25.485314,61.903124],[25.489141,61.919019],[25.532412,61.937858],[25.526231,61.94404],[25.508569,61.93727],[25.491496,61.94404],[25.509452,61.973477],[25.519166,61.978775],[25.559788,61.96965],[25.574507,61.984957],[25.512396,62.012921],[25.680478,62.000264],[25.73052,62.02293],[25.732286,62.034116],[25.724338,62.041475],[25.660461,62.049717],[25.643093,62.055899],[25.63073,62.066201],[25.622194,62.081214],[25.632202,62.086807],[25.676945,62.090633],[25.629553,62.113005],[25.60512,62.116538],[25.577745,62.094755],[25.490024,62.098287],[25.455878,62.112416],[25.45735,62.143325],[25.436155,62.153333],[25.446753,62.168051],[25.467652,62.172172],[25.478249,62.150095],[25.526231,62.163636],[25.522404,62.142147],[25.532412,62.122719],[25.703438,62.130961],[25.732286,62.157454],[25.712858,62.175116],[25.692841,62.182181],[25.683716,62.200431],[25.687542,62.204552],[25.754363,62.203375],[25.766432,62.218388],[25.724927,62.231928],[25.724927,62.239582],[25.826777,62.241054],[25.874169,62.254594],[25.917146,62.28668],[25.852975,62.30964],[25.842084,62.317883],[25.854152,62.332012],[25.882411,62.332601],[25.938341,62.321415],[25.912437,62.345553],[25.909787,62.359094],[25.924211,62.369691],[25.917735,62.382643],[25.922151,62.392945],[25.943934,62.410607],[25.902723,62.446814],[25.886533,62.451818],[25.848854,62.451818],[25.875641,62.423559],[25.850914,62.417378],[25.786743,62.444754],[25.803816,62.455351],[25.863278,62.472129],[25.861512,62.477722],[25.855036,62.478311],[25.863278,62.485965],[25.787921,62.533063],[25.746121,62.54837],[25.697551,62.554257],[25.711092,62.534829],[25.704321,62.513046],[25.682833,62.526292],[25.678123,62.541599],[25.697551,62.574568],[25.611891,62.595762],[25.584221,62.587814],[25.580688,62.599295],[25.608653,62.615485],[25.608653,62.623138],[25.58893,62.62932],[25.618367,62.6408],[25.711386,62.62932],[25.768493,62.639917],[25.799401,62.652869],[25.814119,62.670825],[25.782622,62.715569],[25.772614,62.741767],[25.793808,62.753247],[25.833841,62.702616],[25.868871,62.698201],[25.868871,62.70556],[25.855036,62.712331],[25.888299,62.700262],[25.900073,62.698201],[25.908315,62.702322],[25.910376,62.721161],[25.928627,62.738235],[25.930098,62.759723],[25.924211,62.770909],[25.896541,62.767082],[25.849737,62.778857],[25.828543,62.76561],[25.803816,62.767082],[25.794691,62.770909],[25.794102,62.780034],[25.800578,62.794458],[25.812058,62.801228],[25.826777,62.802112],[25.855036,62.794458],[25.85062,62.830665],[25.842084,62.841556],[25.887416,62.840085],[25.906844,62.845972],[25.917146,62.863339],[25.827954,62.891598],[25.807349,62.911026],[25.831781,62.910438],[25.896541,62.88365],[25.896247,62.89307],[25.889771,62.896897],[25.962773,62.903667],[25.992209,62.896897],[25.982495,62.907788],[25.944228,62.930749],[25.872403,62.959596],[25.855036,62.973137],[25.880645,62.986089],[25.865044,63.00169],[25.788509,63.024651],[25.745238,63.05497],[25.718745,63.06439],[25.684304,63.067922],[25.69078,63.047906],[25.674002,63.044962],[25.64692,63.051732],[25.622194,63.061152],[25.562732,63.097064],[25.54036,63.102363],[25.54036,63.095887],[25.564204,63.064684],[25.562143,63.057325],[25.532412,63.033187],[25.529174,63.006106],[25.51946,62.987855],[25.523876,62.97873],[25.54036,62.965778],[25.522993,62.965484],[25.488258,62.945173],[25.481193,62.948411],[25.464709,62.973137],[25.434684,62.984323],[25.35756,62.990505],[25.327535,63.006695],[25.344608,63.018764],[25.351673,63.040841],[25.376105,63.040841],[25.457644,63.017586],[25.484726,63.014054],[25.504448,63.022002],[25.503859,63.039663],[25.492085,63.059091],[25.461176,63.084407],[25.435861,63.113254],[25.416139,63.123263],[25.436155,63.129444],[25.45735,63.123263],[25.445869,63.13592],[25.430563,63.14328],[25.459116,63.150933],[25.472657,63.146812],[25.484726,63.122085],[25.499444,63.118259],[25.532412,63.123263],[25.529469,63.146223],[25.537711,63.18243],[25.526231,63.191555],[25.537711,63.196854],[25.550369,63.195971],[25.574507,63.184785],[25.60983,63.229528],[25.618072,63.253961],[25.636029,63.212161],[25.614246,63.201564],[25.601294,63.184785],[25.63544,63.16153],[25.647509,63.146518],[25.666643,63.141808],[25.778207,63.088822],[25.828837,63.071749],[25.863278,63.075576],[25.827071,63.105601],[25.780561,63.123263],[25.814119,63.14328],[25.835608,63.14534],[25.889771,63.116492],[25.9248,63.115904],[25.938341,63.109722],[25.922739,63.080286],[25.945405,63.058503],[26.149988,62.973137],[26.117903,62.963129],[26.089055,62.96931],[26.033126,62.999924],[25.988088,63.014054],[25.974253,63.008461],[25.97808,62.986089],[25.995742,62.966661],[26.022234,62.954592],[26.076397,62.940168],[26.142335,62.896897],[26.159997,62.871876],[26.224757,62.864811],[26.245362,62.856275],[26.397549,62.747949],[26.412267,62.732053],[26.415799,62.718512],[26.396371,62.712331],[26.35987,62.736174],[26.345152,62.729109],[26.324546,62.701733],[26.309534,62.699378],[26.293344,62.714685],[26.269206,62.750303],[26.229467,62.780329],[26.060502,62.86069],[26.044606,62.862751],[26.039896,62.848915],[26.045784,62.840379],[26.077869,62.817713],[26.094648,62.799757],[26.077575,62.80064],[26.033126,62.814769],[26.015464,62.803583],[25.998391,62.77974],[25.988971,62.756485],[25.995447,62.745888],[26.012815,62.737351],[26.027239,62.697318],[26.039896,62.684366],[26.039896,62.678184],[26.01723,62.68731],[25.97808,62.718218],[25.958063,62.725577],[25.960124,62.703794],[25.962478,62.695257],[25.994859,62.6826],[26.035186,62.653752],[26.108189,62.623138],[26.052848,62.618134],[26.033126,62.623138],[26.002806,62.647276],[25.932453,62.65493],[25.917735,62.667587],[25.88771,62.666998],[25.834724,62.643449],[25.791453,62.63609],[25.786743,62.619311],[25.79057,62.611364],[25.842967,62.574862],[25.844733,62.568681],[25.809409,62.558378],[25.780561,62.582222],[25.751419,62.590758],[25.742,62.579867],[25.750831,62.562794],[25.801167,62.547781],[25.855036,62.499505],[25.927449,62.462121],[25.947172,62.448286],[25.964833,62.423559],[25.981612,62.414728],[26.006927,62.41149],[25.996625,62.446225],[26.006633,62.461238],[26.046961,62.478311],[26.028122,62.495384],[26.027239,62.507159],[26.033126,62.520111],[26.048138,62.530708],[26.060796,62.52953],[26.064917,62.519816],[26.053731,62.505687],[26.069627,62.505098],[26.077869,62.511574],[26.086406,62.548958],[26.109366,62.531297],[26.115842,62.520111],[26.108189,62.520111],[26.131149,62.480077],[26.142335,62.472129],[26.114076,62.463593],[26.064917,62.46948],[26.039896,62.459177],[26.055792,62.448875],[26.053731,62.423854],[26.089644,62.40943],[26.094648,62.400305],[26.111132,62.392062],[26.187667,62.376167],[26.211216,62.376755],[26.184135,62.390296],[26.207095,62.429741],[26.200325,62.445931],[26.177364,62.46477],[26.186784,62.471835],[26.163529,62.499505],[26.180897,62.505687],[26.149988,62.547192],[26.190905,62.541011],[26.181485,62.557201],[26.180602,62.571624],[26.191199,62.578689],[26.200325,62.57133],[26.240358,62.559556],[26.246245,62.568386],[26.243596,62.576629],[26.217987,62.588403],[26.217987,62.595762],[26.241536,62.59429],[26.277742,62.580455],[26.316599,62.605182],[26.35781,62.614013],[26.375766,62.623138],[26.343974,62.631969],[26.337793,62.638445],[26.348684,62.650808],[26.363991,62.657579],[26.38283,62.658756],[26.417565,62.650808],[26.410795,62.636679],[26.435816,62.626671],[26.497632,62.624904],[26.541198,62.606948],[26.554445,62.616368],[26.560626,62.629909],[26.557388,62.636679],[26.497044,62.688193],[26.460837,62.727343],[26.45024,62.73588],[26.424041,62.744711],[26.399315,62.768554],[26.377826,62.777385],[26.386363,62.794458],[26.396371,62.801228],[26.341619,62.835375],[26.337793,62.83979],[26.341619,62.852448],[26.321014,62.869521],[26.310711,62.886594],[26.314244,62.891304],[26.347801,62.885122],[26.383419,62.863339],[26.374,62.848915],[26.377238,62.842734],[26.396371,62.835375],[26.414327,62.817124],[26.444941,62.809471],[26.467313,62.796519],[26.480265,62.780623],[26.472023,62.767082],[26.520887,62.736468],[26.537077,62.7035],[26.561509,62.68937],[26.609196,62.670825],[26.631568,62.653163],[26.666303,62.645804],[26.709869,62.621961],[26.768742,62.616662],[26.793763,62.609303],[26.780516,62.602533],[26.791997,62.598117],[26.816429,62.604299],[26.821433,62.615485],[26.793763,62.647276],[26.80436,62.663466],[26.876773,62.692019],[26.816429,62.720278],[26.749608,62.732936],[26.729591,62.741767],[26.692502,62.782095],[26.663948,62.794458],[26.663948,62.801228],[26.700449,62.8027],[26.704865,62.811531],[26.698978,62.818596],[26.621265,62.836258],[26.607725,62.873642],[26.582115,62.882179],[26.526775,62.917797],[26.462603,62.944878],[26.451417,62.958713],[26.4941,62.954003],[26.530013,62.941935],[26.623915,62.897486],[26.637455,62.888655],[26.648053,62.862162],[26.659533,62.849504],[26.72076,62.823306],[26.752552,62.796224],[26.777867,62.787393],[26.780516,62.801228],[26.776101,62.806527],[26.753141,62.814769],[26.756379,62.838318],[26.741366,62.858041],[26.739894,62.869815],[26.745781,62.88365],[26.717522,62.891893],[26.703982,62.907494],[26.708397,62.925156],[26.732829,62.938402],[26.670719,62.986089],[26.690735,62.982262],[26.787875,62.926922],[26.814957,62.918974],[26.842038,62.917797],[26.796118,62.957536],[26.703687,62.995803],[26.69103,63.014054],[26.739011,63.014054],[26.800828,62.979908],[26.835857,62.972254],[26.896496,62.986089],[26.919456,63.019941],[26.937707,63.033187],[26.965966,63.037603],[26.997168,63.034954],[27.054275,63.020235],[27.044855,63.003457],[27.028371,63.002279],[26.983628,63.019941],[26.958901,63.020235],[26.951836,63.014054],[26.955074,63.005517],[26.993342,62.993448],[26.965966,62.986089],[26.991575,62.972843],[27.037496,62.935164],[27.06134,62.924861],[27.02631,62.921329],[26.951248,62.968722],[26.911508,62.979319],[26.911508,62.973137],[26.92446,62.958713],[26.906799,62.952237],[26.920339,62.936342],[26.94801,62.919563],[26.973031,62.911026],[26.936529,62.901901],[26.914746,62.910732],[26.897085,62.931632],[26.877068,62.928099],[26.860583,62.915147],[26.857345,62.900135],[26.876773,62.889832],[26.86912,62.88365],[26.943005,62.846855],[26.965966,62.841556],[26.965966,62.848915],[26.941239,62.858629],[26.92446,62.87688],[27.11197,62.85127],[27.136108,62.841556],[27.129927,62.835375],[27.184678,62.822128],[27.133165,62.814769],[27.064283,62.834197],[27.020423,62.854508],[26.993342,62.855686],[27.019834,62.846855],[27.025722,62.839201],[27.013358,62.801228],[27.027194,62.793575],[27.022189,62.785038],[26.993342,62.773853],[26.939179,62.78445],[26.814663,62.835375],[26.821727,62.819479],[26.86912,62.794458],[26.887076,62.751187],[26.897085,62.739118],[27.008649,62.679362],[27.054275,62.664055],[27.054275,62.657284],[27.022189,62.661406],[26.953308,62.684366],[26.92446,62.678184],[26.946538,62.667882],[26.965966,62.650808],[26.951836,62.62932],[27.005999,62.618723],[27.054275,62.588403],[27.022778,62.585165],[26.979212,62.599295],[26.867354,62.653458],[26.844982,62.659639],[26.835268,62.654046],[26.839684,62.634618],[26.851753,62.620783],[26.86912,62.612247],[26.889725,62.609303],[26.889725,62.602533],[26.823199,62.584576],[26.795529,62.563088],[26.801122,62.533651],[26.793763,62.526292],[26.808775,62.520405],[26.861761,62.524821],[26.876773,62.520111],[26.840272,62.503332],[26.835268,62.496267],[26.846748,62.480077],[26.856757,62.477134],[26.901206,62.509808],[26.915924,62.515107],[26.911508,62.499505],[26.937707,62.492735],[26.911508,62.478311],[26.942711,62.464182],[26.955663,62.452701],[26.955369,62.441221],[26.941239,62.433862],[26.923872,62.434156],[26.877951,62.458294],[26.829086,62.459177],[26.81378,62.464476],[26.80436,62.473601],[26.802005,62.485081],[26.807892,62.499505],[26.771685,62.493618],[26.711046,62.451524],[26.683671,62.451818],[26.736067,62.509808],[26.756967,62.543954],[26.739011,62.561027],[26.766976,62.574568],[26.726942,62.585754],[26.679255,62.612835],[26.663948,62.606359],[26.635689,62.582222],[26.677489,62.568386],[26.678078,62.554551],[26.698094,62.554257],[26.690735,62.54572],[26.673957,62.538656],[26.666303,62.520994],[26.629213,62.513046],[26.638633,62.490086],[26.656883,62.478311],[26.601837,62.46477],[26.597716,62.453584],[26.623032,62.431213],[26.567691,62.417672],[26.563864,62.38176],[26.530601,62.382348],[26.451417,62.403837],[26.452006,62.391179],[26.427279,62.375578],[26.417565,62.362332],[26.417565,62.334956],[26.428751,62.328774],[26.4523,62.32583],[26.458482,62.314645],[26.452595,62.301104],[26.433461,62.304931],[26.383419,62.324653],[26.354277,62.346142],[26.369584,62.366158],[26.375766,62.386764],[26.431106,62.403837],[26.393428,62.424148],[26.383419,62.431213],[26.383419,62.437394],[26.412267,62.4371],[26.437877,62.444754],[26.486447,62.4162],[26.513822,62.407958],[26.526775,62.417672],[26.463781,62.454762],[26.479382,62.472129],[26.502048,62.452701],[26.516472,62.451524],[26.533545,62.459177],[26.528541,62.468303],[26.586825,62.484198],[26.601837,62.505687],[26.595361,62.515695],[26.593301,62.537184],[26.576816,62.544249],[26.557388,62.561027],[26.465841,62.568386],[26.383419,62.598117],[26.355455,62.602533],[26.332494,62.597234],[26.293932,62.547192],[26.273327,62.534829],[26.249189,62.52747],[26.223874,62.542188],[26.214749,62.537478],[26.21416,62.521877],[26.252427,62.478311],[26.232999,62.447403],[26.232705,62.430918],[26.281275,62.419733],[26.298937,62.40943],[26.321014,62.376755],[26.305118,62.361743],[26.311594,62.327008],[26.307768,62.30758],[26.199442,62.351734],[26.171477,62.36763],[26.105245,62.376755],[26.058736,62.395595],[26.039896,62.390296],[26.064917,62.372929],[26.119375,62.350263],[26.142335,62.334956],[26.172066,62.287563],[26.199736,62.290507],[26.20474,62.284914],[26.197381,62.274905],[26.177364,62.266663],[26.094648,62.273139],[26.11908,62.288446],[26.060502,62.30758],[26.083168,62.310523],[26.082285,62.324359],[26.06845,62.341432],[26.037541,62.371751],[25.983378,62.377933],[25.975431,62.383526],[25.97808,62.396478],[25.957474,62.379405],[25.943934,62.355561],[25.948938,62.342904],[25.964245,62.327891],[25.958063,62.314645],[25.980729,62.306402],[26.053731,62.259893],[25.995742,62.274317],[25.964539,62.277555],[25.943934,62.273139],[25.955708,62.208379],[25.928038,62.150684],[25.946877,62.13155],[25.979257,62.115949],[26.00575,62.094755],[25.989854,62.095049],[25.964833,62.117126],[25.906549,62.130667],[25.888887,62.14303],[25.892125,62.170112],[25.906844,62.214855],[25.890359,62.225158],[25.848854,62.204552],[25.853858,62.184241],[25.817651,62.156865],[25.807349,62.139498],[25.799106,62.095049],[25.780561,62.053838],[25.905372,62.023813],[25.91332,62.00674],[25.930098,61.995848],[25.922151,61.982602],[25.903606,61.987017],[25.84856,62.013216],[25.802933,62.017042],[25.786743,62.00674],[25.801167,61.982307],[25.784388,61.980836],[25.76967,61.992316],[25.75348,61.987606],[25.761428,61.97642],[25.794397,61.958464],[25.775852,61.942568],[25.747887,61.938447],[25.727576,61.945806],[25.732286,61.96494],[25.721983,61.97642],[25.708148,61.981424],[25.696079,61.977303],[25.685776,61.958464],[25.656634,61.984957],[25.632202,61.986134],[25.620133,61.982602],[25.614834,61.974948],[25.636029,61.946101],[25.667526,61.927556],[25.676945,61.916664],[25.646037,61.925495],[25.614834,61.924023],[25.610713,61.915487],[25.622782,61.899591],[25.67253,61.888994],[25.699611,61.904595],[25.715801,61.904007],[25.745238,61.896942],[25.745238,61.889288],[25.726104,61.889877],[25.69078,61.862207],[25.670764,61.85838],[25.601294,61.862207],[25.607475,61.844839],[25.600705,61.820113],[25.585692,61.795975],[25.567147,61.780079],[25.579216,61.759474],[25.596584,61.748877],[25.617484,61.749465],[25.676062,61.784789],[25.687837,61.797152],[25.684304,61.814814],[25.745238,61.828061],[25.745238,61.820996],[25.718451,61.807455],[25.724338,61.790971],[25.711092,61.780079],[25.727282,61.750349],[25.729342,61.736808],[25.724927,61.725622],[25.649275,61.68971],[25.649569,61.697657],[25.622194,61.67087],[25.644271,61.674991],[25.66311,61.67087],[25.655457,61.635252],[25.699023,61.614058],[25.75554,61.597279],[25.786743,61.574613],[25.720217,61.597574],[25.593346,61.619357],[25.571563,61.61553],[25.546542,61.595219],[25.568619,61.584916],[25.611302,61.594041],[25.636029,61.589037],[25.625137,61.574613],[25.567147,61.561072],[25.585692,61.543116],[25.587753,61.533991],[25.580688,61.526926],[25.595112,61.513385],[25.579216,61.508087],[25.548014,61.510147],[25.532412,61.498962],[25.596584,61.472174],[25.633085,61.466582],[25.66311,61.472174],[25.66311,61.479239],[25.643388,61.485421],[25.679889,61.49278],[25.696962,61.489836],[25.704321,61.475707],[25.697256,61.456279],[25.701966,61.449214],[25.724927,61.44421],[25.705793,61.436851],[25.674002,61.447153],[25.623665,61.455396],[25.613068,61.454218],[25.614834,61.44421],[25.498855,61.451275],[25.510335,61.435379],[25.505625,61.416245],[25.595112,61.395934],[25.589225,61.383865],[25.532412,61.361788],[25.560671,61.355018],[25.541243,61.326759],[25.526231,61.293495],[25.542127,61.302326],[25.554784,61.318811],[25.570091,61.329408],[25.595112,61.320871],[25.567147,61.300855],[25.58893,61.279955],[25.631908,61.300855],[25.795868,61.256406],[25.855036,61.259349],[25.834724,61.265531],[25.851209,61.284076],[25.875347,61.280543],[25.903017,61.269652],[25.930098,61.265531],[25.924211,61.259349],[25.944228,61.253756],[26.00575,61.252579],[26.019291,61.244042],[26.022823,61.234328],[26.015758,61.225203],[25.998391,61.218433],[26.016053,61.204892],[26.088761,61.176338],[26.112015,61.183698],[26.149988,61.211073],[26.100535,61.232268],[26.083756,61.244042],[26.087878,61.265531],[26.104951,61.283487],[26.201502,61.342066],[26.245362,61.350308],[26.304824,61.414185],[26.327784,61.42802]]]}},{"type":"Feature","properties":{"name":"Lake Pskov"},"geometry":{"type":"Polygon","coordinates":[[[27.52879,58.227987],[27.574416,58.234758],[27.592373,58.22681],[27.60032,58.210914],[27.602087,58.192075],[27.596788,58.175885],[27.582659,58.168526],[27.603558,58.165877],[27.603558,58.142916],[27.60974,58.134968],[27.622987,58.137618],[27.65831,58.15734],[27.712768,58.173236],[27.732196,58.177357],[27.765753,58.172058],[27.798722,58.187365],[27.815206,58.189426],[27.828453,58.168526],[27.849941,58.164405],[27.908814,58.177651],[27.928536,58.179712],[27.94561,58.175885],[27.979756,58.14115],[28.04481,58.113185],[28.065416,58.069031],[28.151076,58.014573],[28.157257,58.003976],[28.154314,57.991319],[28.140184,57.973068],[28.1655,57.938039],[28.169621,57.917139],[28.162262,57.895945],[28.126644,57.859149],[27.960622,57.855028],[27.940311,57.861798],[27.932069,57.887408],[27.920294,57.903304],[27.841993,57.92126],[27.89704,57.935684],[27.898806,57.94687],[27.890269,57.955701],[27.814912,57.974246],[27.78783,57.990141],[27.773701,58.017517],[27.749857,58.029292],[27.710707,58.039006],[27.673912,58.040477],[27.657427,58.028114],[27.657427,58.014573],[27.633584,57.993379],[27.615922,57.963648],[27.602087,57.984843],[27.594139,58.00898],[27.589723,58.089342],[27.558226,58.09729],[27.534089,58.134968],[27.469034,58.210031],[27.466974,58.220923],[27.506713,58.237113],[27.52879,58.227987]]]}},{"type":"Feature","properties":{"name":"Lake Srednye Kuyto"},"geometry":{"type":"Polygon","coordinates":[[[30.346738,65.147016],[30.330253,65.172332],[30.330253,65.180574],[30.336729,65.19176],[30.354391,65.199119],[30.358218,65.178513],[30.418563,65.137302],[30.465367,65.121407],[30.480379,65.104039],[30.501573,65.095208],[30.682902,65.062239],[30.708511,65.06636],[30.716459,65.075486],[30.708806,65.086672],[30.686434,65.096386],[30.70233,65.103745],[30.969318,65.096091],[31.008174,65.104039],[30.980798,65.116991],[30.980798,65.123761],[31.064103,65.104922],[31.083826,65.110221],[31.084709,65.127294],[31.067341,65.142601],[31.029074,65.159085],[30.996105,65.160851],[30.931934,65.151137],[30.899554,65.151726],[30.837443,65.165267],[30.775921,65.159085],[30.775921,65.165267],[30.791228,65.172037],[30.816837,65.194998],[30.830378,65.200002],[30.923986,65.205595],[30.989629,65.188227],[31.101782,65.182929],[31.248375,65.192643],[31.269275,65.189405],[31.342866,65.163795],[31.367298,65.161146],[31.460317,65.171743],[31.4821,65.164089],[31.503,65.147311],[31.590721,65.136419],[31.617802,65.127588],[31.631932,65.116991],[31.629282,65.097563],[31.612504,65.082845],[31.576591,65.069304],[31.607499,65.050759],[31.674909,65.035747],[31.706994,65.021323],[31.652243,65.021323],[31.652243,65.014552],[31.721124,64.996596],[31.767045,64.991298],[31.817381,64.963333],[31.883907,64.947732],[31.923646,64.923005],[32.002536,64.904755],[31.979281,64.897984],[31.954555,64.898573],[31.965446,64.87208],[31.872133,64.912114],[31.659307,64.93949],[31.663134,64.948909],[31.638702,64.95303],[31.573942,64.993947],[31.511831,65.014847],[31.501528,65.027504],[31.499173,65.040751],[31.503294,65.051348],[31.513303,65.058707],[31.528904,65.062239],[31.484161,65.100801],[31.451486,65.119346],[31.430292,65.120523],[31.410864,65.097269],[31.399384,65.095797],[31.369653,65.115225],[31.317256,65.137302],[31.298123,65.133475],[31.261916,65.104039],[31.239544,65.102862],[31.189797,65.115225],[31.141521,65.120818],[31.138872,65.110515],[31.145936,65.100801],[31.220999,65.062239],[31.200099,65.057235],[31.124742,65.090204],[31.090007,65.096974],[31.006702,65.094619],[30.974028,65.082845],[30.987568,65.069304],[30.852455,65.081373],[30.810067,65.062239],[30.858048,65.027504],[30.837443,65.027504],[30.858048,65.001012],[30.840092,65.001895],[30.826846,64.997185],[30.802708,64.980406],[30.816249,64.966865],[30.762674,64.950675],[30.743541,64.933897],[30.717931,64.930953],[30.576636,64.93949],[30.526006,64.919767],[30.507755,64.918295],[30.540135,64.942433],[30.568983,64.949792],[30.570749,64.970986],[30.576636,64.980406],[30.594887,64.985116],[30.651993,64.973047],[30.747956,64.980406],[30.711161,64.987176],[30.706156,64.993652],[30.710572,65.009843],[30.727645,65.014552],[30.713221,65.023972],[30.639041,65.037218],[30.568983,65.062239],[30.432692,65.082845],[30.432692,65.090204],[30.439462,65.090204],[30.41768,65.109926],[30.346738,65.147016]]]}},{"type":"Feature","properties":{"name":"Inarijrvi"},"geometry":{"type":"Polygon","coordinates":[[[27.148766,68.89957],[27.013358,68.89957],[27.053392,68.913405],[27.096663,68.91576],[27.249733,68.959032],[27.471389,68.993472],[27.493172,69.003186],[27.479926,69.009368],[27.479926,69.016727],[27.495232,69.016433],[27.552633,69.039982],[27.582659,69.044103],[27.582659,69.050285],[27.558226,69.054994],[27.548512,69.06147],[27.548218,69.072067],[27.56117,69.082076],[27.615922,69.078249],[27.647419,69.084431],[27.841699,69.173034],[27.905576,69.192462],[27.966215,69.180688],[27.944432,69.173917],[27.925004,69.160082],[27.976518,69.150074],[27.993297,69.160082],[28.022144,69.167441],[28.026854,69.160377],[28.021261,69.139771],[28.096324,69.14713],[28.139301,69.163615],[28.222312,69.178922],[28.287661,69.200999],[28.266761,69.210124],[28.262934,69.218072],[28.267055,69.228964],[28.255575,69.218661],[28.242623,69.215128],[28.193759,69.212774],[28.147838,69.186281],[28.113397,69.183631],[28.086904,69.17274],[28.071303,69.173034],[28.062178,69.178333],[28.069243,69.194817],[28.036274,69.197761],[28.022439,69.203943],[28.013902,69.215423],[28.041867,69.228964],[28.028326,69.231318],[27.979756,69.222193],[27.989175,69.236911],[28.007132,69.242799],[27.979756,69.266642],[27.98476,69.2793],[27.997123,69.283421],[28.027443,69.283715],[28.120462,69.315507],[28.151664,69.31845],[28.144305,69.306087],[28.103389,69.276945],[28.114575,69.267231],[28.096324,69.228964],[28.100445,69.213362],[28.154608,69.235145],[28.249982,69.245448],[28.299435,69.262227],[28.329166,69.290486],[28.315037,69.297845],[28.329166,69.311091],[28.302968,69.308736],[28.284423,69.301966],[28.24645,69.276945],[28.261757,69.303143],[28.259107,69.312269],[28.207299,69.295784],[28.157257,69.256339],[28.171387,69.291663],[28.240562,69.316095],[28.32269,69.326398],[28.376853,69.31845],[28.369494,69.311091],[28.459275,69.334052],[28.506373,69.362899],[28.538459,69.372908],[28.571428,69.376734],[28.596743,69.372908],[28.570545,69.354363],[28.348888,69.26988],[28.369494,69.272235],[28.610284,69.339056],[28.646196,69.366137],[28.648257,69.378795],[28.623236,69.379972],[28.623236,69.386154],[28.76247,69.435018],[28.815161,69.4412],[28.827819,69.43649],[28.818694,69.425893],[28.787785,69.407643],[28.714489,69.38792],[28.699182,69.372908],[28.70713,69.357895],[28.677399,69.338467],[28.571428,69.299022],[28.490478,69.282243],[28.419241,69.257517],[28.403935,69.247803],[28.397459,69.235145],[28.404523,69.22131],[28.421302,69.220427],[28.458981,69.228964],[28.562597,69.228964],[28.6512,69.242799],[28.622353,69.232496],[28.569956,69.194523],[28.541403,69.180688],[28.461041,69.175389],[28.425717,69.165675],[28.394515,69.108863],[28.397459,69.09856],[28.411294,69.095617],[28.43131,69.100915],[28.478997,69.125642],[28.493127,69.127997],[28.499897,69.121521],[28.493716,69.105625],[28.48459,69.098266],[28.445146,69.078249],[28.461336,69.065297],[28.46634,69.044103],[28.279419,69.096794],[28.267644,69.096205],[28.253514,69.08502],[28.240857,69.060882],[28.242623,69.048224],[28.253514,69.037333],[28.227022,69.031151],[28.1237,69.050285],[28.110454,69.041748],[28.082195,68.998771],[28.076013,68.981992],[28.097796,68.981109],[28.135474,68.960209],[28.228494,68.937249],[28.320335,68.933716],[28.329166,68.921059],[28.320924,68.908695],[28.260874,68.885735],[28.293842,68.87867],[28.334759,68.882497],[28.411294,68.89957],[28.394515,68.884852],[28.33888,68.875432],[28.315037,68.866013],[28.383918,68.866013],[28.383918,68.858359],[28.260874,68.845407],[28.273826,68.858359],[28.129882,68.858359],[27.951497,68.879848],[27.913524,68.8928],[27.883204,68.893977],[27.873196,68.889562],[27.874668,68.882203],[27.917645,68.872783],[27.909697,68.861008],[27.873196,68.848939],[27.872019,68.836282],[27.889092,68.828334],[27.956501,68.8092],[27.98947,68.804785],[28.023027,68.807434],[28.055407,68.817443],[28.007132,68.845407],[28.031858,68.851],[28.061589,68.84629],[28.089848,68.833927],[28.109865,68.817443],[27.858183,68.738553],[27.835223,68.735609],[27.826392,68.732371],[27.81138,68.715004],[27.746325,68.722069],[27.78783,68.735609],[27.821977,68.753271],[27.852296,68.760042],[27.911463,68.790361],[27.870252,68.813616],[27.824037,68.825979],[27.774878,68.825096],[27.72572,68.807434],[27.697461,68.780353],[27.689513,68.761808],[27.695694,68.730016],[27.675089,68.717359],[27.629757,68.701463],[27.640354,68.712649],[27.678033,68.735609],[27.633289,68.753565],[27.579715,68.754154],[27.472566,68.74238],[27.479926,68.762985],[27.443424,68.774171],[27.423996,68.775348],[27.404274,68.770344],[27.413399,68.75592],[27.431061,68.748561],[27.401036,68.745912],[27.329505,68.750033],[27.300658,68.735609],[27.328917,68.714415],[27.323029,68.709411],[27.297714,68.707645],[27.26033,68.722069],[27.218236,68.723835],[27.204989,68.729428],[27.273576,68.745912],[27.294476,68.75592],[27.315082,68.776526],[27.331272,68.779764],[27.364535,68.777998],[27.423113,68.790361],[27.522903,68.780058],[27.568824,68.797131],[27.518193,68.815676],[27.472566,68.845407],[27.486402,68.858359],[27.468151,68.863069],[27.445191,68.86042],[27.426057,68.851883],[27.418109,68.838637],[27.426646,68.828628],[27.446074,68.820092],[27.486402,68.811261],[27.428706,68.820681],[27.376604,68.845407],[27.390144,68.866013],[27.365124,68.873077],[27.355704,68.881614],[27.348934,68.893388],[27.350111,68.904574],[27.286234,68.910462],[27.26033,68.906929],[27.236486,68.894272],[27.239724,68.883969],[27.286823,68.866013],[27.222946,68.874844],[27.148766,68.89957]]]}},{"type":"Feature","properties":{"name":"Lake Peipus"},"geometry":{"type":"Polygon","coordinates":[[[27.466974,58.220923],[27.462264,58.257718],[27.410456,58.291864],[27.417815,58.303345],[27.404274,58.332781],[27.404274,58.353975],[27.418403,58.370754],[27.411044,58.377524],[27.326856,58.404017],[27.26033,58.408433],[27.237075,58.424034],[27.229716,58.445522],[27.229716,58.52088],[27.197336,58.609483],[27.161129,58.663058],[27.098135,58.727523],[27.074586,58.744302],[26.980684,58.778154],[26.955369,58.795816],[26.946538,58.819659],[26.951836,58.848507],[26.979212,58.895311],[27.011003,58.922981],[27.044561,58.944175],[27.081357,58.959777],[27.287117,59.001576],[27.537032,59.016295],[27.733962,58.993628],[27.737494,58.981854],[27.718949,58.950357],[27.727191,58.915033],[27.794012,58.862636],[27.801371,58.819954],[27.780471,58.785219],[27.780471,58.744302],[27.761926,58.667473],[27.783415,58.646868],[27.829925,58.572982],[27.834929,58.551788],[27.833163,58.472015],[27.825803,58.455531],[27.81138,58.439635],[27.78577,58.422562],[27.782826,58.431687],[27.78783,58.469955],[27.70953,58.419913],[27.69334,58.393714],[27.660665,58.363984],[27.629757,58.356919],[27.632112,58.346911],[27.644475,58.339551],[27.656544,58.320712],[27.658605,58.313353],[27.651245,58.308643],[27.609151,58.307466],[27.575888,58.323067],[27.558521,58.326599],[27.543214,58.322478],[27.535855,58.311881],[27.530851,58.270376],[27.506713,58.237113],[27.466974,58.220923]],[[27.465796,58.381351],[27.49641,58.371931],[27.527907,58.373698],[27.511128,58.386944],[27.487873,58.394009],[27.474627,58.391948],[27.465796,58.381351]]]}},{"type":"Feature","properties":{},"geometry":{"type":"Polygon","coordinates":[[[27.547335,60.969106],[27.543214,60.962925],[27.548218,60.940847],[27.544097,60.93025],[27.534972,60.930839],[27.525552,60.938787],[27.520253,60.950856],[27.502592,60.93967],[27.479926,60.964691],[27.42017,60.958803],[27.400742,60.967929],[27.383374,61.002075],[27.366595,61.005607],[27.349817,60.999131],[27.323913,60.975877],[27.308017,60.978231],[27.328917,61.012378],[27.348934,61.026507],[27.345696,61.037104],[27.355998,61.045052],[27.369539,61.04623],[27.381608,61.028862],[27.418109,61.012378],[27.410456,60.989123],[27.433416,60.97676],[27.467268,60.97205],[27.557932,60.975582],[27.615922,60.985591],[27.637999,61.002664],[27.65154,61.005313],[27.658899,60.982647],[27.6745,60.978231],[27.683331,60.981175],[27.676561,61.012672],[27.688041,61.029745],[27.703642,61.034749],[27.736905,61.02739],[27.753095,61.032689],[27.714239,61.05771],[27.698049,61.060065],[27.698049,61.053883],[27.705408,61.053883],[27.698049,61.046524],[27.657721,61.063008],[27.650068,61.067718],[27.649479,61.07861],[27.661548,61.080081],[27.697461,61.070662],[27.72307,61.082731],[27.749269,61.069779],[27.801371,61.067718],[27.793718,61.058298],[27.780471,61.053883],[27.847292,61.002664],[27.876728,60.999426],[27.858772,60.983236],[27.829041,60.974993],[27.770463,60.971461],[27.710118,60.949089],[27.629168,60.939964],[27.60297,60.944674],[27.577066,60.968223],[27.547335,60.969106]]]}},{"type":"Feature","properties":{},"geometry":{"type":"Polygon","coordinates":[[[29.241695,62.692019],[29.261417,62.684366],[29.244344,62.702616],[29.241695,62.711447],[29.247877,62.719395],[29.20225,62.740295],[29.196068,62.756779],[29.21373,62.780034],[29.234336,62.791809],[29.296741,62.805938],[29.322351,62.801228],[29.317052,62.796813],[29.322351,62.786805],[29.349726,62.767082],[29.337952,62.756191],[29.322351,62.753247],[29.348255,62.750303],[29.358263,62.73588],[29.363856,62.716157],[29.377397,62.698201],[29.367094,62.680539],[29.375631,62.672886],[29.390349,62.677007],[29.404773,62.712036],[29.421257,62.724105],[29.459524,62.732936],[29.496909,62.727343],[29.529583,62.713214],[29.554898,62.692019],[29.569322,62.664055],[29.532527,62.672003],[29.493671,62.698201],[29.48484,62.695552],[29.479835,62.684366],[29.456581,62.667587],[29.455698,62.657873],[29.473654,62.650808],[29.453048,62.643744],[29.414487,62.639917],[29.391821,62.643449],[29.322351,62.670825],[29.302923,62.651692],[29.256707,62.647865],[29.206666,62.654635],[29.175463,62.667293],[29.148087,62.688193],[29.147204,62.69614],[29.168398,62.703794],[29.199306,62.695552],[29.241695,62.692019]]]}},{"type":"Feature","properties":{"name":"Lake Vygozero"},"geometry":{"type":"Polygon","coordinates":[[[34.605598,63.829442],[34.661822,63.835918],[34.666531,63.827676],[34.654168,63.78882],[34.655346,63.774396],[34.603832,63.772041],[34.588525,63.763799],[34.600005,63.746432],[34.625026,63.737601],[34.656523,63.738484],[34.812242,63.760856],[34.829315,63.752025],[34.854924,63.726415],[34.872292,63.719939],[34.852569,63.691974],[34.86611,63.67755],[34.863167,63.655179],[34.867876,63.649292],[34.969138,63.619855],[34.983267,63.611024],[35.010349,63.575112],[34.96796,63.570108],[34.970315,63.559805],[34.989743,63.540966],[34.973553,63.541849],[34.927632,63.56216],[34.947943,63.513884],[34.965017,63.495633],[34.989449,63.487391],[35.020946,63.500049],[35.047144,63.497694],[35.193443,63.468552],[35.216404,63.472673],[35.227001,63.496222],[35.28499,63.506819],[35.349456,63.505642],[35.38007,63.492984],[35.38684,63.469141],[35.424519,63.459427],[35.445419,63.448535],[35.45896,63.421159],[35.489573,63.406735],[35.496933,63.39761],[35.458371,63.399671],[35.409801,63.420571],[35.361231,63.424397],[35.198153,63.417333],[35.181374,63.411445],[35.198447,63.396138],[35.209339,63.375827],[35.120146,63.375827],[35.088944,63.358754],[35.072165,63.362875],[35.056858,63.376416],[35.035958,63.415566],[35.023889,63.431168],[35.010054,63.439116],[34.949415,63.440882],[34.914092,63.459132],[34.856102,63.477972],[34.82225,63.484153],[34.798701,63.479443],[34.825488,63.431168],[34.831964,63.410562],[34.830492,63.394372],[34.819012,63.375827],[34.827549,63.34904],[34.846388,63.328729],[34.899079,63.307535],[34.90791,63.286635],[34.890837,63.25867],[34.90997,63.232766],[34.947943,63.205979],[34.989743,63.157409],[34.985328,63.142397],[34.97267,63.139158],[34.942056,63.150639],[34.958835,63.094415],[34.943822,63.068217],[34.955597,63.017292],[34.942056,63.006695],[34.930576,62.948116],[34.923217,62.941051],[34.889071,62.93016],[34.849331,62.895719],[34.825488,62.889832],[34.871409,62.948411],[34.876119,62.978141],[34.846388,62.993448],[34.846388,62.999924],[34.880534,62.99963],[34.880534,63.009933],[34.852569,63.040841],[34.852569,63.064096],[34.869348,63.062035],[34.90791,63.033187],[34.926455,63.087939],[34.914092,63.109722],[34.856102,63.133566],[34.853158,63.142985],[34.872292,63.171244],[34.866993,63.180958],[34.835791,63.202152],[34.833141,63.213338],[34.858751,63.223641],[34.86611,63.232472],[34.839029,63.254844],[34.846388,63.271034],[34.839912,63.283986],[34.795168,63.304886],[34.791636,63.342564],[34.777507,63.379654],[34.788104,63.402026],[34.785749,63.408796],[34.750131,63.414683],[34.709214,63.431168],[34.674774,63.415272],[34.655346,63.418216],[34.616784,63.448535],[34.584109,63.461782],[34.441048,63.472673],[34.540838,63.481504],[34.544076,63.500049],[34.532596,63.506525],[34.482554,63.513884],[34.472545,63.528308],[34.478727,63.53655],[34.510224,63.540966],[34.531124,63.549502],[34.529063,63.564809],[34.51199,63.572757],[34.475783,63.554801],[34.466069,63.561277],[34.45194,63.578644],[34.475195,63.609847],[34.462537,63.623682],[34.461065,63.632218],[34.469013,63.651352],[34.427802,63.674018],[34.37099,63.688442],[34.348912,63.716112],[34.325658,63.72406],[34.294161,63.717878],[34.265313,63.70316],[34.249712,63.68491],[34.263547,63.609847],[34.246474,63.617206],[34.187895,63.595717],[34.205851,63.61073],[34.22263,63.650763],[34.19496,63.683438],[34.226163,63.696684],[34.238232,63.718761],[34.316532,63.742016],[34.333606,63.757618],[34.325069,63.787348],[34.264724,63.823849],[34.257365,63.849459],[34.32448,63.821495],[34.351562,63.817373],[34.35215,63.842689],[34.323303,63.878601],[34.338315,63.883605],[34.441932,63.854169],[34.469013,63.815313],[34.491385,63.801183],[34.511401,63.798534],[34.605598,63.829442]],[[34.764849,63.602488],[34.774269,63.591302],[34.789576,63.584237],[34.825488,63.581882],[34.821073,63.591891],[34.802822,63.602193],[34.764849,63.602488]],[[34.585287,63.479443],[34.645632,63.475028],[34.655346,63.469729],[34.662999,63.457366],[34.700678,63.443825],[34.715985,63.445003],[34.740122,63.462665],[34.735118,63.481798],[34.702444,63.513884],[34.661822,63.524481],[34.612957,63.521243],[34.617078,63.509763],[34.585287,63.479443]]]}},{"type":"Feature","properties":{"name":"Lake Segozerskoye"},"geometry":{"type":"Polygon","coordinates":[[[33.349252,63.428518],[33.44492,63.424397],[33.467586,63.432051],[33.485542,63.448535],[33.492902,63.462665],[33.492313,63.484153],[33.502616,63.493279],[33.526165,63.492395],[33.578856,63.460604],[33.602111,63.452362],[33.610059,63.462665],[33.578267,63.527425],[33.598578,63.521832],[33.661572,63.4765],[33.671286,63.460015],[33.667165,63.442648],[33.64656,63.424397],[33.659512,63.410857],[33.671581,63.407619],[33.727215,63.411151],[33.797568,63.39761],[33.803161,63.417921],[33.855558,63.441765],[33.911782,63.410857],[33.950932,63.422631],[33.974776,63.419099],[33.99126,63.409679],[33.989199,63.400848],[33.951815,63.382009],[33.924439,63.356105],[33.9265,63.319898],[33.961824,63.296643],[34.068678,63.265441],[34.119603,63.232472],[34.177887,63.20539],[34.187895,63.191555],[34.169645,63.19185],[34.153749,63.198326],[34.161108,63.184785],[34.144918,63.183019],[34.085457,63.205979],[33.961824,63.212161],[33.966239,63.194793],[33.956525,63.18714],[33.852909,63.188906],[33.83142,63.184785],[33.816113,63.16624],[33.698073,63.204213],[33.674524,63.205979],[33.578267,63.191555],[33.446392,63.201269],[33.432851,63.2101],[33.421371,63.246307],[33.406359,63.258376],[33.372212,63.27486],[33.352196,63.249251],[33.344836,63.246896],[33.33836,63.2519],[33.337772,63.260142],[33.344836,63.27486],[33.324231,63.285752],[33.275072,63.297821],[33.262414,63.315188],[33.291557,63.32137],[33.295678,63.337266],[33.256233,63.34904],[33.241809,63.375827],[33.279782,63.366996],[33.410774,63.277804],[33.427553,63.27486],[33.443743,63.278981],[33.452279,63.287812],[33.453751,63.300176],[33.437267,63.326668],[33.411363,63.343447],[33.400177,63.356694],[33.40783,63.379948],[33.358966,63.394078],[33.21355,63.414389],[33.200892,63.438527],[33.230918,63.419393],[33.265652,63.412328],[33.300682,63.41851],[33.332473,63.438527],[33.349252,63.428518]]]}},{"type":"Feature","properties":{"name":"Pielinen"},"geometry":{"type":"Polygon","coordinates":[[[29.877227,63.334911],[29.967008,63.304886],[30.013518,63.294583],[30.053551,63.262497],[30.076512,63.253077],[30.076512,63.246896],[30.031768,63.246896],[30.014989,63.267207],[29.957294,63.281925],[29.940515,63.276921],[29.916672,63.247779],[29.941398,63.236887],[29.962298,63.236299],[29.969952,63.222464],[29.994384,63.205979],[29.983787,63.200092],[29.987025,63.188317],[29.983787,63.179781],[29.969952,63.176837],[29.966714,63.171244],[29.969363,63.154465],[30.00086,63.130033],[30.009102,63.116787],[30.00086,63.088528],[30.00763,63.064979],[30.070624,63.011404],[30.119783,62.978141],[30.227226,62.924861],[30.220456,62.911026],[30.256074,62.890126],[30.288748,62.863339],[30.266376,62.860396],[30.24842,62.848915],[30.336141,62.832725],[30.377352,62.81683],[30.404433,62.787393],[30.274913,62.807999],[30.316713,62.814769],[30.267848,62.832431],[30.244005,62.830371],[30.227226,62.814769],[30.240767,62.801228],[30.155107,62.78916],[30.154224,62.777679],[30.165115,62.759723],[30.14657,62.730875],[30.088875,62.727932],[30.062676,62.712331],[30.049136,62.719395],[30.071213,62.736174],[30.116545,62.747065],[30.124787,62.777091],[30.143038,62.795636],[30.207504,62.815358],[30.19985,62.829193],[30.244005,62.863634],[30.24842,62.87688],[30.238117,62.886888],[30.217806,62.893364],[30.179539,62.896897],[30.159817,62.904845],[30.118311,62.938697],[30.101827,62.964895],[30.083282,62.971371],[30.064443,62.971371],[30.055906,62.962246],[30.060321,62.954003],[30.090052,62.931632],[30.071213,62.930454],[30.022349,62.948705],[30.00763,62.958713],[30.018227,62.97667],[30.012635,62.994626],[29.997328,63.008461],[29.928446,63.024062],[29.833367,63.083229],[29.793628,63.094121],[29.797749,63.107662],[29.832189,63.152405],[29.832189,63.160941],[29.809818,63.168006],[29.798337,63.181841],[29.781559,63.182136],[29.754772,63.164768],[29.713266,63.152699],[29.683241,63.132682],[29.65616,63.12238],[29.627901,63.120319],[29.603468,63.130033],[29.590516,63.14328],[29.60023,63.161236],[29.589633,63.198326],[29.580214,63.192733],[29.566084,63.168006],[29.531644,63.184785],[29.438919,63.191555],[29.453343,63.171244],[29.38976,63.180958],[29.373864,63.198326],[29.328827,63.211866],[29.310282,63.225113],[29.309104,63.239242],[29.286144,63.239537],[29.268188,63.253077],[29.301156,63.2519],[29.314403,63.255432],[29.322351,63.267207],[29.302628,63.266913],[29.291442,63.288401],[29.21373,63.32137],[29.21373,63.328729],[29.247877,63.342564],[29.166338,63.362287],[29.144849,63.375827],[29.139845,63.401143],[29.105993,63.411445],[28.938794,63.521243],[28.99178,63.515061],[29.007675,63.507408],[29.033285,63.485036],[29.116884,63.466491],[29.136901,63.453834],[29.144849,63.452362],[29.160745,63.459427],[29.164866,63.464431],[29.144555,63.474439],[29.104227,63.514767],[29.089214,63.554506],[29.054479,63.584531],[29.041822,63.602488],[29.102755,63.583943],[29.127482,63.567458],[29.144849,63.548619],[29.14426,63.530074],[29.16516,63.523304],[29.180173,63.498871],[29.237279,63.500049],[29.2414,63.496811],[29.234041,63.479443],[29.256413,63.462076],[29.268188,63.459132],[29.321762,63.464431],[29.375336,63.437349],[29.451282,63.42999],[29.487195,63.418216],[29.487783,63.410562],[29.497497,63.403792],[29.517808,63.39761],[29.531644,63.366408],[29.590222,63.324902],[29.604057,63.32137],[29.637615,63.328729],[29.68589,63.315188],[29.72769,63.315188],[29.76007,63.302531],[29.775377,63.301353],[29.746824,63.333733],[29.77155,63.334911],[29.789506,63.32608],[29.795688,63.307829],[29.785385,63.293111],[29.754772,63.293994],[29.831601,63.281336],[29.87134,63.286046],[29.904897,63.308418],[29.893711,63.309007],[29.876344,63.319309],[29.871045,63.328729],[29.877227,63.334911]]]}},{"type":"Feature","properties":{"name":"Lake Topozero"},"geometry":{"type":"Polygon","coordinates":[[[31.974571,65.555299],[31.974866,65.571195],[31.92659,65.610345],[31.948667,65.611523],[31.954849,65.618588],[31.948962,65.628596],[31.934244,65.63831],[31.912755,65.64508],[31.860652,65.650968],[31.756153,65.648907],[31.654892,65.697477],[31.646061,65.699832],[31.608382,65.689824],[31.596902,65.693062],[31.598668,65.730446],[31.583656,65.744575],[31.527138,65.755761],[31.511831,65.764887],[31.482395,65.796383],[31.467382,65.802271],[31.511537,65.832885],[31.538324,65.838772],[31.581301,65.828764],[31.621334,65.831707],[31.666078,65.843187],[31.665489,65.861732],[31.673143,65.864382],[31.733193,65.865265],[31.761157,65.872035],[31.813554,65.900588],[31.853293,65.907064],[31.893033,65.90677],[31.91982,65.898233],[31.939836,65.883515],[31.975455,65.882043],[32.044041,65.891463],[32.200349,65.884693],[32.165908,65.873507],[31.892149,65.864382],[31.865362,65.850546],[32.077599,65.843187],[32.119104,65.830235],[32.172973,65.843187],[32.26246,65.837006],[32.24156,65.829058],[32.145008,65.827586],[32.083781,65.80963],[32.094083,65.79815],[32.101442,65.778133],[32.114689,65.774895],[32.155605,65.777839],[32.19505,65.787553],[32.228902,65.783726],[32.244503,65.776072],[32.245092,65.764887],[32.214184,65.727797],[32.225664,65.721615],[32.255689,65.727797],[32.279533,65.70307],[32.294251,65.699538],[32.319272,65.722792],[32.337522,65.720143],[32.348708,65.707486],[32.344293,65.661859],[32.413468,65.62418],[32.35489,65.628596],[32.337522,65.62418],[32.341055,65.608874],[32.325453,65.603575],[32.283065,65.604164],[32.296606,65.576788],[32.278944,65.572372],[32.284242,65.566779],[32.325159,65.545585],[32.372257,65.528512],[32.414351,65.52969],[32.5006,65.543819],[32.543577,65.528512],[32.51208,65.534988],[32.481761,65.528512],[32.653081,65.491422],[32.67192,65.479353],[32.659557,65.459631],[32.684872,65.456393],[32.708127,65.446679],[32.717546,65.436671],[32.700768,65.432255],[32.719607,65.398698],[32.714897,65.385157],[32.699885,65.375148],[32.679279,65.373382],[32.664561,65.380741],[32.666621,65.398109],[32.61187,65.398109],[32.619523,65.408117],[32.653081,65.426073],[32.635125,65.443147],[32.475285,65.46699],[32.413468,65.487596],[32.361072,65.485829],[32.316328,65.512616],[32.290424,65.51085],[32.273645,65.497898],[32.258927,65.494955],[32.187397,65.501136],[32.228902,65.5135],[32.241854,65.521742],[32.21124,65.535871],[32.109685,65.553533],[32.077304,65.555005],[32.001947,65.547057],[31.974571,65.555299]],[[32.159432,65.569429],[32.183864,65.553827],[32.22066,65.542347],[32.289835,65.535282],[32.190635,65.567074],[32.159432,65.569429]],[[31.954555,65.706014],[31.926884,65.725736],[31.892444,65.727797],[31.841519,65.719849],[31.816498,65.711607],[31.802957,65.699832],[31.954555,65.706014]],[[31.960736,65.672456],[31.997826,65.664214],[32.037271,65.665097],[32.008718,65.682465],[31.964563,65.692179],[31.951317,65.690707],[31.948079,65.683642],[31.960736,65.672456]]]}},{"type":"Feature","properties":{},"geometry":{"type":"Polygon","coordinates":[[[30.849806,61.952577],[30.906324,61.951399],[30.887779,61.966706],[30.843624,61.984074],[30.830378,61.999381],[30.885719,61.992316],[30.869234,62.009389],[30.874238,62.038237],[30.871589,62.053838],[30.854222,62.066201],[30.803297,62.080036],[30.782102,62.094755],[30.92222,62.086218],[30.9337,62.081214],[30.94518,62.091811],[30.962548,62.08769],[30.994928,62.061491],[30.954011,62.061491],[30.931934,62.049717],[30.986097,62.042946],[31.029074,62.026462],[31.071757,61.974654],[31.072934,61.966117],[31.03555,61.921374],[30.935172,61.905773],[30.912506,61.909894],[30.854516,61.940802],[30.849806,61.952577]]]}},{"type":"Feature","properties":{"name":"Lake Geneva"},"geometry":{"type":"Polygon","coordinates":[[[6.916531,46.441942],[6.93537,46.423103],[6.913881,46.404264],[6.867666,46.402497],[6.697229,46.423103],[6.499417,46.409268],[6.479106,46.388957],[6.408164,46.365407],[6.39374,46.351278],[6.383732,46.34804],[6.355473,46.371589],[6.294834,46.373944],[6.237138,46.312422],[6.182975,46.238831],[6.133228,46.204685],[6.140293,46.220286],[6.153245,46.231177],[6.160015,46.268856],[6.176499,46.300059],[6.318383,46.451067],[6.352823,46.467257],[6.419055,46.473145],[6.495001,46.513178],[6.597734,46.522304],[6.620106,46.51936],[6.871199,46.458721],[6.916531,46.441942]]]}},{"type":"Feature","properties":{"name":"Lough Neagh"},"geometry":{"type":"Polygon","coordinates":[[[-6.520014,54.728881],[-6.497348,54.746543],[-6.484102,54.74772],[-6.470855,54.740656],[-6.476743,54.719167],[-6.469384,54.70857],[-6.444363,54.706804],[-6.411541,54.69709],[-6.384165,54.699739],[-6.349283,54.71063],[-6.314107,54.712985],[-6.278194,54.724171],[-6.259649,54.722699],[-6.24655,54.715929],[-6.239338,54.706509],[-6.238455,54.695618],[-6.244784,54.683843],[-6.293501,54.654113],[-6.316314,54.612018],[-6.307189,54.607014],[-6.272896,54.609958],[-6.263329,54.597595],[-6.267008,54.583171],[-6.308514,54.566098],[-6.315726,54.556089],[-6.339716,54.554617],[-6.332799,54.54196],[-6.334712,54.534601],[-6.359733,54.526064],[-6.359733,54.521354],[-6.336037,54.501338],[-6.399766,54.483381],[-6.442744,54.507814],[-6.477184,54.511052],[-6.543122,54.506047],[-6.603025,54.526653],[-6.612297,54.536367],[-6.609795,54.549908],[-6.57771,54.558444],[-6.565935,54.57434],[-6.533408,54.594357],[-6.516482,54.61349],[-6.510889,54.637039],[-6.528845,54.690908],[-6.520014,54.728881]]]}},{"type":"Feature","properties":{"name":"V\u00e4ttern"},"geometry":{"type":"Polygon","coordinates":[[[14.913227,58.799054],[14.912049,58.784041],[14.924707,58.771678],[14.937659,58.78934],[14.947962,58.791106],[14.958853,58.785219],[14.960325,58.778154],[14.945018,58.735471],[14.918525,58.696615],[14.915287,58.677776],[14.918525,58.628323],[14.842874,58.586817],[14.862596,58.580341],[14.88379,58.579753],[14.91146,58.565623],[14.94649,58.568272],[14.961502,58.565034],[14.973277,58.552082],[14.958853,58.544134],[14.954732,58.533832],[14.961502,58.52559],[14.979459,58.524706],[14.971511,58.515876],[14.939131,58.50469],[14.907045,58.474076],[14.871133,58.460535],[14.859947,58.458475],[14.832865,58.474665],[14.817264,58.477019],[14.788416,58.469955],[14.714236,58.405195],[14.670376,58.391065],[14.616802,58.326599],[14.637407,58.295397],[14.632698,58.286271],[14.599729,58.261251],[14.595608,58.251831],[14.603261,58.216802],[14.59443,58.202966],[14.544977,58.158812],[14.523488,58.112008],[14.493463,58.093169],[14.459023,58.060789],[14.427526,58.006037],[14.35629,57.9766],[14.338628,57.961294],[14.285642,57.888291],[14.26592,57.846491],[14.267392,57.818821],[14.252674,57.804692],[14.202043,57.787324],[14.17555,57.784675],[14.155533,57.792328],[14.146408,57.810285],[14.137283,57.853851],[14.10137,57.898005],[14.086652,57.943926],[14.123448,57.9766],[14.155239,58.018106],[14.15465,58.034885],[14.183498,58.093169],[14.207341,58.127904],[14.21264,58.182067],[14.244137,58.22681],[14.239427,58.244766],[14.257972,58.257424],[14.278578,58.30305],[14.316256,58.319535],[14.332152,58.335725],[14.380428,58.409316],[14.398089,58.428155],[14.438712,58.44199],[14.441361,58.473781],[14.459317,58.491149],[14.478745,58.489383],[14.491992,58.49527],[14.516424,58.540602],[14.510536,58.546489],[14.510536,58.556203],[14.521134,58.613899],[14.553808,58.642452],[14.74956,58.730761],[14.792243,58.75696],[14.797836,58.77992],[14.804901,58.785513],[14.859947,58.816421],[14.897625,58.819954],[14.907928,58.835849],[14.907928,58.871467],[14.918525,58.881476],[14.929122,58.863814],[14.976809,58.850568],[14.993588,58.8332],[14.978281,58.836438],[14.966212,58.84733],[14.931772,58.82643],[14.913227,58.799054]]]}},{"type":"Feature","properties":{"name":"Storsj\u00f6n"},"geometry":{"type":"Polygon","coordinates":[[[14.141109,63.20804],[14.158183,63.212161],[14.153473,63.225996],[14.116677,63.246896],[14.081354,63.291345],[14.047796,63.289579],[14.035727,63.31666],[13.993044,63.334911],[14.040437,63.328729],[14.094011,63.30989],[14.198511,63.315188],[14.270335,63.285163],[14.297711,63.281042],[14.335684,63.293994],[14.373952,63.276038],[14.39544,63.2519],[14.428115,63.240125],[14.459023,63.23777],[14.472858,63.249839],[14.468148,63.279276],[14.472858,63.287812],[14.484044,63.293405],[14.495818,63.292522],[14.513774,63.281042],[14.512891,63.259848],[14.52967,63.248368],[14.575885,63.232472],[14.627399,63.184196],[14.691276,63.168301],[14.729543,63.144163],[14.795187,63.088528],[14.761335,63.092355],[14.678913,63.14328],[14.528198,63.173893],[14.49729,63.174777],[14.420167,63.152699],[14.411336,63.140042],[14.424877,63.096181],[14.418106,63.066745],[14.466087,62.999924],[14.459317,62.999924],[14.467559,62.965189],[14.47639,62.841556],[14.485221,62.83773],[14.472858,62.814769],[14.431941,62.794458],[14.413396,62.796224],[14.41634,62.808293],[14.445482,62.841556],[14.436651,62.853625],[14.423405,62.861573],[14.411336,62.863339],[14.394557,62.853331],[14.37719,62.87688],[14.352169,62.888949],[14.339805,62.901312],[14.342749,62.917797],[14.333035,62.988444],[14.336567,62.994626],[14.344809,62.984617],[14.374246,62.915147],[14.389258,62.898369],[14.411336,62.889832],[14.403977,62.928099],[14.392202,62.949294],[14.410747,62.951354],[14.430764,62.961068],[14.436945,62.982851],[14.432824,63.00434],[14.396618,63.036425],[14.37719,63.067922],[14.36306,63.104718],[14.350991,63.118847],[14.328325,63.130033],[14.233834,63.152405],[14.219116,63.161236],[14.0737,63.189495],[14.052506,63.201858],[13.99952,63.248073],[13.924752,63.27486],[14.03661,63.25661],[14.092539,63.212161],[14.141109,63.20804]]]}},{"type":"Feature","properties":{"name":"Bodensee"},"geometry":{"type":"Polygon","coordinates":[[[9.732124,47.538448],[9.744487,47.519904],[9.689735,47.519904],[9.676194,47.499298],[9.648819,47.499298],[9.642931,47.501653],[9.641165,47.510484],[9.634689,47.51225],[9.607902,47.499298],[9.592889,47.499298],[9.552856,47.51225],[9.517827,47.492822],[9.494572,47.488112],[9.39802,47.544041],[9.380653,47.574361],[9.371233,47.581131],[9.206684,47.647363],[9.18284,47.670618],[9.206389,47.672384],[9.205506,47.681509],[9.18284,47.704175],[9.161646,47.746858],[9.148694,47.759516],[9.131032,47.767758],[9.073042,47.787481],[9.032126,47.820744],[9.071865,47.816623],[9.17607,47.765698],[9.210805,47.759516],[9.2267,47.724781],[9.322369,47.681804],[9.403025,47.675033],[9.456599,47.656489],[9.488096,47.653839],[9.507229,47.642065],[9.521653,47.612628],[9.537549,47.599087],[9.594361,47.588196],[9.676194,47.55405],[9.718583,47.546691],[9.732124,47.538448]]]}},{"type":"Feature","properties":{},"geometry":{"type":"Polygon","coordinates":[[[27.054275,61.677052],[27.033964,61.67087],[27.047505,61.656741],[27.047505,61.64997],[27.031315,61.649382],[27.018657,61.656152],[27.007177,61.68029],[27.009237,61.702662],[26.99658,61.705016],[26.97568,61.697952],[26.958901,61.683234],[26.979212,61.67087],[26.979212,61.663511],[26.910331,61.665866],[26.889725,61.67087],[26.851458,61.693242],[26.835268,61.697657],[26.838506,61.711198],[26.831441,61.717968],[26.801122,61.717968],[26.807598,61.695008],[26.803771,61.680584],[26.78817,61.676169],[26.759322,61.683234],[26.718994,61.711198],[26.689264,61.712081],[26.677489,61.717968],[26.6978,61.687943],[26.748725,61.658507],[26.807009,61.636724],[26.848809,61.628776],[26.825848,61.655563],[26.824082,61.667338],[26.848809,61.67087],[26.863527,61.665866],[26.874419,61.655269],[26.877657,61.641728],[26.86912,61.628776],[26.889725,61.622595],[26.889725,61.61553],[26.8806,61.609054],[26.882661,61.602872],[26.903561,61.595219],[26.884427,61.588448],[26.862938,61.589037],[26.88531,61.577262],[26.911508,61.574613],[26.897085,61.561956],[26.877068,61.554596],[26.855579,61.553713],[26.835268,61.561072],[26.818489,61.591392],[26.801122,61.595219],[26.821433,61.561072],[26.811719,61.553419],[26.796412,61.553419],[26.770214,61.56431],[26.766976,61.58315],[26.775512,61.60405],[26.775807,61.621417],[26.734301,61.634075],[26.71399,61.647027],[26.662476,61.684705],[26.650702,61.707077],[26.609196,61.717968],[26.610374,61.730332],[26.584176,61.731509],[26.557683,61.741223],[26.553856,61.75182],[26.560921,61.766539],[26.533545,61.792443],[26.49204,61.807455],[26.512939,61.78685],[26.426691,61.792737],[26.40373,61.800685],[26.417565,61.820996],[26.369584,61.838363],[26.364286,61.845428],[26.328079,61.841601],[26.287751,61.846017],[26.270089,61.856025],[26.265968,61.876336],[26.300997,61.868389],[26.312183,61.870155],[26.346035,61.906362],[26.341619,61.937858],[26.371056,61.977892],[26.405496,61.987312],[26.435522,61.987017],[26.431106,61.971416],[26.465841,61.951399],[26.428457,61.951105],[26.399904,61.940802],[26.384597,61.91637],[26.383714,61.90224],[26.39019,61.889288],[26.356043,61.862207],[26.406085,61.85161],[26.458776,61.848372],[26.478793,61.853082],[26.477027,61.865445],[26.458482,61.896942],[26.512939,61.883107],[26.550618,61.913132],[26.560921,61.930499],[26.547086,61.93462],[26.49204,61.930499],[26.552384,61.950811],[26.5777,61.946984],[26.609196,61.930499],[26.595067,61.907245],[26.61891,61.876042],[26.660416,61.85838],[26.698094,61.876336],[26.670719,61.883107],[26.670719,61.889288],[26.730769,61.888111],[26.753141,61.876336],[26.739894,61.865151],[26.744015,61.854259],[26.75785,61.849255],[26.773746,61.855731],[26.782577,61.848961],[26.814663,61.876336],[26.809953,61.88399],[26.822022,61.892526],[26.821433,61.903124],[26.811719,61.91637],[26.803477,61.914898],[26.793763,61.903124],[26.76727,61.903418],[26.70457,61.91843],[26.677489,61.930499],[26.66071,61.942863],[26.615378,61.992316],[26.574461,62.019692],[26.565336,62.045596],[26.553856,62.053838],[26.579466,62.048834],[26.604781,62.019692],[26.622443,62.012921],[26.663948,62.012921],[26.681021,61.995554],[26.682493,61.986429],[26.677489,61.978775],[26.690441,61.973477],[26.727531,61.937858],[26.766976,61.916664],[26.765798,61.931677],[26.741955,61.95817],[26.745781,61.971416],[26.761971,61.973182],[26.784932,61.96494],[26.832913,61.936387],[26.881778,61.899591],[26.907093,61.86986],[26.911508,61.855731],[26.897673,61.860441],[26.86912,61.883107],[26.85293,61.879574],[26.852047,61.870155],[26.862644,61.860441],[26.901794,61.843368],[26.900617,61.81452],[26.883544,61.755941],[26.89002,61.745639],[26.918279,61.746522],[26.928876,61.715319],[26.940062,61.706488],[26.951836,61.717968],[27.023956,61.717968],[27.054275,61.677052]]]}},{"type":"Feature","properties":{"name":"Hj\u00e4lmaren"},"geometry":{"type":"Polygon","coordinates":[[[16.403592,59.304183],[16.426258,59.319784],[16.412423,59.296235],[16.377099,59.281222],[16.128362,59.244721],[16.055359,59.221761],[16.020919,59.216757],[15.95557,59.216168],[15.90906,59.1988],[15.870793,59.19674],[15.880801,59.186437],[15.909944,59.179667],[15.91171,59.168775],[15.901996,59.162299],[15.866672,59.156706],[15.825755,59.142282],[15.700062,59.142282],[15.667976,59.146992],[15.610575,59.170247],[15.579373,59.17584],[15.574957,59.179667],[15.586143,59.188498],[15.617934,59.204688],[15.658557,59.209986],[15.637362,59.229709],[15.558767,59.23118],[15.534924,59.25208],[15.569659,59.258262],[15.545226,59.267976],[15.452207,59.253846],[15.411291,59.25208],[15.341526,59.269153],[15.239088,59.274452],[15.227019,59.285638],[15.256455,59.299473],[15.431896,59.278867],[15.491358,59.301828],[15.518734,59.318018],[15.57584,59.326554],[15.607043,59.311836],[15.645899,59.306243],[15.723317,59.306832],[15.751576,59.299178],[15.783956,59.268565],[15.816041,59.265032],[15.815453,59.281222],[15.833703,59.29594],[15.823106,59.306832],[15.838413,59.323611],[15.850188,59.31684],[15.856075,59.301533],[15.854014,59.292997],[16.022391,59.289759],[16.056831,59.271803],[16.082735,59.26621],[16.108639,59.266798],[16.146318,59.281811],[16.226974,59.285638],[16.289379,59.307421],[16.331473,59.292702],[16.367974,59.294174],[16.403592,59.304183]]]}},{"type":"Feature","properties":{},"geometry":{"type":"Polygon","coordinates":[[[24.684938,61.641139],[24.621944,61.663511],[24.566015,61.661156],[24.536284,61.619062],[24.523332,61.614058],[24.484476,61.622595],[24.42266,61.582267],[24.576612,61.536051],[24.60075,61.513385],[24.532458,61.515446],[24.497134,61.533402],[24.471524,61.537818],[24.42266,61.533697],[24.408825,61.519567],[24.387336,61.514857],[24.294317,61.520156],[24.27224,61.513385],[24.285486,61.499845],[24.233384,61.493369],[24.224553,61.479239],[24.20483,61.472469],[24.201298,61.465698],[24.203947,61.458045],[24.193939,61.44892],[24.162442,61.442738],[24.155671,61.433907],[24.158026,61.421249],[24.165385,61.416245],[24.197177,61.416245],[24.150079,61.402705],[24.142719,61.395934],[24.145369,61.385926],[24.161853,61.368853],[24.163031,61.355018],[24.153022,61.340005],[24.107984,61.341182],[24.09827,61.333823],[24.09621,61.324992],[24.101803,61.315867],[24.114755,61.307331],[24.210718,61.341182],[24.222198,61.332057],[24.224553,61.317339],[24.301382,61.289374],[24.317277,61.280249],[24.326991,61.265531],[24.307269,61.266414],[24.278421,61.287314],[24.261348,61.292612],[24.203947,61.293495],[24.187757,61.307919],[24.141248,61.265236],[24.128884,61.259644],[24.028801,61.256994],[24.000542,61.239332],[23.991122,61.224614],[24.077959,61.17781],[24.135655,61.163386],[24.142719,61.163092],[24.173039,61.191057],[24.224847,61.17781],[24.245158,61.183698],[24.231323,61.211073],[24.289607,61.194295],[24.315217,61.18046],[24.352307,61.173395],[24.367614,61.162798],[24.388513,61.128946],[24.367614,61.133656],[24.324636,61.153967],[24.312568,61.142781],[24.326403,61.113345],[24.374384,61.085674],[24.416184,61.046524],[24.467109,61.032689],[24.477706,61.019737],[24.419127,61.022092],[24.392635,61.033866],[24.370852,61.070367],[24.323459,61.094211],[24.307269,61.122764],[24.294611,61.122764],[24.27224,61.108635],[24.27224,61.067718],[24.252223,61.065658],[24.223375,61.07596],[24.133005,61.132773],[24.10298,61.134539],[24.046168,61.15956],[24.032627,61.161326],[24.009078,61.15485],[23.988767,61.168096],[23.791543,61.203126],[23.764462,61.218433],[23.778885,61.224614],[23.757397,61.282604],[23.750332,61.314984],[23.757691,61.341182],[23.798019,61.259055],[23.833343,61.213134],[23.898692,61.211073],[23.958153,61.191351],[23.977581,61.197238],[23.96198,61.20342],[23.950794,61.215783],[23.936665,61.245808],[23.970811,61.245808],[24.012905,61.264059],[24.046462,61.293495],[24.055293,61.323815],[24.047934,61.350013],[24.027623,61.368558],[23.990533,61.381216],[23.971988,61.411241],[23.970811,61.423899],[23.984057,61.435379],[24.004368,61.436556],[24.042636,61.430669],[24.057059,61.418306],[24.074427,61.418306],[24.155671,61.464815],[24.152139,61.479239],[24.27224,61.545471],[24.345831,61.562839],[24.367908,61.589037],[24.340532,61.6014],[24.348186,61.608759],[24.307563,61.605521],[24.296672,61.608465],[24.306386,61.628776],[24.324636,61.648204],[24.340532,61.652914],[24.356428,61.647615],[24.374678,61.636135],[24.37144,61.621123],[24.40382,61.61288],[24.421188,61.62024],[24.478295,61.629659],[24.48948,61.639962],[24.477706,61.656741],[24.511852,61.67087],[24.511852,61.677052],[24.457395,61.683234],[24.457395,61.690887],[24.475351,61.684705],[24.575435,61.679701],[24.60075,61.697657],[24.60075,61.705016],[24.587504,61.705016],[24.62636,61.722384],[24.765888,61.738574],[24.780018,61.732392],[24.765888,61.711198],[24.730859,61.71738],[24.690237,61.710904],[24.664627,61.694419],[24.676402,61.67087],[24.662861,61.663511],[24.704366,61.64997],[24.684938,61.641139]]]}},{"type":"Feature","properties":{"name":"Pyh\u00e4j\u00e4rvi"},"geometry":{"type":"Polygon","coordinates":[[[23.501594,61.420072],[23.490114,61.397995],[23.500123,61.382099],[23.539273,61.361788],[23.569592,61.337944],[23.584605,61.332351],[23.625227,61.334118],[23.657019,61.326464],[23.723545,61.32823],[23.725311,61.320871],[23.720601,61.314984],[23.710004,61.314101],[23.703234,61.293495],[23.73061,61.279955],[23.732376,61.266414],[23.72796,61.255817],[23.703234,61.239038],[23.683217,61.259349],[23.694697,61.273184],[23.686161,61.286725],[23.652603,61.300855],[23.531914,61.307331],[23.553108,61.287314],[23.497768,61.293495],[23.511897,61.307331],[23.463621,61.348247],[23.475985,61.360316],[23.458617,61.372679],[23.418878,61.385926],[23.37649,61.369736],[23.349408,61.368853],[23.326448,61.375623],[23.359711,61.382982],[23.375312,61.41654],[23.433008,61.410358],[23.446254,61.414479],[23.559878,61.485421],[23.600206,61.495429],[23.6423,61.498962],[23.688221,61.490131],[23.708238,61.493957],[23.716775,61.516329],[23.641712,61.539878],[23.634941,61.556657],[23.631703,61.58786],[23.614336,61.595219],[23.641712,61.608759],[23.586666,61.623772],[23.558407,61.636724],[23.556346,61.653208],[23.576657,61.657329],[23.631115,61.638196],[23.656136,61.642317],[23.637002,61.653208],[23.614336,61.656741],[23.614336,61.663511],[23.633175,61.663805],[23.649071,61.67087],[23.539273,61.705016],[23.571064,61.708549],[23.636413,61.702073],[23.669676,61.705016],[23.692048,61.717968],[23.692931,61.734453],[23.677035,61.747994],[23.649071,61.752115],[23.682923,61.776841],[23.709121,61.782434],[23.710004,61.803923],[23.669676,61.814814],[23.669676,61.820996],[23.690576,61.832771],[23.711182,61.836597],[23.764462,61.83542],[23.74209,61.857791],[23.710004,61.873098],[23.647599,61.886639],[23.63553,61.903124],[23.675858,61.903124],[23.703528,61.889288],[23.749449,61.883107],[23.825101,61.857791],[23.842762,61.856908],[23.869255,61.875159],[23.874259,61.886345],[23.871021,61.896648],[23.847178,61.896942],[23.831871,61.91166],[23.835109,61.917253],[23.909289,61.91843],[23.943435,61.930499],[23.970222,61.960525],[23.984352,61.96494],[24.054116,61.964646],[24.072955,61.971416],[23.998775,61.992316],[24.013199,61.99261],[24.021441,61.997909],[24.025268,62.007328],[24.021441,62.025873],[24.007018,62.027051],[24.004957,62.034116],[24.007018,62.041769],[24.022325,62.050894],[24.020264,62.066496],[23.999364,62.086512],[23.971988,62.102997],[23.950205,62.109178],[23.963746,62.094755],[23.953738,62.091517],[23.908111,62.100936],[23.880147,62.091811],[23.796547,62.103291],[23.785067,62.088573],[23.73738,62.102408],[23.682923,62.102408],[23.657019,62.112416],[23.649071,62.119481],[23.652603,62.122719],[23.703234,62.12949],[23.678213,62.14303],[23.649071,62.143325],[23.65849,62.162753],[23.621401,62.211617],[23.665261,62.23134],[23.684689,62.234578],[23.710004,62.225747],[23.682334,62.216033],[23.67262,62.208085],[23.671737,62.197782],[23.699407,62.175116],[23.696758,62.169229],[23.683217,62.163636],[23.696169,62.151567],[23.717069,62.144208],[23.739146,62.143325],[23.757691,62.150095],[23.756514,62.161281],[23.764462,62.17806],[23.786539,62.18012],[23.795664,62.17541],[23.803023,62.148034],[23.830988,62.145974],[23.874554,62.133022],[23.892804,62.135671],[23.922829,62.157454],[23.905168,62.179531],[23.907523,62.192189],[23.922829,62.204552],[23.904285,62.218682],[23.909877,62.224569],[23.950205,62.218388],[23.958153,62.238404],[23.974049,62.241054],[24.019087,62.231928],[23.992888,62.200137],[23.975521,62.195133],[23.956976,62.204552],[23.944024,62.190423],[23.936665,62.174233],[23.938725,62.164225],[23.954621,62.141264],[23.977581,62.150095],[23.987884,62.172761],[23.998775,62.17806],[24.019087,62.148034],[24.034393,62.135082],[24.053233,62.12949],[24.065596,62.134788],[24.069717,62.147446],[24.106807,62.144502],[24.13536,62.157454],[24.185991,62.171289],[24.203653,62.169229],[24.190406,62.150095],[24.167446,62.140381],[24.106807,62.136554],[24.080609,62.12949],[24.095032,62.116538],[24.163031,62.122719],[24.128296,62.093577],[24.087379,62.075032],[24.087379,62.068262],[24.101803,62.060314],[24.167152,62.050894],[24.21425,62.034116],[24.237505,62.042358],[24.257816,62.062375],[24.286075,62.109178],[24.272828,62.115654],[24.277244,62.120659],[24.306386,62.122719],[24.353484,62.105057],[24.357605,62.098581],[24.318749,62.087984],[24.309035,62.068556],[24.278421,62.047656],[24.299616,62.040003],[24.323753,62.040297],[24.330524,62.037059],[24.340532,62.019692],[24.363198,62.021752],[24.39234,62.036765],[24.474173,62.019103],[24.57308,62.019103],[24.594568,62.026462],[24.565132,62.037648],[24.529808,62.091222],[24.498311,62.109178],[24.475057,62.109178],[24.445031,62.092988],[24.426486,62.088573],[24.411768,62.100053],[24.361138,62.116538],[24.388513,62.12949],[24.30197,62.162164],[24.278421,62.17806],[24.332584,62.175116],[24.364081,62.165991],[24.401466,62.144502],[24.411474,62.14303],[24.427664,62.149212],[24.457395,62.135671],[24.505082,62.12949],[24.534224,62.10594],[24.560128,62.094166],[24.587504,62.067967],[24.608109,62.075032],[24.60075,62.081214],[24.608109,62.088573],[24.60075,62.094755],[24.628715,62.122719],[24.580733,62.151567],[24.573963,62.170701],[24.594568,62.184241],[24.587504,62.211617],[24.61488,62.191012],[24.621944,62.228985],[24.618412,62.240759],[24.601044,62.249884],[24.594568,62.259893],[24.629892,62.26107],[24.662861,62.266663],[24.690531,62.277555],[24.69789,62.275789],[24.690237,62.259893],[24.697596,62.252534],[24.658445,62.206907],[24.662861,62.191012],[24.681995,62.183653],[24.7235,62.201903],[24.745283,62.204552],[24.738512,62.218388],[24.780018,62.218388],[24.757057,62.193661],[24.715258,62.175116],[24.684349,62.155394],[24.693769,62.126252],[24.727621,62.115949],[24.731742,62.105646],[24.72556,62.101525],[24.686999,62.105646],[24.64932,62.086512],[24.640195,62.075915],[24.649614,62.053838],[24.635191,62.027051],[24.61694,62.014393],[24.580145,62.00674],[24.640489,61.989078],[24.670809,61.974654],[24.683761,61.954932],[24.690531,61.930499],[24.729682,61.918725],[24.738218,61.906656],[24.739101,61.894881],[24.731742,61.889288],[24.711137,61.897531],[24.649614,61.951399],[24.594568,61.96494],[24.582794,61.982602],[24.532458,61.984957],[24.532458,61.992316],[24.560422,61.999381],[24.528631,62.008506],[24.480355,62.012333],[24.430902,62.009389],[24.395873,61.999381],[24.414418,61.995554],[24.430608,61.984957],[24.412946,61.980247],[24.326697,62.002913],[24.310507,62.00203],[24.278421,61.984957],[24.268707,61.997909],[24.235739,62.01145],[24.172156,62.015276],[24.088262,62.040592],[24.072955,62.040297],[24.065007,62.02764],[24.067951,62.015571],[24.078842,62.007328],[24.094149,62.00674],[24.092383,61.990844],[24.105335,61.982307],[24.145663,61.978775],[24.167152,61.981719],[24.176866,61.978775],[24.18658,61.961996],[24.197177,61.958464],[24.180692,61.954049],[24.107984,61.958464],[24.019087,61.94404],[24.028506,61.931088],[24.044402,61.922257],[24.080609,61.909894],[24.004957,61.916664],[23.943435,61.903124],[23.970811,61.896942],[23.963452,61.878397],[23.936665,61.868389],[23.906639,61.848961],[23.88103,61.85161],[23.854537,61.83542],[23.796842,61.820996],[23.758574,61.787733],[23.73061,61.773309],[23.740912,61.770365],[23.757691,61.745933],[23.819213,61.732392],[23.819213,61.725622],[23.764462,61.725622],[23.778885,61.717968],[23.764462,61.705016],[23.772115,61.693242],[23.768877,61.682056],[23.744739,61.663511],[23.718246,61.666749],[23.731493,61.650853],[23.776236,61.635841],[23.828633,61.640551],[23.868961,61.651442],[23.914587,61.650853],[23.936665,61.656741],[23.893393,61.63849],[23.789188,61.63172],[23.750921,61.622595],[23.773292,61.601106],[23.806556,61.620828],[23.819213,61.62024],[23.826572,61.608759],[23.81362,61.606699],[23.778885,61.589037],[23.806261,61.554008],[23.81156,61.535168],[23.795959,61.526926],[23.766228,61.521039],[23.731787,61.491308],[23.710004,61.479239],[23.68204,61.473941],[23.590492,61.472174],[23.565766,61.466876],[23.541334,61.45363],[23.501594,61.420072]]]}},{"type":"Feature","properties":{},"geometry":{"type":"Polygon","coordinates":[[[23.231074,61.432141],[23.264337,61.402705],[23.22813,61.403882],[23.157483,61.415951],[23.120982,61.410358],[23.085952,61.38622],[23.074472,61.371208],[23.062109,61.369736],[23.053867,61.375329],[23.059459,61.389164],[23.030906,61.405059],[22.960259,61.341182],[22.80454,61.323521],[22.720352,61.287314],[22.692682,61.279955],[22.668544,61.252579],[22.644112,61.235506],[22.640285,61.224614],[22.651471,61.207541],[22.64735,61.201065],[22.579057,61.211073],[22.626744,61.211073],[22.617325,61.230796],[22.626744,61.245808],[22.660596,61.274067],[22.738603,61.322637],[22.775104,61.331468],[22.808956,61.348247],[22.877837,61.344715],[22.947601,61.358256],[23.002647,61.421544],[23.02443,61.439794],[23.045919,61.44421],[23.060048,61.423016],[23.080654,61.423899],[23.146591,61.441266],[23.158071,61.4604],[23.168963,61.464815],[23.38797,61.464815],[23.38797,61.458045],[23.372663,61.452746],[23.240788,61.451275],[23.22342,61.445387],[23.231074,61.432141]]]}},{"type":"Feature","properties":{},"geometry":{"type":"Polygon","coordinates":[[[26.650996,63.170361],[26.623032,63.123263],[26.635689,63.109722],[26.629213,63.109722],[26.635689,63.095887],[26.613318,63.095887],[26.588885,63.08058],[26.560921,63.088528],[26.533839,63.082052],[26.536783,63.071749],[26.546203,63.06439],[26.581232,63.051438],[26.62362,63.023179],[26.637455,62.982557],[26.663948,62.965778],[26.663948,62.958713],[26.649524,62.95577],[26.643343,62.94164],[26.629508,62.938402],[26.562981,62.966955],[26.529129,62.989033],[26.487918,62.995803],[26.451417,63.020235],[26.464664,63.031716],[26.485564,63.027006],[26.485564,63.033187],[26.466136,63.03878],[26.455244,63.048494],[26.456421,63.060858],[26.472023,63.075576],[26.436405,63.111194],[26.431106,63.126795],[26.418743,63.14063],[26.335438,63.171244],[26.293638,63.19391],[26.197675,63.27486],[26.252722,63.270151],[26.28098,63.260437],[26.300703,63.246896],[26.293932,63.225702],[26.32072,63.196854],[26.362519,63.17566],[26.451417,63.150639],[26.458482,63.164768],[26.473789,63.157703],[26.49204,63.157409],[26.491451,63.175954],[26.502342,63.191555],[26.560921,63.184785],[26.579171,63.208923],[26.615967,63.185962],[26.630096,63.185079],[26.643343,63.191555],[26.627153,63.200092],[26.591535,63.243069],[26.558566,63.252783],[26.549441,63.273389],[26.491156,63.273977],[26.472023,63.281042],[26.395488,63.335205],[26.383419,63.349334],[26.424336,63.368468],[26.460248,63.365525],[26.477321,63.378477],[26.487035,63.380243],[26.50558,63.375827],[26.504697,63.35581],[26.521476,63.334028],[26.567691,63.301353],[26.583881,63.314894],[26.629213,63.327552],[26.716934,63.325785],[26.732829,63.32137],[26.70722,63.298115],[26.635689,63.301353],[26.661005,63.276627],[26.722527,63.277215],[26.753141,63.267207],[26.718994,63.253077],[26.73489,63.246601],[26.746959,63.210395],[26.766976,63.198326],[26.711635,63.198326],[26.686026,63.180664],[26.650996,63.170361]]]}},{"type":"Feature","properties":{},"geometry":{"type":"Polygon","coordinates":[[[26.581232,61.622595],[26.543553,61.6014],[26.485564,61.61553],[26.45024,61.596102],[26.438465,61.611409],[26.396371,61.61553],[26.40373,61.636135],[26.341619,61.656741],[26.305118,61.680584],[26.260964,61.692064],[26.238003,61.71267],[26.204446,61.759768],[26.190316,61.746227],[26.180897,61.71738],[26.166767,61.706488],[26.163529,61.71473],[26.150577,61.723561],[26.121729,61.730921],[26.090527,61.73357],[26.070804,61.72886],[26.065506,61.719146],[26.081696,61.705016],[26.067272,61.677052],[26.057264,61.668221],[26.067272,61.656741],[26.122024,61.642317],[26.108189,61.656741],[26.132327,61.679407],[26.159997,61.678818],[26.175598,61.663511],[26.163529,61.642317],[26.197675,61.628776],[26.17236,61.60611],[26.150283,61.577557],[26.145279,61.552536],[26.1703,61.539878],[26.163529,61.526926],[26.120846,61.538406],[26.058147,61.542527],[26.012226,61.561072],[26.01723,61.567254],[26.012226,61.567843],[26.010165,61.583444],[25.985439,61.624949],[25.94099,61.612292],[25.922445,61.63378],[25.868871,61.64997],[25.848854,61.677052],[25.86004,61.676463],[25.883,61.663511],[25.903606,61.683234],[25.930982,61.681173],[25.939812,61.684411],[25.950704,61.697657],[25.950704,61.725622],[25.97808,61.752115],[25.978669,61.763889],[25.968954,61.771248],[25.930098,61.773309],[25.937163,61.783317],[25.930098,61.803923],[25.935691,61.813637],[25.947172,61.815697],[25.958946,61.80981],[25.964245,61.796858],[25.976608,61.78891],[26.046961,61.773309],[26.073159,61.749465],[26.146162,61.742401],[26.158231,61.744461],[26.184135,61.807455],[26.181191,61.820407],[26.188844,61.836303],[26.211216,61.855731],[26.23035,61.849844],[26.25125,61.836303],[26.258903,61.822173],[26.238886,61.814814],[26.293932,61.752115],[26.265968,61.745933],[26.280686,61.722384],[26.300408,61.703545],[26.325429,61.690593],[26.356043,61.683234],[26.373411,61.686472],[26.371939,61.699718],[26.341619,61.732392],[26.358987,61.735336],[26.393133,61.717968],[26.420803,61.718263],[26.444353,61.692064],[26.458482,61.690887],[26.466136,61.708549],[26.410795,61.732392],[26.441703,61.749171],[26.48262,61.745639],[26.518238,61.729449],[26.540021,61.697069],[26.567985,61.672931],[26.574461,61.663511],[26.555622,61.637313],[26.555622,61.629365],[26.581232,61.622595]]]}},{"type":"Feature","properties":{"name":"Lake Beloye"},"geometry":{"type":"Polygon","coordinates":[[[37.251048,60.135173],[37.22014,60.173146],[37.221612,60.193751],[37.246927,60.220538],[37.278424,60.24497],[37.364379,60.293246],[37.431494,60.31915],[37.50273,60.335635],[37.815639,60.34005],[37.885109,60.318561],[38.008153,60.225837],[38.01875,60.211119],[38.023165,60.186392],[37.984604,60.135173],[37.978128,60.108974],[37.988725,60.093962],[38.032585,60.073945],[37.956639,60.06011],[37.397642,60.08101],[37.312865,60.107502],[37.251048,60.135173]]]}},{"type":"Feature","properties":{"name":"Lake Balaton"},"geometry":{"type":"Polygon","coordinates":[[[17.845682,46.848165],[17.563092,46.764565],[17.531596,46.743371],[17.474489,46.717173],[17.431217,46.713935],[17.353211,46.724237],[17.309939,46.724826],[17.275204,46.716584],[17.258426,46.718056],[17.247828,46.731596],[17.262841,46.767803],[17.303169,46.768392],[17.345263,46.758089],[17.364691,46.76221],[17.370873,46.775457],[17.38618,46.787526],[17.422975,46.800478],[17.460654,46.798417],[17.495683,46.786348],[17.575456,46.823144],[17.639627,46.833152],[17.671713,46.865532],[17.682604,46.869948],[17.82125,46.906154],[17.837734,46.919989],[17.878062,46.897029],[17.89278,46.895557],[17.901906,46.907037],[17.89543,46.920284],[17.86511,46.937063],[17.86511,46.943833],[17.964311,46.982395],[17.995513,46.999173],[18.022889,47.024489],[18.033486,47.040679],[18.037313,47.056869],[18.046733,47.060401],[18.112082,47.04686],[18.152115,47.027432],[18.168599,47.013597],[18.169483,47.002117],[18.135925,46.955902],[18.118852,46.943833],[18.07823,46.927349],[17.938995,46.894085],[17.919567,46.895557],[17.899551,46.87554],[17.845682,46.848165]]]}},{"type":"Feature","properties":{},"geometry":{"type":"Polygon","coordinates":[[[30.78799,63.824438],[30.810067,63.835918],[30.787695,63.840334],[30.786518,63.850637],[30.802708,63.876835],[30.802413,63.892142],[30.782102,63.924522],[30.823608,63.924522],[30.8919,63.910981],[30.900437,63.896557],[30.861286,63.880367],[30.851867,63.865355],[30.85952,63.859468],[30.916332,63.856524],[30.922808,63.845338],[30.938704,63.836801],[31.13946,63.820023],[31.173018,63.812369],[31.202454,63.797651],[31.220999,63.774396],[31.179788,63.765565],[31.138872,63.767626],[31.180966,63.777634],[31.193623,63.787348],[31.170957,63.799712],[31.141815,63.805893],[31.049679,63.809131],[31.042615,63.795002],[30.987568,63.801772],[31.002287,63.776457],[31.025836,63.766448],[31.083826,63.760856],[31.107669,63.752613],[31.173312,63.705515],[31.130629,63.719056],[31.117972,63.712285],[31.139166,63.705809],[31.145642,63.696979],[31.145348,63.68491],[31.131218,63.676079],[31.06322,63.68491],[31.06322,63.67755],[31.14417,63.651352],[31.173018,63.630158],[31.152118,63.609847],[31.158888,63.595717],[31.131218,63.608081],[31.08883,63.636928],[31.044086,63.644876],[30.992278,63.676079],[30.954011,63.68491],[30.911034,63.68226],[30.888957,63.685498],[30.871589,63.699333],[30.921631,63.70316],[30.940176,63.712874],[30.939587,63.732891],[30.90603,63.755263],[30.903675,63.76321],[30.9337,63.774396],[30.893961,63.783227],[30.865407,63.804127],[30.849512,63.806482],[30.813305,63.801772],[30.666123,63.822083],[30.78799,63.824438]]]}},{"type":"Feature","properties":{},"geometry":{"type":"Polygon","coordinates":[[[38.646629,61.304976],[38.636032,61.329408],[38.669883,61.361788],[38.667234,61.393874],[38.669883,61.402705],[38.683719,61.41389],[38.719337,61.424782],[38.770262,61.455396],[38.964836,61.485421],[38.933045,61.443621],[38.874172,61.389164],[38.860337,61.366498],[38.851506,61.306153],[38.895955,61.272007],[38.902726,61.259349],[38.902726,61.211073],[38.820009,61.197238],[38.755543,61.205186],[38.738176,61.179871],[38.720514,61.178105],[38.699909,61.183698],[38.657815,61.207835],[38.645746,61.223437],[38.641919,61.269358],[38.646629,61.304976]]]}},{"type":"Feature","properties":{},"geometry":{"type":"Polygon","coordinates":[[[28.786019,66.344489],[28.830468,66.337719],[28.863437,66.32359],[28.890813,66.289443],[28.91083,66.282379],[28.932613,66.282673],[28.97294,66.295625],[28.97294,66.302984],[28.932024,66.309166],[28.950274,66.322707],[28.983538,66.319174],[29.048592,66.302984],[29.172225,66.302984],[29.172225,66.295625],[29.034757,66.295625],[29.057717,66.277669],[29.062133,66.268249],[29.011796,66.283262],[28.986187,66.282673],[28.96617,66.268249],[29.060072,66.247644],[29.090097,66.248527],[29.067137,66.232042],[28.959694,66.241168],[28.94321,66.238813],[28.937617,66.236163],[28.937617,66.204372],[28.822226,66.182589],[28.794556,66.172581],[28.72538,66.131664],[28.699182,66.124305],[28.699182,66.117535],[28.706541,66.117535],[28.686818,66.110764],[28.428955,66.100756],[28.38539,66.092514],[28.343296,66.076029],[28.388333,66.069553],[28.567601,66.083094],[28.614405,66.095752],[28.661503,66.102228],[28.706541,66.090159],[28.657971,66.064255],[28.610284,66.049242],[28.50549,66.048065],[28.47311,66.042472],[28.479292,66.02952],[28.322101,66.042472],[28.072186,66.028931],[28.041867,66.035702],[28.023027,66.055718],[28.021261,66.062783],[28.029209,66.070142],[28.076013,66.076029],[28.064238,66.090748],[28.021261,66.103994],[28.047754,66.121656],[28.016257,66.134313],[27.917645,66.144911],[27.849353,66.166105],[27.862893,66.176113],[27.916762,66.182884],[27.95238,66.166694],[28.027443,66.166105],[28.104861,66.147266],[28.140773,66.114297],[28.109865,66.090159],[28.121051,66.083094],[28.11693,66.076029],[28.143128,66.060428],[28.299435,66.083094],[28.363312,66.097518],[28.4475,66.13343],[28.476348,66.138729],[28.617349,66.144911],[28.527862,66.179646],[28.552294,66.188182],[28.613522,66.192892],[28.610284,66.207021],[28.740098,66.207021],[28.787785,66.227333],[28.834589,66.22174],[28.849896,66.227333],[28.821932,66.234103],[28.821932,66.241168],[28.849896,66.248527],[28.849896,66.254708],[28.834295,66.258241],[28.821932,66.268249],[28.836355,66.282673],[28.735389,66.313287],[28.706541,66.33036],[28.740981,66.342429],[28.786019,66.344489]]]}},{"type":"Feature","properties":{"name":"Sea of Galilee"},"geometry":{"type":"Polygon","coordinates":[[[35.637344,32.840553],[35.640877,32.820831],[35.635578,32.781975],[35.640877,32.772261],[35.634989,32.769612],[35.634106,32.752244],[35.599371,32.717803],[35.577,32.720158],[35.566402,32.756954],[35.549329,32.769612],[35.517244,32.820831],[35.52372,32.852033],[35.554922,32.880587],[35.591718,32.897954],[35.613501,32.895894],[35.637639,32.874994],[35.640877,32.864985],[35.637344,32.840553]]]}},{"type":"Feature","properties":{},"geometry":{"type":"Polygon","coordinates":[[[32.762879,65.857022],[32.903585,65.864382],[32.872676,65.871152],[32.884745,65.884693],[32.865023,65.894112],[32.817336,65.905298],[32.865317,65.925609],[32.83382,65.934146],[32.728438,65.925609],[32.746394,65.954163],[32.749043,65.963582],[32.743451,65.984188],[32.749043,65.993902],[32.769943,66.009209],[32.799968,66.018923],[32.859136,66.02952],[32.839708,66.035407],[32.797319,66.030109],[32.776419,66.035702],[32.806739,66.046593],[32.840296,66.05042],[32.940086,66.049537],[32.952743,66.04571],[32.96128,66.035702],[32.880035,66.021572],[32.847067,66.005088],[32.855309,65.977712],[32.872382,65.972413],[32.944501,65.98095],[32.958925,65.976534],[32.913593,65.946804],[32.931844,65.938856],[33.018387,65.947098],[33.120825,65.933852],[33.099042,65.910008],[33.105224,65.891463],[33.07932,65.878217],[33.057537,65.857022],[33.105224,65.837006],[33.099042,65.824348],[33.076965,65.820521],[33.030161,65.822582],[33.043113,65.80963],[32.989245,65.796089],[32.913593,65.796089],[32.889161,65.78873],[32.831171,65.755172],[32.806444,65.753112],[32.735503,65.760471],[32.714897,65.768713],[32.710187,65.784903],[32.78319,65.796089],[32.767294,65.806392],[32.749338,65.810219],[32.69282,65.812868],[32.689582,65.819933],[32.69753,65.826997],[32.714897,65.830235],[32.714897,65.837006],[32.692526,65.840832],[32.682812,65.847014],[32.680751,65.857022],[32.693997,65.865559],[32.762879,65.857022]],[[32.823812,65.847897],[32.781423,65.841716],[32.762879,65.830235],[32.787016,65.814634],[32.947739,65.815812],[32.924484,65.823465],[32.844712,65.822582],[32.869733,65.837594],[32.908589,65.841127],[32.982474,65.837006],[32.971583,65.84878],[32.953921,65.852607],[32.823812,65.847897]]]}},{"type":"Feature","properties":{"name":"V\u00f5rtsj\u00e4rv"},"geometry":{"type":"Polygon","coordinates":[[[26.149105,58.364572],[26.153521,58.338963],[26.138214,58.230342],[26.129677,58.216802],[26.082285,58.184127],[26.074337,58.168526],[26.077869,58.149981],[26.093471,58.125843],[26.08464,58.109947],[26.071688,58.102],[26.044017,58.149098],[26.040779,58.177357],[26.033126,58.189426],[25.99633,58.209737],[25.988383,58.220628],[25.992209,58.244766],[25.938929,58.283622],[25.91332,58.316885],[25.910376,58.329837],[25.914203,58.33808],[25.94099,58.356919],[25.963362,58.395775],[25.977197,58.408727],[26.00575,58.414909],[26.066683,58.411082],[26.095531,58.402545],[26.122024,58.388121],[26.149105,58.364572]]]}},{"type":"Feature","properties":{},"geometry":{"type":"Polygon","coordinates":[[[12.924208,63.618678],[12.856504,63.671369],[12.911256,63.671369],[12.938043,63.688442],[13.007219,63.717878],[13.064031,63.732008],[13.244476,63.732891],[13.27303,63.726121],[13.3216,63.67755],[13.306882,63.676962],[13.234468,63.706398],[13.023703,63.705221],[12.979549,63.691974],[13.033712,63.679022],[13.062559,63.666953],[13.088758,63.636928],[13.177361,63.609847],[13.037244,63.595717],[13.016344,63.586886],[13.024292,63.567458],[13.061382,63.534195],[13.175301,63.486214],[13.237412,63.47179],[13.323955,63.46237],[13.354863,63.451184],[13.373997,63.433817],[13.363105,63.411445],[13.353685,63.411151],[13.293341,63.447063],[13.22652,63.455306],[13.158816,63.474439],[13.051079,63.522421],[13.005158,63.530957],[12.949524,63.573051],[12.941576,63.598955],[12.924208,63.618678]]]}},{"type":"Feature","properties":{"name":"Lake Sevan"},"geometry":{"type":"Polygon","coordinates":[[[45.038746,40.496375],[44.993708,40.49873],[44.971925,40.506973],[44.960445,40.51963],[44.966627,40.536998],[45.012547,40.558192],[45.004894,40.574382],[44.977518,40.590572],[44.974869,40.615299],[44.978107,40.623835],[44.986349,40.627368],[45.077896,40.602052],[45.090848,40.602052],[45.099973,40.590278],[45.22184,40.533465],[45.247156,40.510211],[45.296903,40.479302],[45.296314,40.461346],[45.303085,40.457519],[45.350772,40.447805],[45.359603,40.459286],[45.350477,40.467528],[45.357836,40.488722],[45.406112,40.468117],[45.43967,40.441624],[45.490889,40.385695],[45.529156,40.365089],[45.570073,40.353903],[45.583614,40.345367],[45.649257,40.275014],[45.661326,40.252642],[45.66633,40.224677],[45.66162,40.201128],[45.648668,40.182583],[45.630123,40.170809],[45.608046,40.166688],[45.563008,40.171692],[45.508551,40.146082],[45.468223,40.16345],[45.444085,40.166099],[45.404346,40.14461],[45.380502,40.139312],[45.330461,40.139312],[45.286012,40.147554],[45.25422,40.167865],[45.23332,40.199656],[45.220663,40.241751],[45.228022,40.323878],[45.22655,40.371859],[45.207122,40.399824],[45.165911,40.386283],[45.128527,40.399824],[45.121462,40.449572],[45.090848,40.453987],[45.038746,40.496375]]]}},{"type":"Feature","properties":{"name":"Storavan"},"geometry":{"type":"Polygon","coordinates":[[[17.948121,65.901471],[18.014941,65.886753],[18.037313,65.871152],[18.077347,65.802271],[18.12209,65.774601],[18.172721,65.761354],[18.16595,65.782254],[18.221291,65.768713],[18.330205,65.777839],[18.364057,65.757822],[18.392611,65.748108],[18.364646,65.733978],[18.401147,65.703953],[18.529784,65.658915],[18.480625,65.650968],[18.380247,65.645963],[18.3305,65.651262],[18.218936,65.688941],[18.186556,65.686291],[18.227472,65.656855],[18.224529,65.651262],[18.204512,65.655677],[18.179785,65.674517],[18.16595,65.679227],[18.139752,65.663331],[18.129449,65.650673],[18.128566,65.641842],[18.193915,65.617999],[18.18214,65.605636],[18.155059,65.60122],[18.089416,65.62212],[18.077347,65.63154],[18.091476,65.64508],[18.077052,65.655383],[18.071165,65.672456],[18.118852,65.665097],[18.12209,65.677755],[18.112082,65.686291],[18.084706,65.693062],[18.084706,65.699832],[18.112082,65.706014],[18.112082,65.713373],[18.082351,65.71249],[18.071165,65.716316],[18.055858,65.747519],[18.05733,65.768713],[18.021123,65.801976],[18.005522,65.831118],[17.956363,65.841127],[17.940762,65.857022],[17.982267,65.864382],[17.961073,65.881455],[17.933697,65.890874],[17.948121,65.901471]]]}},{"type":"Feature","properties":{"name":"Uddjaure"},"geometry":{"type":"Polygon","coordinates":[[[17.87188,65.912069],[17.843621,65.889108],[17.843916,65.871152],[17.824488,65.852901],[17.783571,65.841421],[17.739417,65.845837],[17.727642,65.864382],[17.659055,65.884693],[17.676717,65.890874],[17.714101,65.885576],[17.727642,65.898233],[17.727642,65.912069],[17.668769,65.922077],[17.659055,65.932674],[17.667003,65.938267],[17.720872,65.939444],[17.717045,65.947981],[17.768853,65.946804],[17.748248,65.968586],[17.639038,66.007737],[17.637861,66.024221],[17.614606,66.031286],[17.586347,66.028637],[17.569568,66.015096],[17.592235,66.009209],[17.611074,65.993902],[17.515405,66.015096],[17.54337,66.021866],[17.526591,66.032464],[17.524825,66.040117],[17.529829,66.049242],[17.513639,66.05248],[17.481554,66.076029],[17.443286,66.076618],[17.405608,66.070436],[17.379998,66.059545],[17.376466,66.047476],[17.385885,66.007737],[17.378526,66.007737],[17.327307,66.065138],[17.337315,66.083388],[17.315827,66.092219],[17.303169,66.111353],[17.371461,66.103994],[17.399426,66.090159],[17.408846,66.091336],[17.420032,66.103994],[17.451823,66.111353],[17.478316,66.109881],[17.502159,66.099579],[17.553084,66.052775],[17.58046,66.047476],[17.59665,66.048065],[17.603715,66.052775],[17.594589,66.073086],[17.572806,66.088098],[17.522176,66.103994],[17.53395,66.112825],[17.547786,66.113414],[17.597239,66.100167],[17.608719,66.092219],[17.611074,66.076029],[17.633446,66.0619],[17.655523,66.056013],[17.678189,66.060134],[17.700561,66.076029],[17.692613,66.085449],[17.699383,66.087215],[17.724404,66.083388],[17.75178,66.056601],[17.773857,66.046299],[17.782099,66.046887],[17.787692,66.053363],[17.789164,66.06661],[17.798289,66.071614],[17.857751,66.076029],[17.730586,66.125777],[17.653168,66.134902],[17.631679,66.158451],[17.597239,66.169637],[17.583992,66.178468],[17.597533,66.185827],[17.624615,66.172581],[17.63845,66.17994],[17.639627,66.184061],[17.611957,66.187888],[17.620199,66.217913],[17.673185,66.213792],[17.686725,66.199368],[17.726465,66.190537],[17.812125,66.187888],[17.851275,66.179646],[17.834202,66.173464],[17.799761,66.176113],[17.782982,66.172581],[17.827137,66.155508],[17.837734,66.131075],[17.85569,66.124599],[17.903083,66.11989],[17.912797,66.114297],[17.923689,66.095457],[17.949004,66.086921],[17.978735,66.087215],[18.026127,66.100167],[18.052914,66.097518],[18.098541,66.076029],[18.112082,66.058956],[18.108255,66.05042],[18.090887,66.048065],[17.940467,66.062783],[17.909853,66.051008],[17.962839,65.996845],[17.933403,65.98095],[17.951947,65.966526],[17.974908,65.960639],[17.957835,65.947981],[17.91368,65.932968],[17.926338,65.912069],[17.948121,65.901471],[17.933697,65.890874],[17.87188,65.912069]]]}},{"type":"Feature","properties":{},"geometry":{"type":"Polygon","coordinates":[[[15.541694,63.781167],[15.538456,63.838273],[15.54817,63.852697],[15.534924,63.869476],[15.519911,63.873008],[15.466042,63.869476],[15.40452,63.89744],[15.30267,63.925111],[15.275,63.945716],[15.264992,63.933942],[15.253806,63.932764],[15.24262,63.939535],[15.2332,63.952487],[15.261165,63.979274],[15.272351,63.972798],[15.276178,63.95072],[15.285008,63.945716],[15.312679,63.940418],[15.372435,63.91628],[15.424243,63.909509],[15.429836,63.914219],[15.431896,63.928349],[15.426892,63.939829],[15.391568,63.952487],[15.391568,63.966616],[15.450441,63.951309],[15.466042,63.962495],[15.452207,63.978685],[15.356833,64.001057],[15.337405,64.012537],[15.317094,64.030787],[15.310618,64.047566],[15.353595,64.062873],[15.354184,64.081418],[15.343293,64.102024],[15.329457,64.117036],[15.303259,64.131166],[15.253512,64.149711],[15.207002,64.185034],[15.123403,64.219475],[15.14548,64.224773],[15.139298,64.243907],[15.118987,64.264513],[15.099853,64.274227],[15.075716,64.279231],[14.993588,64.315143],[14.808139,64.346051],[14.729249,64.339575],[14.692159,64.342813],[14.592075,64.374016],[14.337156,64.385496],[14.322143,64.390795],[14.285642,64.421409],[14.236778,64.428768],[14.17555,64.454672],[14.134633,64.485874],[14.130512,64.493233],[14.138755,64.504125],[14.1364,64.515605],[14.125803,64.524436],[14.063103,64.531206],[13.883247,64.590079],[13.84439,64.613628],[13.72635,64.630996],[13.710455,64.641299],[13.709277,64.649835],[13.71958,64.656017],[13.739302,64.658372],[13.834676,64.651307],[14.076055,64.55711],[14.109907,64.54828],[14.102842,64.555933],[14.114617,64.55976],[14.140815,64.55505],[14.165542,64.534739],[14.158183,64.51119],[14.164659,64.487641],[14.180554,64.472334],[14.241782,64.447018],[14.317139,64.432889],[14.339217,64.414638],[14.371008,64.401686],[14.416929,64.399626],[14.500234,64.405219],[14.658307,64.377843],[14.712765,64.356649],[14.962974,64.342813],[14.988878,64.337515],[15.042747,64.311022],[15.12929,64.287767],[15.159315,64.273343],[15.179626,64.230661],[15.197288,64.211821],[15.21966,64.20093],[15.240854,64.205934],[15.234967,64.216237],[15.2332,64.246851],[15.206708,64.291888],[15.184925,64.314554],[15.13606,64.316321],[15.08278,64.311611],[15.048928,64.315143],[15.040098,64.327506],[15.040981,64.340459],[15.049517,64.351056],[15.062469,64.356649],[15.08072,64.336926],[15.155488,64.342519],[15.186102,64.326918],[15.261165,64.329273],[15.261165,64.322502],[15.236733,64.308373],[15.236144,64.291594],[15.270585,64.245968],[15.291779,64.178558],[15.305908,64.164723],[15.311796,64.137053],[15.319155,64.133815],[15.34241,64.136759],[15.366547,64.129988],[15.383915,64.117036],[15.39775,64.096431],[15.428364,64.086128],[15.424537,64.07347],[15.375673,64.046389],[15.363604,64.031376],[15.371257,64.019602],[15.389508,64.011948],[15.433368,64.006944],[15.449852,63.993992],[15.466042,64.001057],[15.476345,63.993992],[15.516084,63.924522],[15.544049,63.895969],[15.534924,63.876835],[15.549347,63.870653],[15.559061,63.859762],[15.569953,63.85358],[15.59674,63.850931],[15.632064,63.835624],[15.691525,63.839156],[15.752459,63.826499],[15.765705,63.815019],[15.774536,63.787348],[15.824284,63.755557],[15.829876,63.74025],[15.765705,63.749964],[15.747749,63.760856],[15.734503,63.78205],[15.735974,63.792941],[15.747749,63.801772],[15.733325,63.813841],[15.713014,63.821495],[15.672097,63.828559],[15.626471,63.830031],[15.608515,63.824144],[15.611458,63.809131],[15.57584,63.796474],[15.570542,63.783816],[15.582905,63.767626],[15.535512,63.74025],[15.520794,63.74025],[15.511963,63.751436],[15.541694,63.781167]]]}},{"type":"Feature","properties":{},"geometry":{"type":"Polygon","coordinates":[[[13.366932,64.704587],[13.32837,64.699288],[13.335141,64.685748],[13.216806,64.658372],[13.184426,64.665731],[13.174418,64.678977],[13.206209,64.688397],[13.219161,64.699288],[13.204443,64.706942],[13.21033,64.71489],[13.225343,64.72166],[13.347209,64.749625],[13.362222,64.756689],[13.376646,64.767581],[13.379884,64.791719],[13.397251,64.79584],[13.410792,64.791719],[13.416974,64.777001],[13.462306,64.764343],[13.503517,64.729608],[13.533836,64.712829],[13.61096,64.699288],[13.643634,64.685748],[13.61096,64.679566],[13.366932,64.704587]]]}},{"type":"Feature","properties":{"name":"Lake Skadar"},"geometry":{"type":"Polygon","coordinates":[[[19.474987,42.072107],[19.482347,42.065336],[19.423768,42.071812],[19.37196,42.088002],[19.247738,42.143931],[19.225367,42.158355],[19.208294,42.176606],[19.191809,42.22341],[19.167671,42.234007],[19.105855,42.235773],[19.119396,42.243427],[19.108799,42.254907],[19.105855,42.284343],[19.07789,42.305832],[19.091431,42.310836],[19.104089,42.29759],[19.145888,42.270802],[19.165905,42.277573],[19.180918,42.263738],[19.201523,42.271391],[19.227427,42.270508],[19.320741,42.254318],[19.337225,42.255201],[19.344879,42.270802],[19.324862,42.263738],[19.317503,42.284343],[19.348117,42.278456],[19.36519,42.280222],[19.379614,42.310247],[19.396687,42.324377],[19.43466,42.338801],[19.378436,42.268153],[19.365778,42.231063],[19.399336,42.194856],[19.426417,42.187203],[19.43466,42.181316],[19.449083,42.156589],[19.464979,42.15394],[19.47852,42.141282],[19.48058,42.113023],[19.474987,42.072107]]]}},{"type":"Feature","properties":{},"geometry":{"type":"Polygon","coordinates":[[[9.103656,47.700643],[9.1275,47.670618],[9.015936,47.679155],[8.997391,47.67415],[8.981201,47.662376],[8.9447,47.654428],[8.905549,47.652073],[8.881117,47.656489],[8.914674,47.656489],[8.986205,47.686514],[9.00475,47.704175],[8.942933,47.733906],[8.949409,47.74627],[9.00475,47.73214],[9.00475,47.73891],[8.983556,47.74627],[8.983556,47.752451],[9.065978,47.723015],[9.103656,47.700643]]]}},{"type":"Feature","properties":{},"geometry":{"type":"Polygon","coordinates":[[[36.806559,62.294333],[36.819511,62.314645],[36.797728,62.324064],[36.798316,62.33525],[36.833346,62.355561],[36.787719,62.375284],[36.771824,62.388236],[36.778005,62.410607],[36.817744,62.426797],[36.830108,62.436806],[36.819511,62.459177],[36.885448,62.477428],[36.919006,62.480372],[36.943144,62.455645],[36.97729,62.444754],[36.964632,62.422971],[36.96787,62.414434],[36.980822,62.410607],[36.996718,62.413257],[37.018206,62.431213],[37.041461,62.437689],[37.052647,62.435923],[37.075019,62.414728],[37.032041,62.369691],[37.032041,62.355561],[37.027037,62.349085],[36.983766,62.320237],[36.98406,62.30758],[36.992597,62.301398],[37.039401,62.300809],[37.029981,62.285208],[36.98406,62.259893],[37.054413,62.25901],[37.080612,62.253122],[37.065893,62.239582],[37.050881,62.236344],[37.027037,62.241642],[36.997895,62.233106],[36.987887,62.204552],[36.969048,62.188068],[36.939611,62.177765],[36.884565,62.170701],[36.878383,62.178943],[36.855129,62.188068],[36.851302,62.192189],[36.857189,62.201314],[36.902227,62.239582],[36.869847,62.255477],[36.842177,62.239582],[36.809208,62.208085],[36.795961,62.201609],[36.780066,62.201609],[36.770352,62.208085],[36.782421,62.235166],[36.783009,62.246941],[36.775062,62.255772],[36.757988,62.259893],[36.772707,62.274611],[36.806559,62.294333]]]}},{"type":"Feature","properties":{},"geometry":{"type":"Polygon","coordinates":[[[38.957183,60.806912],[38.966897,60.800141],[38.982793,60.772765],[39.009285,60.762168],[39.032834,60.73126],[39.068158,60.714187],[39.121144,60.702707],[39.169714,60.685928],[39.190614,60.652959],[39.197384,60.590848],[39.178545,60.537274],[39.177073,60.519023],[39.189436,60.475752],[39.177073,60.457501],[39.123204,60.419528],[39.114962,60.40952],[39.109663,60.38862],[39.079344,60.400689],[39.043726,60.392152],[38.996922,60.407459],[38.970724,60.40952],[38.992801,60.422472],[39.027536,60.425121],[39.06021,60.43513],[39.074634,60.471336],[39.066686,60.520201],[39.054029,60.538746],[39.010168,60.579662],[38.979555,60.601151],[38.945997,60.613809],[38.916266,60.608216],[38.90979,60.598207],[38.902726,60.55994],[38.889185,60.55052],[38.878293,60.551992],[38.871229,60.561412],[38.868285,60.577308],[38.879176,60.603212],[38.921565,60.635297],[38.923037,60.656786],[38.913028,60.667089],[38.855333,60.69211],[38.823836,60.721546],[38.822364,60.731849],[38.851212,60.762757],[38.869462,60.773943],[38.923037,60.772765],[38.933634,60.780713],[38.947763,60.80279],[38.957183,60.806912]]]}},{"type":"Feature","properties":{},"geometry":{"type":"Polygon","coordinates":[[[31.604556,64.465858],[31.666078,64.472628],[31.638702,64.487052],[31.754093,64.465269],[31.81532,64.46262],[31.850938,64.487052],[31.827978,64.492056],[31.770283,64.520021],[31.75527,64.534739],[31.772638,64.541804],[31.770283,64.551518],[31.741729,64.569474],[31.804429,64.570651],[31.835337,64.564764],[31.859475,64.53415],[31.934244,64.500593],[31.91982,64.487052],[31.949256,64.480281],[32.013133,64.492939],[32.044041,64.487052],[32.06082,64.469979],[32.038448,64.464091],[31.96839,64.465858],[31.976338,64.456144],[32.009306,64.438482],[32.011367,64.428768],[32.003713,64.411106],[32.009306,64.397565],[31.933066,64.407868],[31.882141,64.437304],[31.864479,64.438187],[31.844757,64.431711],[31.800308,64.395799],[31.78294,64.390795],[31.773521,64.393738],[31.769105,64.411106],[31.714354,64.424941],[31.691687,64.43701],[31.650771,64.43701],[31.605144,64.426707],[31.528904,64.445841],[31.497113,64.441425],[31.47533,64.452611],[31.341394,64.454083],[31.330797,64.459676],[31.356112,64.466741],[31.378484,64.480281],[31.322261,64.50854],[31.309603,64.527968],[31.348165,64.507069],[31.369947,64.500887],[31.408804,64.50177],[31.480923,64.466152],[31.501528,64.480281],[31.545094,64.474689],[31.571587,64.48087],[31.604556,64.465858]]]}},{"type":"Feature","properties":{},"geometry":{"type":"Polygon","coordinates":[[[35.025361,67.775688],[34.982384,67.803947],[35.014764,67.82102],[35.120146,67.851045],[35.107489,67.867824],[35.11632,67.876066],[35.154293,67.88578],[35.180785,67.911684],[35.179902,67.925519],[35.161652,67.93435],[35.150466,67.910801],[35.118675,67.915216],[35.058036,67.947891],[35.099541,67.954661],[35.088944,67.965553],[35.072165,67.968496],[35.078052,67.976739],[35.099541,67.981448],[35.110727,68.002937],[35.147228,68.032079],[35.161652,68.036789],[35.177842,68.031196],[35.205512,68.010296],[35.222585,68.009413],[35.25732,68.0571],[35.239658,68.06181],[35.227001,68.075645],[35.224351,68.092129],[35.236126,68.105081],[35.25526,68.104493],[35.275571,68.092718],[35.291761,68.075056],[35.303535,68.037378],[35.304713,68.000876],[35.298237,67.988807],[35.276748,67.983803],[35.231122,67.990868],[35.209339,67.975267],[35.219053,67.964081],[35.264091,67.954661],[35.235243,67.938766],[35.276748,67.889312],[35.287934,67.861937],[35.276159,67.857227],[35.229944,67.858404],[35.195798,67.831323],[35.139575,67.800414],[35.126917,67.782753],[35.146051,67.77245],[35.148405,67.761558],[35.099541,67.704157],[35.081879,67.698564],[35.058036,67.70769],[35.048616,67.717404],[35.033309,67.746546],[35.025361,67.775688]]]}},{"type":"Feature","properties":{"name":"Femunden"},"geometry":{"type":"Polygon","coordinates":[[[11.800915,61.999381],[11.76618,62.00674],[11.796205,61.967001],[11.800915,61.951399],[11.795027,61.930794],[11.781192,61.920491],[11.765002,61.922552],[11.751756,61.937858],[11.759115,61.956992],[11.753228,61.977303],[11.725852,62.00674],[11.758821,62.04383],[11.77766,62.055899],[11.793556,62.040297],[11.789729,62.019397],[11.800915,61.999381]]]}},{"type":"Feature","properties":{"name":"Femunden"},"geometry":{"type":"Polygon","coordinates":[[[11.968997,62.390591],[11.969585,62.355267],[11.958105,62.317588],[11.933673,62.276083],[11.9375,62.222214],[11.946036,62.196605],[11.941032,62.187479],[11.890107,62.151272],[11.878038,62.121836],[11.875978,62.068262],[11.901587,62.052366],[11.895994,62.030289],[11.900998,61.992905],[11.914834,61.969944],[11.931024,61.924023],[11.896877,61.928144],[11.882159,61.947867],[11.869207,62.00674],[11.853606,62.03647],[11.833295,62.056782],[11.806802,62.070911],[11.735566,62.089162],[11.718493,62.096521],[11.711428,62.109178],[11.738804,62.163636],[11.753228,62.163341],[11.787963,62.148918],[11.807096,62.150095],[11.818282,62.15716],[11.807096,62.191012],[11.845952,62.18483],[11.857433,62.193072],[11.865675,62.232223],[11.897172,62.280498],[11.910418,62.313173],[11.910418,62.347908],[11.894817,62.379699],[11.861554,62.403837],[11.917483,62.404426],[11.910124,62.417672],[11.929846,62.419438],[11.95104,62.410607],[11.968997,62.390591]]]}},{"type":"Feature","properties":{"name":"Loch Ness"},"geometry":{"type":"Polygon","coordinates":[[[-4.343927,57.394348],[-4.337746,57.374037],[-4.396619,57.341657],[-4.415605,57.31958],[-4.517602,57.235392],[-4.553662,57.223911],[-4.604587,57.181523],[-4.670819,57.142667],[-4.677,57.148554],[-4.679061,57.156796],[-4.660516,57.16445],[-4.495378,57.27101],[-4.442687,57.329588],[-4.410748,57.340185],[-4.343927,57.394348]]]}},{"type":"Feature","properties":{},"geometry":{"type":"Polygon","coordinates":[[[58.604517,51.88444],[58.604222,51.898276],[58.610404,51.901808],[58.640135,51.892094],[58.654558,51.877376],[58.663389,51.85942],[58.658974,51.843524],[58.717258,51.81762],[58.746989,51.81291],[58.762001,51.829983],[58.759352,51.841758],[58.742573,51.85677],[58.741101,51.870311],[58.746989,51.882674],[58.779074,51.908578],[58.782312,51.920059],[58.762001,51.96333],[58.768772,51.991],[58.755231,52.011311],[58.752582,52.038393],[58.781135,52.082253],[58.782607,52.096971],[58.775836,52.11169],[58.804684,52.17174],[58.824995,52.200293],[58.844129,52.193523],[58.840597,52.170268],[58.803212,52.117871],[58.803212,52.076955],[58.772304,52.038982],[58.77407,52.026324],[58.803212,51.987762],[58.810571,51.970395],[58.803212,51.929184],[58.80645,51.917704],[58.829705,51.898276],[58.795559,51.892683],[58.782901,51.870605],[58.787022,51.841758],[58.812632,51.799075],[58.825584,51.798192],[58.847073,51.816148],[58.89682,51.804668],[59.036937,51.794365],[59.056365,51.799075],[59.077265,51.783768],[59.124364,51.792304],[59.20031,51.816148],[59.185003,51.797309],[59.186769,51.788772],[59.20031,51.782002],[59.20031,51.775231],[59.138493,51.784945],[59.104347,51.769638],[59.025457,51.773171],[58.993666,51.763751],[58.957459,51.760219],[58.933321,51.733726],[58.920664,51.762279],[58.897703,51.771993],[58.861202,51.761691],[58.782018,51.759336],[58.755231,51.747267],[58.743751,51.732843],[58.795264,51.726073],[58.810571,51.716947],[58.798502,51.701052],[58.770244,51.698991],[58.714314,51.70635],[58.636013,51.69487],[58.625122,51.703407],[58.633953,51.718419],[58.69312,51.754626],[58.73021,51.766106],[58.73492,51.775231],[58.728738,51.784357],[58.715786,51.790833],[58.676636,51.798192],[58.668099,51.804079],[58.655736,51.819975],[58.625122,51.843524],[58.621884,51.854415],[58.631892,51.864129],[58.604517,51.88444]]]}},{"type":"Feature","properties":{},"geometry":{"type":"Polygon","coordinates":[[[61.967921,46.263852],[61.967921,46.245896],[61.955263,46.23677],[61.944961,46.210866],[61.930242,46.200269],[61.913169,46.195854],[61.91052,46.19291],[61.916407,46.175837],[61.905221,46.168772],[61.843699,46.182313],[61.81809,46.158469],[61.808081,46.140513],[61.794246,46.161119],[61.787476,46.163474],[61.714474,46.151699],[61.65825,46.155231],[61.645298,46.147284],[61.639705,46.13492],[61.648242,46.129916],[61.686509,46.132565],[61.70476,46.126089],[61.660899,46.111666],[61.654423,46.108722],[61.654129,46.103718],[61.666492,46.101068],[61.742732,46.119025],[61.750092,46.117258],[61.754213,46.109899],[61.740966,46.074576],[61.775996,46.078108],[61.795129,46.071632],[61.795129,46.062801],[61.776584,46.021885],[61.744793,46.022473],[61.730664,46.016292],[61.682388,45.952415],[61.677384,45.989504],[61.671202,45.999513],[61.627636,46.012465],[61.600849,46.034248],[61.578477,46.080169],[61.56111,46.101657],[61.563759,46.112254],[61.588486,46.124029],[61.640883,46.171716],[61.63735,46.191733],[61.641471,46.198797],[61.682682,46.19762],[61.718595,46.213221],[61.751269,46.195854],[61.759217,46.19762],[61.765399,46.22058],[61.778056,46.230883],[61.82486,46.23],[61.87814,46.25767],[61.934952,46.256787],[61.967921,46.263852]]]}},{"type":"Feature","properties":{},"geometry":{"type":"Polygon","coordinates":[[[18.916579,49.946053],[18.941305,49.938694],[18.93218,49.924564],[18.923055,49.921326],[18.895973,49.924858],[18.871835,49.90808],[18.858295,49.904547],[18.858295,49.911318],[18.865359,49.911318],[18.865359,49.918088],[18.845343,49.925153],[18.805603,49.916028],[18.789708,49.918088],[18.823854,49.931334],[18.817672,49.938694],[18.84446,49.944875],[18.916579,49.946053]]]}},{"type":"Feature","properties":{},"geometry":{"type":"Polygon","coordinates":[[[-5.211271,39.809624],[-5.226284,39.798144],[-5.276767,39.782837],[-5.32784,39.791079],[-5.366254,39.810213],[-5.390539,39.795494],[-5.403344,39.793728],[-5.413941,39.796672],[-5.400253,39.80933],[-5.406729,39.815806],[-5.42027,39.815217],[-5.435135,39.795789],[-5.502839,39.817572],[-5.533453,39.820221],[-5.560682,39.814334],[-5.578491,39.796672],[-5.591443,39.798144],[-5.636627,39.782837],[-5.752901,39.796672],[-5.784987,39.779304],[-5.823549,39.777244],[-5.845332,39.782837],[-5.85902,39.803442],[-5.882863,39.803737],[-5.995605,39.851718],[-5.982211,39.8579],[-5.968229,39.851718],[-5.948801,39.850835],[-5.928195,39.840827],[-5.910533,39.824637],[-5.821341,39.800204],[-5.766442,39.803442],[-5.680929,39.796672],[-5.64222,39.798144],[-5.480909,39.855545],[-5.413352,39.860549],[-5.400253,39.871735],[-5.39937,39.877622],[-5.413941,39.885276],[-5.413941,39.892929],[-5.392894,39.892929],[-5.379206,39.90647],[-5.361986,39.891163],[-5.351977,39.871735],[-5.375085,39.860549],[-5.363605,39.844065],[-5.298109,39.802854],[-5.269408,39.796672],[-5.233643,39.815217],[-5.221574,39.816983],[-5.211271,39.809624]]]}},{"type":"Feature","properties":{},"geometry":{"type":"Polygon","coordinates":[[[26.954191,61.123353],[26.925638,61.12924],[26.86912,61.108635],[26.852341,61.112461],[26.814663,61.142781],[26.787287,61.178399],[26.776984,61.183698],[26.769919,61.176633],[26.77198,61.160443],[26.79965,61.108635],[26.798767,61.097155],[26.787287,61.088029],[26.771391,61.086852],[26.711635,61.094211],[26.713107,61.123059],[26.704865,61.146019],[26.635689,61.169862],[26.635689,61.177516],[26.670719,61.177516],[26.670719,61.183698],[26.617144,61.199005],[26.601837,61.211073],[26.588297,61.241687],[26.574461,61.245808],[26.574461,61.252579],[26.632746,61.243748],[26.649524,61.245808],[26.660121,61.262587],[26.718994,61.265531],[26.718994,61.259349],[26.698094,61.231973],[26.747253,61.243454],[26.781988,61.276128],[26.784932,61.312629],[26.739011,61.334412],[26.694562,61.331468],[26.68161,61.356784],[26.670719,61.365615],[26.601249,61.390341],[26.581232,61.410358],[26.60272,61.426548],[26.64246,61.440383],[26.649524,61.468642],[26.635395,61.495429],[26.642754,61.498962],[26.672485,61.486893],[26.683671,61.491602],[26.69103,61.533697],[26.707514,61.569609],[26.65865,61.596102],[26.643048,61.613764],[26.643343,61.628776],[26.615378,61.642317],[26.625681,61.654091],[26.61214,61.679407],[26.615378,61.697657],[26.66542,61.648793],[26.692796,61.629071],[26.72547,61.622595],[26.656883,61.61553],[26.706925,61.597574],[26.718994,61.589037],[26.728414,61.574319],[26.727825,61.501316],[26.690147,61.464815],[26.68161,61.450097],[26.683671,61.436851],[26.700449,61.432141],[26.726648,61.439794],[26.745781,61.451275],[26.76727,61.449214],[26.80436,61.434201],[26.985983,61.402705],[26.944183,61.400938],[26.93182,61.391519],[26.931525,61.369147],[26.903561,61.387692],[26.900028,61.396229],[26.911508,61.410358],[26.655706,61.427137],[26.623032,61.416245],[26.677489,61.389164],[26.722232,61.382982],[26.735773,61.358256],[26.757556,61.343243],[26.809953,61.320283],[26.829086,61.300855],[26.784637,61.252873],[26.770508,61.222848],[26.780516,61.204303],[26.796118,61.225792],[26.817018,61.234623],[26.82997,61.230207],[26.821433,61.211073],[26.829086,61.211073],[26.816429,61.192529],[26.818489,61.177222],[26.832324,61.166919],[26.854991,61.163092],[26.842038,61.155733],[26.881189,61.142781],[26.904149,61.140132],[26.942711,61.153967],[26.954191,61.139543],[26.954191,61.123353]]]}},{"type":"Feature","properties":{"name":"Aursund"},"geometry":{"type":"Polygon","coordinates":[[[11.743219,62.620195],[11.643136,62.664055],[11.597803,62.679067],[11.503018,62.678479],[11.463868,62.698201],[11.745574,62.692019],[11.823875,62.680834],[11.841831,62.670825],[11.805625,62.669648],[11.701714,62.681128],[11.683758,62.664055],[11.705835,62.641683],[11.750873,62.629614],[11.835061,62.623138],[11.802092,62.608714],[11.743219,62.620195]]]}},{"type":"Feature","properties":{},"geometry":{"type":"Polygon","coordinates":[[[11.218074,59.484922],[11.224844,59.470498],[11.213658,59.447832],[11.172742,59.392198],[11.152725,59.381306],[11.096796,59.364822],[11.046165,59.333913],[11.07148,59.332147],[11.073541,59.318018],[11.056762,59.306538],[11.026148,59.313014],[11.01143,59.329498],[11.018495,59.345099],[11.038806,59.356874],[11.086199,59.367471],[11.144188,59.399262],[11.179512,59.454014],[11.199823,59.474619],[11.218074,59.484922]]]}},{"type":"Feature","properties":{"name":"\u00d8yeren"},"geometry":{"type":"Polygon","coordinates":[[[11.229848,59.737192],[11.247216,59.670077],[11.24545,59.642996],[11.216013,59.651827],[11.205416,59.676848],[11.199529,59.74985],[11.188343,59.761036],[11.190992,59.795771],[11.186282,59.809606],[11.174508,59.822558],[11.123877,59.845518],[11.112986,59.856704],[11.107982,59.898209],[11.059411,59.932944],[11.050875,59.947663],[11.058528,59.966502],[11.096796,59.946485],[11.136829,59.908512],[11.166854,59.89556],[11.195702,59.866418],[11.20571,59.863474],[11.243389,59.771044],[11.229848,59.737192]]]}},{"type":"Feature","properties":{},"geometry":{"type":"Polygon","coordinates":[[[16.34207,60.154306],[16.433912,60.156367],[16.433029,60.149596],[16.417722,60.144298],[16.381515,60.144298],[16.345897,60.126342],[16.317049,60.121632],[16.329412,60.149302],[16.34207,60.154306]]]}},{"type":"Feature","properties":{},"geometry":{"type":"Polygon","coordinates":[[[17.261664,60.375668],[17.23105,60.358006],[17.21015,60.33063],[17.199847,60.327687],[17.158636,60.333868],[17.135087,60.313557],[17.116836,60.318267],[17.106828,60.330042],[17.108594,60.343877],[17.12449,60.355063],[17.059435,60.345643],[17.049427,60.337695],[17.0247,60.289419],[17.015281,60.278822],[16.997913,60.27058],[16.94375,60.278822],[16.85809,60.272641],[16.878696,60.251446],[16.837191,60.232313],[16.848965,60.221716],[16.849259,60.208764],[16.840429,60.198755],[16.823944,60.196695],[16.83042,60.190513],[16.827477,60.182271],[16.833364,60.176089],[16.85809,60.170202],[16.85809,60.162548],[16.816291,60.167258],[16.806282,60.161665],[16.816585,60.142237],[16.797746,60.148125],[16.789209,60.166375],[16.780967,60.171674],[16.662044,60.184626],[16.630547,60.180505],[16.60376,60.162548],[16.583154,60.171085],[16.528697,60.155778],[16.508386,60.157544],[16.495728,60.165198],[16.480716,60.190513],[16.505737,60.179916],[16.531641,60.176384],[16.569614,60.190513],[16.598461,60.183154],[16.621422,60.193457],[16.686182,60.204348],[16.746526,60.191985],[16.768898,60.196695],[16.761539,60.211119],[16.772136,60.222304],[16.799218,60.227309],[16.809815,60.2382],[16.81217,60.251446],[16.789209,60.278822],[16.838662,60.277056],[16.885761,60.283238],[16.929032,60.297956],[17.042068,60.368015],[17.121841,60.380084],[17.145684,60.38862],[17.131849,60.402161],[17.224868,60.413641],[17.255482,60.443666],[17.313177,60.443372],[17.384119,60.457501],[17.399426,60.46486],[17.36999,60.482817],[17.337315,60.492236],[17.352328,60.508132],[17.380292,60.517257],[17.407668,60.517257],[17.420032,60.505777],[17.412378,60.492236],[17.423858,60.463389],[17.392361,60.436307],[17.345557,60.416585],[17.309939,60.40952],[17.311411,60.39333],[17.298753,60.384793],[17.261664,60.375668]]]}},{"type":"Feature","properties":{},"geometry":{"type":"Polygon","coordinates":[[[29.99615,60.654137],[29.845436,60.664439],[29.799221,60.659729],[29.767724,60.649132],[29.723275,60.651193],[29.644679,60.67327],[29.596404,60.71713],[29.658809,60.720074],[29.67912,60.711243],[29.718859,60.680335],[29.741231,60.676508],[29.830129,60.684162],[29.902248,60.675919],[29.925503,60.684162],[29.904897,60.700057],[29.881348,60.709183],[29.786268,60.725667],[29.775377,60.73126],[29.766252,60.743035],[29.775377,60.766584],[29.771845,60.796609],[29.73711,60.807206],[29.730045,60.816037],[29.728867,60.840763],[29.736521,60.847239],[29.754772,60.847828],[29.774788,60.860191],[29.795688,60.841058],[29.78303,60.82634],[29.797454,60.801024],[29.795688,60.772765],[29.805697,60.748627],[29.821592,60.739796],[29.871045,60.73126],[29.905192,60.713598],[29.929624,60.7083],[29.959649,60.690049],[29.987908,60.692404],[30.04472,60.71036],[30.076512,60.711243],[30.268143,60.679452],[30.40355,60.64089],[30.425922,60.628821],[30.464778,60.588788],[30.480379,60.580251],[30.47773,60.574069],[30.442112,60.585255],[30.37794,60.627349],[30.283744,60.646189],[30.244593,60.666205],[30.201616,60.679452],[30.12832,60.686811],[30.059438,60.685928],[29.99615,60.654137]]]}},{"type":"Feature","properties":{},"geometry":{"type":"Polygon","coordinates":[[[28.47988,59.316252],[28.493127,59.306538],[28.470461,59.299473],[28.304734,59.296529],[28.291193,59.28446],[28.301201,59.258262],[28.259402,59.266798],[28.253514,59.275041],[28.258224,59.30065],[28.24645,59.306832],[28.225256,59.3033],[28.186694,59.267387],[28.164028,59.258262],[28.157257,59.249431],[28.144305,59.186437],[28.134003,59.169364],[28.111042,59.156412],[28.085727,59.149053],[28.069243,59.148464],[28.099856,59.174368],[28.103389,59.216757],[28.11693,59.241189],[28.1028,59.274158],[28.069831,59.26827],[28.007132,59.237951],[27.966215,59.275041],[27.946493,59.278573],[27.927948,59.25208],[27.897923,59.23118],[27.870841,59.172896],[27.841993,59.161416],[27.872902,59.236773],[27.890269,59.258262],[27.881733,59.275924],[27.903221,59.290642],[27.95915,59.306832],[28.076013,59.305654],[28.096324,59.319784],[28.072481,59.319195],[28.000067,59.333913],[28.031858,59.342156],[28.113103,59.345688],[28.156963,59.364233],[28.17698,59.358346],[28.224372,59.332147],[28.274709,59.314191],[28.329166,59.313014],[28.348888,59.333913],[28.379502,59.339506],[28.395692,59.33774],[28.424834,59.318901],[28.461041,59.320373],[28.47988,59.316252]]]}},{"type":"Feature","properties":{},"geometry":{"type":"Polygon","coordinates":[[[30.421212,46.194676],[30.500985,46.143163],[30.501573,46.135803],[30.498041,46.124912],[30.480379,46.104601],[30.451531,46.083701],[30.442995,46.080463],[30.43122,46.083701],[30.366755,46.175248],[30.341145,46.201741],[30.302878,46.223818],[30.192197,46.252372],[30.125376,46.305063],[30.11419,46.320075],[30.108892,46.338326],[30.117428,46.357754],[30.128614,46.373944],[30.218101,46.396316],[30.240767,46.382186],[30.233996,46.362758],[30.243122,46.341858],[30.274913,46.313305],[30.294635,46.310361],[30.301406,46.325963],[30.309354,46.374827],[30.320539,46.361286],[30.327015,46.343036],[30.330253,46.302708],[30.339379,46.289756],[30.407671,46.259142],[30.418563,46.238242],[30.412381,46.207628],[30.421212,46.194676]]]}},{"type":"Feature","properties":{},"geometry":{"type":"Polygon","coordinates":[[[13.314829,61.622889],[13.383416,61.564016],[13.424922,61.543999],[13.513231,61.526926],[13.565333,61.509264],[13.593003,61.505143],[13.616847,61.513385],[13.609488,61.526926],[13.67778,61.485421],[13.715165,61.44421],[13.72635,61.420661],[13.711927,61.410358],[13.698975,61.4186],[13.67101,61.472174],[13.644223,61.482183],[13.582112,61.490425],[13.53884,61.511914],[13.397546,61.537523],[13.330725,61.570786],[13.309236,61.606993],[13.282449,61.623772],[13.245948,61.636135],[13.211802,61.663511],[13.230347,61.659979],[13.314829,61.622889]]]}},{"type":"Feature","properties":{"name":"Siljan"},"geometry":{"type":"Polygon","coordinates":[[[15.08278,60.88845],[15.096615,60.881974],[15.08543,60.867845],[15.05511,60.850772],[15.048928,60.83782],[14.985051,60.834876],[14.973277,60.81692],[14.965918,60.782185],[14.964152,60.76364],[14.977692,60.731554],[14.967978,60.725373],[14.952966,60.729199],[14.945312,60.741563],[14.930594,60.750099],[14.878197,60.753337],[14.88379,60.766584],[14.921174,60.764523],[14.931772,60.766584],[14.938836,60.774531],[14.924412,60.813388],[14.912344,60.822513],[14.796658,60.813682],[14.774581,60.806912],[14.801368,60.779536],[14.776347,60.780713],[14.743379,60.794548],[14.726894,60.792782],[14.731015,60.780419],[14.722479,60.771882],[14.693337,60.783951],[14.69157,60.793959],[14.699518,60.813093],[14.65713,60.845179],[14.507004,60.90258],[14.479628,60.922891],[14.477862,60.934077],[14.479628,60.944674],[14.485516,60.948795],[14.513186,60.93702],[14.530553,60.950267],[14.561756,60.985591],[14.53438,60.991772],[14.564994,61.002369],[14.595608,60.995305],[14.621217,60.976171],[14.637407,60.950856],[14.652714,60.938787],[14.718063,60.934077],[14.743967,60.919947],[14.782529,60.912294],[14.860241,60.886979],[14.891149,60.85607],[14.922646,60.86078],[14.973277,60.881974],[14.983874,60.894043],[14.993588,60.895809],[15.08278,60.88845]]]}},{"type":"Feature","properties":{"name":"Tornetr\u00e4sk"},"geometry":{"type":"Polygon","coordinates":[[[20.807574,67.864586],[20.81876,67.844863],[20.779021,67.831617],[20.654505,67.844863],[20.684235,67.826024],[20.784319,67.817488],[20.811401,67.789523],[20.785791,67.790995],[20.763714,67.803947],[20.724858,67.805713],[20.634782,67.821609],[20.578559,67.839565],[20.533521,67.840154],[20.462579,67.872239],[20.399291,67.919926],[20.376625,67.926697],[20.371621,67.955544],[20.362201,67.961137],[20.32099,67.966436],[20.284489,67.981448],[20.270065,68.002643],[20.222378,68.002643],[20.175574,68.018833],[20.077256,68.106848],[20.040461,68.156006],[20.026626,68.16366],[19.972463,68.173374],[19.930958,68.191036],[19.495593,68.249614],[19.501186,68.277579],[19.474987,68.284349],[19.410522,68.27699],[19.316031,68.279639],[19.17974,68.313197],[19.112625,68.341161],[19.07112,68.352642],[18.796773,68.339984],[18.727891,68.351758],[18.591895,68.440656],[18.564519,68.474803],[18.573939,68.483045],[18.622509,68.461262],[18.707286,68.439185],[18.755562,68.437418],[18.790885,68.421817],[18.830919,68.421523],[18.870069,68.410043],[19.112037,68.372364],[19.220363,68.336746],[19.477637,68.319673],[19.562414,68.301128],[19.783775,68.296712],[19.833229,68.312608],[19.900049,68.283172],[19.880916,68.27699],[19.828813,68.277284],[19.838233,68.283172],[19.809091,68.292297],[19.564474,68.269337],[19.596854,68.258445],[19.69841,68.262566],[19.728141,68.251675],[19.792606,68.246376],[19.842943,68.235779],[19.971874,68.234013],[20.051058,68.220178],[20.085793,68.208109],[20.010141,68.201044],[20.030747,68.182205],[20.076079,68.155712],[20.091975,68.139816],[20.09639,68.108614],[20.122294,68.101255],[20.13348,68.092718],[20.206188,68.023542],[20.226205,68.016183],[20.273303,68.017361],[20.29067,68.022954],[20.296558,68.028547],[20.298618,68.040616],[20.311276,68.041499],[20.332176,68.029724],[20.316869,68.001171],[20.315103,67.988219],[20.325405,67.97821],[20.368383,67.963198],[20.413715,67.954661],[20.409005,67.968496],[20.410477,67.982331],[20.421074,68.009413],[20.441974,67.967025],[20.442268,67.946713],[20.434615,67.919926],[20.511444,67.877832],[20.539997,67.853694],[20.578264,67.847513],[20.647734,67.851045],[20.681586,67.872239],[20.736338,67.88578],[20.786674,67.877243],[20.807574,67.864586]]]}},{"type":"Feature","properties":{"name":"Virihaure"},"geometry":{"type":"Polygon","coordinates":[[[16.345014,67.38801],[16.302625,67.392426],[16.338243,67.409499],[16.395056,67.412737],[16.500732,67.405967],[16.484837,67.422745],[16.456283,67.4251],[16.398882,67.42039],[16.402709,67.43452],[16.391229,67.443056],[16.357377,67.453948],[16.384164,67.453948],[16.405653,67.467489],[16.380926,67.47367],[16.364736,67.488683],[16.398294,67.496631],[16.621716,67.486622],[16.848082,67.511349],[16.906072,67.529599],[16.807165,67.549027],[16.770076,67.536959],[16.727393,67.537547],[16.667637,67.551382],[16.638495,67.563746],[16.638495,67.570516],[16.741228,67.577286],[16.896358,67.560508],[16.981135,67.54314],[17.033531,67.549322],[17.083573,67.563746],[17.035886,67.577286],[17.069149,67.586117],[17.107122,67.584646],[17.17983,67.570516],[17.17983,67.563746],[16.907544,67.517825],[16.840723,67.470432],[16.786854,67.463368],[16.686182,67.461307],[16.531052,67.438052],[16.480716,67.446883],[16.491313,67.438641],[16.522221,67.428044],[16.539294,67.40685],[16.61053,67.405967],[16.782439,67.379474],[16.760067,67.365344],[16.672641,67.378002],[16.638495,67.37182],[16.629664,67.361812],[16.665282,67.351509],[16.706787,67.316774],[16.69148,67.31177],[16.648209,67.314714],[16.612885,67.324428],[16.571085,67.319423],[16.549008,67.324133],[16.511035,67.350037],[16.396822,67.34886],[16.351195,67.357691],[16.377688,67.357691],[16.377688,67.36505],[16.345014,67.38801]]]}},{"type":"Feature","properties":{},"geometry":{"type":"Polygon","coordinates":[[[14.997415,65.222079],[14.931772,65.254165],[14.979753,65.264467],[14.996826,65.275653],[14.993588,65.29567],[15.003891,65.296553],[15.020964,65.289783],[15.027734,65.282129],[15.049223,65.211188],[15.05982,65.19853],[15.089256,65.178513],[15.089256,65.172332],[15.040686,65.181751],[15.017432,65.194114],[14.997415,65.222079]]]}},{"type":"Feature","properties":{},"geometry":{"type":"Polygon","coordinates":[[[15.317094,64.974224],[15.05511,65.041928],[14.96268,65.049287],[14.905573,65.035158],[14.88379,65.035158],[14.836986,65.044577],[14.813143,65.05282],[14.801368,65.062239],[14.83522,65.067244],[14.931772,65.055469],[15.027734,65.070776],[15.062469,65.069304],[15.135177,65.035158],[15.159021,65.035158],[15.169618,65.045461],[15.171678,65.061651],[15.164908,65.078429],[15.151367,65.090204],[15.173739,65.090793],[15.192873,65.082845],[15.206708,65.035158],[15.223192,65.021028],[15.266758,65.013669],[15.32357,64.98541],[15.374495,64.980995],[15.472813,64.986588],[15.418061,64.958623],[15.317094,64.974224]]]}},{"type":"Feature","properties":{},"geometry":{"type":"Polygon","coordinates":[[[15.884334,64.912114],[15.884334,64.932719],[15.904939,64.93949],[15.92525,64.932719],[15.933787,64.903577],[15.939086,64.898573],[15.954393,64.89975],[15.982357,64.910936],[15.987361,64.901517],[15.980002,64.8606],[15.986773,64.855007],[16.027984,64.835873],[16.204308,64.790247],[16.357377,64.709885],[16.361498,64.702821],[16.376216,64.703704],[16.374744,64.709885],[16.30969,64.747564],[16.323819,64.761105],[16.354433,64.754923],[16.385047,64.739028],[16.409774,64.701938],[16.435678,64.690163],[16.542238,64.665731],[16.569908,64.641299],[16.580211,64.637766],[16.628192,64.643948],[16.632607,64.639238],[16.631724,64.628935],[16.624954,64.61039],[16.64085,64.600676],[16.693246,64.586253],[16.734163,64.562115],[16.760656,64.523847],[16.77037,64.499415],[16.768898,64.480281],[16.734163,64.521198],[16.674996,64.57595],[16.617301,64.59685],[16.570497,64.627169],[16.50868,64.637766],[16.391523,64.685748],[16.347369,64.694284],[16.332062,64.691341],[16.340304,64.675445],[16.355022,64.664259],[16.412717,64.643948],[16.390051,64.637178],[16.312928,64.664259],[16.281725,64.706647],[16.215788,64.741677],[16.196949,64.746387],[16.158681,64.774351],[16.120414,64.791424],[16.028867,64.806437],[15.987361,64.822627],[15.949683,64.867076],[15.896403,64.892391],[15.884334,64.912114]]]}},{"type":"Feature","properties":{},"geometry":{"type":"Polygon","coordinates":[[[31.427054,49.770612],[31.443244,49.843614],[31.425582,49.925742],[31.427937,49.948702],[31.440595,49.97961],[31.440595,50.014345],[31.4821,50.000804],[31.494169,50.01464],[31.50771,50.02141],[31.523311,50.021704],[31.536263,50.014345],[31.526549,49.998155],[31.563933,49.966953],[31.576591,49.944875],[31.581007,49.8548],[31.590721,49.828896],[31.579829,49.823892],[31.549215,49.828896],[31.518601,49.787685],[31.472681,49.760898],[31.441184,49.752655],[31.427054,49.770612]]]}},{"type":"Feature","properties":{},"geometry":{"type":"Polygon","coordinates":[[[20.80728,41.093935],[20.811401,41.020049],[20.786085,40.955878],[20.791384,40.934389],[20.75135,40.924087],[20.728684,40.909368],[20.713672,40.90613],[20.659509,40.910251],[20.650678,40.920554],[20.644791,40.972951],[20.63331,41.016223],[20.635665,41.033884],[20.650678,41.053901],[20.654505,41.067736],[20.636548,41.07274],[20.63331,41.081571],[20.654505,41.17459],[20.669223,41.179595],[20.722503,41.17459],[20.748995,41.16311],[20.759593,41.153396],[20.77019,41.12867],[20.81876,41.11248],[20.80728,41.093935]]]}},{"type":"Feature","properties":{"name":"Lago di Como"},"geometry":{"type":"Polygon","coordinates":[[[8.847854,46.1673],[8.841672,46.154348],[8.746004,46.092532],[8.741883,46.063979],[8.753363,46.017469],[8.738056,45.994509],[8.648569,45.945055],[8.618838,45.922684],[8.607947,45.908554],[8.604415,45.88265],[8.621488,45.847032],[8.621488,45.827015],[8.613246,45.814063],[8.574978,45.794341],[8.570268,45.783744],[8.577627,45.766671],[8.620605,45.72546],[8.612068,45.722222],[8.594112,45.729875],[8.566147,45.756957],[8.54878,45.791103],[8.56703,45.818479],[8.574389,45.852036],[8.566442,45.869993],[8.52111,45.897663],[8.492851,45.937696],[8.503742,45.942995],[8.56026,45.932103],[8.6156,45.955064],[8.713624,46.038663],[8.713918,46.05191],[8.700377,46.081052],[8.700377,46.091943],[8.71068,46.110488],[8.733346,46.130505],[8.795163,46.164357],[8.831369,46.171716],[8.847854,46.1673]]]}},{"type":"Feature","properties":{"name":"Lago di Garda"},"geometry":{"type":"Polygon","coordinates":[[[10.86778,45.879707],[10.869841,45.860279],[10.862776,45.837613],[10.848058,45.813475],[10.762398,45.721044],[10.72001,45.670414],[10.710884,45.652163],[10.692045,45.597411],[10.68969,45.575923],[10.710884,45.580927],[10.731195,45.518227],[10.700876,45.449346],[10.630523,45.467008],[10.611978,45.481432],[10.608446,45.504392],[10.602558,45.481138],[10.58313,45.472012],[10.559287,45.474367],[10.538976,45.484081],[10.546629,45.490852],[10.5116,45.498211],[10.5116,45.504392],[10.567529,45.540599],[10.573711,45.549136],[10.55546,45.581221],[10.573711,45.587109],[10.567823,45.598589],[10.556932,45.605654],[10.525435,45.608009],[10.602853,45.642155],[10.714417,45.717218],[10.729429,45.73017],[10.763576,45.786982],[10.783004,45.799934],[10.82392,45.843794],[10.841876,45.884711],[10.855123,45.895602],[10.86778,45.879707]]]}},{"type":"Feature","properties":{},"geometry":{"type":"Polygon","coordinates":[[[29.144849,69.235145],[29.142789,69.242504],[29.151325,69.254573],[29.176935,69.258989],[29.215496,69.275767],[29.262595,69.320511],[29.281434,69.325221],[29.314697,69.319039],[29.325,69.307853],[29.329121,69.290486],[29.315286,69.282832],[29.309104,69.26988],[29.330004,69.26782],[29.338835,69.259283],[29.337069,69.246625],[29.325589,69.232202],[29.314697,69.231318],[29.302334,69.240149],[29.280845,69.266937],[29.240517,69.235145],[29.222267,69.228669],[29.216085,69.230141],[29.210787,69.246037],[29.185766,69.242799],[29.154563,69.228964],[29.144849,69.235145]]]}},{"type":"Feature","properties":{},"geometry":{"type":"Polygon","coordinates":[[[15.761584,58.510871],[15.611458,58.480552],[15.600272,58.447289],[15.574663,58.451999],[15.514907,58.488794],[15.555823,58.518525],[15.564066,58.536775],[15.62441,58.546489],[15.953215,58.518525],[15.953215,58.510871],[15.761584,58.510871]]]}},{"type":"Feature","properties":{},"geometry":{"type":"Polygon","coordinates":[[[15.063941,58.54855],[15.048928,58.552082],[15.075127,58.573865],[15.098382,58.581519],[15.255572,58.568567],[15.28177,58.559441],[15.275,58.552082],[15.226724,58.538836],[15.191401,58.540308],[15.130762,58.551494],[15.063941,58.54855]]]}},{"type":"Feature","properties":{},"geometry":{"type":"Polygon","coordinates":[[[16.273483,66.584985],[16.254938,66.591167],[16.258765,66.599703],[16.290851,66.607945],[16.295855,66.625313],[16.313517,66.62443],[16.326469,66.617659],[16.351195,66.597937],[16.334122,66.594699],[16.335594,66.584102],[16.357377,66.563791],[16.346486,66.545835],[16.362087,66.532294],[16.405653,66.515221],[16.430968,66.490494],[16.514862,66.474304],[16.823944,66.446339],[16.783028,66.446634],[16.659395,66.432799],[16.627015,66.444868],[16.368268,66.48755],[16.317638,66.533471],[16.313811,66.560258],[16.273483,66.584985]]]}},{"type":"Feature","properties":{"name":"Hornavan"},"geometry":{"type":"Polygon","coordinates":[[[17.570746,66.197307],[17.460359,66.207021],[17.399426,66.221151],[17.362631,66.235869],[17.348207,66.2447],[17.354388,66.248527],[17.371167,66.246172],[17.419148,66.234103],[17.440343,66.248527],[17.474489,66.234103],[17.482142,66.244994],[17.429451,66.276197],[17.390301,66.285911],[17.359098,66.30004],[17.299048,66.300924],[17.282269,66.309166],[17.302875,66.313581],[17.296399,66.324473],[17.261664,66.344195],[17.17983,66.371277],[17.151866,66.364506],[17.145684,66.377753],[16.981135,66.391882],[16.981135,66.399241],[17.049427,66.412193],[16.953464,66.416903],[16.926383,66.426028],[16.967594,66.432799],[16.983195,66.443985],[17.002623,66.450166],[17.027644,66.451049],[17.052665,66.440452],[17.083573,66.419258],[17.354388,66.355381],[17.569568,66.254708],[17.597533,66.227333],[17.620199,66.217913],[17.611957,66.187888],[17.570746,66.197307]]]}},{"type":"Feature","properties":{},"geometry":{"type":"Polygon","coordinates":[[[12.497675,60.974699],[12.472359,61.019737],[12.519752,61.012672],[12.560374,61.025918],[12.594815,61.026507],[12.560668,61.005607],[12.588044,60.999426],[12.548011,60.989123],[12.556842,60.945557],[12.540652,60.944674],[12.515925,60.954388],[12.497675,60.974699]]]}},{"type":"Feature","properties":{},"geometry":{"type":"Polygon","coordinates":[[[29.469533,64.168255],[29.541946,64.185329],[29.475126,64.202696],[29.458347,64.227128],[29.404773,64.25421],[29.431265,64.253621],[29.45452,64.246851],[29.509566,64.219475],[29.541063,64.220947],[29.576093,64.233899],[29.527817,64.239786],[29.547245,64.247145],[29.458641,64.26569],[29.438919,64.281586],[29.513982,64.267751],[29.540769,64.27511],[29.545773,64.281291],[29.535176,64.288356],[29.542829,64.312494],[29.538708,64.323091],[29.527817,64.329273],[29.533115,64.342519],[29.513982,64.377843],[29.610239,64.402275],[29.631433,64.403158],[29.650861,64.397565],[29.666168,64.384024],[29.603763,64.371955],[29.583452,64.357237],[29.589633,64.336632],[29.623779,64.320736],[29.754772,64.308962],[29.754772,64.301308],[29.72769,64.295126],[29.73711,64.263629],[29.729162,64.256565],[29.682064,64.273049],[29.67235,64.285118],[29.666168,64.308962],[29.620247,64.316026],[29.594932,64.313377],[29.583452,64.305135],[29.580214,64.287179],[29.548717,64.260391],[29.808935,64.246556],[29.830129,64.239786],[29.797749,64.227128],[29.761836,64.226834],[29.795688,64.205934],[29.765663,64.1868],[29.729751,64.185623],[29.658809,64.198869],[29.669406,64.185034],[29.72769,64.157953],[29.700609,64.150594],[29.601113,64.185329],[29.569322,64.164723],[29.603468,64.157953],[29.58875,64.153243],[29.548717,64.157953],[29.5287,64.138819],[29.528406,64.128222],[29.84102,64.05728],[29.890768,64.035203],[29.860154,64.0249],[29.82483,64.029316],[29.761836,64.054925],[29.67441,64.074059],[29.554015,64.08289],[29.527817,64.08966],[29.56314,64.103495],[29.537531,64.111149],[29.479247,64.115564],[29.456286,64.127045],[29.446572,64.139997],[29.425378,64.144412],[29.400946,64.14088],[29.391821,64.151182],[29.38976,64.165901],[29.444512,64.150888],[29.459524,64.154715],[29.469533,64.168255]]]}},{"type":"Feature","properties":{},"geometry":{"type":"Polygon","coordinates":[[[29.288204,64.123807],[29.367388,64.112915],[29.438919,64.082301],[29.420374,64.07818],[29.356791,64.103495],[29.288204,64.117036],[29.276724,64.105556],[29.215496,64.085539],[29.130131,64.074942],[29.110703,64.06876],[29.110703,64.062579],[29.151914,64.053748],[29.185766,64.035203],[29.084799,64.044623],[29.062133,64.054925],[29.058306,64.067583],[29.061838,64.077886],[29.057129,64.085539],[29.027986,64.08966],[28.918189,64.07612],[28.830468,64.085539],[28.828996,64.07612],[28.810451,64.069055],[28.768357,64.076414],[28.72538,64.066405],[28.702125,64.067877],[28.657971,64.07612],[28.46634,64.08966],[28.46634,64.096431],[28.529922,64.098197],[28.541403,64.109677],[28.47782,64.125278],[28.450444,64.141174],[28.397459,64.157953],[28.400697,64.141763],[28.363312,64.109677],[28.48459,64.074353],[28.507256,64.048155],[28.412765,64.077886],[28.383918,64.07612],[28.393337,64.07141],[28.402463,64.057869],[28.404818,64.048155],[28.401874,64.049038],[28.397459,64.020779],[28.403935,64.003117],[28.397459,63.993403],[28.376853,63.986044],[28.345062,64.013714],[28.28089,64.027549],[28.29502,64.048155],[28.28089,64.054925],[28.325928,64.079063],[28.343296,64.082301],[28.304734,64.094664],[28.297963,64.10379],[28.308855,64.123807],[28.260874,64.136759],[28.348888,64.129988],[28.32063,64.148239],[28.315037,64.157953],[28.332404,64.159425],[28.363018,64.178558],[28.596743,64.144412],[28.596743,64.136759],[28.548762,64.123807],[28.574666,64.115859],[28.665036,64.117036],[28.654438,64.107616],[28.63766,64.103495],[28.671512,64.095548],[28.740393,64.10585],[28.791612,64.095548],[28.843126,64.103495],[28.914951,64.08966],[28.944387,64.093193],[29.138079,64.164723],[29.124244,64.171788],[29.147793,64.17797],[29.177523,64.174731],[29.202839,64.164134],[29.21373,64.14765],[29.226682,64.139702],[29.309104,64.136759],[29.288204,64.129988],[29.288204,64.123807]]]}},{"type":"Feature","properties":{},"geometry":{"type":"Polygon","coordinates":[[[16.006495,66.865514],[15.993543,66.885825],[16.008556,66.890535],[16.027984,66.871696],[16.152794,66.830779],[16.165452,66.816944],[16.080969,66.811057],[16.069195,66.823126],[16.076259,66.830779],[16.026512,66.851679],[16.006495,66.865514]]]}},{"type":"Feature","properties":{},"geometry":{"type":"Polygon","coordinates":[[[27.666552,49.481252],[27.686569,49.478602],[27.698049,49.46565],[27.654189,49.462707],[27.622987,49.397064],[27.612978,49.389999],[27.544391,49.39883],[27.472566,49.417375],[27.606502,49.417375],[27.61916,49.422968],[27.629757,49.46565],[27.645064,49.475953],[27.666552,49.481252]]]}},{"type":"Feature","properties":{"name":"Lough Derg"},"geometry":{"type":"Polygon","coordinates":[[[-8.164921,53.073966],[-8.161683,53.070139],[-8.22085,53.052477],[-8.237482,53.042763],[-8.268979,53.005085],[-8.284727,52.995076],[-8.266771,52.960341],[-8.270892,52.948861],[-8.292086,52.946506],[-8.292086,52.940325],[-8.278546,52.933554],[-8.287229,52.926195],[-8.319462,52.91913],[-8.292086,52.90559],[-8.292086,52.899408],[-8.36656,52.899408],[-8.374214,52.895287],[-8.429554,52.827583],[-8.44913,52.816692],[-8.463406,52.844068],[-8.429407,52.874976],[-8.43603,52.892932],[-8.452956,52.899702],[-8.497552,52.899408],[-8.475622,52.914126],[-8.446333,52.922074],[-8.353756,52.931788],[-8.333886,52.942974],[-8.331531,52.960636],[-8.350518,52.984774],[-8.352431,52.994488],[-8.328882,53.011266],[-8.293411,53.027162],[-8.292086,53.05336],[-8.277957,53.0722],[-8.244399,53.079264],[-8.164921,53.073966]]]}},{"type":"Feature","properties":{},"geometry":{"type":"Polygon","coordinates":[[[-7.997722,53.867866],[-8.006112,53.879935],[-7.976822,53.879346],[-7.962546,53.865217],[-7.948416,53.869926],[-7.942087,53.867572],[-7.935906,53.851382],[-7.940027,53.839607],[-7.949152,53.837252],[-7.958425,53.841373],[-7.962546,53.848144],[-7.997722,53.867866]]]}},{"type":"Feature","properties":{"name":"Lough Ree"},"geometry":{"type":"Polygon","coordinates":[[[-7.866583,53.560844],[-7.839649,53.549658],[-7.885569,53.537295],[-7.903673,53.526992],[-7.901171,53.516395],[-7.905881,53.508153],[-7.928988,53.495201],[-7.928988,53.488431],[-7.90853,53.488431],[-7.90853,53.481366],[-7.922218,53.467825],[-7.894842,53.467825],[-7.894842,53.461055],[-7.957836,53.454579],[-7.977558,53.461349],[-7.976822,53.488431],[-7.983004,53.488431],[-7.992276,53.475773],[-8.004198,53.529347],[-7.983004,53.536118],[-8.004198,53.562905],[-8.025687,53.552013],[-8.038197,53.562905],[-8.031427,53.570264],[-8.059244,53.577034],[-8.059244,53.584688],[-8.038197,53.598228],[-8.059244,53.631786],[-8.059244,53.639145],[-8.018033,53.672703],[-8.004198,53.666521],[-8.011116,53.632963],[-8.004198,53.618245],[-7.972112,53.580861],[-7.976822,53.562905],[-7.958719,53.552896],[-7.938996,53.549658],[-7.899699,53.562316],[-7.894842,53.549658],[-7.866583,53.560844]]]}},{"type":"Feature","properties":{"name":"Lough Allen"},"geometry":{"type":"Polygon","coordinates":[[[-8.059244,54.056848],[-8.068517,54.063912],[-8.072491,54.108361],[-8.099866,54.153399],[-8.089711,54.159286],[-8.043643,54.156637],[-8.031427,54.16694],[-8.017739,54.153105],[-8.025245,54.122491],[-8.023921,54.097764],[-8.049972,54.061852],[-8.059244,54.056848]]]}},{"type":"Feature","properties":{"name":"Loch Lochy"},"geometry":{"type":"Polygon","coordinates":[[[-4.969157,56.926898],[-4.974897,56.933668],[-4.974161,56.943677],[-4.933686,56.962516],[-4.864658,57.013147],[-4.83581,57.010203],[-4.891592,56.966637],[-4.914405,56.958395],[-4.969157,56.926898]]]}},{"type":"Feature","properties":{"name":"Lake Kolozero"},"geometry":{"type":"Polygon","coordinates":[[[33.341598,68.234307],[33.318932,68.236956],[33.305686,68.22842],[33.28302,68.201044],[33.251817,68.233718],[33.20413,68.240194],[33.105224,68.22842],[33.126418,68.249614],[33.105224,68.255796],[33.114055,68.275518],[33.128184,68.286704],[33.146435,68.289648],[33.168218,68.284938],[33.193533,68.264921],[33.211195,68.257268],[33.228268,68.262566],[33.228268,68.28376],[33.205308,68.309664],[33.153205,68.344399],[33.175577,68.352347],[33.208546,68.354996],[33.239454,68.350581],[33.280076,68.310253],[33.280076,68.300539],[33.263592,68.291708],[33.262414,68.279934],[33.272717,68.265804],[33.269774,68.255796],[33.352784,68.244316],[33.341598,68.234307]]]}},{"type":"Feature","properties":{"name":"Bolmen"},"geometry":{"type":"Polygon","coordinates":[[[13.821136,57.046704],[13.828495,57.031103],[13.821724,57.010203],[13.766384,56.975174],[13.762557,56.964577],[13.774037,56.948681],[13.768445,56.937789],[13.766384,56.900405],[13.752843,56.872146],[13.73577,56.849775],[13.673071,56.802088],[13.656586,56.777361],[13.667772,56.770296],[13.663357,56.765292],[13.636864,56.76382],[13.643634,56.783543],[13.642162,56.798261],[13.630976,56.804442],[13.609488,56.797966],[13.616847,56.818278],[13.61302,56.82652],[13.602718,56.832113],[13.609782,56.842121],[13.643634,56.853013],[13.616847,56.860077],[13.643634,56.894224],[13.595653,56.889219],[13.582406,56.894224],[13.616847,56.914535],[13.602718,56.93514],[13.630682,56.949858],[13.658352,57.009614],[13.684845,57.017562],[13.67778,57.010203],[13.694853,57.018151],[13.702801,57.028454],[13.699858,57.039934],[13.684845,57.051708],[13.738419,57.075552],[13.761085,57.073491],[13.766384,57.044938],[13.782574,57.052886],[13.803179,57.053769],[13.821136,57.046704]]]}},{"type":"Feature","properties":{"name":"\u00c5snen"},"geometry":{"type":"Polygon","coordinates":[[[14.829333,56.654022],[14.863185,56.612811],[14.848761,56.589557],[14.839341,56.588085],[14.811965,56.604864],[14.791654,56.592795],[14.777525,56.606041],[14.756625,56.597799],[14.801368,56.537749],[14.766045,56.548051],[14.751621,56.56954],[14.733664,56.578665],[14.714236,56.557177],[14.692159,56.544519],[14.676558,56.587202],[14.650948,56.593089],[14.629754,56.613106],[14.615624,56.673745],[14.589132,56.732912],[14.595902,56.76382],[14.610032,56.749985],[14.654481,56.640187],[14.676852,56.647252],[14.678618,56.655789],[14.671554,56.667563],[14.687155,56.674628],[14.7057,56.674922],[14.70099,56.715545],[14.7057,56.729674],[14.731604,56.712601],[14.765161,56.67345],[14.788416,56.661382],[14.816675,56.660498],[14.829333,56.654022]]]}},{"type":"Feature","properties":{"name":"Foxen"},"geometry":{"type":"Polygon","coordinates":[[[12.184766,59.042199],[12.18035,59.028069],[12.197423,58.991274],[12.167692,59.008935],[12.149147,59.038666],[12.163277,59.043376],[12.170342,59.055151],[12.172108,59.070752],[12.166809,59.101071],[12.15474,59.119322],[12.043176,59.185848],[12.012562,59.193796],[11.989602,59.212341],[11.959871,59.219995],[11.889813,59.249725],[11.872445,59.277396],[11.848602,59.333913],[11.827996,59.316252],[11.813867,59.292997],[11.827702,59.249137],[11.827407,59.200272],[11.831823,59.187026],[11.86538,59.179372],[11.869207,59.155234],[11.895994,59.115201],[11.876272,59.071341],[11.875978,59.035428],[11.884514,59.015117],[11.912479,58.975672],[11.903353,58.956539],[11.931024,58.919154],[11.926314,58.905614],[11.915422,58.911795],[11.873623,58.980088],[11.856844,58.992745],[11.827407,58.998338],[11.838593,59.012468],[11.840065,59.026009],[11.831823,59.037489],[11.813867,59.046025],[11.83094,59.058683],[11.831234,59.075756],[11.820931,59.091652],[11.807096,59.101366],[11.840948,59.102543],[11.849485,59.116967],[11.841243,59.137867],[11.824464,59.158178],[11.796794,59.175251],[11.793556,59.230297],[11.77972,59.265032],[11.775011,59.294174],[11.704069,59.36806],[11.790023,59.317135],[11.813867,59.319784],[11.826524,59.342744],[11.822109,59.368354],[11.793556,59.408388],[11.817105,59.422517],[11.821226,59.450187],[11.814161,59.468143],[11.833295,59.483745],[11.84713,59.485805],[11.856255,59.481979],[11.855372,59.470498],[11.841831,59.456958],[11.85655,59.41398],[11.911007,59.390431],[11.916894,59.402206],[11.908946,59.431054],[11.910713,59.442534],[11.943976,59.422223],[12.005203,59.408388],[12.005203,59.402206],[11.953395,59.408388],[11.9375,59.402206],[11.943093,59.384838],[11.912184,59.362761],[11.885986,59.328909],[11.88628,59.323022],[11.90247,59.309187],[11.904531,59.283283],[11.95104,59.258262],[11.971352,59.230297],[12.048475,59.204688],[12.126776,59.153174],[12.154152,59.144343],[12.187709,59.123149],[12.197423,59.114318],[12.204782,59.095773],[12.203899,59.061627],[12.211258,59.046025],[12.184766,59.042199]]]}},{"type":"Feature","properties":{"name":"M\u00fcritz"},"geometry":{"type":"Polygon","coordinates":[[[12.780264,53.423965],[12.787035,53.406303],[12.784091,53.388936],[12.742586,53.3751],[12.706673,53.347725],[12.697842,53.337716],[12.717565,53.344487],[12.713738,53.335067],[12.699608,53.330357],[12.690483,53.343898],[12.697842,53.36833],[12.693721,53.388641],[12.683418,53.399827],[12.656926,53.402771],[12.656926,53.412779],[12.646328,53.400121],[12.634848,53.397178],[12.629255,53.402182],[12.63632,53.412779],[12.628667,53.425142],[12.615715,53.431324],[12.581568,53.426908],[12.581568,53.433679],[12.605706,53.446925],[12.638086,53.487842],[12.656926,53.501971],[12.653688,53.510214],[12.683713,53.514629],[12.697842,53.508742],[12.669878,53.49785],[12.664579,53.490491],[12.723452,53.451046],[12.750828,53.444865],[12.780264,53.423965]]]}},{"type":"Feature","properties":{"name":"Schweriner See"},"geometry":{"type":"Polygon","coordinates":[[[11.495659,53.781029],[11.533926,53.790154],[11.491832,53.769548],[11.498897,53.73658],[11.494776,53.721861],[11.484768,53.714208],[11.487711,53.698901],[11.470049,53.695369],[11.457686,53.700667],[11.48153,53.664166],[11.484768,53.642677],[11.512143,53.618245],[11.505667,53.608237],[11.491832,53.61118],[11.475937,53.606176],[11.457392,53.609709],[11.424129,53.625604],[11.436786,53.642972],[11.454448,53.652686],[11.457686,53.687126],[11.437669,53.687126],[11.443262,53.700667],[11.427661,53.72716],[11.452682,53.756891],[11.495659,53.781029]]]}},{"type":"Feature","properties":{"name":"Upper Lough Erne"},"geometry":{"type":"Polygon","coordinates":[[[-7.468603,54.205207],[-7.434898,54.16694],[-7.460508,54.154282],[-7.477728,54.150456],[-7.490091,54.153105],[-7.492593,54.189312],[-7.524532,54.19932],[-7.540133,54.222869],[-7.613135,54.248773],[-7.613135,54.255544],[-7.595621,54.257604],[-7.568834,54.274972],[-7.551025,54.276738],[-7.546609,54.26879],[-7.531744,54.262903],[-7.524385,54.242591],[-7.47655,54.228168],[-7.483468,54.207857],[-7.468603,54.205207]]]}},{"type":"Feature","properties":{},"geometry":{"type":"Polygon","coordinates":[[[19.944498,67.744485],[19.82116,67.76097],[19.721959,67.792761],[19.610395,67.809245],[19.375198,67.83044],[19.252154,67.82308],[19.089665,67.823375],[19.039034,67.838976],[19.298075,67.846335],[19.796727,67.806007],[19.975112,67.755082],[19.944498,67.744485]]]}},{"type":"Feature","properties":{"name":"Lago di Bracciano"},"geometry":{"type":"Polygon","coordinates":[[[11.98813,42.631398],[11.99961,42.620213],[11.993134,42.60049],[11.994901,42.561045],[11.985187,42.544267],[11.963698,42.53573],[11.941032,42.537496],[11.919838,42.546033],[11.870385,42.579296],[11.859493,42.592837],[11.861554,42.612854],[11.875389,42.631987],[11.893934,42.642584],[11.944859,42.653476],[11.98813,42.631398]]]}},{"type":"Feature","properties":{},"geometry":{"type":"Polygon","coordinates":[[[21.008919,40.816644],[20.945042,40.785441],[20.92061,40.762481],[20.907658,40.776021],[20.914134,40.790151],[20.941215,40.816938],[20.940626,40.84137],[20.96918,40.858443],[20.935328,40.877577],[20.926791,40.891706],[20.941215,40.906425],[20.950635,40.884936],[20.970063,40.89259],[20.984487,40.910546],[20.978894,40.920554],[20.941215,40.94116],[20.917372,40.94322],[20.907658,40.9547],[20.90648,40.969124],[20.915311,40.981782],[20.944748,41.00592],[20.964764,41.015928],[20.985959,41.014751],[21.030408,41.002682],[21.030702,41.007392],[21.024226,41.009452],[21.042182,41.007392],[21.060727,40.977072],[21.078978,40.968536],[21.119894,40.861976],[21.115479,40.846963],[21.105176,40.835483],[21.078978,40.816938],[21.062493,40.838721],[21.049247,40.844314],[21.024226,40.844903],[21.008919,40.816644]]]}},{"type":"Feature","properties":{},"geometry":{"type":"Polygon","coordinates":[[[21.113124,40.810756],[21.130197,40.762481],[21.099289,40.725096],[21.085748,40.715382],[20.996261,40.680353],[20.996261,40.688007],[21.051896,40.711261],[21.0778,40.732456],[21.085159,40.755416],[21.054545,40.773078],[21.050719,40.779554],[21.084865,40.807518],[21.113124,40.810756]]]}},{"type":"Feature","properties":{},"geometry":{"type":"Polygon","coordinates":[[[14.399267,51.6672],[14.417517,51.651598],[14.390436,51.623928],[14.39338,51.606266],[14.37719,51.596552],[14.387492,51.6463],[14.399267,51.6672]]]}},{"type":"Feature","properties":{"name":"Lauwerszee"},"geometry":{"type":"Polygon","coordinates":[[[6.247147,53.360971],[6.263042,53.351846],[6.251268,53.341543],[6.153245,53.344487],[6.146769,53.354789],[6.167668,53.401299],[6.184742,53.406892],[6.228896,53.392762],[6.211823,53.38452],[6.19475,53.392762],[6.195633,53.370685],[6.247147,53.360971]]]}},{"type":"Feature","properties":{},"geometry":{"type":"Polygon","coordinates":[[[13.191196,52.515263],[13.219161,52.507609],[13.206798,52.50025],[13.197967,52.487004],[13.189136,52.450503],[13.177361,52.431958],[13.170591,52.426365],[13.163232,52.438434],[13.144687,52.438728],[13.102593,52.432546],[13.114073,52.441966],[13.176773,52.466987],[13.18472,52.482294],[13.191196,52.515263]]]}},{"type":"Feature","properties":{},"geometry":{"type":"Polygon","coordinates":[[[12.83531,53.228213],[12.856504,53.214672],[12.842081,53.210256],[12.814705,53.214378],[12.799987,53.207313],[12.793511,53.224386],[12.797043,53.231156],[12.80764,53.235277],[12.80764,53.214672],[12.83531,53.228213]]]}},{"type":"Feature","properties":{},"geometry":{"type":"Polygon","coordinates":[[[12.489727,52.414885],[12.495908,52.39163],[12.490904,52.379561],[12.45823,52.364254],[12.430854,52.371024],[12.430854,52.378089],[12.443217,52.383388],[12.440568,52.388686],[12.389937,52.398989],[12.404067,52.404876],[12.451459,52.405759],[12.489727,52.414885]]]}},{"type":"Feature","properties":{},"geometry":{"type":"Polygon","coordinates":[[[12.931273,52.398989],[12.913905,52.416945],[12.890062,52.432546],[12.903603,52.431663],[12.951584,52.405759],[12.950701,52.382505],[12.965714,52.364254],[12.948935,52.365431],[12.940693,52.373968],[12.931273,52.398989]]]}},{"type":"Feature","properties":{},"geometry":{"type":"Polygon","coordinates":[[[12.959238,52.359839],[12.992795,52.350713],[12.973661,52.343943],[12.931273,52.316567],[12.946874,52.348947],[12.959238,52.359839]]]}},{"type":"Feature","properties":{},"geometry":{"type":"Polygon","coordinates":[[[13.683668,52.445793],[13.684845,52.439317],[13.651288,52.432252],[13.633626,52.431663],[13.623323,52.439317],[13.628033,52.450208],[13.6454,52.454035],[13.683668,52.445793]]]}},{"type":"Feature","properties":{},"geometry":{"type":"Polygon","coordinates":[[[14.214701,52.088729],[14.246492,52.089907],[14.246492,52.083725],[14.231479,52.079898],[14.219116,52.069595],[14.226181,52.06047],[14.222943,52.036921],[14.21264,52.028385],[14.192329,52.035449],[14.198805,52.022792],[14.197039,52.017199],[14.188796,52.014844],[14.182909,52.019848],[14.192329,52.042808],[14.197627,52.074011],[14.196156,52.088435],[14.18497,52.097266],[14.18497,52.10433],[14.21264,52.11169],[14.206753,52.097266],[14.214701,52.088729]]]}},{"type":"Feature","properties":{"name":"Jezioro D\u0105bie"},"geometry":{"type":"Polygon","coordinates":[[[14.699518,53.474595],[14.714825,53.451341],[14.7057,53.439861],[14.665078,53.434268],[14.652714,53.427497],[14.671554,53.412779],[14.652714,53.406303],[14.630637,53.412779],[14.637407,53.433679],[14.630637,53.426908],[14.607677,53.443099],[14.609737,53.456639],[14.623867,53.461643],[14.637407,53.453696],[14.646827,53.466353],[14.651243,53.530819],[14.661545,53.536118],[14.681562,53.534057],[14.690687,53.511685],[14.7057,53.501971],[14.699518,53.474595]]]}},{"type":"Feature","properties":{"name":"Ozero Tursuntskiy Tuman"},"geometry":{"type":"Polygon","coordinates":[[[64.0,60.530036462701055],[63.96371,60.54375],[63.949875,60.519023],[63.935451,60.513136],[63.901599,60.512547],[63.887175,60.519023],[63.867453,60.55317],[63.832718,60.569948],[63.826242,60.580251],[63.83625,60.597913],[63.878933,60.616752],[63.873634,60.635592],[63.890119,60.640596],[63.910724,60.639418],[63.928092,60.632059],[63.944282,60.607038],[64.0,60.584478],[64.0,60.530036462701055]]]}},{"type":"Feature","properties":{"name":"Yke Lake"},"geometry":{"type":"Polygon","coordinates":[[[61.632935,51.000759],[61.629108,50.951012],[61.613507,50.941887],[61.528435,50.931878],[61.499882,50.939532],[61.497822,50.948068],[61.507536,50.955722],[61.524314,50.959548],[61.49841,50.98663],[61.490757,51.018716],[61.514895,51.020776],[61.540799,51.000465],[61.632935,51.000759]]]}},{"type":"Feature","properties":{},"geometry":{"type":"Polygon","coordinates":[[[30.183071,61.781846],[30.152163,61.78685],[30.172769,61.766539],[30.165115,61.759768],[30.172769,61.752115],[30.126553,61.749171],[30.117428,61.738574],[30.142155,61.714142],[30.138328,61.697657],[30.082399,61.723267],[30.069741,61.725622],[30.052962,61.717968],[30.053845,61.706783],[30.065914,61.69648],[30.083282,61.690887],[30.070919,61.686472],[30.033534,61.690887],[30.016756,61.705311],[30.014989,61.732392],[30.025292,61.743284],[30.03324,61.778019],[30.042365,61.793031],[30.029119,61.805689],[30.014989,61.804806],[30.002626,61.795092],[29.994384,61.780079],[29.979666,61.790382],[29.971424,61.786261],[29.959649,61.759768],[29.933745,61.74034],[29.915789,61.733275],[29.901659,61.735336],[29.849851,61.768305],[29.843081,61.783612],[29.847791,61.800685],[29.898127,61.807455],[29.890768,61.814814],[29.918732,61.828061],[29.873989,61.847489],[29.877227,61.862207],[29.906369,61.868683],[29.913728,61.857791],[29.941987,61.903712],[29.952879,61.909894],[30.02853,61.903124],[30.022643,61.914604],[29.987025,61.930499],[29.997328,61.945512],[29.986142,61.951399],[29.946108,61.951399],[29.952879,61.971416],[29.922559,61.977598],[29.910196,61.984662],[29.897244,62.008506],[29.843081,62.019692],[29.85044,62.040297],[29.782442,62.055899],[29.748296,62.042652],[29.731811,62.045007],[29.722391,62.056487],[29.72769,62.075032],[29.695604,62.084157],[29.67235,62.102408],[29.687362,62.105352],[29.73446,62.088573],[29.802459,62.088573],[29.877227,62.072089],[29.896066,62.028228],[29.921087,62.024696],[30.039127,61.958464],[30.076806,61.923729],[30.076512,61.889288],[30.152163,61.883107],[30.144215,61.871921],[30.158933,61.856614],[30.152163,61.828061],[30.180716,61.795092],[30.183071,61.781846]]]}},{"type":"Feature","properties":{},"geometry":{"type":"Polygon","coordinates":[[[25.162986,61.382982],[25.077031,61.382393],[25.030227,61.375623],[25.025812,61.355018],[24.997553,61.351485],[24.978714,61.362377],[24.94339,61.395934],[24.916014,61.402705],[24.909244,61.423899],[24.868327,61.44421],[24.807688,61.45569],[24.78826,61.466876],[24.793559,61.491602],[24.809749,61.505438],[24.835358,61.516329],[24.863617,61.520156],[24.888638,61.513385],[24.868327,61.505732],[24.890404,61.49749],[24.974592,61.498962],[25.015509,61.513385],[25.059958,61.505732],[25.115299,61.472174],[25.059958,61.458045],[24.95487,61.490425],[24.921901,61.491897],[24.888638,61.485421],[24.909244,61.464815],[24.861262,61.472174],[24.881279,61.447742],[24.91778,61.427725],[24.991666,61.402705],[25.123835,61.394462],[25.162986,61.382982]]]}},{"type":"Feature","properties":{},"geometry":{"type":"Polygon","coordinates":[[[23.755631,63.094121],[23.681745,63.074693],[23.669676,63.067922],[23.656136,63.033187],[23.630231,63.026417],[23.614041,63.036131],[23.594025,63.067922],[23.533974,63.115315],[23.525732,63.133566],[23.530148,63.155937],[23.542217,63.177131],[23.559878,63.192438],[23.58019,63.198326],[23.608743,63.195971],[23.621401,63.199503],[23.628171,63.212161],[23.601384,63.239242],[23.601384,63.246896],[23.616102,63.246307],[23.716775,63.205979],[23.739146,63.190967],[23.749155,63.175365],[23.750921,63.133566],[23.766522,63.113843],[23.764462,63.102363],[23.755631,63.094121]]]}},{"type":"Feature","properties":{"name":"Pyh\u00e4j\u00e4rvi"},"geometry":{"type":"Polygon","coordinates":[[[22.398318,60.930544],[22.388015,60.895809],[22.337679,60.882563],[22.325904,60.881974],[22.309125,60.891394],[22.147519,61.018559],[22.129858,61.037693],[22.137217,61.046524],[22.150463,61.051528],[22.147814,61.081259],[22.159588,61.090973],[22.172246,61.093917],[22.20286,61.088029],[22.234357,61.060948],[22.33238,61.023269],[22.359462,60.974699],[22.398318,60.930544]]]}},{"type":"Feature","properties":{},"geometry":{"type":"Polygon","coordinates":[[[23.95727,60.206703],[23.954621,60.198461],[23.963746,60.183743],[23.907228,60.187275],[23.909289,60.196695],[23.884268,60.204937],[23.860719,60.196695],[23.88574,60.175795],[23.885445,60.158427],[23.867783,60.151657],[23.840407,60.162548],[23.858069,60.169613],[23.867783,60.183743],[23.843645,60.18963],[23.826572,60.186392],[23.79272,60.170202],[23.772998,60.166964],[23.759752,60.171085],[23.73061,60.190513],[23.745622,60.185509],[23.757691,60.190513],[23.73738,60.204348],[23.750921,60.224659],[23.73061,60.224659],[23.740912,60.2382],[23.815681,60.278234],[23.895159,60.286181],[23.856303,60.267636],[23.813032,60.258806],[23.817153,60.252918],[23.813032,60.2382],[23.860719,60.252624],[23.959625,60.267636],[24.004957,60.286181],[24.028212,60.266459],[24.038809,60.262927],[24.053233,60.272641],[24.025268,60.306493],[23.981114,60.291186],[23.967278,60.296484],[24.004957,60.319445],[24.035277,60.32386],[24.053233,60.306493],[24.072955,60.272641],[24.067362,60.260572],[23.95727,60.206703]]]}},{"type":"Feature","properties":{},"geometry":{"type":"Polygon","coordinates":[[[29.376514,60.551992],[29.394764,60.529032],[29.376808,60.519023],[29.322351,60.55317],[29.26024,60.565239],[29.240517,60.574069],[29.280551,60.608216],[29.298507,60.609393],[29.322351,60.594086],[29.329121,60.594086],[29.376514,60.551992]]]}},{"type":"Feature","properties":{},"geometry":{"type":"Polygon","coordinates":[[[34.127845,61.926084],[34.133438,61.916664],[34.057492,61.916664],[34.052488,61.932266],[34.0675,61.939625],[34.106062,61.937858],[34.098997,61.94404],[34.127845,61.926084]]]}},{"type":"Feature","properties":{},"geometry":{"type":"Polygon","coordinates":[[[34.144624,61.979069],[34.166407,61.944923],[34.153749,61.930499],[34.142563,61.937858],[34.112832,61.984957],[34.049839,62.006445],[34.030116,62.019692],[34.04454,62.035587],[34.059258,62.042358],[34.075154,62.04118],[34.092227,62.034116],[34.144624,61.979069]]]}},{"type":"Feature","properties":{},"geometry":{"type":"Polygon","coordinates":[[[34.201436,62.01145],[34.214094,61.989961],[34.202025,61.984957],[34.181125,61.997614],[34.127256,62.061491],[34.023346,62.116538],[34.031882,62.120953],[34.048955,62.120659],[34.073388,62.104763],[34.127256,62.088573],[34.201436,62.01145]]]}},{"type":"Feature","properties":{},"geometry":{"type":"Polygon","coordinates":[[[33.406359,61.958464],[33.417544,61.946984],[33.369269,61.934032],[33.366031,61.909894],[33.336594,61.897531],[33.302742,61.891643],[33.235039,61.889288],[33.246813,61.868094],[33.221792,61.857203],[33.182642,61.855731],[33.153205,61.862207],[33.167335,61.862207],[33.158504,61.876631],[33.141136,61.88605],[33.041347,61.914604],[33.037226,61.924023],[32.988656,61.938447],[32.972466,61.951399],[32.989245,61.971416],[32.947739,61.984957],[32.969522,62.029111],[32.975704,62.037059],[32.99366,62.044418],[33.031044,62.050894],[33.050767,62.047656],[33.056065,62.025579],[33.062836,62.023813],[33.130245,62.047951],[33.149967,62.037059],[33.154677,62.025285],[33.126418,62.002913],[33.135249,61.990844],[33.194711,61.971416],[33.210901,61.981424],[33.240337,61.983485],[33.271834,61.978775],[33.318049,61.957875],[33.376922,61.967001],[33.406359,61.958464]]]}},{"type":"Feature","properties":{},"geometry":{"type":"Polygon","coordinates":[[[30.055906,61.019737],[30.086814,60.974699],[30.037655,60.951739],[30.042365,60.937315],[29.993501,60.935254],[29.933745,60.953505],[29.880171,60.986179],[29.85044,61.026507],[29.925208,61.008845],[29.96377,61.005902],[29.966714,61.026507],[30.014989,61.032689],[30.017639,61.041814],[30.01028,61.04829],[29.965831,61.058004],[29.911373,61.094211],[29.956705,61.089795],[30.003509,61.074194],[30.042071,61.04829],[30.055906,61.019737]]]}},{"type":"Feature","properties":{},"geometry":{"type":"Polygon","coordinates":[[[37.450333,60.846356],[37.456809,60.841058],[37.452688,60.82634],[37.430611,60.82163],[37.388811,60.827517],[37.354665,60.849594],[37.245455,60.841058],[37.221023,60.845179],[37.216608,60.850183],[37.251048,60.861663],[37.318752,60.871083],[37.33347,60.881974],[37.336708,60.896987],[37.332293,60.911705],[37.319047,60.937315],[37.303151,60.954682],[37.34289,60.96057],[37.388811,60.950856],[37.374387,60.944674],[37.397936,60.917298],[37.412654,60.906701],[37.449155,60.897281],[37.436498,60.885801],[37.401763,60.868434],[37.41913,60.844296],[37.429139,60.841352],[37.450333,60.846356]]]}},{"type":"Feature","properties":{},"geometry":{"type":"Polygon","coordinates":[[[38.48149,62.107707],[38.501507,62.109473],[38.483845,62.100642],[38.36816,62.075032],[38.302223,62.046479],[38.271314,62.021752],[38.253947,61.976126],[38.243644,61.979953],[38.224216,61.999381],[38.169464,62.022341],[38.200667,62.030583],[38.211559,62.040003],[38.211853,62.051189],[38.19684,62.061491],[38.172997,62.061491],[38.127665,62.044124],[38.108237,62.047656],[38.238934,62.125074],[38.243939,62.132728],[38.234813,62.145091],[38.214208,62.142442],[38.121777,62.102408],[38.117362,62.111239],[38.161222,62.15716],[38.204199,62.167168],[38.250415,62.169229],[38.271903,62.163636],[38.278968,62.143619],[38.209792,62.075032],[38.252181,62.082097],[38.298396,62.114477],[38.313703,62.109178],[38.298985,62.08975],[38.323711,62.087984],[38.43086,62.115066],[38.48149,62.107707]]]}},{"type":"Feature","properties":{},"geometry":{"type":"Polygon","coordinates":[[[38.176529,63.047611],[38.095579,63.135332],[38.073207,63.145929],[37.963115,63.168595],[37.942215,63.181253],[37.946925,63.202152],[37.958111,63.209217],[37.969002,63.20804],[37.991374,63.195088],[38.002266,63.195088],[38.042888,63.212161],[38.05584,63.208923],[38.077328,63.181253],[38.088514,63.17566],[38.135613,63.176248],[38.169759,63.165063],[38.181828,63.152994],[38.189481,63.130033],[38.189481,63.088528],[38.209792,63.061152],[38.214502,63.040841],[38.209792,63.020235],[38.193014,63.015231],[38.184477,63.023768],[38.176529,63.047611]]]}},{"type":"Feature","properties":{},"geometry":{"type":"Polygon","coordinates":[[[27.879083,63.360815],[27.794012,63.418216],[27.812851,63.424103],[27.825803,63.418216],[28.118696,63.255727],[28.146072,63.266029],[28.186105,63.256904],[28.198763,63.246896],[28.204061,63.204213],[28.256164,63.188317],[28.289133,63.168889],[28.323279,63.157703],[28.363312,63.171244],[28.347417,63.174777],[28.301201,63.205979],[28.322984,63.217165],[28.381563,63.196854],[28.411294,63.191555],[28.403935,63.18243],[28.387156,63.175954],[28.383918,63.168006],[28.391277,63.162413],[28.438964,63.150639],[28.35978,63.094121],[28.356542,63.075576],[28.273826,63.067922],[28.191404,63.088528],[28.201118,63.098831],[28.230848,63.097064],[28.24645,63.102363],[28.227316,63.109428],[28.205239,63.109722],[28.22761,63.115609],[28.280596,63.116787],[28.29502,63.130033],[28.257341,63.125912],[28.24645,63.130033],[28.235264,63.147695],[28.253514,63.157409],[28.185222,63.200681],[28.170798,63.21952],[28.137535,63.201269],[28.117518,63.200681],[28.099856,63.208923],[28.041278,63.19862],[28.034508,63.21952],[28.000067,63.246896],[28.021261,63.267207],[27.992413,63.286929],[27.979756,63.287812],[27.979756,63.301353],[27.933246,63.318426],[27.925004,63.328729],[27.938251,63.328729],[27.92206,63.343153],[27.879083,63.360815]]]}},{"type":"Feature","properties":{},"geometry":{"type":"Polygon","coordinates":[[[27.242668,66.03894],[27.2462,66.025693],[27.241491,66.015685],[27.212054,65.98772],[27.252971,65.98095],[27.241196,65.966232],[27.222357,65.960639],[27.208522,65.962405],[27.19086,65.974179],[27.124334,65.975062],[27.109027,65.98095],[27.107555,65.987426],[27.129927,66.021866],[27.130515,66.046004],[27.076058,66.080445],[27.030726,66.096929],[26.984805,66.101345],[26.951836,66.083388],[26.976857,66.077207],[26.993342,66.062783],[26.876773,66.056013],[26.876773,66.062783],[26.903561,66.076029],[26.897085,66.076029],[26.910331,66.088981],[26.951248,66.106643],[26.958901,66.117535],[26.951542,66.123716],[26.910625,66.134902],[26.876773,66.158451],[26.825848,66.166988],[26.812602,66.174641],[26.821433,66.193186],[26.842922,66.207905],[26.864116,66.20761],[26.911508,66.193186],[26.889725,66.172581],[27.000406,66.14285],[27.043089,66.136963],[27.049271,66.112236],[27.10049,66.088981],[27.136697,66.083388],[27.197042,66.094574],[27.222946,66.090453],[27.2462,66.062783],[27.257681,66.057484],[27.26033,66.049242],[27.242668,66.03894]]]}},{"type":"Feature","properties":{},"geometry":{"type":"Polygon","coordinates":[[[29.631433,65.898233],[29.572854,65.886459],[29.383873,65.884693],[29.182233,65.92767],[29.130425,65.946804],[29.197835,65.940916],[29.21373,65.946804],[29.164866,65.966526],[29.160156,65.975946],[29.176935,65.98301],[29.225505,65.970941],[29.300273,65.967115],[29.335303,65.960639],[29.335303,65.952985],[29.288204,65.946804],[29.303217,65.935912],[29.40595,65.903826],[29.430382,65.900883],[29.484251,65.930614],[29.520163,65.936501],[29.55637,65.974179],[29.521635,65.98095],[29.554015,66.000083],[29.589045,66.005971],[29.739465,66.012447],[29.7742,66.007737],[29.809523,65.993902],[29.774788,65.984188],[29.658809,65.993902],[29.675882,65.979184],[29.730634,65.973591],[29.754772,65.966526],[29.603468,65.98095],[29.623485,65.97153],[29.672055,65.965348],[29.698842,65.952985],[29.72769,65.947392],[29.754772,65.930908],[29.894889,65.910302],[29.930801,65.896762],[29.987025,65.884693],[29.891651,65.886753],[29.821887,65.909419],[29.784208,65.903532],[29.723569,65.917661],[29.631433,65.912069],[29.53547,65.921783],[29.508094,65.912069],[29.53547,65.903826],[29.631433,65.905298],[29.631433,65.898233]]]}},{"type":"Feature","properties":{},"geometry":{"type":"Polygon","coordinates":[[[29.539003,65.198824],[29.540474,65.192348],[29.53341,65.187933],[29.428616,65.175275],[29.385933,65.158496],[29.349726,65.131415],[29.356497,65.070776],[29.30204,65.060179],[29.231981,65.061356],[29.192536,65.035158],[29.240517,65.021323],[29.21638,65.013081],[29.124244,65.014552],[29.15839,64.986588],[29.140139,64.977757],[29.127776,64.965394],[29.127187,64.950381],[29.144849,64.932719],[29.116296,64.931836],[29.090097,64.925066],[29.090097,64.918295],[29.144849,64.912114],[29.144849,64.904755],[29.055951,64.912114],[29.055951,64.890919],[29.083621,64.858539],[29.132486,64.844999],[29.234041,64.843232],[29.223444,64.829986],[29.226682,64.815857],[29.183705,64.813502],[29.093041,64.842055],[28.998256,64.856479],[28.906708,64.884738],[28.856667,64.890919],[28.863437,64.890919],[28.836355,64.904755],[28.848424,64.918295],[28.867558,64.916529],[28.859021,64.928892],[28.861671,64.937135],[28.875212,64.937723],[28.94527,64.917412],[28.952335,64.908581],[28.953807,64.885621],[28.959694,64.87885],[28.97294,64.877379],[28.989719,64.887387],[28.99649,64.924477],[29.046531,64.93684],[29.054479,64.947732],[29.049181,64.963333],[29.034757,64.980406],[29.067431,64.995713],[29.058012,65.018379],[29.072435,65.031331],[29.07273,65.045755],[29.062427,65.067832],[29.046237,65.087849],[29.027986,65.096386],[29.042999,65.103745],[29.090097,65.104039],[29.075968,65.116991],[29.09834,65.147311],[29.110408,65.162029],[29.130425,65.165267],[29.138079,65.184106],[29.162805,65.198824],[29.179878,65.197058],[29.164866,65.165267],[29.172225,65.165267],[29.138079,65.131415],[29.160156,65.118757],[29.158095,65.110809],[29.144849,65.104039],[29.144849,65.082845],[29.188415,65.071659],[29.237868,65.068127],[29.282023,65.077252],[29.309104,65.104039],[29.31558,65.131415],[29.324411,65.144073],[29.355025,65.164972],[29.428616,65.188522],[29.432148,65.21001],[29.437741,65.215603],[29.473654,65.206478],[29.526934,65.204712],[29.539003,65.198824]]]}},{"type":"Feature","properties":{},"geometry":{"type":"Polygon","coordinates":[[[24.333762,69.66786],[24.306386,69.640485],[24.333762,69.633126],[24.310213,69.625766],[24.219843,69.62871],[24.217782,69.619585],[24.238388,69.599568],[24.197177,69.599568],[24.10092,69.626355],[24.114755,69.654025],[24.094149,69.687877],[24.115932,69.690527],[24.118582,69.697591],[24.114755,69.708777],[24.282248,69.699063],[24.299616,69.694648],[24.282542,69.687877],[24.27224,69.674042],[24.333762,69.66786]]]}},{"type":"Feature","properties":{},"geometry":{"type":"Polygon","coordinates":[[[37.956345,68.072113],[37.922493,68.063282],[37.899827,68.06387],[37.886875,68.069758],[37.851257,68.106259],[37.840365,68.11038],[37.790323,68.094484],[37.710256,68.085065],[37.723797,68.099783],[37.749112,68.113029],[37.813873,68.129514],[37.846841,68.152768],[37.862737,68.155418],[37.884226,68.148353],[37.940449,68.140994],[37.962526,68.154829],[38.005209,68.167192],[38.01875,68.159539],[38.065848,68.162777],[38.100583,68.186915],[38.106176,68.14482],[38.115007,68.139816],[38.167698,68.156006],[38.183888,68.145998],[38.149153,68.111852],[38.187126,68.109497],[38.201845,68.097428],[38.191247,68.083887],[38.152686,68.077705],[38.098817,68.081827],[38.074974,68.091835],[38.052896,68.111852],[38.059372,68.130691],[38.04642,68.138639],[38.02817,68.137461],[38.01875,68.129219],[38.012274,68.109791],[37.956639,68.098017],[37.964293,68.08271],[37.956345,68.072113]]]}},{"type":"Feature","properties":{},"geometry":{"type":"Polygon","coordinates":[[[36.853951,66.802814],[36.97729,66.816944],[36.970519,66.796633],[36.970519,66.802814],[36.936079,66.774555],[36.897811,66.753361],[36.856012,66.739821],[36.812151,66.735111],[36.627291,66.74718],[36.599915,66.761898],[36.612278,66.772789],[36.682337,66.796633],[36.710596,66.799871],[36.743859,66.822831],[36.781538,66.820182],[36.853951,66.802814]]]}},{"type":"Feature","properties":{},"geometry":{"type":"Polygon","coordinates":[[[35.271155,66.7931],[35.276454,66.775733],[35.253788,66.757188],[35.221113,66.750712],[35.195798,66.768668],[35.17637,66.760426],[35.166362,66.766902],[35.167245,66.781326],[35.181374,66.796633],[35.127506,66.823126],[35.113376,66.849618],[35.096303,66.864042],[35.076286,66.874345],[35.007111,66.892007],[34.922334,66.884648],[34.907321,66.867869],[34.889365,66.860804],[34.832847,66.857861],[34.846388,66.864925],[34.872292,66.892007],[34.893192,66.900838],[34.962367,66.905842],[34.947943,66.919383],[34.983267,66.931452],[35.001223,66.932923],[35.053031,66.917322],[35.136925,66.921443],[35.167833,66.912612],[35.177253,66.902898],[35.167833,66.882293],[35.174898,66.872873],[35.222585,66.864337],[35.231122,66.854328],[35.233477,66.836961],[35.251139,66.808407],[35.271155,66.7931]]]}},{"type":"Feature","properties":{},"geometry":{"type":"Polygon","coordinates":[[[34.221453,66.960594],[34.229401,66.94617],[34.183185,66.941166],[34.158165,66.944109],[34.147567,66.957061],[34.141974,66.981788],[34.119603,66.994445],[34.115187,66.972368],[34.096054,66.966481],[34.073093,66.972957],[34.057492,66.988264],[34.084868,67.008869],[34.085457,67.036834],[34.04454,67.087465],[33.990377,67.109247],[33.982429,67.121905],[33.986256,67.141333],[33.996264,67.156051],[34.011277,67.16135],[34.030116,67.152813],[34.023346,67.152813],[34.064557,67.141039],[34.083985,67.128381],[34.100469,67.099828],[34.119603,67.088936],[34.161108,67.077751],[34.152572,67.039778],[34.221453,66.960594]]]}},{"type":"Feature","properties":{},"geometry":{"type":"Polygon","coordinates":[[[33.373095,67.074513],[33.207663,67.083932],[33.229151,67.096001],[33.293911,67.116901],[33.296561,67.132208],[33.343659,67.133974],[33.364853,67.139861],[33.379571,67.152813],[33.341304,67.163999],[33.241809,67.221106],[33.300682,67.216102],[33.32688,67.207565],[33.351901,67.19373],[33.344836,67.19373],[33.419311,67.157818],[33.502616,67.132208],[33.572086,67.101005],[33.598873,67.097473],[33.617123,67.077456],[33.633019,67.049786],[33.61418,67.046254],[33.582683,67.026826],[33.5609,67.02241],[33.532641,67.025354],[33.373095,67.074513]]]}},{"type":"Feature","properties":{},"geometry":{"type":"Polygon","coordinates":[[[31.158888,66.885825],[31.079999,66.89966],[31.006408,66.892007],[30.848923,66.895245],[30.787401,66.906725],[30.727645,66.939988],[30.789461,66.927036],[31.014944,66.919383],[31.079999,66.926447],[31.128275,66.917616],[31.234246,66.909963],[31.268686,66.901721],[31.296062,66.879938],[31.317256,66.871696],[31.278989,66.880821],[31.158888,66.885825]]]}},{"type":"Feature","properties":{},"geometry":{"type":"Polygon","coordinates":[[[32.037271,66.32359],[32.034916,66.312698],[32.03992,66.304456],[32.056993,66.295625],[32.029029,66.283262],[32.024025,66.268838],[32.029618,66.227333],[32.01225,66.207021],[31.979281,66.204961],[31.838281,66.244994],[31.596902,66.262068],[31.619274,66.276491],[31.700813,66.295625],[31.674026,66.309755],[31.608088,66.324473],[31.590721,66.33713],[31.610149,66.336247],[31.618096,66.364506],[31.636347,66.368627],[31.672848,66.366861],[31.7067,66.377753],[31.846817,66.353026],[31.86183,66.347139],[31.90569,66.315053],[31.931889,66.309166],[31.960736,66.316819],[31.972511,66.326239],[31.991939,66.360974],[32.006951,66.366861],[32.052284,66.363034],[32.090551,66.33713],[32.046985,66.330654],[32.037271,66.32359]],[[31.850938,66.316819],[31.826212,66.332421],[31.796481,66.33713],[31.782057,66.344195],[31.773521,66.337425],[31.773226,66.324473],[31.78294,66.312993],[31.79913,66.307988],[31.835337,66.310638],[31.850938,66.316819]]]}},{"type":"Feature","properties":{},"geometry":{"type":"Polygon","coordinates":[[[30.3644,64.384024],[30.258134,64.396976],[30.203971,64.394622],[30.186309,64.370189],[30.170119,64.376077],[30.124787,64.411106],[30.152752,64.423764],[30.153046,64.436127],[30.130969,64.472628],[30.174535,64.484108],[30.179539,64.496766],[30.170708,64.510012],[30.127437,64.518843],[30.110658,64.527968],[30.123021,64.529735],[30.144804,64.54828],[30.174535,64.547985],[30.182777,64.552106],[30.192197,64.568002],[30.219278,64.555933],[30.244593,64.555933],[30.287865,64.571829],[30.302878,64.569474],[30.282566,64.541509],[30.241944,64.534739],[30.234585,64.527968],[30.243416,64.511778],[30.270792,64.511778],[30.323483,64.521198],[30.323483,64.515016],[30.263138,64.494117],[30.231641,64.474394],[30.220456,64.452317],[30.241944,64.441131],[30.37117,64.459676],[30.37117,64.452317],[30.297285,64.423175],[30.268731,64.418171],[30.291397,64.407279],[30.341734,64.396976],[30.3644,64.384024]]]}},{"type":"Feature","properties":{},"geometry":{"type":"Polygon","coordinates":[[[31.205398,63.52507],[31.317845,63.464431],[31.315784,63.453539],[31.289292,63.438527],[31.296651,63.424397],[31.281933,63.422631],[31.271041,63.425575],[31.231596,63.458544],[31.152118,63.479443],[31.111201,63.507408],[31.126803,63.510057],[31.130924,63.530957],[31.138872,63.540966],[31.160066,63.541849],[31.205398,63.52507]]]}},{"type":"Feature","properties":{},"geometry":{"type":"Polygon","coordinates":[[[32.464982,62.93958],[32.481761,62.911026],[32.419356,62.921918],[32.399633,62.931632],[32.381088,62.949294],[32.337522,62.951354],[32.241265,62.993448],[32.132351,63.005812],[32.114689,63.013171],[32.089668,63.03878],[32.090551,63.078519],[32.097321,63.082641],[32.131762,63.047611],[32.185336,63.026123],[32.208002,63.033187],[32.165319,63.05762],[32.155605,63.074693],[32.166202,63.095887],[32.208002,63.067922],[32.288952,63.053204],[32.306909,63.044079],[32.341643,62.999924],[32.351357,62.993448],[32.385504,62.985795],[32.428187,62.966072],[32.464982,62.93958]]]}},{"type":"Feature","properties":{},"geometry":{"type":"Polygon","coordinates":[[[34.02835,62.56927],[34.017164,62.574568],[34.008628,62.585754],[34.003623,62.623138],[33.985078,62.648453],[33.980663,62.662583],[33.989199,62.678184],[34.00745,62.684366],[34.033943,62.6826],[34.077803,62.670825],[34.071916,62.678184],[34.104885,62.659639],[34.149039,62.649631],[34.183774,62.635207],[34.187895,62.602533],[34.164935,62.591347],[34.161108,62.585165],[34.174943,62.561027],[34.165524,62.546309],[34.153455,62.543071],[34.137853,62.546898],[34.083396,62.567209],[34.02835,62.56927]]]}},{"type":"Feature","properties":{},"geometry":{"type":"Polygon","coordinates":[[[33.863212,62.557789],[33.877341,62.53424],[33.87322,62.520111],[33.854381,62.510102],[33.722506,62.500683],[33.704549,62.505393],[33.733691,62.564854],[33.729276,62.636385],[33.733691,62.650808],[33.744877,62.644038],[33.769604,62.615485],[33.781378,62.630203],[33.776963,62.670825],[33.790798,62.682894],[33.806399,62.681128],[33.84084,62.661994],[33.844961,62.655224],[33.835247,62.637856],[33.845255,62.623138],[33.863212,62.557789]]]}},{"type":"Feature","properties":{},"geometry":{"type":"Polygon","coordinates":[[[32.43584,62.261953],[32.444965,62.244586],[32.440844,62.218093],[32.416118,62.200431],[32.402871,62.167168],[32.351946,62.143325],[32.331341,62.123308],[32.316623,62.117715],[32.310441,62.132728],[32.321038,62.154216],[32.320744,62.162753],[32.303376,62.170701],[32.340172,62.179531],[32.35489,62.189834],[32.365487,62.204552],[32.347236,62.216327],[32.283065,62.242525],[32.292779,62.257832],[32.315151,62.266074],[32.340466,62.268724],[32.358128,62.266663],[32.344293,62.266663],[32.359011,62.264308],[32.372257,62.239582],[32.389036,62.230456],[32.39669,62.231045],[32.409936,62.249001],[32.43584,62.261953]]]}},{"type":"Feature","properties":{},"geometry":{"type":"Polygon","coordinates":[[[32.205942,62.243997],[32.282182,62.201903],[32.244209,62.140381],[32.173562,62.170701],[32.104386,62.184241],[32.150896,62.200726],[32.172678,62.216327],[32.170029,62.235755],[32.113511,62.268724],[32.09791,62.273139],[32.12087,62.280498],[32.145303,62.2752],[32.166497,62.25636],[32.205942,62.243997]]]}},{"type":"Feature","properties":{"name":"Randijaure"},"geometry":{"type":"Polygon","coordinates":[[[19.439075,66.671528],[19.427889,66.657399],[19.440841,66.645624],[19.440841,66.638265],[19.252743,66.688896],[19.243029,66.696843],[19.249505,66.718038],[19.225367,66.731284],[19.202701,66.73305],[19.162962,66.719509],[19.139412,66.724219],[19.089665,66.751301],[19.0617,66.758954],[19.023139,66.789862],[18.999589,66.800754],[18.872424,66.830779],[18.84446,66.830779],[18.837689,66.816944],[18.749086,66.816944],[18.727891,66.823126],[18.782937,66.837549],[18.766453,66.844614],[18.707875,66.85109],[18.669313,66.869635],[18.54568,66.887297],[18.45325,66.879055],[18.368473,66.885825],[18.310189,66.864337],[18.021123,66.858744],[17.819484,66.8767],[17.780039,66.887003],[17.748836,66.905842],[17.730586,66.930863],[17.740594,66.937633],[17.764143,66.931157],[17.814185,66.900249],[17.852158,66.894656],[18.139752,66.881998],[18.225706,66.869341],[18.268978,66.871696],[18.360525,66.896422],[18.474444,66.89966],[18.543914,66.912612],[18.579237,66.909374],[18.954257,66.830779],[18.941305,66.844908],[18.965443,66.851385],[18.996057,66.851385],[19.025788,66.845792],[19.069942,66.823126],[19.12911,66.81871],[19.153542,66.809585],[19.082306,66.806936],[19.071709,66.796633],[19.07583,66.785447],[19.112037,66.782209],[19.132936,66.758071],[19.173264,66.744825],[19.22625,66.739232],[19.277175,66.745708],[19.310438,66.768668],[19.316914,66.759249],[19.341641,66.745119],[19.346056,66.722747],[19.365778,66.70538],[19.42995,66.705674],[19.474987,66.693605],[19.439075,66.671528]]]}},{"type":"Feature","properties":{"name":"Storuman"},"geometry":{"type":"Polygon","coordinates":[[[17.212799,65.07107],[17.241647,65.062239],[17.21486,65.056352],[17.131849,65.055469],[17.07592,65.079312],[17.056197,65.082845],[17.046778,65.094325],[17.031176,65.102862],[16.984961,65.114931],[16.967594,65.151726],[16.885172,65.200885],[16.85809,65.206478],[16.829243,65.2053],[16.827771,65.200296],[16.843961,65.192643],[16.843961,65.185872],[16.816585,65.188227],[16.741522,65.213837],[16.754474,65.220019],[16.736224,65.227378],[16.714735,65.226789],[16.720328,65.220019],[16.704727,65.21001],[16.688242,65.216192],[16.652036,65.241213],[16.570791,65.262996],[16.549008,65.275359],[16.526342,65.263879],[16.500732,65.267706],[16.512801,65.295964],[16.508975,65.308033],[16.494551,65.316276],[16.494551,65.322457],[16.515451,65.326578],[16.512801,65.336587],[16.496023,65.346595],[16.449807,65.352777],[16.354139,65.37662],[16.30498,65.405174],[16.254938,65.426073],[16.274072,65.427545],[16.34001,65.412533],[16.385342,65.386923],[16.417722,65.378092],[16.487192,65.370733],[16.480716,65.385157],[16.507797,65.381919],[16.539294,65.362196],[16.554895,65.338059],[16.534879,65.322457],[16.548419,65.311566],[16.594046,65.301263],[16.613474,65.277714],[16.637023,65.273004],[16.686182,65.275359],[16.673524,65.291255],[16.631724,65.313626],[16.617301,65.329816],[16.651152,65.326873],[16.686182,65.316276],[16.734457,65.282129],[16.803044,65.272415],[16.823355,65.264467],[16.843961,65.247394],[16.892237,65.241213],[16.951404,65.222668],[17.010277,65.194998],[17.063262,65.15938],[17.103884,65.116991],[17.087106,65.112281],[17.052959,65.116108],[17.035886,65.110221],[17.097408,65.090204],[17.139797,65.070187],[17.212799,65.07107]]]}},{"type":"Feature","properties":{},"geometry":{"type":"Polygon","coordinates":[[[15.513435,64.231249],[15.452207,64.246851],[15.469869,64.25421],[15.489297,64.254799],[15.546404,64.23802],[15.641483,64.232721],[15.66621,64.221535],[15.703006,64.188567],[15.715663,64.183562],[15.754519,64.198869],[15.768943,64.197103],[15.79573,64.178558],[15.895814,64.155009],[15.921718,64.140585],[15.921129,64.127045],[15.884334,64.06876],[15.897875,64.035203],[15.895225,64.024311],[15.867261,63.978391],[15.842534,63.979274],[15.81663,63.991637],[15.802501,64.007238],[15.800734,64.031082],[15.818102,64.065817],[15.823106,64.086128],[15.817219,64.111443],[15.802206,64.130283],[15.780423,64.143235],[15.692114,64.163251],[15.672097,64.171788],[15.630592,64.205934],[15.608809,64.215942],[15.513435,64.231249]]]}},{"type":"Feature","properties":{},"geometry":{"type":"Polygon","coordinates":[[[15.446026,62.431213],[15.391568,62.431213],[15.41865,62.417672],[15.399516,62.410313],[15.314445,62.417672],[15.236733,62.407664],[15.204353,62.393534],[15.102797,62.382937],[15.130762,62.341726],[15.123403,62.317883],[15.125463,62.311701],[15.137826,62.300809],[15.159021,62.266663],[15.164319,62.229868],[15.172267,62.218388],[15.146657,62.223392],[15.109862,62.263131],[15.062764,62.279615],[14.984168,62.339371],[14.973277,62.355561],[14.975337,62.36763],[15.010661,62.355561],[15.040098,62.319943],[15.075421,62.300809],[15.073655,62.316116],[15.084841,62.344964],[15.075421,62.362332],[15.060114,62.372634],[14.96003,62.408841],[14.94384,62.419144],[14.939131,62.437394],[14.947962,62.461238],[14.961502,62.459472],[14.986818,62.431213],[15.024202,62.406486],[15.071889,62.396183],[15.123697,62.396478],[15.192578,62.408547],[15.236733,62.421793],[15.254395,62.431213],[15.269702,62.446814],[15.237027,62.457706],[15.220248,62.472129],[15.251157,62.470658],[15.34241,62.437394],[15.34241,62.444754],[15.316505,62.459177],[15.30267,62.478311],[15.244975,62.49038],[15.227019,62.499505],[15.261165,62.505687],[15.330929,62.477722],[15.371846,62.453584],[15.421593,62.442693],[15.446026,62.431213]]]}},{"type":"Feature","properties":{},"geometry":{"type":"Polygon","coordinates":[[[15.137826,62.814769],[15.148718,62.845089],[15.121048,62.859218],[15.053344,62.863339],[15.083075,62.87688],[15.075421,62.88365],[15.089256,62.911026],[15.072772,62.915147],[15.027734,62.965778],[15.050695,62.963423],[15.068651,62.951354],[15.089551,62.964895],[15.096321,62.959891],[15.096615,62.945173],[15.12458,62.924567],[15.241148,62.911615],[15.247624,62.88365],[15.417767,62.761195],[15.431896,62.739118],[15.415117,62.731464],[15.400988,62.736468],[15.359483,62.770909],[15.30267,62.780034],[15.227019,62.807999],[15.157254,62.808882],[15.137826,62.814769]]]}},{"type":"Feature","properties":{},"geometry":{"type":"Polygon","coordinates":[[[14.599729,62.773853],[14.568821,62.79799],[14.560873,62.814769],[14.575591,62.822128],[14.59443,62.814181],[14.628576,62.787688],[14.650948,62.794458],[14.619746,62.817713],[14.623867,62.829193],[14.610032,62.835375],[14.622984,62.841262],[14.62475,62.846855],[14.610032,62.887183],[14.58766,62.9072],[14.521134,62.931632],[14.530553,62.945761],[14.536146,62.970782],[14.599729,62.995803],[14.621806,62.994626],[14.630637,62.979319],[14.63152,62.961657],[14.637407,62.958713],[14.595608,62.939874],[14.58972,62.928099],[14.597374,62.916619],[14.636524,62.910732],[14.650948,62.904256],[14.658013,62.88365],[14.652714,62.838613],[14.668316,62.805938],[14.650948,62.773853],[14.681268,62.722045],[14.718358,62.691725],[14.719829,62.670825],[14.676558,62.707915],[14.620334,62.739118],[14.599729,62.773853]]]}},{"type":"Feature","properties":{},"geometry":{"type":"Polygon","coordinates":[[[16.906072,60.608216],[16.893414,60.583489],[16.89518,60.573186],[16.906072,60.567299],[16.886644,60.552875],[16.863683,60.554053],[16.816585,60.567299],[16.789798,60.563767],[16.757712,60.53904],[16.734457,60.533153],[16.698251,60.542573],[16.680294,60.552287],[16.664693,60.578485],[16.645854,60.578485],[16.60376,60.567299],[16.60376,60.574069],[16.643793,60.60174],[16.665282,60.601445],[16.741817,60.585255],[16.768898,60.587905],[16.783028,60.592614],[16.783616,60.601151],[16.803339,60.61999],[16.823944,60.628821],[16.871631,60.6247],[16.896063,60.61793],[16.906072,60.608216]]]}},{"type":"Feature","properties":{"name":"Tyrifjorden"},"geometry":{"type":"Polygon","coordinates":[[[10.326739,60.121632],[10.33351,60.101321],[10.313787,60.069824],[10.285528,60.046569],[10.258152,60.033911],[10.251676,60.025375],[10.249616,60.012423],[10.262273,59.998882],[10.273459,59.97651],[10.306722,59.947957],[10.313787,59.930001],[10.3079,59.912633],[10.29642,59.90027],[10.284939,59.90027],[10.269338,59.954727],[10.242551,59.977688],[10.115091,60.020076],[10.085949,60.020076],[10.029431,59.98593],[9.991458,59.977688],[10.003233,59.998882],[10.027665,60.026552],[10.055041,60.050101],[10.090659,60.066586],[10.113914,60.094845],[10.133342,60.104264],[10.146588,60.118394],[10.155714,60.121632],[10.171021,60.116922],[10.170726,60.06217],[10.17573,60.052751],[10.195158,60.043625],[10.234309,60.066586],[10.264334,60.060698],[10.279347,60.063053],[10.289649,60.093079],[10.299658,60.104559],[10.326739,60.121632]]]}},{"type":"Feature","properties":{},"geometry":{"type":"Polygon","coordinates":[[[8.860217,61.862207],[9.121318,61.876336],[9.082462,61.866328],[8.99533,61.856614],[8.612657,61.857791],[8.566147,61.841601],[8.524053,61.851904],[8.455761,61.883107],[8.504331,61.880457],[8.538477,61.862207],[8.557611,61.860146],[8.614129,61.869566],[8.78486,61.876336],[8.860217,61.862207]]]}},{"type":"Feature","properties":{},"geometry":{"type":"Polygon","coordinates":[[[11.073835,63.281042],[11.080311,63.271917],[11.039983,63.267207],[11.021438,63.236887],[10.949025,63.22423],[10.908991,63.236593],[10.719127,63.271622],[10.676149,63.27486],[10.504829,63.267207],[10.52985,63.281925],[10.566057,63.287518],[10.913407,63.265441],[10.950497,63.267207],[11.010547,63.286341],[11.042927,63.290756],[11.073835,63.281042]]]}},{"type":"Feature","properties":{"name":"Sn\u00e5savatnet"},"geometry":{"type":"Polygon","coordinates":[[[12.340484,64.257742],[12.355202,64.246851],[12.333714,64.236548],[12.210375,64.21712],[12.167692,64.185329],[12.155035,64.180913],[11.657265,64.115564],[11.635776,64.099963],[11.631655,64.067289],[11.618409,64.0458],[11.59486,64.035203],[11.560125,64.035203],[11.595743,64.061401],[11.607812,64.086128],[11.604279,64.095842],[11.581025,64.117036],[11.614288,64.12204],[11.693177,64.122923],[11.735566,64.139113],[11.768829,64.14088],[11.807391,64.162957],[11.835061,64.171788],[12.007558,64.193276],[12.12236,64.217414],[12.178584,64.23802],[12.253352,64.256565],[12.340484,64.257742]]]}},{"type":"Feature","properties":{},"geometry":{"type":"Polygon","coordinates":[[[14.204692,63.983984],[14.226475,64.007238],[14.172018,64.027549],[14.102842,64.041973],[14.096661,64.054925],[14.061926,64.054925],[14.026602,64.079063],[13.966257,64.094076],[13.943886,64.108205],[13.854399,64.140291],[13.828495,64.154715],[13.814954,64.171788],[13.839681,64.176203],[13.867351,64.165901],[13.917981,64.136759],[14.134339,64.075236],[14.18703,64.046977],[14.273573,64.014009],[14.253262,64.001057],[14.419578,63.930409],[14.555574,63.835918],[14.593842,63.823849],[14.674497,63.818257],[14.713059,63.809131],[14.681268,63.797651],[14.636524,63.794707],[14.555574,63.801772],[14.54586,63.815607],[14.526727,63.828559],[14.462555,63.861234],[14.390436,63.883605],[14.411336,63.890964],[14.400444,63.903622],[14.349519,63.924522],[14.287408,63.960434],[14.266803,63.965439],[14.213817,63.952192],[14.174667,63.969265],[14.114322,63.962201],[14.088713,63.965439],[14.204692,63.983984]]]}},{"type":"Feature","properties":{},"geometry":{"type":"Polygon","coordinates":[[[13.473786,64.836168],[13.410792,64.857656],[13.410792,64.863838],[13.482911,64.870314],[13.517646,64.880617],[13.541195,64.898573],[13.471137,64.917707],[13.458773,64.932719],[13.575342,64.93949],[13.561801,64.925066],[13.623323,64.912114],[13.58064,64.900339],[13.568571,64.890919],[13.567099,64.860894],[13.561801,64.850003],[13.616847,64.835873],[13.605072,64.819389],[13.629505,64.7979],[13.691027,64.767581],[13.728705,64.756101],[13.736948,64.748447],[13.739891,64.723721],[13.7499,64.703409],[13.705156,64.706647],[13.576813,64.750508],[13.537957,64.777884],[13.513231,64.802316],[13.492331,64.810852],[13.49292,64.822627],[13.473786,64.836168]]]}},{"type":"Feature","properties":{},"geometry":{"type":"Polygon","coordinates":[[[13.522945,65.022795],[13.479379,65.055469],[13.498513,65.052231],[13.547377,65.021323],[13.595358,65.010726],[13.643634,65.014552],[13.766384,65.039279],[13.794643,65.035158],[13.80995,65.016613],[13.821724,65.014552],[13.782574,65.00425],[13.600657,64.995419],[13.561801,64.980406],[13.555031,64.95303],[13.545022,64.948909],[13.51382,64.972458],[13.513231,64.982761],[13.527655,65.007782],[13.522945,65.022795]]]}},{"type":"Feature","properties":{"name":"R\u00f8ssvatnet"},"geometry":{"type":"Polygon","coordinates":[[[13.807889,65.677755],[13.780219,65.686291],[13.801413,65.693945],[13.898553,65.695711],[13.952128,65.713373],[13.949773,65.739571],[13.944769,65.748108],[13.906796,65.757822],[13.910622,65.774895],[13.890017,65.789024],[13.8491,65.796089],[13.814954,65.837006],[13.835265,65.838183],[13.859697,65.830824],[13.928873,65.791674],[13.96037,65.794617],[14.069285,65.820227],[14.119327,65.852901],[14.176728,65.867031],[14.208225,65.896762],[14.411041,65.91354],[14.431941,65.909419],[14.438123,65.898233],[14.427526,65.892641],[14.239427,65.864382],[14.19174,65.842599],[14.169957,65.823465],[14.158183,65.802271],[14.187325,65.799621],[14.198805,65.793145],[14.20587,65.782254],[14.186736,65.781665],[14.137283,65.761354],[14.08047,65.753995],[14.065458,65.744575],[14.073406,65.729563],[14.172018,65.686291],[14.138755,65.672456],[14.106669,65.664214],[14.03455,65.658915],[13.973028,65.672456],[13.807889,65.677755]]]}},{"type":"Feature","properties":{},"geometry":{"type":"Polygon","coordinates":[[[19.886214,68.413575],[19.948031,68.372364],[19.906525,68.365005],[19.77936,68.405333],[19.729024,68.447427],[19.665441,68.465677],[19.530917,68.4854],[19.391094,68.527199],[19.340463,68.55487],[19.303079,68.561346],[19.186805,68.566056],[19.180918,68.578419],[19.146183,68.595786],[19.070531,68.609033],[19.009598,68.632582],[19.242734,68.574886],[19.353415,68.563406],[19.588612,68.497763],[19.667502,68.495408],[19.721959,68.502767],[19.777299,68.495408],[19.704592,68.478041],[19.694583,68.468621],[19.713422,68.457435],[19.817627,68.447427],[19.813212,68.423878],[19.831168,68.414164],[19.886214,68.413575]]]}},{"type":"Feature","properties":{},"geometry":{"type":"Polygon","coordinates":[[[14.20116,58.976555],[14.099899,58.972434],[14.137283,58.990685],[14.230302,58.992745],[14.247669,58.998633],[14.25444,59.010113],[14.242959,59.028952],[14.225298,59.037783],[14.182909,59.038961],[14.164364,59.046025],[14.193506,59.055739],[14.224415,59.052796],[14.280638,59.032485],[14.273573,59.046025],[14.342749,59.08076],[14.349814,59.008347],[14.356584,58.987447],[14.37719,58.970962],[14.328325,58.928574],[14.264742,58.910029],[14.242959,58.908263],[14.238544,58.911207],[14.24031,58.917977],[14.253262,58.942998],[14.227947,58.971257],[14.20116,58.976555]]]}},{"type":"Feature","properties":{},"geometry":{"type":"Polygon","coordinates":[[[14.467854,58.564151],[14.474624,58.522057],[14.428703,58.5094],[14.417517,58.510871],[14.445482,58.546489],[14.436062,58.54855],[14.409864,58.568861],[14.37719,58.572982],[14.314196,58.644218],[14.284465,58.642158],[14.255912,58.621847],[14.246492,58.586817],[14.204103,58.587406],[14.18703,58.593293],[14.179377,58.613899],[14.202337,58.614193],[14.209991,58.620375],[14.216172,58.643924],[14.246492,58.648045],[14.279166,58.677187],[14.315079,58.68278],[14.333329,58.675421],[14.348342,58.661586],[14.358939,58.64569],[14.368359,58.613016],[14.381899,58.598592],[14.417517,58.579753],[14.467854,58.564151]]]}},{"type":"Feature","properties":{},"geometry":{"type":"Polygon","coordinates":[[[16.030927,58.6295],[16.0898,58.607128],[16.0898,58.600358],[15.964107,58.589761],[15.903468,58.593293],[15.854014,58.617431],[15.844889,58.637448],[15.921718,58.651872],[15.931138,58.670711],[15.891693,58.710156],[15.931432,58.688079],[16.011794,58.655993],[16.030927,58.6295]]]}},{"type":"Feature","properties":{},"geometry":{"type":"Polygon","coordinates":[[[15.939086,58.031058],[16.000902,58.011335],[16.000902,58.003976],[15.959397,58.011335],[15.866672,58.011924],[15.843123,58.008392],[15.823106,57.997795],[15.86049,57.972774],[15.89287,57.966886],[15.909649,57.958939],[15.932021,57.935684],[15.857547,57.935684],[15.851954,57.922143],[15.845183,57.917728],[15.828993,57.933035],[15.830465,57.940099],[15.844006,57.949225],[15.758052,58.000738],[15.762173,58.013396],[15.821046,58.036062],[15.844006,58.038711],[15.836647,58.031058],[15.862845,58.018695],[15.939086,58.031058]]]}},{"type":"Feature","properties":{},"geometry":{"type":"Polygon","coordinates":[[[15.363604,57.963648],[15.370374,57.949225],[15.359188,57.958055],[15.34241,57.990141],[15.30738,58.002504],[15.295311,58.011335],[15.288541,57.993674],[15.296783,57.982488],[15.322687,57.963648],[15.32151,57.954817],[15.329752,57.943926],[15.356833,57.928913],[15.346531,57.918905],[15.345059,57.908897],[15.356833,57.887702],[15.33505,57.888291],[15.321215,57.896828],[15.260871,57.9766],[15.239382,57.9975],[15.22172,57.994557],[15.196699,57.959233],[15.194639,57.945103],[15.206708,57.915078],[15.187574,57.91655],[15.167263,57.925675],[15.151073,57.938922],[15.132528,57.967181],[15.068651,57.993968],[15.050989,58.022227],[15.018903,58.047248],[15.004774,58.065498],[15.041569,58.072269],[15.025085,58.089636],[15.016843,58.109359],[15.019198,58.129081],[15.034799,58.14792],[15.035388,58.130847],[15.062469,58.093169],[15.051578,58.051958],[15.063941,58.040183],[15.090728,58.037828],[15.108684,58.045776],[15.134294,58.031058],[15.142536,58.033413],[15.1549,58.043127],[15.179332,58.048425],[15.185219,58.056079],[15.172267,58.079628],[15.187868,58.07845],[15.227019,58.058434],[15.212595,58.052252],[15.236733,58.026937],[15.250862,58.024876],[15.28177,58.031058],[15.308852,58.017517],[15.344764,58.025465],[15.360071,58.014573],[15.36537,58.003976],[15.363604,57.963648]]]}},{"type":"Feature","properties":{},"geometry":{"type":"Polygon","coordinates":[[[16.34207,60.154306],[16.433912,60.156367],[16.433029,60.149596],[16.417722,60.144298],[16.381515,60.144298],[16.345897,60.126342],[16.317049,60.121632],[16.329412,60.149302],[16.34207,60.154306]]]}},{"type":"Feature","properties":{},"geometry":{"type":"Polygon","coordinates":[[[10.442424,54.158403],[10.450078,54.153105],[10.43536,54.108361],[10.429178,54.097764],[10.411222,54.089228],[10.391794,54.132499],[10.352938,54.127495],[10.336453,54.131616],[10.343812,54.149278],[10.360002,54.156048],[10.404451,54.149572],[10.415637,54.139564],[10.409455,54.153105],[10.442424,54.158403]]]}},{"type":"Feature","properties":{},"geometry":{"type":"Polygon","coordinates":[[[21.57557,54.097176],[21.637092,54.132499],[21.691549,54.124846],[21.709506,54.132499],[21.661093,54.153039],[21.657109,54.190195],[21.649161,54.197554],[21.64921,54.211626],[21.656191,54.212695],[21.657992,54.207857],[21.675654,54.201675],[21.671893,54.193314],[21.681478,54.190349],[21.718042,54.200792],[21.729038,54.166347],[21.740433,54.17121],[21.733196,54.180013],[21.75211,54.192042],[21.773564,54.183447],[21.788525,54.186923],[21.811363,54.179665],[21.799913,54.172211],[21.753731,54.169378],[21.739132,54.153505],[21.727756,54.159581],[21.716276,54.153105],[21.721574,54.144863],[21.753037,54.14325],[21.77447,54.115238],[21.754249,54.105712],[21.722458,54.104829],[21.712744,54.096881],[21.713332,54.089522],[21.729228,54.077453],[21.720103,54.060674],[21.736114,54.042577],[21.72599,54.030355],[21.699674,54.033464],[21.678723,54.059006],[21.692432,54.073626],[21.674771,54.10218],[21.648223,54.114644],[21.654459,54.089228],[21.648572,54.083046],[21.630205,54.080793],[21.634612,54.074428],[21.596175,54.0698],[21.592054,54.074215],[21.59635,54.081988],[21.593207,54.094133],[21.581457,54.090405],[21.57557,54.097176]]]}},{"type":"Feature","properties":{},"geometry":{"type":"Polygon","coordinates":[[[19.651017,53.746294],[19.681042,53.755124],[19.64042,53.717446],[19.646896,53.700667],[19.636299,53.685655],[19.584785,53.64621],[19.565946,53.619717],[19.555055,53.612064],[19.54328,53.618245],[19.595382,53.67859],[19.619226,53.687126],[19.622758,53.70155],[19.62217,53.710381],[19.600387,53.719212],[19.557704,53.762189],[19.543869,53.783089],[19.549756,53.792214],[19.562708,53.789859],[19.571245,53.776319],[19.578604,53.776319],[19.579487,53.792509],[19.586257,53.800751],[19.595677,53.800162],[19.605391,53.790154],[19.619815,53.795452],[19.626585,53.787799],[19.633355,53.762189],[19.643069,53.748354],[19.651017,53.746294]]]}},{"type":"Feature","properties":{},"geometry":{"type":"Polygon","coordinates":[[[21.570148,53.802427],[21.565423,53.801762],[21.560447,53.817351],[21.544174,53.823813],[21.509632,53.863156],[21.479313,53.88906],[21.480196,53.905545],[21.501096,53.920851],[21.525822,53.930566],[21.537597,53.930271],[21.528472,53.912904],[21.502862,53.899069],[21.517875,53.879346],[21.552021,53.857563],[21.569353,53.821442],[21.570148,53.802427]]]}},{"type":"Feature","properties":{},"geometry":{"type":"Polygon","coordinates":[[[21.815771,53.765722],[21.788395,53.735402],[21.729228,53.741584],[21.750422,53.728043],[21.749245,53.716268],[21.776326,53.697429],[21.785452,53.680062],[21.759253,53.676235],[21.743652,53.687126],[21.743652,53.700667],[21.729228,53.700667],[21.674771,53.720684],[21.646806,53.717152],[21.613249,53.700667],[21.637975,53.734225],[21.633854,53.749237],[21.623846,53.760717],[21.615015,53.761306],[21.582046,53.737757],[21.572332,53.714208],[21.567328,53.674174],[21.558202,53.680062],[21.556436,53.705966],[21.568192,53.748295],[21.577925,53.75954],[21.599708,53.769548],[21.599708,53.776319],[21.587933,53.778379],[21.565423,53.801762],[21.615309,53.777791],[21.640624,53.776319],[21.626201,53.783089],[21.626201,53.790154],[21.655931,53.795158],[21.664108,53.785661],[21.690372,53.790448],[21.760431,53.789565],[21.833727,53.802517],[21.846091,53.796335],[21.860514,53.804283],[21.865813,53.798985],[21.860514,53.776319],[21.849034,53.767488],[21.826074,53.769843],[21.815771,53.765722]]]}},{"type":"Feature","properties":{},"geometry":{"type":"Polygon","coordinates":[[[21.942348,53.672703],[21.970312,53.666521],[21.949707,53.660045],[21.903492,53.664755],[21.868168,53.64827],[21.844324,53.643266],[21.81618,53.640141],[21.811209,53.650502],[21.887596,53.666521],[21.864635,53.672408],[21.840498,53.666521],[21.856099,53.688304],[21.867873,53.687126],[21.867873,53.680062],[21.933811,53.691247],[21.950295,53.687126],[21.942348,53.672703]]]}},{"type":"Feature","properties":{},"geometry":{"type":"Polygon","coordinates":[[[21.75519,54.032509],[21.806725,54.022602],[21.817585,54.010422],[21.810767,54.000624],[21.819303,53.995326],[21.819303,53.989144],[21.692083,53.899857],[21.667994,53.891527],[21.663408,53.900802],[21.68413,53.909055],[21.731693,53.951403],[21.764333,53.970685],[21.764582,53.990096],[21.738554,54.00858],[21.75519,54.032509]]]}},{"type":"Feature","properties":{},"geometry":{"type":"Polygon","coordinates":[[[46.801987,49.153036],[46.804047,49.136846],[46.752534,49.095635],[46.673644,49.088276],[46.599464,49.108587],[46.572088,49.126837],[46.570617,49.157157],[46.595932,49.185416],[46.629195,49.205727],[46.673644,49.198073],[46.72192,49.219268],[46.759304,49.184533],[46.774905,49.180117],[46.790801,49.168637],[46.801987,49.153036]]]}},{"type":"Feature","properties":{},"geometry":{"type":"Polygon","coordinates":[[[46.967714,48.183989],[46.963004,48.158379],[46.952701,48.151609],[46.940044,48.150726],[46.887352,48.174275],[46.870279,48.186638],[46.858505,48.205183],[46.851734,48.242567],[46.854384,48.264056],[46.882643,48.266411],[46.923854,48.24816],[46.945637,48.231382],[46.967714,48.183989]]]}},{"type":"Feature","properties":{},"geometry":{"type":"Polygon","coordinates":[[[48.491343,49.012624],[48.468677,49.000261],[48.489871,48.979067],[48.424228,48.975534],[48.398029,48.96111],[48.366238,48.972296],[48.321789,48.964348],[48.235835,48.965526],[48.221705,48.970236],[48.212285,48.998789],[48.174607,49.013801],[48.164304,49.024987],[48.150763,49.05825],[48.1175,49.080917],[48.113085,49.092102],[48.1175,49.107704],[48.129275,49.11418],[48.160772,49.115651],[48.18491,49.10947],[48.21935,49.123011],[48.23554,49.122127],[48.320023,49.092102],[48.332092,49.082094],[48.324438,49.074735],[48.359467,49.041177],[48.345632,49.033818],[48.296179,49.063255],[48.273219,49.065315],[48.25644,49.047359],[48.254968,49.019983],[48.271453,49.001144],[48.299417,48.991724],[48.332092,48.992607],[48.365355,49.00762],[48.391259,48.994373],[48.401267,48.996728],[48.42099,49.013801],[48.443067,49.021749],[48.488988,49.018217],[48.491343,49.012624]]]}},{"type":"Feature","properties":{},"geometry":{"type":"Polygon","coordinates":[[[50.238099,48.780076],[50.28196,48.764475],[50.275189,48.739748],[50.262237,48.722381],[50.254289,48.718849],[50.245458,48.722087],[50.233978,48.749757],[50.204247,48.765653],[50.108285,48.771245],[50.069723,48.789202],[50.046763,48.793911],[49.974055,48.796266],[49.939614,48.805097],[49.895165,48.800976],[49.921658,48.821287],[49.860136,48.841893],[49.847772,48.852784],[49.891338,48.853373],[49.948445,48.84101],[50.007318,48.849252],[50.013205,48.855728],[49.95286,48.890463],[49.909,48.904887],[49.87456,48.93138],[49.898992,48.929908],[49.962574,48.910774],[50.00408,48.913718],[50.023508,48.909302],[50.041758,48.878394],[50.064719,48.8781],[50.106813,48.890463],[50.148024,48.889874],[50.15656,48.882221],[50.141254,48.869857],[50.168629,48.860438],[50.232212,48.857789],[50.257527,48.849252],[50.20984,48.837772],[50.203364,48.821287],[50.156855,48.839244],[50.132423,48.839538],[50.106813,48.828352],[50.092978,48.811279],[50.104752,48.800388],[50.1545,48.788024],[50.238099,48.780076]]]}},{"type":"Feature","properties":{},"geometry":{"type":"Polygon","coordinates":[[[51.747893,50.617203],[51.785572,50.562451],[51.785277,50.544495],[51.744066,50.473553],[51.636623,50.477674],[51.621022,50.4868],[51.583343,50.534781],[51.582166,50.561274],[51.603655,50.592771],[51.685782,50.630155],[51.696674,50.631921],[51.747893,50.617203]]]}},{"type":"Feature","properties":{},"geometry":{"type":"Polygon","coordinates":[[[52.507941,49.444456],[52.512945,49.427677],[52.509119,49.417669],[52.484686,49.424734],[52.482037,49.41502],[52.489396,49.40354],[52.484686,49.396769],[52.466436,49.391176],[52.44848,49.396475],[52.405502,49.429738],[52.347218,49.445045],[52.343097,49.455053],[52.331323,49.446517],[52.331911,49.432976],[52.320726,49.430915],[52.28864,49.460646],[52.280692,49.475659],[52.299531,49.486256],[52.290995,49.497736],[52.29335,49.511277],[52.303358,49.522463],[52.316899,49.527173],[52.325141,49.524818],[52.341037,49.506567],[52.389018,49.499797],[52.440826,49.475659],[52.478505,49.468888],[52.495283,49.45888],[52.507941,49.444456]]]}},{"type":"Feature","properties":{},"geometry":{"type":"Polygon","coordinates":[[[60.459599,55.38649],[60.46843,55.372655],[60.443998,55.371772],[60.386597,55.352344],[60.35039,55.313488],[60.331257,55.311428],[60.310357,55.3703],[60.29711,55.38649],[60.313006,55.3912],[60.335378,55.415338],[60.338616,55.431234],[60.324486,55.46538],[60.341265,55.469207],[60.362165,55.46538],[60.386597,55.434766],[60.386303,55.422697],[60.413973,55.413866],[60.459599,55.38649]]]}},{"type":"Feature","properties":{},"geometry":{"type":"Polygon","coordinates":[[[60.54261,55.534556],[60.561155,55.516011],[60.543493,55.503059],[60.480499,55.485691],[60.45018,55.487163],[60.421332,55.503059],[60.404553,55.522192],[60.398077,55.540737],[60.401315,55.559282],[60.427808,55.596078],[60.436933,55.597255],[60.464898,55.586364],[60.489036,55.564581],[60.54261,55.534556]]]}},{"type":"Feature","properties":{},"geometry":{"type":"Polygon","coordinates":[[[60.940002,50.808834],[60.968849,50.784696],[60.945006,50.733771],[60.892315,50.710516],[60.83874,50.71346],[60.812247,50.742308],[60.824022,50.781458],[60.879068,50.805596],[60.940002,50.808834]]]}},{"type":"Feature","properties":{},"geometry":{"type":"Polygon","coordinates":[[[29.117768,54.681783],[29.124244,54.663238],[29.118651,54.656467],[29.082738,54.639689],[29.062133,54.619672],[29.050947,54.615551],[29.041822,54.626148],[29.048298,54.644399],[29.041822,54.667065],[29.058895,54.672069],[29.069197,54.68767],[29.041822,54.693852],[29.078028,54.713574],[29.082738,54.704743],[29.117768,54.681783]]]}},{"type":"Feature","properties":{},"geometry":{"type":"Polygon","coordinates":[[[30.424744,57.223911],[30.431809,57.186821],[30.418563,57.176519],[30.374702,57.160034],[30.350859,57.168571],[30.338496,57.193886],[30.37794,57.224206],[30.41768,57.232154],[30.424744,57.223911]]]}},{"type":"Feature","properties":{},"geometry":{"type":"Polygon","coordinates":[[[33.203542,57.175636],[33.216788,57.161506],[33.197949,57.154736],[33.135544,57.175636],[33.112877,57.168571],[33.109639,57.154441],[33.043113,57.154736],[33.027806,57.12265],[33.017209,57.110581],[32.999253,57.117057],[32.973349,57.138251],[32.969522,57.149732],[33.034577,57.175047],[33.050767,57.188293],[33.01662,57.216258],[33.006023,57.253642],[32.961574,57.264828],[32.946856,57.286611],[32.929194,57.291615],[32.892987,57.291321],[32.899463,57.27778],[32.892693,57.273659],[32.853837,57.284256],[32.824989,57.27778],[32.782895,57.27778],[32.75081,57.268655],[32.741684,57.27101],[32.739329,57.278074],[32.755225,57.289555],[32.892987,57.319285],[32.91477,57.320463],[32.968639,57.305745],[33.007789,57.31016],[33.074316,57.339302],[33.105224,57.339891],[33.121414,57.326644],[33.142903,57.317225],[33.187352,57.305745],[33.155266,57.306333],[33.126418,57.298091],[33.147907,57.291026],[33.167335,57.27778],[33.128479,57.268655],[33.107579,57.252465],[33.170573,57.19212],[33.203542,57.175636]],[[33.090506,57.280724],[33.112877,57.27778],[33.104047,57.288671],[33.082264,57.293381],[33.078731,57.311926],[33.013677,57.292204],[33.002785,57.281018],[33.023096,57.251876],[33.050767,57.229799],[33.054005,57.253348],[33.069017,57.271598],[33.090506,57.280724]]]}},{"type":"Feature","properties":{},"geometry":{"type":"Polygon","coordinates":[[[23.133345,54.038303],[23.134522,54.015931],[23.117744,54.021524],[23.083892,54.008572],[23.037088,54.012104],[23.025313,54.008572],[23.011772,54.015931],[23.025313,54.022701],[23.114211,54.036537],[23.114211,54.043896],[23.085658,54.043307],[23.059459,54.050077],[23.064464,54.070683],[23.07094,54.078042],[23.094489,54.077453],[23.094489,54.073038],[23.086835,54.071272],[23.120687,54.052432],[23.133345,54.038303]]]}},{"type":"Feature","properties":{},"geometry":{"type":"Polygon","coordinates":[[[26.963317,56.799144],[26.993342,56.791196],[26.82997,56.71996],[26.794057,56.71054],[26.773746,56.715839],[26.782283,56.747041],[26.806715,56.778244],[26.837623,56.802382],[26.914158,56.825637],[26.931525,56.825931],[26.95007,56.818572],[26.963317,56.799144]]]}},{"type":"Feature","properties":{},"geometry":{"type":"Polygon","coordinates":[[[26.837623,54.884894],[26.848809,54.879301],[26.848515,54.856929],[26.829086,54.831614],[26.800533,54.814541],[26.750197,54.81984],[26.717228,54.841328],[26.718994,54.855458],[26.714579,54.865466],[26.695445,54.868998],[26.69103,54.882833],[26.693973,54.895197],[26.72547,54.907266],[26.754612,54.889309],[26.787287,54.879301],[26.837623,54.884894]]]}},{"type":"Feature","properties":{},"geometry":{"type":"Polygon","coordinates":[[[27.514072,56.321685],[27.514072,56.308145],[27.50318,56.293426],[27.477571,56.290777],[27.431061,56.298136],[27.418109,56.316681],[27.355704,56.332282],[27.355704,56.339053],[27.421936,56.351122],[27.416343,56.372022],[27.420758,56.377614],[27.430472,56.37732],[27.452255,56.361719],[27.486402,56.359658],[27.503475,56.349356],[27.514072,56.321685]]]}},{"type":"Feature","properties":{},"geometry":{"type":"Polygon","coordinates":[[[25.302808,57.717854],[25.321353,57.702842],[25.311345,57.697838],[25.227746,57.717266],[25.193011,57.76613],[25.156215,57.792328],[25.178881,57.796155],[25.229217,57.774667],[25.259243,57.770546],[25.259537,57.765836],[25.251883,57.764364],[25.281026,57.753178],[25.302808,57.717854]]]}},{"type":"Feature","properties":{"name":"M\u00e4laren"},"geometry":{"type":"Polygon","coordinates":[[[18.019651,59.327143],[17.988743,59.337151],[17.969609,59.333913],[17.911914,59.30536],[17.887776,59.280928],[17.891308,59.240894],[17.886599,59.22912],[17.878062,59.22441],[17.86511,59.230592],[17.867465,59.258262],[17.828903,59.270036],[17.741477,59.271508],[17.741477,59.265327],[17.782982,59.258262],[17.772091,59.247076],[17.730586,59.239128],[17.713513,59.244721],[17.741477,59.25208],[17.693496,59.265327],[17.700561,59.278867],[17.636978,59.291819],[17.605481,59.291819],[17.576928,59.278867],[17.592823,59.272097],[17.599888,59.260617],[17.603715,59.230592],[17.597533,59.22441],[17.575456,59.259734],[17.510696,59.2824],[17.47184,59.30536],[17.429746,59.316546],[17.350856,59.326554],[17.364985,59.282988],[17.377643,59.26621],[17.399426,59.258262],[17.399426,59.25208],[17.213977,59.258262],[17.213977,59.265327],[17.249889,59.267681],[17.282269,59.278867],[17.241647,59.319784],[17.306113,59.329498],[17.316121,59.337151],[17.306701,59.353636],[17.28433,59.360112],[17.234288,59.361584],[17.143918,59.375713],[17.09888,59.377185],[17.04354,59.361584],[17.035886,59.381306],[16.971715,59.407799],[16.955819,59.43282],[16.926383,59.456958],[16.840723,59.49081],[16.821295,59.493459],[16.823944,59.477563],[16.748293,59.477563],[16.714735,59.484922],[16.694424,59.472853],[16.726215,59.465789],[16.83984,59.412509],[16.884878,59.408682],[16.891942,59.39102],[16.817174,59.38896],[16.808343,59.392198],[16.782439,59.416041],[16.71032,59.450482],[16.665871,59.478446],[16.590219,59.450187],[16.528697,59.463434],[16.508091,59.450187],[16.477183,59.456958],[16.165452,59.444006],[16.080969,59.455191],[16.042407,59.47197],[16.021508,59.497874],[16.123946,59.477563],[16.233744,59.477563],[16.233744,59.484922],[16.213139,59.484922],[16.213139,59.491104],[16.248462,59.503467],[16.267302,59.502878],[16.282314,59.470498],[16.298504,59.460784],[16.318815,59.458724],[16.336772,59.463434],[16.325586,59.47668],[16.330296,59.481095],[16.354139,59.48816],[16.383575,59.509649],[16.39535,59.511709],[16.442743,59.499935],[16.468647,59.498463],[16.494551,59.511709],[16.445981,59.525839],[16.53429,59.535847],[16.549008,59.552626],[16.510152,59.584712],[16.498083,59.600902],[16.524576,59.607966],[16.560194,59.612676],[16.586392,59.596486],[16.631724,59.580591],[16.674702,59.537908],[16.726804,59.529077],[16.741817,59.52996],[16.764483,59.55086],[16.785971,59.559985],[16.797746,59.589421],[16.806282,59.59472],[16.898713,59.587361],[16.94375,59.549388],[16.953759,59.547327],[17.069738,59.546444],[17.058258,59.561457],[17.021462,59.580296],[17.007922,59.59472],[17.037947,59.600313],[17.055609,59.609733],[17.069738,59.587361],[17.083868,59.574998],[17.129494,59.551154],[17.154221,59.544678],[17.209267,59.545267],[17.229872,59.526428],[17.34438,59.477563],[17.364102,59.477857],[17.353211,59.499346],[17.361159,59.504939],[17.405902,59.473736],[17.412378,59.474031],[17.409434,59.501112],[17.392067,59.525839],[17.407079,59.541735],[17.364691,59.597958],[17.336726,59.623862],[17.354094,59.631516],[17.385885,59.655653],[17.373816,59.620035],[17.379998,59.606495],[17.402664,59.600902],[17.435338,59.57382],[17.486558,59.547916],[17.50628,59.548505],[17.533067,59.559985],[17.54808,59.553803],[17.544842,59.540263],[17.531596,59.525839],[17.515405,59.51848],[17.532184,59.499935],[17.556616,59.491104],[17.569568,59.504939],[17.65199,59.497874],[17.668475,59.49287],[17.697028,59.453425],[17.714984,59.4443],[17.73088,59.448127],[17.737356,59.46049],[17.727642,59.477563],[17.789164,59.539674],[17.765321,59.576764],[17.740005,59.59472],[17.610779,59.632693],[17.563976,59.660952],[17.563387,59.676553],[17.617844,59.697159],[17.603715,59.710405],[17.61755,59.730422],[17.596944,59.73837],[17.536011,59.73837],[17.556616,59.731305],[17.54337,59.721002],[17.514228,59.709522],[17.508635,59.693626],[17.514228,59.658303],[17.501865,59.649472],[17.515994,59.63652],[17.529241,59.612971],[17.537188,59.588833],[17.536011,59.573231],[17.518643,59.590599],[17.490385,59.632987],[17.474489,59.642113],[17.480671,59.660363],[17.455061,59.670372],[17.447407,59.679791],[17.451528,59.691271],[17.495094,59.734249],[17.488913,59.738958],[17.41385,59.739842],[17.371461,59.75191],[17.518938,59.75191],[17.54808,59.75662],[17.567802,59.769572],[17.597533,59.813433],[17.610779,59.796948],[17.631679,59.786645],[17.625203,59.764274],[17.686725,59.731305],[17.664354,59.730422],[17.657289,59.721591],[17.652579,59.6898],[17.642571,59.67361],[17.629913,59.665367],[17.590763,59.662424],[17.648164,59.637992],[17.719989,59.625334],[17.713513,59.642113],[17.717928,59.658891],[17.709391,59.693921],[17.727642,59.70334],[17.73088,59.687739],[17.748836,59.655653],[17.752663,59.629455],[17.758845,59.618858],[17.775623,59.607966],[17.813302,59.597958],[17.819484,59.590599],[17.815363,59.564106],[17.843916,59.53202],[17.818895,59.525839],[17.793285,59.50906],[17.777684,59.486688],[17.782982,59.463434],[17.760022,59.421045],[17.790342,59.387488],[17.84421,59.363055],[17.89278,59.347749],[17.922805,59.343333],[17.995513,59.35393],[18.095008,59.338623],[18.095008,59.326849],[18.019651,59.327143]]]}},{"type":"Feature","properties":{"name":"Mingevir Reservoir"},"geometry":{"type":"Polygon","coordinates":[[[46.897066,40.848729],[46.617421,40.906719],[46.455226,40.897005],[46.410777,40.886702],[46.385462,40.885819],[46.337775,40.899654],[46.370155,40.924675],[46.486429,40.939688],[46.523518,40.975306],[46.501147,40.990613],[46.466412,41.029469],[46.440802,41.04301],[46.440802,41.050369],[46.468767,41.050369],[46.521752,41.040655],[46.5506,41.04301],[46.597698,41.060966],[46.622719,41.065381],[46.646268,41.057434],[46.658043,41.017989],[46.685124,40.986786],[46.721625,40.963826],[46.898833,40.904364],[46.968303,40.858443],[47.004804,40.852262],[47.029236,40.841076],[47.126082,40.817821],[47.143155,40.809873],[47.154929,40.796627],[47.159639,40.773078],[47.085165,40.797804],[47.058378,40.796921],[47.021582,40.780142],[46.999211,40.776021],[46.961827,40.819882],[46.897066,40.848729]]]}},{"type":"Feature","properties":{"name":"Lake Habbaniyah"},"geometry":{"type":"Polygon","coordinates":[[[43.416211,33.252074],[43.393839,33.259139],[43.350567,33.286809],[43.304352,33.304765],[43.287279,33.321544],[43.295227,33.34892],[43.306118,33.355985],[43.338793,33.360106],[43.356749,33.375707],[43.370879,33.444588],[43.416799,33.42516],[43.42563,33.416624],[43.433873,33.367465],[43.449768,33.361872],[43.481854,33.329492],[43.49039,33.335085],[43.51129,33.327137],[43.529246,33.35569],[43.570163,33.33744],[43.59695,33.292991],[43.580466,33.247364],[43.548969,33.211158],[43.512762,33.207331],[43.500988,33.194673],[43.466547,33.183782],[43.44653,33.189669],[43.428868,33.201149],[43.426808,33.209686],[43.437994,33.222049],[43.432401,33.231469],[43.44653,33.245893],[43.44653,33.252074],[43.416211,33.252074]]]}},{"type":"Feature","properties":{"name":"Buhayrat ath Tharthar"},"geometry":{"type":"Polygon","coordinates":[[[43.2914,33.719819],[43.280803,33.732477],[43.274622,33.732477],[43.261081,33.718347],[43.249012,33.727178],[43.235177,33.747783],[43.222813,33.75161],[43.200736,33.781635],[43.213099,33.786345],[43.207801,33.794882],[43.172183,33.820491],[43.136859,33.861408],[43.12479,33.887312],[43.096237,33.914982],[43.078281,33.946774],[43.07622,33.954427],[43.088583,33.972972],[43.07622,33.978859],[43.08299,33.993283],[43.069155,33.993283],[43.069155,33.999465],[43.08299,34.011828],[43.079164,34.054511],[43.089761,34.067463],[43.089761,34.075116],[43.067684,34.085419],[43.064151,34.104553],[43.07622,34.149591],[43.075337,34.176672],[43.051199,34.253501],[43.051494,34.264393],[43.058853,34.276756],[43.080341,34.295006],[43.08299,34.304132],[43.076514,34.342988],[43.086523,34.348875],[43.096237,34.34446],[43.103007,34.333862],[43.110072,34.307958],[43.117725,34.307958],[43.111249,34.336512],[43.114782,34.345931],[43.123907,34.341222],[43.140686,34.316495],[43.151872,34.31414],[43.145101,34.307958],[43.156287,34.297067],[43.156876,34.282937],[43.145101,34.252618],[43.161291,34.247614],[43.168945,34.239077],[43.191022,34.182854],[43.216632,34.160188],[43.219575,34.143409],[43.240475,34.136639],[43.257548,34.112206],[43.286396,34.107496],[43.295227,34.101904],[43.296993,34.09425],[43.290812,34.078943],[43.295227,34.067463],[43.322603,34.094839],[43.332906,34.058043],[43.329373,34.047152],[43.346446,34.048035],[43.357338,34.041559],[43.363519,34.012417],[43.370879,34.012417],[43.394722,34.036849],[43.405025,34.039793],[43.412384,34.035966],[43.439171,34.012417],[43.44653,33.965319],[43.456244,33.957371],[43.477438,33.951778],[43.480676,33.937943],[43.495395,33.939415],[43.503342,33.924402],[43.507464,33.875832],[43.489507,33.876715],[43.482148,33.883485],[43.453006,33.875832],[43.488036,33.867295],[43.514823,33.847867],[43.494512,33.855521],[43.489213,33.850222],[43.472729,33.847867],[43.479499,33.842569],[43.469491,33.801652],[43.472729,33.79341],[43.491274,33.783696],[43.494512,33.776631],[43.488919,33.742485],[43.480382,33.721291],[43.466547,33.704512],[43.44182,33.693032],[43.387363,33.711282],[43.344975,33.714226],[43.322897,33.720408],[43.308768,33.732477],[43.2914,33.719819]]]}},{"type":"Feature","properties":{"name":"Saksak Dagi"},"geometry":{"type":"Polygon","coordinates":[[[38.35462,38.542092],[38.336075,38.598021],[38.359329,38.63776],[38.37758,38.668374],[38.397891,38.68898],[38.447344,38.706642],[38.467655,38.727836],[38.471482,38.740788],[38.488261,38.714001],[38.478547,38.694573],[38.431743,38.673673],[38.400246,38.652773],[38.369043,38.601848],[38.369043,38.581831],[38.376697,38.554161],[38.402306,38.539443],[38.429094,38.536793],[38.471776,38.509418],[38.580397,38.47115],[38.670472,38.446718],[38.760548,38.441125],[38.841203,38.465557],[38.847679,38.437593],[38.865047,38.424052],[38.879765,38.38814],[38.903314,38.382252],[38.965425,38.344279],[38.996628,38.33692],[39.050791,38.348989],[39.073457,38.348106],[39.026358,38.320436],[38.939521,38.310722],[38.916561,38.293649],[38.901254,38.288645],[38.921565,38.320141],[38.92392,38.343396],[38.889479,38.353699],[38.805585,38.425229],[38.731111,38.404035],[38.701086,38.402269],[38.634854,38.430528],[38.57451,38.447012],[38.50504,38.458493],[38.445284,38.476154],[38.380818,38.510301],[38.35462,38.542092]]]}},{"type":"Feature","properties":{},"geometry":{"type":"Polygon","coordinates":[[[33.585626,49.008209],[33.719562,48.95905],[33.795214,48.936972],[33.860268,48.929319],[33.99597,48.865442],[34.098703,48.881632],[34.109006,48.888697],[34.111361,48.911952],[34.123724,48.930496],[34.139914,48.916367],[34.131966,48.881632],[34.109889,48.853373],[34.113716,48.836889],[34.137853,48.84307],[34.176121,48.863381],[34.201142,48.868386],[34.219098,48.861321],[34.181419,48.845425],[34.202025,48.833356],[34.244119,48.833062],[34.256188,48.813045],[34.260309,48.769774],[34.267668,48.756527],[34.304169,48.742103],[34.356566,48.70678],[34.468719,48.66027],[34.50993,48.624946],[34.56056,48.593744],[34.570274,48.562247],[34.522587,48.524863],[34.49109,48.531927],[34.469013,48.548412],[34.476961,48.568429],[34.474017,48.580792],[34.436633,48.598454],[34.382764,48.597276],[34.365102,48.612583],[34.369812,48.637015],[34.365102,48.655855],[34.297104,48.665863],[34.293572,48.690001],[34.279443,48.70207],[34.241764,48.706191],[34.192016,48.749168],[34.158753,48.748579],[34.13491,48.759765],[34.067795,48.772717],[34.014809,48.800388],[33.99597,48.78979],[33.972126,48.785964],[33.9474,48.828058],[33.924734,48.843953],[33.886761,48.861321],[33.852909,48.86397],[33.844667,48.875156],[33.729276,48.91519],[33.709259,48.906653],[33.703961,48.898411],[33.695424,48.911363],[33.665693,48.930791],[33.630958,48.937561],[33.568259,48.970824],[33.536467,49.002321],[33.585626,49.008209]]]}},{"type":"Feature","properties":{"name":"Kiev Reservoir"},"geometry":{"type":"Polygon","coordinates":[[[30.436224,50.876538],[30.432692,50.905091],[30.446822,50.91039],[30.442406,50.947479],[30.446233,50.966613],[30.429748,50.973972],[30.412087,51.01224],[30.388243,51.02107],[30.270203,51.029313],[30.254013,51.034022],[30.256662,51.039321],[30.295224,51.043737],[30.307882,51.053156],[30.319951,51.055217],[30.359101,51.049035],[30.37117,51.055217],[30.358218,51.069052],[30.37117,51.076411],[30.384416,51.068169],[30.404728,51.069052],[30.410615,51.073762],[30.412381,51.097016],[30.427394,51.11409],[30.4636,51.112323],[30.484206,51.120566],[30.489504,51.129985],[30.487444,51.139994],[30.480085,51.148236],[30.456241,51.154417],[30.454181,51.161188],[30.460068,51.175317],[30.477435,51.184443],[30.4845,51.204165],[30.514525,51.220355],[30.528949,51.219766],[30.54926,51.199161],[30.590471,51.220355],[30.588999,51.200633],[30.569866,51.161482],[30.562212,51.097016],[30.582229,51.101726],[30.597242,51.082593],[30.596064,51.072879],[30.564862,51.022248],[30.55868,51.000759],[30.559857,50.977799],[30.569866,50.953367],[30.560446,50.938649],[30.557503,50.913333],[30.560446,50.885663],[30.569866,50.863586],[30.559563,50.842686],[30.53572,50.733771],[30.509521,50.684612],[30.505694,50.653998],[30.522179,50.630155],[30.526889,50.612787],[30.527183,50.603073],[30.514525,50.596597],[30.452709,50.630449],[30.41032,50.663712],[30.398546,50.678431],[30.39884,50.702863],[30.378823,50.727001],[30.383533,50.780575],[30.412087,50.839153],[30.436224,50.876538]]]}},{"type":"Feature","properties":{"name":"Lake Kovdozero"},"geometry":{"type":"Polygon","coordinates":[[[32.137944,66.525818],[32.125875,66.547895],[32.09791,66.556137],[32.070828,66.590872],[31.96839,66.618542],[31.922469,66.644152],[31.948079,66.672705],[31.934244,66.699787],[31.914227,66.710678],[31.873016,66.713622],[31.822974,66.692722],[31.764984,66.711267],[31.741141,66.725102],[31.705817,66.725691],[31.611032,66.74924],[31.564522,66.740704],[31.54009,66.730695],[31.513008,66.709207],[31.420872,66.693017],[31.398501,66.683891],[31.332858,66.640914],[31.275457,66.620309],[31.266626,66.60353],[31.282227,66.59411],[31.200099,66.581158],[31.106197,66.55967],[31.078821,66.532294],[31.058805,66.527878],[31.086769,66.568795],[31.180377,66.64739],[31.276928,66.662991],[31.301949,66.673883],[31.331975,66.677121],[31.400267,66.707146],[31.411747,66.716271],[31.49623,66.740115],[31.522134,66.760426],[31.515952,66.806641],[31.554514,66.814],[31.563345,66.826952],[31.58866,66.830779],[31.612504,66.821359],[31.681385,66.835489],[31.738197,66.838727],[31.762629,66.848441],[31.778231,66.861687],[31.754976,66.873462],[31.729955,66.869635],[31.67903,66.851385],[31.590721,66.850501],[31.504178,66.854328],[31.479157,66.863748],[31.532142,66.876111],[31.639879,66.932629],[31.665783,66.937339],[31.673731,66.930274],[31.647827,66.914378],[31.642234,66.898777],[31.664606,66.893184],[31.690804,66.898483],[31.698458,66.921149],[31.759097,66.91114],[31.880964,66.926153],[31.970745,66.928508],[32.084369,66.972074],[32.12087,66.956178],[32.137355,66.935278],[32.136472,66.920854],[32.119399,66.896128],[32.133822,66.872284],[32.112334,66.8558],[32.150601,66.845203],[32.201526,66.848147],[32.243326,66.868752],[32.312796,66.876111],[32.327514,66.88141],[32.338994,66.87199],[32.331929,66.848735],[32.336345,66.833723],[32.348414,66.821359],[32.341349,66.803109],[32.298078,66.79781],[32.27865,66.732167],[32.289247,66.713916],[32.439372,66.705674],[32.471458,66.68448],[32.448792,66.668879],[32.391097,66.662403],[32.352241,66.646213],[32.336639,66.631789],[32.30838,66.617365],[32.248624,66.604413],[32.241854,66.590578],[32.267758,66.58263],[32.309852,66.580275],[32.408464,66.590872],[32.432896,66.601764],[32.464393,66.606179],[32.495007,66.602647],[32.510608,66.593522],[32.417884,66.562025],[32.459389,66.541125],[32.422888,66.537592],[32.393452,66.528467],[32.384915,66.512866],[32.37785,66.49226],[32.41288,66.474598],[32.447615,66.466062],[32.439667,66.441924],[32.401399,66.427206],[32.218305,66.460175],[32.193284,66.456348],[32.097027,66.467239],[31.99606,66.451344],[31.944546,66.433387],[31.906573,66.452815],[31.847112,66.453699],[31.815615,66.467239],[31.806195,66.479308],[31.773226,66.486373],[31.757036,66.494615],[31.805018,66.508745],[31.819736,66.518459],[31.862419,66.566146],[31.887145,66.571739],[31.99135,66.531411],[32.046102,66.529056],[32.0723,66.512277],[32.103209,66.505507],[32.125875,66.508156],[32.137944,66.525818]],[[32.017549,66.889946],[32.013133,66.904959],[31.892149,66.897305],[31.971333,66.876111],[32.017549,66.889946]]]}},{"type":"Feature","properties":{"name":"Lake Imandra"},"geometry":{"type":"MultiPolygon","coordinates":[[[[31.912755,67.50605],[31.885673,67.522829],[31.899509,67.529599],[31.892149,67.541963],[31.893327,67.54785],[31.914227,67.559036],[32.004302,67.539313],[32.063469,67.535781],[32.104386,67.549616],[32.124108,67.551382],[32.241265,67.54314],[32.269819,67.534898],[32.289835,67.522829],[32.276,67.516059],[32.312796,67.489272],[32.406404,67.469255],[32.422299,67.458363],[32.406698,67.447177],[32.333401,67.445706],[32.310441,67.440996],[32.3178,67.426572],[32.285126,67.417741],[32.208591,67.428633],[32.173562,67.426572],[32.148541,67.406555],[32.090551,67.458952],[32.070534,67.471315],[32.022847,67.488683],[31.912755,67.50605]],[[32.067296,67.514881],[32.050223,67.508405],[32.133528,67.472198],[32.193284,67.461601],[32.210063,67.461896],[32.224487,67.471315],[32.224192,67.479852],[32.187397,67.494864],[32.241854,67.508405],[32.216833,67.508111],[32.193578,67.516059],[32.163259,67.516353],[32.114689,67.508405],[32.067296,67.514881]]],[[[32.653081,67.659414],[32.686933,67.639397],[32.686933,67.632627],[32.565066,67.639103],[32.43584,67.667068],[32.368725,67.673544],[32.289835,67.673544],[32.171207,67.697976],[32.131762,67.700625],[32.122342,67.698564],[32.119693,67.692383],[32.121753,67.662652],[32.144714,67.630566],[32.159432,67.618497],[32.19034,67.605545],[32.193578,67.594065],[32.187691,67.587],[32.152662,67.604662],[32.044041,67.645579],[32.004597,67.646756],[31.925413,67.637925],[31.897154,67.646462],[31.902747,67.650583],[31.899509,67.666773],[31.924235,67.662652],[31.947196,67.666773],[31.920408,67.676782],[31.894799,67.679136],[31.869483,67.674132],[31.802663,67.649111],[31.796481,67.642635],[31.804723,67.634393],[31.959853,67.606428],[32.052872,67.597892],[32.081426,67.587295],[32.09791,67.570516],[31.674909,67.639103],[31.618096,67.639397],[31.643706,67.645873],[31.666078,67.659414],[31.57718,67.672366],[31.549215,67.687084],[31.66961,67.687084],[31.691982,67.680903],[31.709938,67.662358],[31.746439,67.673249],[31.782646,67.673544],[31.803546,67.694149],[31.976926,67.69621],[32.062881,67.710928],[32.125286,67.71446],[32.337522,67.687084],[32.255689,67.70769],[32.278944,67.715638],[32.455857,67.685907],[32.50531,67.667362],[32.559767,67.654704],[32.653081,67.659414]]],[[[33.291851,68.081827],[33.32217,68.078883],[33.328941,68.070346],[33.34101,68.041499],[33.344836,68.016183],[33.34101,67.990574],[33.332179,67.979682],[33.297444,67.971734],[33.283903,67.962609],[33.279488,67.951423],[33.290379,67.940532],[33.249462,67.913745],[33.249462,67.884897],[33.241809,67.872239],[33.18117,67.829262],[33.168807,67.784519],[33.151145,67.755377],[33.16704,67.703863],[33.182936,67.685907],[33.221498,67.659414],[33.148201,67.673838],[33.126418,67.666773],[33.153205,67.653232],[33.066957,67.631449],[33.078731,67.612021],[33.115527,67.597598],[33.203247,67.590827],[33.263592,67.576109],[33.308041,67.576403],[33.342776,67.562274],[33.34778,67.557858],[33.344836,67.549616],[33.221498,67.54314],[33.172339,67.558153],[33.153205,67.549616],[33.151145,67.534309],[33.096982,67.515764],[33.109051,67.491626],[33.135838,67.471021],[33.12318,67.467489],[33.065779,67.479852],[33.050767,67.488683],[33.030161,67.522829],[32.996898,67.538725],[32.823812,67.565218],[32.789371,67.556975],[32.817336,67.54314],[32.777008,67.52489],[32.66044,67.527539],[32.61187,67.522829],[32.622761,67.511643],[32.673686,67.505462],[32.680457,67.496925],[32.62541,67.488683],[32.651609,67.480146],[32.707832,67.474848],[32.73462,67.467489],[32.696647,67.458952],[32.60716,67.465428],[32.571542,67.446883],[32.598623,67.438935],[32.583316,67.418035],[32.552997,67.403906],[32.529742,67.425395],[32.482055,67.437463],[32.476757,67.446],[32.502072,67.474848],[32.482055,67.478086],[32.44055,67.498691],[32.417589,67.50399],[32.337522,67.494864],[32.348119,67.518119],[32.365487,67.535781],[32.334873,67.535487],[32.321627,67.539313],[32.310441,67.549616],[32.367842,67.564629],[32.564183,67.535781],[32.589204,67.539902],[32.653081,67.563746],[32.738741,67.568456],[32.762879,67.577286],[32.73462,67.599364],[32.714897,67.625268],[32.756108,67.638514],[32.771709,67.636159],[32.769649,67.618497],[32.802323,67.614965],[32.867083,67.620558],[32.960397,67.602602],[32.994249,67.601719],[33.01662,67.612021],[33.011616,67.625857],[33.026629,67.647051],[33.020153,67.662946],[32.993954,67.675015],[32.927134,67.674427],[32.899169,67.687084],[32.93567,67.718581],[32.973938,67.703863],[33.078731,67.700331],[33.071372,67.718581],[33.026923,67.745368],[33.021919,67.760675],[33.030456,67.776865],[33.057537,67.803947],[33.024568,67.81425],[32.988067,67.811306],[32.905056,67.781575],[32.893871,67.783636],[32.876209,67.80012],[32.862962,67.805713],[32.803795,67.810128],[32.849422,67.828968],[32.899169,67.838093],[33.009261,67.824552],[33.146435,67.842803],[33.141725,67.870179],[33.147024,67.88578],[33.127596,67.898732],[32.920363,67.954661],[32.949211,67.96673],[32.988656,67.974678],[33.028689,67.97615],[33.057537,67.968496],[33.057537,67.954073],[33.07461,67.940532],[33.143491,67.916394],[33.159976,67.928168],[33.161448,67.937294],[33.153205,67.954661],[33.167924,67.964964],[33.200598,67.976444],[33.214727,67.988807],[33.228268,67.961137],[33.288024,68.011179],[33.296561,68.036789],[33.291851,68.081827]]]]}},{"type":"Feature","properties":{"name":"Ondozero"},"geometry":{"type":"Polygon","coordinates":[[[33.610942,63.739661],[33.619773,63.726121],[33.522044,63.725532],[33.489075,63.719939],[33.495256,63.708164],[33.469058,63.691974],[33.468175,63.673724],[33.460227,63.66607],[33.447864,63.67755],[33.404592,63.701394],[33.300093,63.79824],[33.271834,63.800595],[33.231801,63.789114],[33.194416,63.785288],[33.173517,63.809131],[33.205897,63.80295],[33.220909,63.80501],[33.235039,63.815313],[33.203836,63.834447],[33.1326,63.862706],[33.105224,63.883605],[33.125241,63.900973],[33.151734,63.89538],[33.207663,63.869476],[33.241515,63.87448],[33.292734,63.902739],[33.324525,63.890964],[33.386636,63.856524],[33.366031,63.849459],[33.376922,63.838862],[33.38958,63.805599],[33.416956,63.78676],[33.47524,63.768509],[33.530875,63.764977],[33.610942,63.739661]]]}},{"type":"Feature","properties":{"name":"Koitere"},"geometry":{"type":"Polygon","coordinates":[[[30.546611,62.824189],[30.686434,62.869521],[30.644634,62.89101],[30.553087,62.921623],[30.514525,62.951354],[30.631977,62.976081],[30.636981,62.964306],[30.649638,62.95783],[30.679664,62.958713],[30.693499,62.967839],[30.70233,62.988444],[30.714399,62.999924],[30.688789,63.026123],[30.690261,63.035837],[30.706156,63.047611],[30.729411,63.055265],[30.809478,63.05497],[30.846568,63.062918],[30.870412,63.053204],[30.858048,63.030244],[30.858048,62.965778],[30.853338,62.945467],[30.823608,62.917797],[30.810656,62.873936],[30.727351,62.867755],[30.690261,62.848621],[30.645223,62.841262],[30.624618,62.829193],[30.679664,62.807999],[30.651993,62.786805],[30.683196,62.773264],[30.693204,62.763256],[30.686434,62.753247],[30.670833,62.752658],[30.610782,62.773853],[30.625206,62.785922],[30.629622,62.797402],[30.622851,62.805938],[30.604012,62.807999],[30.570455,62.775913],[30.53101,62.785922],[30.448293,62.775913],[30.412381,62.780034],[30.438285,62.782684],[30.51011,62.803878],[30.546611,62.824189]]]}},{"type":"Feature","properties":{"name":"Rikkavesi"},"geometry":{"type":"Polygon","coordinates":[[[29.451282,62.903667],[29.453343,62.87688],[29.479835,62.863339],[29.48219,62.846855],[29.487195,62.841556],[29.531349,62.820362],[29.554604,62.813297],[29.569322,62.814769],[29.56314,62.814769],[29.576093,62.835375],[29.527817,62.848915],[29.551072,62.85127],[29.60494,62.833314],[29.631433,62.835375],[29.603468,62.859513],[29.583452,62.889832],[29.543712,62.933692],[29.535176,62.951354],[29.561963,62.944584],[29.604646,62.914559],[29.637615,62.911026],[29.637615,62.917797],[29.586101,62.948999],[29.506623,62.97402],[29.493965,62.994331],[29.479835,63.040841],[29.495142,63.037897],[29.520752,63.04143],[29.56314,63.014054],[29.579919,62.982851],[29.611122,62.959008],[29.767724,62.884828],[29.820709,62.815947],[29.843081,62.773853],[29.843669,62.755308],[29.83631,62.746182],[29.802459,62.739118],[29.830129,62.719395],[29.738582,62.688487],[29.685596,62.67995],[29.658809,62.692019],[29.623191,62.730875],[29.617892,62.745888],[29.644974,62.739118],[29.625251,62.753541],[29.600525,62.763844],[29.58404,62.761489],[29.589633,62.739118],[29.576387,62.742356],[29.552543,62.77032],[29.510744,62.781506],[29.508094,62.794458],[29.477481,62.813592],[29.473654,62.825661],[29.425378,62.848915],[29.432148,62.863339],[29.411249,62.869227],[29.404773,62.889832],[29.432148,62.88365],[29.438919,62.911026],[29.451282,62.903667]]]}},{"type":"Feature","properties":{"name":"Lake Il'Men'"},"geometry":{"type":"Polygon","coordinates":[[[31.63723,58.224455],[31.590721,58.216802],[31.515069,58.242411],[31.444716,58.215918],[31.429409,58.206204],[31.440595,58.189426],[31.410275,58.18972],[31.396735,58.185893],[31.385549,58.175885],[31.416751,58.15057],[31.427054,58.134674],[31.427054,58.113185],[31.384666,58.142622],[31.337567,58.14792],[31.336684,58.165877],[31.23454,58.151747],[31.203926,58.160872],[31.145936,58.164405],[31.074406,58.178829],[31.00994,58.208854],[30.943414,58.218862],[30.932817,58.230342],[30.883658,58.216507],[30.837737,58.2221],[30.88719,58.240645],[30.983742,58.291276],[31.005819,58.310115],[31.014944,58.332781],[31.064103,58.32189],[31.121799,58.329249],[31.17655,58.34956],[31.263093,58.416969],[31.275457,58.436397],[31.303421,58.518525],[31.309603,58.477608],[31.323144,58.452587],[31.341394,58.429921],[31.366415,58.418441],[31.416751,58.428449],[31.464144,58.408433],[31.502411,58.407255],[31.518896,58.401368],[31.528904,58.388121],[31.501528,58.388121],[31.510359,58.371931],[31.529198,58.361334],[31.550393,58.358096],[31.566583,58.363984],[31.625161,58.408433],[31.623101,58.391948],[31.628694,58.383706],[31.655775,58.381351],[31.666372,58.375758],[31.666372,58.363101],[31.652243,58.339551],[31.628105,58.360157],[31.618096,58.360157],[31.610737,58.355741],[31.61162,58.350737],[31.623395,58.320418],[31.646944,58.290393],[31.656364,58.255069],[31.693748,58.216802],[31.711704,58.165288],[31.728189,58.155279],[31.708761,58.146743],[31.695809,58.159401],[31.680502,58.196196],[31.63723,58.224455]]]}},{"type":"Feature","properties":{"name":"Cheboksary Reservoir"},"geometry":{"type":"Polygon","coordinates":[[[45.245095,56.177153],[45.271293,56.175386],[45.315448,56.150954],[45.372555,56.107683],[45.413471,56.113864],[45.434077,56.123578],[45.459981,56.147127],[45.484119,56.178919],[45.524741,56.184217],[45.571839,56.203351],[45.602747,56.203645],[45.629535,56.216892],[45.655733,56.213948],[45.662503,56.206],[45.707835,56.198641],[45.72638,56.212771],[45.757877,56.205117],[45.824992,56.245445],[45.880922,56.243384],[45.931846,56.222779],[45.957751,56.179802],[45.9813,56.174209],[45.992191,56.189221],[46.031342,56.195403],[46.068726,56.193343],[46.090803,56.200113],[46.091981,56.21542],[46.079029,56.238969],[46.049592,56.241324],[46.039878,56.223073],[46.069609,56.212476],[46.014268,56.21071],[46.000728,56.228078],[46.00426,56.256336],[46.026632,56.260163],[46.091097,56.256631],[46.13849,56.264579],[46.163217,56.283418],[46.278019,56.301963],[46.326589,56.305495],[46.353965,56.320508],[46.347783,56.331105],[46.308633,56.355537],[46.295386,56.368784],[46.247699,56.382619],[46.252703,56.4097],[46.21738,56.433249],[46.274781,56.454149],[46.352787,56.4097],[46.399591,56.401752],[46.422846,56.386151],[46.453754,56.384974],[46.472888,56.389683],[46.481719,56.380853],[46.511744,56.37526],[46.565318,56.384091],[46.623897,56.42383],[46.713383,56.411761],[46.771373,56.394099],[46.78874,56.377614],[46.791684,56.339642],[46.861743,56.314621],[46.857622,56.274293],[46.847319,56.241913],[46.863509,56.244268],[46.961238,56.232493],[47.000977,56.209238],[47.094879,56.193343],[47.141977,56.196286],[47.179067,56.207472],[47.235585,56.186278],[47.30741,56.174798],[47.416325,56.177741],[47.445467,56.169499],[47.463129,56.156841],[47.451943,56.143301],[47.408671,56.133292],[47.358041,56.129466],[47.242944,56.144184],[47.1826,56.145067],[47.100472,56.140651],[47.065148,56.128582],[47.001566,56.124461],[46.913845,56.131526],[46.862037,56.160079],[46.82848,56.188044],[46.674822,56.250744],[46.629489,56.287245],[46.57621,56.34288],[46.549422,56.339936],[46.516454,56.323451],[46.480836,56.316975],[46.454932,56.304318],[46.327766,56.265462],[46.225622,56.246917],[46.182645,56.233376],[46.14997,56.215126],[46.123772,56.185395],[46.081089,56.162729],[46.006909,56.142123],[45.996312,56.131232],[46.11288,56.082367],[46.12701,56.069121],[46.10405,56.057346],[46.081972,56.06029],[46.021628,56.110332],[45.96511,56.116808],[45.936262,56.130643],[45.923899,56.146539],[45.931552,56.161257],[45.910358,56.178624],[45.862377,56.189516],[45.824109,56.184512],[45.770241,56.15537],[45.712545,56.137708],[45.662209,56.128877],[45.536221,56.120046],[45.479703,56.098852],[45.435843,56.07177],[45.384624,56.075008],[45.331932,56.08796],[45.277181,56.130349],[45.194464,56.141829],[45.213009,56.171854],[45.245095,56.177153]]]}},{"type":"Feature","properties":{"name":"Ouluj\u00e4rvi"},"geometry":{"type":"Polygon","coordinates":[[[26.779633,64.363713],[26.801122,64.390795],[26.755201,64.401098],[26.742543,64.408162],[26.737834,64.419348],[26.750491,64.424647],[26.780516,64.424941],[26.845571,64.408162],[26.881483,64.404041],[26.911508,64.411106],[26.827909,64.428473],[26.807892,64.438482],[26.796118,64.455849],[26.796118,64.473217],[26.807009,64.485286],[26.8388,64.487052],[26.854991,64.493233],[26.811425,64.524436],[26.807892,64.534444],[26.812896,64.553578],[26.801122,64.562115],[26.814663,64.560349],[26.842038,64.541509],[26.879128,64.532384],[26.955663,64.524436],[27.007471,64.502359],[27.015419,64.507069],[27.020718,64.521198],[27.007177,64.527968],[27.023367,64.533267],[27.053686,64.519432],[27.117269,64.510012],[27.136108,64.515016],[27.124039,64.530029],[27.138758,64.539449],[27.163484,64.542392],[27.197925,64.531206],[27.240313,64.526497],[27.252971,64.515016],[27.213526,64.504419],[27.196453,64.494117],[27.184678,64.480281],[27.23943,64.46262],[27.25356,64.449079],[27.225006,64.442603],[27.164073,64.418171],[27.184973,64.395505],[27.286823,64.370189],[27.278286,64.345757],[27.280641,64.336632],[27.307134,64.352527],[27.314493,64.352527],[27.383374,64.333099],[27.377192,64.308962],[27.38043,64.303369],[27.411339,64.304546],[27.424879,64.329273],[27.453433,64.341047],[27.486696,64.342813],[27.491994,64.341047],[27.494938,64.331628],[27.509951,64.329567],[27.572062,64.349878],[27.582659,64.356649],[27.540859,64.370189],[27.570295,64.386085],[27.60974,64.390795],[27.60974,64.397565],[27.575594,64.405219],[27.590312,64.411106],[27.654189,64.402569],[27.663903,64.389323],[27.678033,64.384024],[27.706292,64.386674],[27.729252,64.401392],[27.7372,64.401392],[27.780471,64.390795],[27.906459,64.391972],[27.978284,64.38373],[28.013902,64.356649],[27.862893,64.373427],[27.835812,64.349878],[27.868192,64.345463],[27.91529,64.31897],[27.94561,64.315143],[27.980345,64.321325],[27.98947,64.317792],[27.979756,64.301308],[27.964155,64.292183],[27.946493,64.292183],[27.801077,64.324857],[27.76016,64.322502],[27.696872,64.302191],[27.636527,64.274227],[27.66302,64.267456],[27.668907,64.25892],[27.663903,64.246851],[27.769285,64.222124],[27.792246,64.221241],[27.812557,64.226834],[27.828453,64.239786],[27.826392,64.251855],[27.843465,64.259508],[27.883499,64.260391],[27.87614,64.240375],[27.879083,64.220358],[27.900572,64.188567],[27.924415,64.179736],[28.058645,64.185329],[28.076013,64.182091],[28.098679,64.167961],[28.177863,64.157953],[28.193464,64.149416],[28.196997,64.140585],[28.189343,64.135287],[28.170798,64.136759],[28.170798,64.129988],[28.192287,64.129988],[28.212304,64.123807],[28.184045,64.122629],[28.096324,64.103495],[28.061883,64.104673],[28.034802,64.113209],[27.986526,64.140585],[27.95709,64.151182],[27.794012,64.164723],[27.767519,64.178558],[27.739555,64.171788],[27.761338,64.189744],[27.824332,64.185034],[27.841993,64.198869],[27.801371,64.205934],[27.773701,64.198869],[27.76016,64.213293],[27.683626,64.225656],[27.597966,64.227717],[27.582659,64.233899],[27.572356,64.24479],[27.571178,64.255093],[27.582659,64.281586],[27.552339,64.287179],[27.518782,64.285412],[27.458731,64.267751],[27.499942,64.260391],[27.488756,64.254504],[27.475216,64.222713],[27.465796,64.213293],[27.456671,64.215648],[27.449017,64.230072],[27.441658,64.233899],[27.398092,64.231838],[27.374838,64.239492],[27.334804,64.219475],[27.342163,64.205934],[27.325679,64.206228],[27.300658,64.19151],[27.248261,64.190922],[27.232365,64.185329],[27.261213,64.174143],[27.321852,64.117036],[27.308606,64.117036],[27.274165,64.103495],[27.247967,64.124984],[27.164073,64.157364],[27.19086,64.178558],[27.18615,64.195631],[27.198219,64.213293],[27.164956,64.199752],[27.054275,64.19151],[27.036319,64.178558],[27.026899,64.178558],[27.020718,64.198869],[26.963611,64.219769],[26.943005,64.240669],[26.903561,64.25421],[26.903561,64.260391],[26.935941,64.266867],[26.932114,64.293949],[26.907093,64.323091],[26.876773,64.336632],[26.811719,64.328095],[26.790525,64.33987],[26.778456,64.354882],[26.779633,64.363713]]]}},{"type":"Feature","properties":{"name":"Kemij\u00e4rvi"},"geometry":{"type":"Polygon","coordinates":[[[27.290355,66.525229],[27.321852,66.522285],[27.294476,66.535826],[27.339808,66.59205],[27.370422,66.604707],[27.362769,66.625313],[27.411339,66.624135],[27.424879,66.638265],[27.43636,66.667113],[27.443424,66.670939],[27.458731,66.65887],[27.471095,66.627079],[27.480809,66.617365],[27.506713,66.618248],[27.522903,66.626785],[27.532617,66.640325],[27.532617,66.655044],[27.520253,66.666229],[27.527907,66.672411],[27.463736,66.702731],[27.441658,66.707146],[27.418109,66.700376],[27.408984,66.704497],[27.404274,66.713916],[27.403685,66.740409],[27.381314,66.751889],[27.377192,66.760426],[27.384846,66.764841],[27.404274,66.761898],[27.465796,66.727752],[27.441658,66.747768],[27.458143,66.754833],[27.490523,66.750123],[27.514072,66.735111],[27.503475,66.727457],[27.506713,66.723042],[27.534383,66.720687],[27.551162,66.712445],[27.562053,66.700376],[27.569707,66.675943],[27.578832,66.672411],[27.602087,66.671528],[27.608268,66.675649],[27.60974,66.686835],[27.629463,66.682419],[27.663314,66.692134],[27.6745,66.690073],[27.698049,66.651806],[27.648302,66.65681],[27.632995,66.648862],[27.634172,66.642092],[27.663903,66.618248],[27.60974,66.618248],[27.741321,66.587929],[27.76016,66.569972],[27.801371,66.604707],[27.824332,66.589695],[27.911463,66.597937],[27.904104,66.610889],[27.917351,66.625313],[27.953557,66.645624],[27.972985,66.645624],[27.950908,66.627668],[27.938251,66.604707],[27.972985,66.597937],[27.972985,66.591167],[27.933835,66.588812],[27.821977,66.563791],[27.852591,66.542891],[27.856123,66.535826],[27.84582,66.528173],[27.794601,66.542597],[27.7372,66.551722],[27.658899,66.584102],[27.526729,66.605296],[27.506124,66.600881],[27.49847,66.586751],[27.506713,66.563791],[27.41752,66.578215],[27.396915,66.576743],[27.382491,66.562613],[27.396915,66.552899],[27.43842,66.542597],[27.429884,66.529939],[27.379842,66.491083],[27.366595,66.466945],[27.315082,66.474304],[27.342163,66.501091],[27.323618,66.506978],[27.266512,66.50845],[27.198219,66.542597],[27.223829,66.54554],[27.290355,66.525229]]]}},{"type":"Feature","properties":{"name":"Umbozero Lake"},"geometry":{"type":"Polygon","coordinates":[[[34.198198,67.867529],[34.16729,67.87901],[34.186129,67.891373],[34.242647,67.876655],[34.267374,67.882542],[34.287979,67.894611],[34.307407,67.894905],[34.33861,67.87901],[34.34067,67.869001],[34.331251,67.858404],[34.344203,67.842214],[34.34538,67.796588],[34.3548,67.77922],[34.368635,67.766857],[34.441048,67.726235],[34.542604,67.683846],[34.5585,67.666773],[34.55379,67.653527],[34.562621,67.629978],[34.562915,67.612905],[34.606187,67.590533],[34.496389,67.529599],[34.471957,67.524007],[34.465186,67.526067],[34.450174,67.544906],[34.430157,67.546673],[34.379526,67.529599],[34.318004,67.537547],[34.304463,67.54314],[34.295633,67.556681],[34.325069,67.584351],[34.305347,67.592005],[34.315649,67.622619],[34.314766,67.636159],[34.307407,67.6497],[34.325363,67.669717],[34.331251,67.687084],[34.32713,67.697387],[34.308879,67.702391],[34.304463,67.711222],[34.30829,67.727118],[34.297693,67.738598],[34.210856,67.749784],[34.195254,67.769212],[34.237937,67.757437],[34.260898,67.755965],[34.270906,67.765679],[34.253538,67.80689],[34.198198,67.867529]]]}},{"type":"Feature","properties":{"name":"Paduskoye More"},"geometry":{"type":"Polygon","coordinates":[[[31.271041,68.639941],[31.261621,68.670555],[31.285759,68.679386],[31.310192,68.669966],[31.311075,68.648183],[31.37819,68.630521],[31.42676,68.636997],[31.48475,68.618747],[31.629871,68.665551],[31.655186,68.66349],[31.678441,68.650244],[31.745556,68.643179],[31.759097,68.624045],[31.744084,68.614626],[31.592192,68.614626],[31.492109,68.594903],[31.455902,68.580479],[31.394968,68.575181],[31.316373,68.592254],[31.303421,68.581362],[31.253085,68.566056],[31.24602,68.555164],[31.266331,68.53868],[31.257206,68.526316],[31.218056,68.518957],[31.201277,68.506594],[31.162421,68.491581],[31.19068,68.434769],[31.130041,68.428293],[31.09354,68.435947],[31.093245,68.419462],[31.074406,68.41593],[31.02407,68.426233],[30.96814,68.419168],[30.881303,68.392969],[30.851278,68.375602],[30.795937,68.36942],[30.73471,68.346166],[30.674954,68.316729],[30.660824,68.301717],[30.664945,68.284055],[30.683196,68.270808],[30.684962,68.251969],[30.664651,68.240489],[30.638158,68.244316],[30.606073,68.237251],[30.617553,68.219295],[30.68349,68.185148],[30.6673,68.175729],[30.627561,68.17514],[30.608133,68.167487],[30.629622,68.148058],[30.727351,68.123921],[30.738831,68.106259],[30.631977,68.132457],[30.587528,68.148647],[30.531598,68.154829],[30.494509,68.150119],[30.486561,68.139522],[30.498924,68.126864],[30.501868,68.113618],[30.434164,68.105081],[30.414442,68.074762],[30.361456,68.057983],[30.360573,68.072113],[30.351742,68.087419],[30.261961,68.144232],[30.286982,68.144526],[30.343794,68.11038],[30.362045,68.104493],[30.418857,68.110674],[30.453886,68.127159],[30.464189,68.149825],[30.490387,68.162188],[30.547494,68.181027],[30.562212,68.17514],[30.605189,68.197512],[30.548672,68.213996],[30.571926,68.238428],[30.656998,68.259622],[30.635509,68.289059],[30.560446,68.292591],[30.526006,68.287881],[30.504223,68.272575],[30.494803,68.271691],[30.446822,68.278756],[30.428571,68.317318],[30.437402,68.331447],[30.51482,68.342928],[30.499807,68.301128],[30.611371,68.297301],[30.661413,68.335274],[30.679958,68.342928],[30.744129,68.36736],[30.856871,68.399445],[30.938115,68.431826],[30.971084,68.453903],[30.941059,68.476274],[30.992573,68.479218],[31.049385,68.470093],[31.066164,68.478924],[31.057627,68.495703],[31.036433,68.501884],[31.02142,68.532204],[30.997871,68.542212],[30.976677,68.586072],[30.913977,68.602851],[30.929579,68.630227],[30.911034,68.641707],[30.85952,68.643179],[30.810361,68.637292],[30.773271,68.606383],[30.717931,68.581068],[30.707628,68.592254],[30.727939,68.631404],[30.712927,68.667611],[30.689083,68.683801],[30.546022,68.689394],[30.527183,68.671438],[30.540724,68.699991],[30.576047,68.718831],[30.589883,68.70735],[30.635215,68.70058],[30.770033,68.701757],[30.797115,68.718242],[30.84127,68.729428],[30.868645,68.710588],[30.864819,68.679386],[30.888368,68.672615],[30.929579,68.669672],[31.047619,68.689688],[31.008763,68.663784],[31.075583,68.657897],[31.090007,68.641707],[31.109141,68.633759],[31.192152,68.654659],[31.218939,68.624634],[31.256029,68.629933],[31.271041,68.639941]]]}},{"type":"Feature","properties":{"name":"Porttipahta Reservoir"},"geometry":{"type":"Polygon","coordinates":[[[27.169666,68.088597],[27.129338,68.095073],[27.083711,68.111557],[26.979507,68.085065],[26.943888,68.083298],[26.867648,68.069169],[26.835268,68.0571],[26.897085,68.04297],[26.883544,68.027664],[26.876773,68.009413],[26.93182,68.002054],[26.95949,67.990279],[26.979212,67.975267],[26.958312,67.969968],[26.897085,67.981448],[26.763149,67.975267],[26.75579,67.977916],[26.753141,67.994989],[26.670719,68.016183],[26.676017,68.03149],[26.662771,68.045325],[26.641577,68.056217],[26.42257,68.105376],[26.29511,68.098311],[26.273327,68.085065],[26.303647,68.078294],[26.335438,68.077705],[26.335438,68.070935],[26.288928,68.062104],[26.273327,68.063282],[26.245362,68.082415],[26.231822,68.085065],[26.148811,68.062104],[26.122024,68.070935],[26.131738,68.085653],[26.146456,68.091246],[26.184135,68.091246],[26.184135,68.098017],[26.149988,68.111852],[26.149988,68.118622],[26.29717,68.105964],[26.341619,68.118622],[26.259786,68.124215],[26.219458,68.135106],[26.190905,68.152768],[26.220636,68.171902],[26.240653,68.169547],[26.253016,68.152768],[26.333083,68.141288],[26.362225,68.145998],[26.347507,68.15218],[26.293932,68.159539],[26.343974,68.177495],[26.432284,68.182499],[26.516472,68.175434],[26.553856,68.156006],[26.566219,68.14276],[26.649524,68.139816],[26.653351,68.122449],[26.659238,68.120977],[26.745781,68.139816],[26.745781,68.132163],[26.718994,68.118622],[26.814663,68.098017],[26.834385,68.075351],[26.854402,68.085065],[26.983039,68.101255],[27.007177,68.111852],[27.021895,68.129514],[26.997168,68.146587],[26.993342,68.159539],[27.007471,68.166015],[27.030432,68.159539],[27.092837,68.128042],[27.174964,68.102432],[27.169666,68.088597]]]}},{"type":"Feature","properties":{"name":"Lokan Tekojarvi"},"geometry":{"type":"Polygon","coordinates":[[[27.220591,68.088008],[27.298303,68.072701],[27.309783,68.075645],[27.319791,68.097722],[27.330683,68.099194],[27.364535,68.079177],[27.390144,68.077705],[27.398681,68.08477],[27.410456,68.111852],[27.434593,68.122743],[27.465796,68.126276],[27.494938,68.121271],[27.514072,68.105081],[27.499942,68.081238],[27.492289,68.077117],[27.444602,68.077705],[27.440481,68.070346],[27.444602,68.054451],[27.404274,68.022954],[27.450784,68.004998],[27.500531,67.9944],[27.548218,68.009413],[27.643298,68.016183],[27.715417,68.004114],[27.739555,68.009413],[27.714828,68.023542],[27.655661,68.024426],[27.632995,68.033256],[27.630051,68.040616],[27.641531,68.04768],[27.639765,68.053862],[27.628285,68.059161],[27.604147,68.060632],[27.595611,68.070935],[27.629757,68.08006],[27.681271,68.085359],[27.746325,68.065048],[27.772229,68.068286],[27.792246,68.081238],[27.801371,68.105081],[27.849353,68.085065],[27.794012,68.05033],[27.781354,68.022659],[27.773701,68.016183],[27.793423,68.003526],[27.816678,68.00176],[27.863188,68.009413],[27.935601,68.006764],[28.039217,68.025014],[28.073952,68.038261],[28.068948,68.053862],[27.998006,68.06858],[27.986526,68.077705],[27.998595,68.080649],[28.055407,68.073879],[28.117518,68.048269],[28.1237,68.033256],[28.114869,68.022071],[28.055407,68.002643],[28.134003,67.991457],[28.157257,67.981448],[28.132531,67.974972],[27.890269,67.988807],[27.911463,67.975267],[27.911463,67.968496],[27.844937,67.954073],[27.813146,67.939649],[27.794012,67.913745],[27.821977,67.906386],[27.75339,67.896083],[27.739555,67.87901],[27.746325,67.87901],[27.73926,67.85811],[27.753684,67.848101],[27.801371,67.844863],[27.781354,67.832795],[27.601498,67.814838],[27.575594,67.824552],[27.543803,67.846924],[27.429295,67.860759],[27.375426,67.889607],[27.245906,67.89255],[27.212054,67.906386],[27.265334,67.905502],[27.342163,67.926697],[27.346873,67.937882],[27.334804,67.96467],[27.390144,67.975267],[27.373954,67.993517],[27.355115,68.004114],[27.308017,68.016183],[27.330977,68.023248],[27.355704,68.022954],[27.338336,68.043559],[27.314199,68.055923],[27.285351,68.06181],[27.187916,68.066225],[27.169666,68.088597],[27.174964,68.102432],[27.220591,68.088008]]]}},{"type":"Feature","properties":{"name":"Akkajaure"},"geometry":{"type":"Polygon","coordinates":[[[18.294293,67.473082],[18.18685,67.484562],[18.172132,67.491921],[18.162123,67.521357],[18.152409,67.529305],[17.803294,67.597892],[17.740005,67.599952],[17.706742,67.617909],[17.639038,67.618497],[17.549552,67.653821],[17.515405,67.659414],[17.40914,67.636159],[17.371461,67.639397],[17.261369,67.664124],[17.17983,67.694149],[17.17983,67.700331],[17.220158,67.697093],[17.337315,67.673544],[17.367635,67.671483],[17.372639,67.675604],[17.364691,67.687084],[17.323774,67.70769],[17.269906,67.725646],[17.239881,67.73065],[17.17983,67.769212],[17.117425,67.783636],[17.073859,67.78393],[17.056197,67.796588],[17.175415,67.798648],[17.20338,67.786285],[17.226634,67.769212],[17.255776,67.758026],[17.588113,67.682669],[17.614606,67.670011],[17.698206,67.656765],[17.730586,67.643813],[17.851275,67.625268],[17.888954,67.607312],[17.984033,67.584057],[18.025539,67.58494],[18.155942,67.561685],[18.203334,67.533132],[18.384663,67.45748],[18.424696,67.448061],[18.414688,67.427161],[18.294293,67.473082]]]}},{"type":"Feature","properties":{"name":"Stora Lulevatten"},"geometry":{"type":"Polygon","coordinates":[[[18.481214,67.421273],[18.509179,67.413031],[18.528901,67.412443],[18.584242,67.42039],[18.651945,67.405378],[18.727303,67.411854],[18.810313,67.396547],[18.886848,67.370348],[18.936301,67.32119],[19.112037,67.275563],[19.15678,67.247599],[19.230371,67.226699],[19.283356,67.2005],[19.304256,67.173419],[19.332515,67.161644],[19.369899,67.155463],[19.499714,67.148398],[19.659554,67.118667],[19.756988,67.083932],[19.787013,67.060972],[19.815567,67.019172],[19.80232,67.001805],[19.792901,67.002982],[19.777299,67.02241],[19.749629,67.028886],[19.696644,67.051258],[19.601858,67.058028],[19.572128,67.065976],[19.550933,67.083932],[19.561531,67.094824],[19.547695,67.10336],[19.432893,67.121905],[19.368133,67.110719],[19.309555,67.116901],[19.259807,67.133091],[19.248916,67.159584],[19.114391,67.210214],[19.094963,67.224638],[19.091725,67.23288],[19.097907,67.250248],[19.091431,67.262022],[19.062583,67.27939],[19.025788,67.287632],[18.954552,67.289987],[18.925998,67.29558],[18.851819,67.343856],[18.755267,67.388893],[18.718472,67.391543],[18.667841,67.378296],[18.612206,67.398607],[18.487985,67.388893],[18.414688,67.427161],[18.424696,67.448061],[18.481214,67.421273]]]}},{"type":"Feature","properties":{"name":"Mj\u00f8sa"},"geometry":{"type":"Polygon","coordinates":[[[11.25899,60.614986],[11.276358,60.600857],[11.272237,60.58084],[11.241917,60.543161],[11.231909,60.521673],[11.23603,60.480462],[11.228376,60.461034],[11.230731,60.417468],[11.226316,60.401572],[11.204239,60.416585],[11.186577,60.461917],[11.162733,60.492236],[11.179512,60.535508],[11.179512,60.557585],[11.16656,60.567299],[11.144188,60.573481],[11.094441,60.621462],[11.073541,60.633531],[11.01614,60.653253],[10.988175,60.656786],[10.943138,60.68475],[10.895745,60.697702],[10.810085,60.738913],[10.762104,60.749805],[10.707941,60.778064],[10.690573,60.792782],[10.682331,60.815742],[10.690573,60.864018],[10.686746,60.879031],[10.614627,60.944674],[10.578715,60.966457],[10.430061,61.029745],[10.415931,61.043286],[10.434476,61.087735],[10.429178,61.122175],[10.447428,61.092739],[10.450078,61.046524],[10.458909,61.036516],[10.516015,61.00443],[10.601087,60.978231],[10.729724,60.884035],[10.73826,60.868434],[10.710884,60.834876],[10.727074,60.804262],[10.767108,60.782774],[10.848058,60.766584],[10.915173,60.759519],[10.949614,60.764229],[10.964037,60.783068],[10.957267,60.805145],[10.904576,60.837231],[10.88397,60.871377],[10.874551,60.879325],[10.855123,60.881974],[10.875728,60.890511],[10.899277,60.885212],[10.936073,60.861663],[10.956678,60.841058],[10.998184,60.827517],[11.027326,60.804557],[11.041161,60.797786],[11.089142,60.788661],[11.09032,60.784245],[11.066476,60.759225],[11.094146,60.725373],[11.111514,60.673565],[11.135652,60.656786],[11.163322,60.62264],[11.190698,60.598207],[11.223078,60.58761],[11.265761,60.594086],[11.25899,60.614986]]]}},{"type":"Feature","properties":{"name":"Saratov Reservoir"},"geometry":{"type":"Polygon","coordinates":[[[48.458374,53.122536],[48.478391,53.14844],[48.51342,53.176993],[48.576119,53.170517],[48.661779,53.138432],[48.615859,53.126363],[48.564345,53.099281],[48.543151,53.081031],[48.545211,53.055127],[48.539324,53.021569],[48.567289,52.995076],[48.55728,52.973882],[48.602023,52.93326],[48.621746,52.903823],[48.615564,52.88204],[48.536969,52.806095],[48.448365,52.767533],[48.439829,52.760174],[48.410687,52.714842],[48.409804,52.693942],[48.394202,52.658912],[48.417457,52.643606],[48.444539,52.658618],[48.461612,52.675986],[48.498702,52.688643],[48.526078,52.68099],[48.514892,52.673042],[48.491048,52.674808],[48.46691,52.647432],[48.418046,52.609754],[48.318551,52.599451],[48.277929,52.590031],[48.264977,52.569426],[48.262916,52.538518],[48.226709,52.50496],[48.209636,52.453446],[48.212285,52.420478],[48.186087,52.381327],[48.173429,52.331874],[48.122799,52.273295],[48.141049,52.24798],[48.15459,52.240327],[48.179905,52.243859],[48.197567,52.221487],[48.229064,52.217072],[48.269686,52.223548],[48.384194,52.213834],[48.451603,52.217955],[48.46485,52.215011],[48.460434,52.203826],[48.385666,52.192051],[48.313252,52.1947],[48.273807,52.185281],[48.249964,52.192051],[48.16872,52.200588],[48.158122,52.2156],[48.140755,52.228552],[48.06216,52.230907],[48.038022,52.220899],[48.027425,52.195878],[47.988569,52.172329],[47.966491,52.116988],[47.919687,52.077249],[47.843153,52.064886],[47.834322,52.054583],[47.789873,52.056349],[47.75661,52.089318],[47.781042,52.120815],[47.87465,52.207358],[47.921748,52.225314],[47.959132,52.249452],[48.067458,52.356012],[48.108964,52.417828],[48.119855,52.454329],[48.105431,52.54411],[48.119266,52.567365],[48.165776,52.598568],[48.211991,52.637718],[48.233185,52.671865],[48.259384,52.698063],[48.33739,52.718963],[48.336801,52.779602],[48.369476,52.841713],[48.431587,52.904118],[48.498702,52.953571],[48.494581,52.976237],[48.43718,53.061897],[48.427466,53.083974],[48.437474,53.109584],[48.458374,53.122536]]]}},{"type":"Feature","properties":{"name":"Nizhnekamsk Reservoir"},"geometry":{"type":"Polygon","coordinates":[[[53.333927,55.876018],[53.470806,55.90045],[53.501126,55.913402],[53.53851,55.939601],[53.597088,55.918995],[53.685692,55.913697],[53.695112,55.88426],[53.667736,55.871014],[53.619166,55.878962],[53.586786,55.876018],[53.561176,55.859828],[53.544692,55.841283],[53.518199,55.848053],[53.497299,55.868659],[53.47375,55.878373],[53.314499,55.839811],[53.144651,55.841872],[53.095786,55.84982],[52.960967,55.90045],[52.839984,55.916346],[52.844988,55.9031],[52.860295,55.896329],[52.878251,55.895446],[52.890026,55.885732],[52.908276,55.882788],[52.933592,55.886321],[52.984811,55.874546],[53.019252,55.833924],[53.058402,55.815673],[53.101674,55.817145],[53.166434,55.803016],[53.209705,55.801544],[53.220597,55.80802],[53.225895,55.784176],[53.269167,55.788886],[53.337459,55.754446],[53.372783,55.723832],[53.391033,55.714118],[53.420176,55.714118],[53.42518,55.704992],[53.421942,55.695278],[53.411345,55.687625],[53.416349,55.678794],[53.398098,55.675262],[53.374843,55.690863],[53.353649,55.693512],[53.290361,55.716473],[53.273288,55.739433],[53.247973,55.752091],[53.186156,55.753857],[53.15672,55.729425],[53.115214,55.712646],[53.098141,55.715884],[53.13582,55.732663],[53.143473,55.762393],[53.111388,55.773579],[53.041623,55.761805],[52.980396,55.761805],[52.956258,55.7777],[52.937418,55.802721],[52.931237,55.820383],[52.908571,55.835396],[52.885905,55.842166],[52.722827,55.848053],[52.673962,55.827154],[52.611263,55.835101],[52.58271,55.847759],[52.547975,55.830392],[52.508235,55.837456],[52.440826,55.829214],[52.40197,55.832746],[52.362231,55.829214],[52.345746,55.808609],[52.34192,55.790947],[52.351634,55.771519],[52.370767,55.751208],[52.394611,55.74797],[52.349573,55.701166],[52.29335,55.675262],[52.275393,55.684093],[52.276571,55.695867],[52.30483,55.715295],[52.322786,55.749736],[52.29335,55.813318],[52.290995,55.851586],[52.314544,55.884849],[52.362231,55.888381],[52.384603,55.903688],[52.50853,55.889559],[52.564459,55.913991],[52.593012,55.947254],[52.684265,56.002595],[52.726065,56.00701],[52.779345,56.020551],[52.8809,56.052931],[52.902389,56.054697],[52.898562,56.031442],[52.797007,55.999945],[52.789059,55.988465],[52.869126,55.972275],[52.899445,55.945488],[52.951548,55.925177],[53.158486,55.878962],[53.246795,55.873663],[53.306257,55.893974],[53.312733,55.882494],[53.333927,55.876018]]]}},{"type":"Feature","properties":{"name":"Serebryanskoe Reservoir"},"geometry":{"type":"Polygon","coordinates":[[[35.738017,68.737375],[35.726537,68.724129],[35.696511,68.721185],[35.624392,68.696459],[35.614384,68.685862],[35.511356,68.689688],[35.46102,68.680269],[35.446891,68.671732],[35.455722,68.638763],[35.453072,68.617569],[35.467202,68.593431],[35.446008,68.526611],[35.420692,68.499235],[35.41245,68.477452],[35.394494,68.465089],[35.355343,68.446249],[35.276748,68.422406],[35.267034,68.394736],[35.275865,68.371481],[35.309717,68.337335],[35.31531,68.319673],[35.28499,68.291119],[35.275865,68.267865],[35.250255,68.256679],[35.237892,68.240194],[35.227589,68.213996],[35.188145,68.205459],[35.166362,68.226359],[35.179902,68.250203],[35.199036,68.261094],[35.20875,68.289059],[35.188439,68.308781],[35.157236,68.319084],[35.15076,68.333214],[35.178136,68.336452],[35.207573,68.350581],[35.20875,68.366477],[35.226706,68.420051],[35.254377,68.428882],[35.278514,68.446249],[35.288228,68.469798],[35.348573,68.510715],[35.354755,68.532792],[35.33827,68.558696],[35.359759,68.573415],[35.328851,68.586661],[35.30589,68.615803],[35.319725,68.653776],[35.315899,68.667317],[35.286168,68.65201],[35.199036,68.648772],[35.188439,68.657014],[35.255554,68.70529],[35.308834,68.717947],[35.337387,68.70529],[35.358287,68.714415],[35.324141,68.742674],[35.343863,68.764751],[35.38007,68.775348],[35.410095,68.775054],[35.440709,68.767401],[35.472206,68.77476],[35.49134,68.785062],[35.505469,68.802724],[35.5143,68.824802],[35.598194,68.846879],[35.656184,68.830689],[35.681499,68.817148],[35.676789,68.800075],[35.657361,68.787123],[35.636167,68.783885],[35.620271,68.773877],[35.629396,68.752094],[35.661482,68.725307],[35.714173,68.741791],[35.738017,68.737375]]]}},{"type":"Feature","properties":{"name":"Ataturk Barajt"},"geometry":{"type":"Polygon","coordinates":[[[38.603357,37.54096],[38.601297,37.492095],[38.57657,37.4762],[38.545073,37.483264],[38.519758,37.47355],[38.558025,37.423803],[38.540069,37.417621],[38.490027,37.444703],[38.43086,37.463542],[38.336075,37.483264],[38.316941,37.497688],[38.316058,37.517705],[38.286033,37.550968],[38.273669,37.573634],[38.255124,37.584231],[38.247765,37.596006],[38.257479,37.61249],[38.277496,37.614845],[38.308699,37.600421],[38.323123,37.566864],[38.340784,37.572162],[38.349027,37.60572],[38.339901,37.679605],[38.364922,37.657528],[38.389943,37.650757],[38.401423,37.660177],[38.425856,37.660177],[38.439396,37.653995],[38.458824,37.622204],[38.421146,37.627208],[38.415847,37.608663],[38.384645,37.598361],[38.373459,37.5754],[38.367572,37.554795],[38.374931,37.528596],[38.374636,37.50858],[38.387294,37.495333],[38.39583,37.507991],[38.418497,37.524181],[38.485906,37.544786],[38.492676,37.567747],[38.505628,37.580404],[38.530355,37.582759],[38.558025,37.601599],[38.621019,37.619849],[38.62985,37.651935],[38.704618,37.648108],[38.738176,37.659294],[38.666645,37.747603],[38.658109,37.785871],[38.667234,37.796762],[38.68519,37.770564],[38.692255,37.74672],[38.726401,37.699033],[38.774383,37.659],[38.808235,37.659588],[38.813239,37.670774],[38.789101,37.697267],[38.814122,37.715223],[38.848857,37.712868],[38.876527,37.723465],[38.878882,37.748192],[38.872995,37.757906],[38.892717,37.76762],[38.918032,37.76762],[38.932456,37.779395],[38.929807,37.794996],[38.884769,37.773507],[38.882709,37.810597],[38.926569,37.843272],[38.951296,37.840622],[38.96101,37.859462],[38.973373,37.866232],[38.982793,37.899495],[39.00016,37.88095],[38.992212,37.826198],[38.970724,37.808537],[38.97926,37.795879],[38.972784,37.749958],[38.947174,37.747898],[38.928335,37.727881],[38.935694,37.710513],[38.912734,37.697856],[38.927158,37.695206],[38.945997,37.699033],[38.951296,37.688142],[38.931573,37.682254],[38.912145,37.691968],[38.88889,37.685492],[38.847091,37.68667],[38.841203,37.676073],[38.882709,37.654584],[38.880943,37.638689],[38.835905,37.641043],[38.749951,37.620438],[38.657815,37.610135],[38.603357,37.54096]]]}},{"type":"Feature","properties":{"name":"Rybinsk Reservoir"},"geometry":{"type":"Polygon","coordinates":[[[38.679597,58.108181],[38.633382,58.129964],[38.611599,58.124077],[38.59953,58.100233],[38.573038,58.091108],[38.493265,58.130553],[38.440574,58.14586],[38.388177,58.144977],[38.344022,58.117012],[38.329893,58.096407],[38.330776,58.085515],[38.384645,58.061083],[38.428211,58.034001],[38.437041,58.021344],[38.424678,58.015751],[38.334603,58.044893],[38.281028,58.042538],[38.265133,58.032235],[38.251592,58.038711],[38.258362,58.052252],[38.237757,58.058434],[38.249826,58.073741],[38.230987,58.120544],[38.233047,58.142327],[38.271903,58.182067],[38.26425,58.198551],[38.2616,58.228282],[38.243939,58.244766],[38.219506,58.25448],[38.151803,58.263311],[38.128548,58.257718],[38.142383,58.250948],[38.087631,58.250948],[38.094402,58.264489],[37.991374,58.289215],[37.956345,58.30776],[37.936328,58.313059],[37.911307,58.314236],[37.906892,58.310704],[37.916311,58.281562],[37.909835,58.268021],[37.896,58.277735],[37.850374,58.331604],[37.765008,58.381351],[37.747935,58.4049],[37.736455,58.411671],[37.717027,58.407844],[37.70643,58.411671],[37.698187,58.430216],[37.689651,58.436397],[37.635194,58.436397],[37.648146,58.449644],[37.608995,58.479963],[37.586329,58.488205],[37.556304,58.521468],[37.537465,58.530888],[37.503024,58.52294],[37.49125,58.524706],[37.485657,58.536775],[37.487128,58.552377],[37.498609,58.579753],[37.445623,58.594765],[37.376448,58.634799],[37.324051,58.649222],[37.299324,58.66188],[37.266944,58.687784],[37.247222,58.695143],[37.198946,58.69426],[37.15538,58.68278],[37.086499,58.689845],[37.086499,58.696615],[37.178046,58.711039],[37.209837,58.710156],[37.198357,58.728995],[37.14861,58.771678],[37.136541,58.794638],[37.139779,58.808473],[37.175102,58.82643],[37.122117,58.866169],[37.120645,58.881476],[37.198063,58.842325],[37.209837,58.829668],[37.216019,58.810828],[37.230737,58.78934],[37.248693,58.771972],[37.264884,58.764908],[37.312276,58.771089],[37.326406,58.768146],[37.336414,58.759903],[37.347011,58.730761],[37.374976,58.721342],[37.411771,58.723697],[37.477414,58.744302],[37.453571,58.722225],[37.424134,58.703974],[37.360846,58.68278],[37.376448,58.665118],[37.438853,58.624202],[37.463874,58.613899],[37.48654,58.613016],[37.518331,58.637742],[37.528339,58.635682],[37.554832,58.615665],[37.573671,58.613899],[37.549534,58.587406],[37.544529,58.569744],[37.55336,58.552082],[37.565429,58.545901],[37.60458,58.552082],[37.638432,58.535009],[37.64844,58.535598],[37.679937,58.558264],[37.694361,58.575337],[37.693183,58.589761],[37.673461,58.59712],[37.636665,58.593293],[37.621358,58.613899],[37.641964,58.620964],[37.604874,58.631266],[37.601047,58.644807],[37.608112,58.651577],[37.624302,58.652755],[37.654916,58.648045],[37.716438,58.609189],[37.744403,58.607128],[37.730862,58.628323],[37.754117,58.633621],[37.820054,58.600358],[37.897178,58.577986],[37.93103,58.555026],[37.956639,58.559441],[37.998145,58.538836],[38.059078,58.529122],[38.084393,58.529711],[38.094402,58.546489],[38.086748,58.561502],[38.046126,58.600358],[38.058784,58.615665],[38.115596,58.606834],[38.128548,58.617431],[38.120011,58.628911],[38.078506,58.656582],[38.025815,58.673066],[37.943687,58.669239],[37.959877,58.681308],[38.026109,58.689845],[37.998439,58.700147],[37.942215,58.707212],[37.916311,58.716337],[37.931618,58.723697],[37.950458,58.723697],[37.923376,58.751072],[37.930146,58.764908],[37.943687,58.752544],[37.97489,58.742242],[38.014335,58.713394],[38.031113,58.707212],[38.046126,58.710156],[38.052896,58.729584],[38.04171,58.754605],[37.991374,58.812595],[38.009919,58.829962],[38.006387,58.847035],[38.009919,58.872645],[37.998145,58.881476],[37.973712,58.871762],[37.943982,58.848213],[37.916017,58.837616],[37.895706,58.867346],[37.916311,58.874117],[37.896883,58.885597],[37.850374,58.899138],[37.8542,58.915622],[37.837716,58.922392],[37.778549,58.928574],[37.728507,58.944175],[37.675227,58.925336],[37.65521,58.923864],[37.621947,58.938877],[37.60193,58.933873],[37.566607,58.915622],[37.538937,58.910323],[37.5304,58.904731],[37.525101,58.888246],[37.546296,58.840265],[37.531872,58.824663],[37.497726,58.836144],[37.436498,58.867346],[37.477414,58.897077],[37.490955,58.915916],[37.476237,58.951534],[37.487717,58.956244],[37.53511,58.958599],[37.573671,58.977144],[37.587212,58.989802],[37.600459,58.989213],[37.607818,58.977144],[37.642847,58.977438],[37.723797,59.008052],[37.71997,59.022476],[37.709668,59.030424],[37.682292,59.038666],[37.702897,59.046025],[37.67611,59.093712],[37.681114,59.100777],[37.699071,59.101071],[37.702897,59.107842],[37.700248,59.115201],[37.538937,59.189381],[37.739398,59.136395],[37.769129,59.156706],[37.776488,59.156706],[37.799154,59.142282],[37.855084,59.132863],[37.874806,59.134629],[37.951341,59.167009],[37.984604,59.203804],[38.019927,59.211752],[38.060255,59.209986],[38.026109,59.19674],[38.001677,59.172308],[37.950458,59.142282],[37.969591,59.123737],[38.108237,59.101366],[38.163283,59.083115],[38.180062,59.090474],[38.187715,59.101954],[38.176529,59.134629],[38.180062,59.16642],[38.173291,59.179372],[38.15769,59.189381],[38.094402,59.203804],[38.110003,59.216168],[38.129725,59.219406],[38.199784,59.212635],[38.200667,59.204393],[38.183888,59.189381],[38.22245,59.178489],[38.276613,59.146109],[38.330776,59.139633],[38.374636,59.148464],[38.402895,59.183199],[38.419674,59.194385],[38.477958,59.216757],[38.471482,59.206748],[38.437041,59.183199],[38.409077,59.142282],[38.36816,59.101366],[38.340784,59.086942],[38.310759,59.092829],[38.299279,59.086942],[38.316647,59.076639],[38.317235,59.067808],[38.305755,59.06457],[38.262778,59.076639],[38.19684,59.073401],[38.217151,59.059566],[38.162694,59.052796],[38.129431,59.070458],[38.066437,59.093712],[38.019927,59.0996],[37.953401,59.117261],[37.885109,59.11785],[37.818582,59.107842],[37.772367,59.086942],[37.811518,59.078994],[37.826236,59.066631],[37.904242,59.045142],[37.943687,59.046025],[37.984604,59.005697],[38.019044,58.987741],[38.033763,58.986269],[38.059372,59.003048],[38.07409,59.005109],[38.093224,58.993628],[38.155629,58.917094],[38.691078,58.565623],[38.725224,58.55061],[38.803525,58.528239],[38.85651,58.520585],[38.886535,58.50204],[38.902726,58.497919],[39.074634,58.50469],[38.991623,58.480257],[38.955417,58.45612],[38.96101,58.425506],[38.97455,58.39813],[39.026064,58.365455],[39.064331,58.348088],[39.080816,58.332781],[38.953062,58.360157],[38.879765,58.361334],[38.847385,58.329837],[38.840026,58.30776],[38.807057,58.274203],[38.799698,58.25448],[38.799698,58.217096],[38.806468,58.182067],[38.845325,58.119956],[38.844147,58.103471],[38.830901,58.09729],[38.814711,58.099056],[38.777915,58.11819],[38.771439,58.134968],[38.779093,58.14792],[38.762903,58.172647],[38.736115,58.192075],[38.705207,58.205321],[38.676654,58.210031],[38.62043,58.243],[38.589522,58.254775],[38.568033,58.237113],[38.587462,58.224749],[38.617781,58.191781],[38.654577,58.166465],[38.70403,58.113185],[38.679597,58.108181]]]}},{"type":"Feature","properties":{"name":"Kakhovka Reservoir"},"geometry":{"type":"Polygon","coordinates":[[[35.321197,47.534033],[35.326201,47.526674],[35.319431,47.519904],[35.324435,47.506068],[35.288228,47.488112],[35.277926,47.474866],[35.287051,47.437776],[35.282341,47.435127],[35.235243,47.45691],[35.222585,47.457793],[35.178136,47.444841],[35.099541,47.451022],[35.077464,47.444546],[35.058624,47.42188],[34.968549,47.396271],[34.925277,47.395682],[34.892603,47.408634],[34.832847,47.451022],[34.781039,47.474866],[34.753663,47.506068],[34.727465,47.509012],[34.615901,47.541392],[34.576456,47.534327],[34.510518,47.506068],[34.468424,47.495766],[34.383942,47.49135],[34.35215,47.478104],[34.313294,47.429828],[34.293866,47.423646],[34.22263,47.416876],[34.090461,47.422763],[34.05131,47.416876],[34.035709,47.407162],[34.029822,47.39215],[34.030116,47.347995],[34.065145,47.35712],[34.137853,47.356237],[34.183185,47.379786],[34.189661,47.37802],[34.191428,47.368895],[34.16729,47.347995],[34.174355,47.337692],[34.204968,47.319736],[34.21586,47.307078],[34.174943,47.312377],[34.092227,47.336515],[34.05131,47.327978],[34.036003,47.31797],[34.013043,47.288533],[34.006567,47.250855],[33.998619,47.237903],[33.921201,47.175792],[33.905306,47.148416],[33.845255,47.115153],[33.823472,47.061579],[33.788738,47.048921],[33.699545,46.977979],[33.691597,46.933825],[33.710731,46.924994],[33.735752,46.92205],[33.789915,46.923227],[33.789915,46.916457],[33.769898,46.917929],[33.684238,46.905271],[33.666871,46.897618],[33.640378,46.868181],[33.68571,46.868181],[33.706904,46.863472],[33.705138,46.851403],[33.69513,46.84787],[33.674524,46.854641],[33.643616,46.848165],[33.633019,46.834624],[33.54,46.831386],[33.558839,46.836684],[33.578267,46.87554],[33.598873,46.889376],[33.613297,46.945894],[33.644499,46.988282],[33.640378,46.999173],[33.625365,46.994758],[33.586215,46.999762],[33.578267,47.008887],[33.585626,47.01713],[33.623599,47.016541],[33.640378,47.026255],[33.633019,47.03332],[33.660395,47.074236],[33.666282,47.062756],[33.660395,47.026255],[33.686299,47.040973],[33.775786,47.120157],[33.786088,47.134581],[33.789915,47.149299],[33.786677,47.165489],[33.77814,47.173731],[33.748998,47.184034],[33.760479,47.188155],[33.783733,47.184034],[33.84555,47.20199],[33.925028,47.262924],[33.957997,47.297364],[33.972421,47.333277],[33.948283,47.361536],[33.984784,47.370661],[33.989199,47.379492],[33.984784,47.393327],[33.929149,47.449845],[33.922968,47.464563],[33.955053,47.464563],[33.927677,47.491939],[33.923556,47.503714],[33.920907,47.533444],[33.927677,47.56082],[33.933859,47.56082],[33.949166,47.54463],[33.965062,47.540509],[34.009805,47.55405],[34.051016,47.575244],[34.077803,47.581131],[34.10253,47.571123],[34.146979,47.530501],[34.219098,47.526674],[34.257365,47.56082],[34.257365,47.567591],[34.231167,47.589373],[34.224985,47.599971],[34.236465,47.609096],[34.260014,47.612334],[34.277088,47.567591],[34.290923,47.579071],[34.302992,47.579659],[34.359215,47.56082],[34.379526,47.540215],[34.388946,47.53992],[34.45871,47.569945],[34.462831,47.574067],[34.448702,47.595555],[34.59088,47.611156],[34.612957,47.609096],[34.669181,47.579071],[34.897018,47.546691],[34.942056,47.546396],[34.985916,47.556993],[35.020063,47.576421],[35.078347,47.629113],[35.098658,47.65325],[35.118969,47.689752],[35.131332,47.73008],[35.126917,47.765698],[35.091004,47.808969],[35.086,47.824276],[35.113376,47.84812],[35.13928,47.802787],[35.167833,47.783654],[35.170483,47.771291],[35.195504,47.729491],[35.209339,47.68357],[35.25732,47.642653],[35.284402,47.581131],[35.319431,47.56082],[35.321197,47.534033]]]}},{"type":"Feature","properties":{"name":"Kremenchuk Reservoir"},"geometry":{"type":"Polygon","coordinates":[[[33.153205,49.027637],[33.153205,49.020572],[33.187352,48.972296],[33.171162,48.973179],[33.147024,49.000261],[33.122297,49.009092],[33.068723,49.002027],[33.013677,48.983482],[32.982474,48.979067],[33.091683,49.018806],[33.098748,49.027637],[33.092566,49.055601],[33.098748,49.069142],[33.078731,49.081505],[33.041347,49.084155],[33.012794,49.095635],[32.939497,49.070319],[32.927134,49.071791],[32.918597,49.081505],[32.897109,49.089747],[32.872088,49.095046],[32.851482,49.095635],[32.789077,49.081211],[32.769649,49.088276],[32.763173,49.108587],[32.733442,49.139201],[32.666621,49.191892],[32.523266,49.260184],[32.45203,49.274314],[32.433191,49.294625],[32.379028,49.322295],[32.248036,49.353498],[32.208002,49.369982],[32.122342,49.427089],[32.090551,49.438275],[32.056699,49.44269],[32.044336,49.44946],[32.004597,49.494498],[31.988995,49.50539],[31.96839,49.506567],[31.885673,49.555137],[31.945429,49.567795],[31.961914,49.598997],[31.978987,49.602235],[32.016077,49.589283],[32.044041,49.571033],[32.079954,49.534237],[32.111745,49.520991],[32.182981,49.506273],[32.220365,49.507156],[32.255689,49.520991],[32.333107,49.488316],[32.364015,49.464179],[32.390214,49.454465],[32.427009,49.424734],[32.444377,49.41708],[32.502072,49.404128],[32.544166,49.385878],[32.591559,49.383817],[32.606571,49.365567],[32.615696,49.362623],[32.661912,49.351732],[32.701062,49.348788],[32.735503,49.35497],[32.749043,49.362623],[32.749043,49.369982],[32.68811,49.399713],[32.673392,49.411193],[32.673686,49.428561],[32.61187,49.46565],[32.635713,49.489788],[32.653081,49.520991],[32.66515,49.55602],[32.676335,49.563968],[32.716958,49.57015],[32.749043,49.540713],[32.742862,49.526584],[32.700768,49.480074],[32.747277,49.475659],[32.865317,49.438275],[32.83853,49.400007],[32.900641,49.393237],[32.928606,49.341429],[32.940969,49.328182],[32.957159,49.318468],[33.000725,49.307871],[33.030161,49.253414],[33.094921,49.217207],[33.105224,49.208965],[33.147024,49.150975],[33.180876,49.136846],[33.204425,49.102699],[33.153205,49.027637]]]}},{"type":"Feature","properties":{"name":"Samara Reservoir"},"geometry":{"type":"Polygon","coordinates":[[[48.373008,54.16694],[48.358584,54.201969],[48.369476,54.243475],[48.422167,54.353861],[48.421284,54.367108],[48.399501,54.398899],[48.392142,54.436872],[48.393614,54.46101],[48.411864,54.526653],[48.402739,54.561093],[48.411864,54.582288],[48.428349,54.600538],[48.485161,54.637334],[48.531376,54.651758],[48.640585,54.659705],[48.804252,54.649403],[48.818087,54.649991],[48.828684,54.656173],[48.831922,54.666476],[48.82368,54.691791],[48.796304,54.722994],[48.791594,54.735946],[48.820736,54.80365],[48.847523,54.816602],[48.89315,54.871942],[48.865774,54.896374],[48.848112,54.936113],[48.845463,54.954364],[48.859592,55.016475],[48.886085,55.033548],[49.23785,55.151294],[49.284654,55.158358],[49.296134,55.170722],[49.294368,55.188383],[49.278178,55.2084],[49.212829,55.241075],[49.202821,55.25226],[49.198111,55.277281],[49.185748,55.29406],[49.147775,55.317609],[49.093317,55.365591],[49.057405,55.378837],[49.021198,55.411806],[49.010012,55.427407],[49.019137,55.432706],[49.030912,55.455372],[49.040332,55.455077],[49.058877,55.440948],[49.077127,55.442125],[49.077716,55.450073],[49.058877,55.482748],[49.079188,55.477449],[49.104209,55.460376],[49.125109,55.43977],[49.142182,55.403564],[49.16161,55.3912],[49.209297,55.38649],[49.195167,55.348223],[49.240499,55.307307],[49.265226,55.270217],[49.284948,55.256087],[49.295545,55.264329],[49.29584,55.273749],[49.278178,55.290233],[49.366781,55.270511],[49.390036,55.274043],[49.402105,55.283757],[49.407109,55.321142],[49.395335,55.333505],[49.337345,55.346163],[49.315857,55.355288],[49.308497,55.372067],[49.318506,55.383547],[49.359128,55.393261],[49.355007,55.404741],[49.329397,55.417399],[49.322038,55.428879],[49.333224,55.440948],[49.336168,55.454194],[49.333813,55.459787],[49.31409,55.465086],[49.305259,55.489518],[49.316445,55.516894],[49.344115,55.540149],[49.378262,55.556633],[49.407109,55.564581],[49.358539,55.528374],[49.343527,55.506297],[49.347059,55.475683],[49.380617,55.44448],[49.414468,55.393261],[49.433308,55.379131],[49.451853,55.375893],[49.586672,55.38649],[49.606394,55.380309],[49.626116,55.386785],[49.663501,55.414749],[49.685283,55.421225],[49.740035,55.412689],[49.785073,55.393261],[49.85101,55.356171],[49.877503,55.352344],[49.961691,55.369712],[49.983769,55.380309],[50.007907,55.409451],[50.017915,55.451545],[50.032928,55.450662],[50.120354,55.475683],[50.099748,55.447718],[50.199538,55.447718],[50.270479,55.428879],[50.33259,55.427113],[50.339949,55.424169],[50.346425,55.402681],[50.38587,55.425347],[50.434735,55.43977],[50.458872,55.452722],[50.478889,55.470384],[50.490958,55.489518],[50.49714,55.489518],[50.505676,55.473034],[50.527459,55.464791],[50.597518,55.458021],[50.614885,55.447424],[50.627543,55.432117],[50.634902,55.413866],[50.774725,55.490695],[50.833598,55.516894],[50.881285,55.503059],[50.970477,55.488635],[50.999619,55.472739],[51.033471,55.470973],[51.069384,55.473328],[51.138559,55.4957],[51.161814,55.516894],[51.219509,55.526902],[51.254539,55.527197],[51.296927,55.506591],[51.38141,55.489518],[51.306347,55.489518],[51.330779,55.479804],[51.419383,55.475683],[51.436161,55.481864],[51.476489,55.513361],[51.484437,55.527197],[51.485614,55.546036],[51.468247,55.569879],[51.472957,55.580771],[51.470896,55.591957],[51.461182,55.608147],[51.422621,55.646414],[51.396717,55.683798],[51.390241,55.705581],[51.417322,55.723832],[51.409374,55.742965],[51.384942,55.773285],[51.386708,55.788298],[51.415556,55.795657],[51.464126,55.797423],[51.470896,55.813318],[51.468247,55.855118],[51.477667,55.866304],[51.485909,55.830097],[51.501805,55.800955],[51.495034,55.792419],[51.422621,55.770047],[51.435867,55.751502],[51.484437,55.742671],[51.441754,55.702638],[51.433806,55.682915],[51.44352,55.660249],[51.45971,55.640527],[51.479138,55.621393],[51.502688,55.608147],[51.547725,55.607264],[51.646632,55.630224],[51.658701,55.636406],[51.717573,55.698811],[51.744066,55.715295],[51.783511,55.723243],[51.84415,55.696456],[51.878296,55.688214],[51.907733,55.69675],[51.969843,55.727364],[51.997808,55.722949],[51.951887,55.696162],[51.87182,55.662604],[51.840912,55.663781],[51.792636,55.694984],[51.766438,55.69469],[51.742006,55.68321],[51.723755,55.663781],[51.717279,55.639644],[51.73759,55.619921],[51.734352,55.609324],[51.696085,55.57194],[51.70992,55.550157],[51.682838,55.551334],[51.621022,55.578122],[51.564798,55.579299],[51.535362,55.574589],[51.518878,55.564581],[51.560383,55.523664],[51.543015,55.509535],[51.497389,55.490107],[51.498272,55.475683],[51.44823,55.452134],[51.406431,55.448601],[51.296044,55.470384],[51.22157,55.499821],[51.182419,55.4957],[51.182419,55.489518],[51.211267,55.485397],[51.237466,55.475683],[51.145035,55.477155],[51.120897,55.468324],[51.217743,55.441242],[51.237466,55.413866],[51.234522,55.385902],[51.192428,55.352933],[51.182419,55.331739],[51.160636,55.345574],[51.135027,55.352344],[51.188307,55.374422],[51.202731,55.38649],[51.208618,55.401797],[51.204791,55.415044],[51.182419,55.434766],[51.144446,55.448601],[51.011688,55.447718],[50.875398,55.47951],[50.826533,55.482748],[50.773253,55.46538],[50.718796,55.425052],[50.709965,55.413866],[50.732925,55.417104],[50.769721,55.44448],[50.792387,55.447718],[50.777374,55.422697],[50.759418,55.405919],[50.73528,55.396204],[50.677291,55.390906],[50.62666,55.368534],[50.476534,55.37501],[50.436206,55.372655],[50.357317,55.34734],[50.311396,55.344691],[50.276367,55.362647],[50.230446,55.365885],[50.205719,55.361764],[50.1545,55.324968],[50.13154,55.315843],[50.075022,55.305246],[49.953744,55.295826],[49.928428,55.297004],[49.893988,55.318198],[49.863668,55.270511],[49.826284,55.242546],[49.741507,55.211638],[49.719135,55.198686],[49.696469,55.171605],[49.613164,55.188383],[49.634358,55.160419],[49.604628,55.155709],[49.579018,55.140108],[49.600212,55.105373],[49.554291,55.11597],[49.540751,55.127156],[49.544872,55.146878],[49.493947,55.142757],[49.448615,55.125684],[49.428304,55.085356],[49.405049,55.070343],[49.400928,55.05798],[49.472753,55.085945],[49.447437,55.0465],[49.384443,54.991748],[49.352946,55.016475],[49.215773,55.023245],[49.188102,55.03031],[49.176622,55.028544],[49.168086,55.016475],[49.208414,55.006466],[49.215773,54.995575],[49.160727,54.987921],[48.989407,54.995575],[48.964974,54.992631],[48.945546,54.984095],[48.932594,54.968493],[48.927001,54.916391],[48.93701,54.867527],[48.949079,54.841622],[48.949079,54.80365],[48.959676,54.78952],[49.000298,54.811009],[49.021198,54.803355],[49.031206,54.816896],[49.099205,54.811009],[49.133351,54.793347],[49.161315,54.769503],[49.161315,54.762733],[49.079482,54.780395],[49.063292,54.788637],[49.041215,54.790109],[49.037977,54.759495],[49.020609,54.739184],[48.907573,54.68767],[48.922292,54.683549],[48.975866,54.693852],[48.959382,54.665593],[48.977926,54.652346],[49.009718,54.643221],[49.034444,54.639689],[49.129524,54.646165],[49.154545,54.639689],[49.123931,54.618494],[49.088607,54.610841],[48.999121,54.61349],[48.945252,54.629386],[48.924647,54.649991],[48.914049,54.653229],[48.900509,54.646459],[48.908162,54.627325],[48.892267,54.597889],[48.880492,54.562271],[48.881669,54.554029],[48.893738,54.550496],[48.920525,54.554912],[48.921114,54.542843],[48.913755,54.526064],[48.897271,54.516056],[48.832511,54.504576],[48.838692,54.493095],[48.873427,54.468369],[48.868129,54.46101],[48.886674,54.416266],[48.877254,54.407435],[48.862536,54.412734],[48.847818,54.442465],[48.798364,54.447469],[48.7913,54.468369],[48.697397,54.457772],[48.666489,54.446291],[48.604084,54.44482],[48.537558,54.406258],[48.525783,54.381826],[48.476036,54.376822],[48.462789,54.368285],[48.465439,54.351506],[48.546094,54.219042],[48.572293,54.187251],[48.590543,54.17371],[48.642351,54.155754],[48.712999,54.143685],[48.737137,54.153988],[48.805135,54.153105],[48.770694,54.139564],[48.783057,54.124257],[48.845463,54.090994],[48.833982,54.078336],[48.7913,54.084812],[48.773638,54.078042],[48.773638,54.073038],[48.804546,54.054787],[48.830744,54.048311],[48.907573,53.981785],[48.942014,53.970893],[48.974983,53.948227],[48.997649,53.944401],[49.020609,53.949699],[49.178094,54.041246],[49.223426,54.050077],[49.312618,54.098942],[49.374435,54.099825],[49.394157,54.12514],[49.416235,54.139858],[49.455385,54.13662],[49.483055,54.139564],[49.584611,54.203735],[49.606394,54.207857],[49.646427,54.198437],[49.660851,54.200203],[49.698236,54.232289],[49.718252,54.24318],[49.744156,54.234938],[49.719135,54.214627],[49.702651,54.187251],[49.793315,54.166351],[49.819219,54.153105],[49.750338,54.145746],[49.65467,54.175182],[49.621995,54.177831],[49.591676,54.171944],[49.565477,54.153105],[49.551642,54.12514],[49.473636,54.106595],[49.451853,54.084518],[49.45303,54.080397],[49.551642,54.090994],[49.545166,54.081869],[49.535452,54.075687],[49.498951,54.067739],[49.462155,54.043896],[49.366781,54.015931],[49.380028,54.004745],[49.428304,53.989144],[49.400928,53.981785],[49.3397,53.995326],[49.315857,53.985612],[49.296428,53.952054],[49.288186,53.94705],[49.27965,53.950582],[49.274057,53.968244],[49.263754,53.975014],[49.24462,53.97001],[49.203409,53.932626],[49.195462,53.91673],[49.201054,53.897597],[49.243149,53.837841],[49.271408,53.784561],[49.288186,53.776319],[49.297017,53.781617],[49.311735,53.805166],[49.322333,53.810465],[49.335285,53.805461],[49.339406,53.769548],[49.388564,53.735991],[49.394157,53.711264],[49.370314,53.680356],[49.346765,53.682711],[49.342349,53.725099],[49.314385,53.747471],[49.303199,53.748648],[49.292307,53.718035],[49.284654,53.71097],[49.274646,53.708026],[49.265815,53.711853],[49.271113,53.741584],[49.205176,53.784561],[49.183098,53.828127],[49.154251,53.834603],[49.122165,53.831659],[49.099205,53.8243],[49.079482,53.807521],[49.076538,53.792214],[49.085664,53.752181],[49.083603,53.72922],[49.043275,53.628254],[49.041215,53.587337],[49.05505,53.551719],[49.085664,53.522577],[49.134528,53.503738],[49.860136,53.474595],[49.881624,53.469297],[49.942263,53.439861],[49.456268,53.447514],[49.380617,53.423082],[49.305259,53.414251],[49.282005,53.406009],[49.263754,53.392762],[49.24462,53.349785],[49.244915,53.326825],[49.264343,53.312695],[49.259339,53.302981],[49.240205,53.289146],[49.195462,53.275311],[49.15896,53.274134],[49.088902,53.285025],[48.893738,53.268541],[48.808078,53.275311],[48.763924,53.309752],[48.654715,53.364798],[48.654715,53.371568],[48.701813,53.366564],[48.748911,53.346253],[48.85606,53.286202],[48.887557,53.27796],[48.919642,53.276488],[48.969979,53.293856],[49.051518,53.302687],[49.153956,53.298271],[49.182804,53.309163],[49.204881,53.311518],[49.216067,53.33595],[49.18928,53.351846],[49.186336,53.366564],[49.215773,53.371568],[49.229313,53.389819],[49.23108,53.401299],[49.177505,53.414545],[49.159255,53.408364],[49.133939,53.412779],[49.106564,53.398944],[49.080365,53.398355],[49.057405,53.421021],[48.980281,53.43309],[48.927885,53.453696],[48.999415,53.44722],[49.031501,53.453401],[49.044747,53.478128],[49.032973,53.499616],[49.005891,53.51875],[48.91611,53.567026],[48.889617,53.575857],[48.857826,53.634141],[48.848995,53.663872],[48.847818,53.692131],[48.859592,53.708026],[48.856354,53.746882],[48.861947,53.760129],[48.897271,53.78721],[48.907573,53.803695],[48.889323,53.821062],[48.885202,53.832542],[48.900509,53.837841],[48.931123,53.83107],[48.934949,53.841373],[48.930534,53.864039],[48.878431,53.943812],[48.866362,53.95382],[48.819559,53.967655],[48.763629,54.004451],[48.676498,54.050372],[48.640585,54.086284],[48.630282,54.090994],[48.582301,54.104829],[48.530787,54.084812],[48.523723,54.109539],[48.468971,54.111011],[48.444539,54.136326],[48.373008,54.16694]]]}},{"type":"Feature","properties":{"name":"Ozero Kubenskoye"},"geometry":{"type":"Polygon","coordinates":[[[39.188259,59.82403],[39.221522,59.789589],[39.227704,59.764274],[39.265971,59.739253],[39.310714,59.736898],[39.327787,59.744846],[39.293935,59.756326],[39.266265,59.778992],[39.339562,59.777815],[39.373414,59.769867],[39.375769,59.75191],[39.417863,59.730422],[39.506761,59.670372],[39.553859,59.662424],[39.534431,59.68038],[39.488216,59.70599],[39.471731,59.723946],[39.501168,59.722768],[39.526777,59.713349],[39.593892,59.671549],[39.60184,59.640935],[39.612143,59.624745],[39.636281,59.609144],[39.654531,59.61091],[39.698392,59.635637],[39.726356,59.642407],[39.821436,59.641818],[39.68544,59.600902],[39.673665,59.583829],[39.726356,59.53938],[39.791411,59.530254],[39.80819,59.51848],[39.769039,59.503467],[39.723118,59.465789],[39.7084,59.463139],[39.682496,59.469321],[39.631277,59.50229],[39.364288,59.652415],[39.336618,59.659775],[39.310125,59.678614],[39.275096,59.690683],[39.211219,59.744846],[39.121732,59.779286],[39.098183,59.796065],[39.081993,59.844635],[39.05344,59.868479],[39.071396,59.867301],[39.122321,59.847873],[39.109663,59.860825],[39.114373,59.867301],[39.129092,59.865535],[39.188259,59.82403]]]}},{"type":"Feature","properties":{"name":"Kostroma Reservoir"},"geometry":{"type":"Polygon","coordinates":[[[41.253223,57.510916],[41.342415,57.510916],[41.342415,57.482952],[41.242626,57.49767],[41.215544,57.486484],[41.210246,57.467939],[41.215839,57.452044],[41.212012,57.445862],[41.17816,57.456459],[41.178455,57.475593],[41.155494,57.48825],[41.090145,57.500908],[41.0716,57.527695],[41.033922,57.544474],[41.061298,57.548301],[41.122525,57.514743],[41.143425,57.524163],[41.092206,57.558898],[41.070423,57.58333],[41.052467,57.640731],[41.030684,57.657804],[40.972694,57.688418],[40.937665,57.750234],[40.889978,57.774372],[40.864662,57.780554],[40.806967,57.77555],[40.78018,57.777905],[40.76399,57.786147],[40.821685,57.79851],[40.670676,57.797627],[40.639768,57.788502],[40.571181,57.761126],[40.556463,57.722564],[40.546749,57.709612],[40.52791,57.738754],[40.50024,57.747585],[40.397801,57.730806],[40.370425,57.721387],[40.352763,57.702253],[40.348936,57.668107],[40.32421,57.678998],[40.300661,57.678998],[40.210585,57.644852],[40.191452,57.630723],[40.161427,57.571555],[40.108735,57.556837],[40.047508,57.55772],[39.999232,57.566257],[40.0949,57.585979],[40.114917,57.596282],[40.153184,57.637787],[40.190274,57.666341],[40.386615,57.754356],[40.429887,57.76613],[40.574419,57.784675],[40.609154,57.805281],[40.6642,57.81264],[40.629465,57.825886],[40.637119,57.837661],[40.632998,57.848552],[40.595025,57.877988],[40.568238,57.887114],[40.546749,57.887702],[40.55352,57.903009],[40.549987,57.914784],[40.538507,57.92126],[40.520256,57.92126],[40.527027,57.908308],[40.508776,57.908602],[40.458146,57.935684],[40.483755,57.943632],[40.574714,57.935684],[40.608271,57.939216],[40.630054,57.926853],[40.643006,57.928325],[40.6642,57.943043],[40.60886,57.963648],[40.643006,57.9766],[40.635058,57.994557],[40.643301,57.997795],[40.732493,58.003976],[40.721896,57.974834],[40.725723,57.959233],[40.739263,57.949225],[40.78695,57.963648],[40.842291,57.963648],[40.808733,58.009569],[40.826689,58.0184],[40.842291,58.011335],[40.859364,58.028114],[40.881147,58.036062],[40.904402,58.031058],[40.880264,57.961882],[40.880558,57.929502],[40.904402,57.908308],[40.849944,57.8983],[40.817564,57.899477],[40.771055,57.90978],[40.743679,57.908602],[40.727783,57.899477],[40.739263,57.880343],[40.715714,57.874162],[40.663023,57.873867],[40.643006,57.860327],[40.698641,57.822648],[40.766639,57.811462],[40.838464,57.80793],[40.904402,57.792328],[40.971517,57.751118],[41.022442,57.694011],[41.043047,57.677821],[41.068362,57.668107],[41.136361,57.682236],[41.156672,57.679293],[41.159027,57.672228],[41.148724,57.665163],[41.104864,57.652506],[41.099859,57.630723],[41.116049,57.585979],[41.136949,57.562136],[41.157555,57.553305],[41.169329,57.529461],[41.253223,57.510916]]]}},{"type":"Feature","properties":{"name":"Uglich Reservoir"},"geometry":{"type":"Polygon","coordinates":[[[38.021694,57.31693],[37.98166,57.297208],[37.908952,57.27778],[37.874217,57.252465],[37.85685,57.245989],[37.833889,57.250404],[37.780609,57.283667],[37.757943,57.291321],[37.804747,57.294853],[37.8542,57.27778],[37.885109,57.291321],[37.972535,57.308688],[38.005209,57.339891],[38.082921,57.391993],[38.10912,57.429378],[38.223333,57.486779],[38.238934,57.498553],[38.268371,57.527695],[38.301045,57.571555],[38.306049,57.566257],[38.29192,57.510033],[38.285738,57.497376],[38.269548,57.481774],[38.209792,57.456459],[38.135613,57.415542],[38.111475,57.377275],[38.066437,57.360202],[38.021694,57.31693]]]}},{"type":"Feature","properties":{"name":"Ivankovo Reservoir"},"geometry":{"type":"Polygon","coordinates":[[[36.997012,56.757344],[36.98406,56.722021],[36.946676,56.767058],[36.925187,56.78001],[36.824809,56.793551],[36.809208,56.787958],[36.771824,56.760288],[36.771824,56.712307],[36.767114,56.702887],[36.721487,56.678455],[36.687635,56.672567],[36.568124,56.604275],[36.504247,56.58573],[36.454499,56.582786],[36.367073,56.565124],[36.312321,56.537749],[36.236964,56.530389],[36.137175,56.507429],[36.113331,56.510373],[36.13217,56.535688],[36.160429,56.555116],[36.248739,56.590734],[36.292599,56.584552],[36.335576,56.609573],[36.355593,56.613106],[36.409167,56.606924],[36.461269,56.613695],[36.50042,56.627235],[36.497476,56.64372],[36.446846,56.660498],[36.420058,56.681398],[36.374432,56.702298],[36.374432,56.706419],[36.498065,56.667563],[36.554289,56.663148],[36.572539,56.654022],[36.587846,56.626647],[36.631118,56.658144],[36.723548,56.70848],[36.750335,56.734973],[36.743859,56.75705],[36.7156,56.771768],[36.675567,56.777361],[36.774767,56.809152],[36.870141,56.810624],[36.888392,56.815334],[36.921949,56.853013],[36.939611,56.85419],[36.95845,56.849186],[37.020856,56.811802],[37.051764,56.829463],[37.061772,56.827992],[37.071192,56.798261],[37.11152,56.769708],[37.114463,56.755578],[37.120645,56.749985],[37.152142,56.754106],[37.114758,56.724081],[37.073547,56.736444],[37.063833,56.727613],[37.064716,56.706419],[37.049703,56.702298],[37.036751,56.704359],[37.031453,56.709952],[37.039401,56.729674],[37.029981,56.755872],[37.020856,56.764409],[37.005254,56.76382],[36.997012,56.757344]]]}},{"type":"Feature","properties":{"name":"Votkinsk Reservoir"},"geometry":{"type":"Polygon","coordinates":[[[55.55461,57.291321],[55.588167,57.241868],[55.585518,57.226561],[55.566384,57.22244],[55.546956,57.239513],[55.520169,57.27778],[55.471305,57.307216],[55.420969,57.3081],[55.260246,57.27101],[55.231104,57.288083],[55.132197,57.308394],[55.10335,57.305745],[55.066554,57.287494],[55.064199,57.281018],[55.102172,57.268949],[55.088043,57.244222],[55.088926,57.209488],[55.061844,57.191237],[55.05478,57.181523],[55.055074,57.135013],[55.049775,57.110287],[55.030347,57.09969],[54.938211,57.065249],[54.891113,57.066132],[54.876689,57.062011],[54.852846,57.023744],[54.780432,57.031103],[54.701248,57.011086],[54.646791,57.010203],[54.623242,57.01609],[54.577321,57.038756],[54.54759,57.038168],[54.484007,57.00255],[54.440147,56.992836],[54.3695,56.963105],[54.33918,56.956629],[54.253226,56.955451],[54.23056,56.948975],[54.220257,56.932197],[54.212015,56.887159],[54.187877,56.82181],[54.184639,56.801499],[54.088382,56.771179],[54.095152,56.797966],[54.087205,56.825342],[54.095152,56.897167],[54.088382,56.948681],[54.098685,56.966048],[54.130476,56.977529],[54.17522,57.003138],[54.206716,57.009026],[54.340947,57.011969],[54.372738,57.019034],[54.444563,57.068487],[54.466934,57.089976],[54.465168,57.10646],[54.478415,57.116174],[54.526985,57.09969],[54.632367,57.097924],[54.740693,57.062894],[54.760121,57.065249],[54.770424,57.072019],[54.801626,57.102928],[54.807219,57.122061],[54.821054,57.123828],[54.897,57.09969],[54.951458,57.129715],[54.971474,57.154736],[54.953518,57.18741],[54.952341,57.207721],[54.977362,57.258941],[54.981777,57.280135],[54.999439,57.291321],[55.004443,57.31487],[54.997673,57.332237],[54.9806,57.342834],[54.947337,57.348427],[54.947042,57.352843],[54.958522,57.360202],[54.993552,57.352843],[55.017395,57.356081],[55.071558,57.394643],[55.093636,57.401413],[55.10335,57.384045],[55.11954,57.369033],[55.225511,57.352843],[55.31853,57.327233],[55.339135,57.328999],[55.361213,57.338419],[55.45276,57.346661],[55.479841,57.352254],[55.503096,57.363734],[55.509866,57.37492],[55.507512,57.383751],[55.486612,57.419369],[55.455703,57.431144],[55.390355,57.435265],[55.481608,57.477065],[55.506628,57.497376],[55.51958,57.520925],[55.520758,57.548006],[55.508689,57.570084],[55.482785,57.579209],[55.397419,57.585979],[55.332365,57.613355],[55.343256,57.631311],[55.342668,57.661925],[55.295569,57.696071],[55.377697,57.697543],[55.390355,57.716383],[55.381524,57.735811],[55.307933,57.754356],[55.231987,57.807341],[55.191364,57.81264],[55.164577,57.839427],[55.178707,57.8565],[55.198135,57.868274],[55.22139,57.874162],[55.246705,57.874162],[55.230809,57.863859],[55.226394,57.848258],[55.230221,57.832068],[55.23964,57.818821],[55.257008,57.808224],[55.398597,57.75671],[55.436275,57.736988],[55.45276,57.713145],[55.445106,57.678998],[55.422146,57.665752],[55.399774,57.629251],[55.396536,57.60894],[55.414492,57.599814],[55.518992,57.596871],[55.56138,57.566257],[55.57551,57.525929],[55.554315,57.493549],[55.526056,57.464701],[55.520169,57.435265],[55.574627,57.378453],[55.58228,57.356375],[55.576393,57.332826],[55.554021,57.311338],[55.55461,57.291321]]]}},{"type":"Feature","properties":{"name":"Kama Reservoir"},"geometry":{"type":"Polygon","coordinates":[[[57.045564,58.144388],[57.027019,58.128198],[57.01024,58.121722],[56.991695,58.124077],[56.925169,58.157634],[56.901031,58.164699],[56.835094,58.142033],[56.811545,58.14586],[56.801536,58.165288],[56.808307,58.21062],[56.793588,58.267727],[56.785935,58.271259],[56.770922,58.261251],[56.758853,58.242117],[56.758265,58.207382],[56.746785,58.189426],[56.726473,58.182655],[56.684379,58.19443],[56.664951,58.189426],[56.682319,58.176768],[56.687617,58.166465],[56.685262,58.155279],[56.673782,58.14792],[56.623152,58.14792],[56.657298,58.127315],[56.664951,58.099939],[56.679964,58.086987],[56.78829,58.052252],[56.799181,58.04401],[56.809484,57.991907],[56.780931,57.96983],[56.698214,57.970419],[56.664951,57.963648],[56.664951,57.956878],[56.700569,57.956878],[56.733244,57.949225],[56.705868,57.915078],[56.767684,57.932151],[56.784758,57.925087],[56.793883,57.906542],[56.783874,57.895062],[56.746785,57.880343],[56.808601,57.870924],[56.83215,57.852968],[56.834211,57.843548],[56.79035,57.835011],[56.779165,57.827947],[56.774749,57.815878],[56.782991,57.810873],[56.832739,57.818821],[56.848929,57.816761],[56.854816,57.810285],[56.863353,57.761126],[56.859526,57.757594],[56.836271,57.758182],[56.836271,57.741698],[56.86247,57.704902],[56.871006,57.682236],[56.79506,57.750529],[56.796532,57.76142],[56.822436,57.770546],[56.838332,57.790857],[56.805069,57.792328],[56.752672,57.779965],[56.733244,57.792328],[56.736482,57.802631],[56.732949,57.820882],[56.740603,57.833245],[56.79506,57.846786],[56.773866,57.85179],[56.72088,57.850318],[56.702336,57.857089],[56.699098,57.871807],[56.740603,57.908308],[56.689089,57.899771],[56.671133,57.903304],[56.682024,57.925087],[56.677609,57.933035],[56.639047,57.950991],[56.636987,57.96983],[56.654354,57.984254],[56.682908,57.99279],[56.770039,58.000444],[56.78358,58.007803],[56.778281,58.0184],[56.67496,58.058434],[56.636692,58.092874],[56.618442,58.103471],[56.465078,58.163522],[56.404733,58.172058],[56.356163,58.14792],[56.346155,58.124077],[56.339973,58.084926],[56.308476,58.058434],[56.315835,58.101705],[56.313775,58.12496],[56.296407,58.147332],[56.31142,58.175296],[56.344094,58.216802],[56.337618,58.253597],[56.223405,58.282445],[56.20486,58.326599],[56.239301,58.360157],[56.363522,58.359274],[56.411504,58.381351],[56.407677,58.412554],[56.366466,58.441696],[56.249309,58.493209],[56.230764,58.492326],[56.195441,58.466717],[56.18867,58.463479],[56.183077,58.466717],[56.180134,58.486733],[56.222816,58.510577],[56.226054,58.521468],[56.213102,58.536481],[56.18396,58.540896],[56.129797,58.532066],[56.072691,58.47437],[56.047964,58.469955],[56.066509,58.50204],[56.067098,58.517936],[56.048258,58.524706],[56.003221,58.520291],[55.984087,58.512343],[55.965837,58.497919],[55.974667,58.51617],[56.004987,58.544723],[55.988503,58.581519],[56.021177,58.611838],[56.027947,58.634504],[56.014995,58.654521],[55.992329,58.653932],[55.967897,58.64098],[55.937283,58.613899],[55.931396,58.615076],[55.921682,58.631561],[55.909613,58.63627],[55.895778,58.634799],[55.703558,58.605068],[55.650573,58.586817],[55.637032,58.572982],[55.609067,58.579753],[55.551372,58.579753],[55.527823,58.57416],[55.482196,58.549727],[55.45276,58.546489],[55.386528,58.564151],[55.363273,58.565623],[55.393004,58.571805],[55.465123,58.560913],[55.48985,58.56945],[55.509572,58.585345],[55.534299,58.594765],[55.644685,58.605951],[55.953768,58.68955],[56.07534,58.740475],[56.099478,58.744302],[56.143927,58.761081],[56.13804,58.775505],[56.123321,58.777565],[56.089469,58.771678],[56.061799,58.774622],[55.986442,58.799643],[55.986442,58.806413],[56.032657,58.814949],[56.079167,58.806413],[56.164532,58.771678],[56.201328,58.791695],[56.211336,58.809945],[56.19809,58.829373],[56.110075,58.888246],[56.095651,58.90267],[56.093591,58.910912],[56.123616,58.922392],[56.105954,58.929751],[56.000866,58.936227],[55.863103,58.970962],[55.649395,58.963603],[55.58228,58.983914],[55.863103,58.998338],[55.909907,58.986269],[56.018528,58.980382],[56.058267,58.960071],[56.090941,58.950063],[56.143338,58.951534],[56.193674,58.961543],[56.219873,58.977144],[56.166298,59.027186],[56.151286,59.051913],[56.116257,59.077228],[56.120966,59.103426],[56.129209,59.111374],[56.166593,59.123149],[56.177484,59.144637],[56.192791,59.222644],[56.205449,59.2406],[56.223111,59.253846],[56.344094,59.301239],[56.409149,59.313014],[56.437113,59.328615],[56.48745,59.36806],[56.465667,59.383072],[56.411504,59.394847],[56.391193,59.416041],[56.407971,59.404855],[56.473026,59.395436],[56.526011,59.371592],[56.545145,59.36806],[56.631983,59.376302],[56.669661,59.393669],[56.685262,59.425755],[56.664068,59.445772],[56.621385,59.457546],[56.588122,59.473442],[56.596659,59.504645],[56.662891,59.547327],[56.61697,59.59472],[56.642874,59.60149],[56.671722,59.600902],[56.671722,59.607672],[56.616381,59.639758],[56.596953,59.660658],[56.58459,59.705107],[56.561041,59.721002],[56.555742,59.731305],[56.569283,59.75191],[56.562513,59.775754],[56.549561,59.79842],[56.459485,59.841103],[56.395902,59.903508],[56.363817,59.915577],[56.363817,59.922936],[56.436819,59.903508],[56.454481,59.8726],[56.498047,59.846107],[56.555448,59.825796],[56.626684,59.756326],[56.664951,59.738075],[56.654943,59.713349],[56.666717,59.680969],[56.655237,59.645351],[56.676137,59.630927],[56.733244,59.614442],[56.70734,59.568227],[56.704985,59.551743],[56.726768,59.559985],[56.696743,59.494342],[56.692033,59.474031],[56.699981,59.454308],[56.72824,59.427227],[56.726768,59.408388],[56.710283,59.393964],[56.661419,59.371298],[56.651116,59.357463],[56.660241,59.342156],[56.719409,59.292997],[56.664951,59.306832],[56.646112,59.307126],[56.48745,59.278867],[56.418274,59.285638],[56.393548,59.261794],[56.380596,59.258262],[56.322017,59.257967],[56.240478,59.237362],[56.228115,59.230297],[56.219873,59.216757],[56.219578,59.20351],[56.233708,59.179372],[56.246954,59.173485],[56.309359,59.167598],[56.329082,59.161416],[56.346449,59.133451],[56.331437,59.125209],[56.265794,59.116084],[56.239006,59.131097],[56.229881,59.131391],[56.20486,59.106076],[56.194852,59.060744],[56.211925,59.060155],[56.23989,59.071046],[56.26756,59.073401],[56.293169,59.041315],[56.377358,59.052796],[56.34851,59.041021],[56.329965,59.027186],[56.317896,58.981854],[56.291992,58.953595],[56.287576,58.939465],[56.293758,58.918271],[56.309359,58.90944],[56.352925,58.908263],[56.375886,58.914445],[56.418274,58.942409],[56.43888,58.950357],[56.455953,58.945058],[56.482446,58.926808],[56.527483,58.936227],[56.615204,58.920332],[56.667601,58.92828],[56.671722,58.915622],[56.64258,58.89325],[56.655826,58.884714],[56.664951,58.861165],[56.705868,58.83997],[56.679081,58.832906],[56.569283,58.902081],[56.55221,58.901787],[56.50835,58.888246],[56.415625,58.87971],[56.380007,58.855866],[56.363817,58.82643],[56.339973,58.797582],[56.335852,58.785219],[56.390898,58.77521],[56.411209,58.76373],[56.418274,58.737532],[56.351159,58.768146],[56.329082,58.771678],[56.311714,58.764319],[56.288165,58.731644],[56.26756,58.723697],[56.260789,58.713394],[56.268148,58.704563],[56.308476,58.696615],[56.308476,58.689845],[56.221345,58.669239],[56.123616,58.613016],[56.111547,58.598592],[56.129797,58.579753],[56.273741,58.532066],[56.325844,58.500863],[56.35057,58.493504],[56.383539,58.497919],[56.379124,58.463773],[56.444178,58.420207],[56.459485,58.388121],[56.451832,58.370754],[56.404145,58.339551],[56.394431,58.323361],[56.372942,58.319829],[56.335852,58.332781],[56.312597,58.33543],[56.283455,58.33543],[56.261967,58.329249],[56.260789,58.313059],[56.270503,58.303933],[56.332614,58.291864],[56.336147,58.290098],[56.335852,58.278324],[56.370587,58.263017],[56.380007,58.252125],[56.381184,58.210031],[56.349687,58.168526],[56.404145,58.182067],[56.442706,58.182361],[56.479796,58.175885],[56.565162,58.135557],[56.589594,58.14115],[56.553682,58.157634],[56.544556,58.169409],[56.555742,58.182067],[56.579291,58.185305],[56.657298,58.168526],[56.618442,58.212975],[56.623152,58.230342],[56.646112,58.248004],[56.672605,58.24771],[56.696743,58.233875],[56.712638,58.210031],[56.722941,58.216213],[56.727062,58.224749],[56.726768,58.24771],[56.735893,58.265077],[56.753555,58.278324],[56.818609,58.3057],[56.84363,58.330132],[56.869829,58.322478],[56.885724,58.306877],[56.849518,58.291276],[56.840687,58.273319],[56.835977,58.21062],[56.839804,58.195313],[56.850401,58.183833],[56.88543,58.173824],[56.932234,58.175885],[56.965791,58.158517],[56.998171,58.152925],[57.01495,58.16205],[57.038794,58.192958],[57.060282,58.20385],[57.080888,58.198845],[57.110619,58.168526],[57.073823,58.183244],[57.062637,58.182067],[57.053218,58.17353],[57.045564,58.144388]]]}},{"type":"Feature","properties":{"name":"Buhayrat al-Assad"},"geometry":{"type":"Polygon","coordinates":[[[38.549783,35.89046],[38.573626,35.890166],[38.559791,35.852781],[38.519169,35.836003],[38.519169,35.842773],[38.512104,35.842773],[38.458236,35.801268],[38.449993,35.801268],[38.441751,35.812159],[38.420557,35.806566],[38.409077,35.808627],[38.39377,35.847188],[38.36139,35.818635],[38.36816,35.773892],[38.36139,35.773892],[38.357563,35.789493],[38.350498,35.794497],[38.327244,35.794497],[38.310171,35.785372],[38.306049,35.790671],[38.309287,35.798913],[38.324006,35.807155],[38.335486,35.836297],[38.318118,35.859257],[38.307521,35.865733],[38.253653,35.877508],[38.223627,35.915481],[38.203905,35.931671],[38.134435,35.948744],[38.108237,35.973176],[38.112947,35.982007],[38.110003,35.989661],[38.102349,35.99231],[38.087631,35.986128],[38.07409,35.993782],[38.07409,35.999963],[38.087337,36.007911],[38.052896,36.027045],[38.01875,36.075615],[38.014923,36.113294],[38.024932,36.145968],[38.042299,36.172461],[38.079683,36.210434],[38.091164,36.216321],[38.094402,36.240165],[38.103821,36.249584],[38.142383,36.26754],[38.159162,36.262831],[38.176529,36.301392],[38.17859,36.342603],[38.19684,36.336422],[38.22245,36.280787],[38.225688,36.252233],[38.144149,36.217499],[38.12531,36.195421],[38.135613,36.171872],[38.094402,36.133899],[38.118245,36.071788],[38.149153,36.05501],[38.162694,36.027045],[38.174763,36.013799],[38.189481,36.006734],[38.209792,36.006734],[38.217151,35.993782],[38.25483,35.993782],[38.268371,35.970233],[38.351087,35.940208],[38.371693,35.920485],[38.389354,35.918425],[38.404661,35.927844],[38.411432,35.957869],[38.423501,35.965817],[38.429682,35.945212],[38.437041,35.945212],[38.437041,35.952571],[38.443223,35.952571],[38.463829,35.911654],[38.476781,35.904884],[38.48149,35.887811],[38.497975,35.904295],[38.515637,35.890166],[38.544484,35.903706],[38.549783,35.89046]]]}},{"type":"Feature","properties":{"name":"Keban Baraji"},"geometry":{"type":"Polygon","coordinates":[[[39.860586,38.690746],[39.862058,38.672495],[39.84734,38.640998],[39.819081,38.618921],[39.784935,38.61009],[39.75226,38.618038],[39.731655,38.638349],[39.701924,38.641293],[39.687795,38.655128],[39.621857,38.645119],[39.587122,38.652773],[39.543851,38.626575],[39.415802,38.593311],[39.371353,38.593017],[39.35428,38.611856],[39.365466,38.623925],[39.407266,38.638938],[39.425516,38.658955],[39.466727,38.682209],[39.477913,38.699871],[39.471731,38.762571],[39.453481,38.761982],[39.442589,38.780233],[39.382539,38.762571],[39.368115,38.796128],[39.346332,38.806137],[39.324255,38.803487],[39.306299,38.807314],[39.258906,38.837045],[39.245071,38.858239],[39.218578,38.850586],[39.224171,38.833513],[39.220344,38.828508],[39.210336,38.827625],[39.197384,38.830275],[39.163238,38.858239],[39.135273,38.865598],[39.117023,38.860888],[39.104659,38.845876],[39.094945,38.822621],[39.080521,38.835867],[39.078755,38.854118],[39.084348,38.877962],[39.064037,38.879728],[39.029596,38.864421],[38.985147,38.8812],[38.960127,38.865304],[38.930396,38.877962],[38.915678,38.866481],[38.884475,38.860594],[38.868285,38.842638],[38.848268,38.847053],[38.841498,38.856179],[38.800876,38.856473],[38.792633,38.850586],[38.787335,38.818206],[38.779976,38.807608],[38.759076,38.816439],[38.749656,38.830275],[38.753189,38.842932],[38.779093,38.858239],[38.773205,38.871485],[38.725224,38.898861],[38.699909,38.891797],[38.683424,38.899156],[38.666645,38.899156],[38.649278,38.927709],[38.638975,38.963916],[38.641919,38.987759],[38.651044,38.987171],[38.661641,38.955085],[38.680775,38.919761],[38.714627,38.919761],[38.726401,38.924765],[38.765552,38.970981],[38.770262,38.984521],[38.768495,38.996296],[38.711978,39.016901],[38.70403,39.021906],[38.699909,39.033386],[38.745535,39.029559],[38.731994,39.077246],[38.749067,39.078129],[38.759665,39.07077],[38.770556,39.037507],[38.806468,39.015135],[38.809118,38.981872],[38.847385,38.940072],[38.817654,38.923588],[38.786452,38.926532],[38.786452,38.919761],[38.82678,38.913285],[38.87535,38.919761],[38.87535,38.926532],[38.854744,38.940072],[38.875644,38.970981],[38.87535,38.995413],[38.893011,38.999828],[38.909496,39.029559],[38.916266,39.029559],[38.895661,38.967448],[38.910968,38.938601],[38.920976,38.92977],[38.947174,38.926532],[38.957183,38.92977],[38.951296,38.94802],[38.953945,38.95744],[38.962776,38.960383],[38.978377,38.932713],[38.986619,38.926532],[39.005164,38.926532],[39.013995,38.937717],[39.022237,38.938012],[39.029008,38.912108],[39.046375,38.897978],[39.068747,38.907692],[39.094945,38.891797],[39.180605,38.885321],[39.221522,38.871191],[39.234768,38.87384],[39.245071,38.891797],[39.26185,38.891502],[39.276862,38.865009],[39.295996,38.853824],[39.31248,38.834396],[39.368115,38.822621],[39.390193,38.805842],[39.40285,38.781704],[39.409621,38.781704],[39.421689,38.791418],[39.46084,38.775523],[39.502345,38.781999],[39.53031,38.816439],[39.557097,38.819677],[39.575053,38.836456],[39.587122,38.858239],[39.595659,38.89003],[39.594776,38.916523],[39.576525,38.954791],[39.594776,38.954202],[39.615675,38.936834],[39.618325,38.907104],[39.602135,38.850586],[39.630688,38.846759],[39.704573,38.858239],[39.800536,38.858239],[39.763152,38.844698],[39.61803,38.836162],[39.594776,38.830275],[39.569755,38.811435],[39.530015,38.805842],[39.492337,38.762571],[39.487921,38.750207],[39.488216,38.73284],[39.501462,38.701637],[39.531487,38.681326],[39.556803,38.673967],[39.602135,38.666314],[39.68073,38.672495],[39.701335,38.66808],[39.730772,38.648652],[39.75226,38.645119],[39.823791,38.66337],[39.835565,38.669552],[39.851167,38.690452],[39.860586,38.690746]]]}},{"type":"Feature","properties":{"name":"Volgograd Reservoir"},"geometry":{"type":"Polygon","coordinates":[[[46.337775,50.178895],[46.31923,50.1786],[46.303628,50.219811],[46.253586,50.250425],[46.237985,50.23188],[46.23563,50.205682],[46.193831,50.205682],[46.20119,50.219811],[46.194419,50.232175],[46.21473,50.260728],[46.172342,50.247776],[46.166455,50.25749],[46.174108,50.276329],[46.170281,50.284277],[46.149087,50.287515],[46.113469,50.261611],[46.084916,50.26897],[46.04812,50.258373],[46.006615,50.276035],[45.970703,50.275446],[45.906531,50.260728],[45.846481,50.238356],[45.823226,50.220989],[45.83765,50.205682],[45.784076,50.185665],[45.758466,50.184782],[45.704009,50.207742],[45.67781,50.208625],[45.656027,50.232763],[45.693706,50.309298],[45.728735,50.340795],[45.750518,50.351981],[45.78231,50.359046],[45.810274,50.377002],[45.851779,50.391131],[45.857667,50.422628],[45.829408,50.46119],[45.755522,50.527716],[45.731385,50.555092],[45.696944,50.57246],[45.65956,50.603368],[45.638365,50.637514],[45.648668,50.66695],[45.643958,50.726706],[45.65956,50.754082],[45.714017,50.780869],[45.760821,50.792055],[45.787019,50.805302],[45.877095,50.812955],[45.923899,50.829439],[45.947448,50.843569],[45.998373,50.852989],[46.031636,50.872417],[46.043116,50.884486],[46.015446,50.925402],[45.97865,50.958371],[45.976001,50.969262],[45.9813,50.986924],[45.999845,51.005764],[46.0022,51.018127],[45.993369,51.036966],[45.958634,51.056689],[45.855606,51.092012],[45.819988,51.11144],[45.794673,51.140877],[45.782898,51.186209],[45.777305,51.276579],[45.785842,51.315729],[45.810274,51.35017],[45.925665,51.408159],[45.947448,51.432592],[45.95569,51.477924],[45.96717,51.494408],[46.012797,51.505299],[46.169693,51.578596],[46.180879,51.644828],[46.187943,51.656014],[46.214142,51.651598],[46.249171,51.682212],[46.241812,51.753448],[46.249171,51.768461],[46.257708,51.769344],[46.286555,51.754626],[46.320996,51.78524],[46.345134,51.795248],[46.426967,51.788183],[46.47436,51.797603],[46.514687,51.822918],[46.54383,51.860303],[46.557665,51.905635],[46.574738,51.893271],[46.5715,51.872666],[46.5506,51.829983],[46.591222,51.816148],[46.591222,51.809966],[46.519986,51.806728],[46.509095,51.799075],[46.518809,51.784062],[46.671878,51.774054],[46.720448,51.747267],[46.757244,51.746678],[46.776672,51.741085],[46.730751,51.719597],[46.707496,51.715181],[46.646857,51.714004],[46.590928,51.719008],[46.525285,51.741085],[46.487017,51.772876],[46.478775,51.771699],[46.438153,51.745501],[46.393115,51.726956],[46.315109,51.716359],[46.303628,51.703407],[46.297447,51.680152],[46.266244,51.653953],[46.255353,51.637469],[46.277724,51.638941],[46.31452,51.660135],[46.334537,51.665434],[46.345428,51.659252],[46.316286,51.631582],[46.255058,51.59979],[46.22209,51.591548],[46.18706,51.549454],[46.15939,51.529143],[45.999845,51.480279],[45.984832,51.470564],[45.973646,51.453786],[45.981005,51.445838],[45.998373,51.445838],[46.01574,51.453197],[46.029281,51.439656],[45.999845,51.41228],[45.995724,51.401683],[45.994546,51.355762],[45.988364,51.343105],[45.929492,51.312197],[45.892402,51.281877],[45.874445,51.259211],[45.863554,51.23419],[45.857961,51.172079],[45.864731,51.141171],[45.880333,51.121743],[46.003083,51.069935],[46.019273,51.059043],[46.040761,51.033434],[46.041644,51.02107],[46.028104,50.974561],[46.030753,50.96102],[46.060189,50.935411],[46.069609,50.917749],[46.071964,50.893905],[46.064016,50.849751],[46.039289,50.818842],[46.022511,50.784696],[46.00897,50.774099],[45.927431,50.780869],[45.879155,50.761147],[45.831763,50.76203],[45.801149,50.748489],[45.749341,50.740247],[45.735211,50.727001],[45.754345,50.724057],[45.752284,50.710811],[45.727558,50.678431],[45.715195,50.647522],[45.718433,50.630744],[45.731385,50.613671],[45.840888,50.523889],[45.887692,50.466488],[45.921544,50.400845],[45.919483,50.339323],[45.857961,50.294874],[46.022216,50.309004],[46.042822,50.321073],[46.035463,50.342856],[46.052536,50.342267],[46.077262,50.31548],[46.092569,50.31283],[46.135546,50.32225],[46.226799,50.309592],[46.255353,50.31548],[46.25447,50.292814],[46.260946,50.28516],[46.286555,50.271031],[46.296269,50.272208],[46.322762,50.301645],[46.334537,50.309298],[46.357203,50.311359],[46.365739,50.317835],[46.368388,50.355513],[46.393115,50.350215],[46.409894,50.367876],[46.443746,50.374058],[46.447278,50.361106],[46.426967,50.318718],[46.440213,50.305177],[46.43462,50.294874],[46.420785,50.287515],[46.36515,50.274563],[46.35161,50.250131],[46.331004,50.232763],[46.386933,50.220106],[46.406656,50.219811],[46.358969,50.205682],[46.337775,50.178895]]]}},{"type":"Feature","properties":{"name":"Gorky Reservoir"},"geometry":{"type":"Polygon","coordinates":[[[42.593169,57.420841],[42.575801,57.415542],[42.58787,57.427317],[42.60877,57.434676],[42.699434,57.4491],[42.745649,57.447039],[42.776263,57.45587],[42.767726,57.486484],[42.77067,57.491488],[42.781856,57.486484],[42.781267,57.482952],[42.816885,57.495609],[42.829249,57.524163],[42.843378,57.505618],[42.870165,57.497376],[42.859274,57.483541],[42.82866,57.47206],[42.818946,57.43497],[42.822184,57.415542],[42.853386,57.394348],[42.973193,57.387578],[43.001157,57.390816],[43.042957,57.404945],[43.142158,57.419369],[43.158053,57.428494],[43.158053,57.457636],[43.178953,57.497376],[43.180425,57.517098],[43.165412,57.566257],[43.167473,57.588923],[43.175715,57.605113],[43.206918,57.633961],[43.192494,57.595693],[43.186018,57.555365],[43.203974,57.539175],[43.206918,57.527695],[43.20839,57.493843],[43.192494,57.445273],[43.193083,57.424668],[43.213099,57.415542],[43.239592,57.417603],[43.263436,57.424373],[43.282569,57.437031],[43.295227,57.456459],[43.303175,57.499731],[43.3123,57.517098],[43.350862,57.52799],[43.418566,57.558898],[43.435933,57.573027],[43.47685,57.623952],[43.538961,57.636316],[43.583704,57.655155],[43.635806,57.706374],[43.669658,57.72433],[43.706748,57.729629],[43.649053,57.685769],[43.638456,57.668107],[43.572518,57.630134],[43.580171,57.617182],[43.609902,57.608057],[43.61108,57.599814],[43.589297,57.596871],[43.556034,57.608057],[43.514234,57.607173],[43.506286,57.603935],[43.514823,57.579209],[43.495689,57.558309],[43.399726,57.523574],[43.369112,57.506501],[43.350567,57.482952],[43.363519,57.478831],[43.370879,57.469411],[43.349979,57.455576],[43.336144,57.438797],[43.340853,57.42614],[43.363519,57.414365],[43.370879,57.401119],[43.323486,57.402296],[43.267262,57.375803],[43.25431,57.332237],[43.20574,57.296031],[43.197204,57.262767],[43.187195,57.249227],[43.192788,57.236569],[43.153932,57.180051],[43.142746,57.149732],[43.141275,57.118529],[43.158936,57.061128],[43.168945,57.058479],[43.176598,57.062011],[43.178953,57.089681],[43.187195,57.104988],[43.228701,57.131187],[43.246951,57.133542],[43.216632,57.105871],[43.204563,57.086443],[43.194554,57.050825],[43.213099,57.044938],[43.235471,57.056124],[43.246951,57.051708],[43.223402,57.038756],[43.222519,57.030514],[43.246068,56.99313],[43.271678,56.98636],[43.299054,56.971641],[43.315538,56.969286],[43.363519,56.989598],[43.363814,56.96075],[43.390012,56.948681],[43.390012,56.941911],[43.374411,56.936318],[43.317599,56.930725],[43.30082,56.91218],[43.320837,56.903643],[43.342914,56.873029],[43.384419,56.866848],[43.364991,56.840944],[43.366169,56.816217],[43.398254,56.805326],[43.368229,56.779716],[43.375883,56.739094],[43.403259,56.69906],[43.432401,56.674922],[43.419449,56.668152],[43.377649,56.674922],[43.329373,56.661382],[43.168356,56.674628],[43.141275,56.664325],[43.128323,56.637832],[43.078281,56.610457],[43.054143,56.602509],[43.058853,56.616638],[43.088289,56.638715],[43.123907,56.674922],[43.246951,56.691995],[43.235471,56.707008],[43.209567,56.718194],[43.158053,56.729674],[43.082107,56.721726],[43.069155,56.736444],[43.118903,56.738211],[43.239298,56.731146],[43.246951,56.743803],[43.239887,56.749985],[43.218987,56.749985],[43.213099,56.75705],[43.225463,56.76647],[43.263141,56.776478],[43.258726,56.788547],[43.233116,56.812096],[43.225463,56.826814],[43.213099,56.890691],[43.203385,56.907764],[43.180425,56.904232],[43.137448,56.887159],[43.127734,56.904821],[43.120963,56.907764],[43.059441,56.909236],[43.046195,56.934257],[43.025001,56.953979],[43.076514,56.951036],[43.112427,56.932785],[43.158642,56.93514],[43.183663,56.942205],[43.191905,56.959278],[43.186901,56.979884],[43.172183,56.997251],[43.147751,57.006671],[43.086817,57.016679],[43.065917,57.02757],[43.062385,57.065249],[43.054143,57.074669],[43.021468,57.092625],[43.03442,57.107343],[43.038836,57.118823],[43.035892,57.129126],[43.023529,57.145316],[43.002923,57.160034],[42.993504,57.174753],[42.959652,57.185938],[42.902545,57.174164],[42.9049,57.188293],[42.928155,57.214492],[42.936986,57.231859],[42.989088,57.258646],[43.062385,57.27778],[43.0877,57.2872],[43.102124,57.298385],[43.1086,57.315459],[43.110072,57.343129],[43.097414,57.362851],[43.067095,57.371388],[42.969955,57.374626],[42.957886,57.369622],[42.948172,57.347544],[42.936397,57.346956],[42.895186,57.371093],[42.870165,57.374037],[42.859568,57.368739],[42.853975,57.352843],[42.843378,57.346661],[42.806288,57.356964],[42.79157,57.349605],[42.7639,57.315459],[42.723866,57.283079],[42.699728,57.269832],[42.67824,57.264534],[42.709148,57.301918],[42.733286,57.311926],[42.747121,57.332237],[42.815413,57.384045],[42.803345,57.407889],[42.774791,57.421135],[42.740645,57.427317],[42.697962,57.426728],[42.651747,57.415542],[42.593169,57.420841]]]}},{"type":"Feature","properties":{"name":"Embalse de Entrepeas"},"geometry":{"type":"Polygon","coordinates":[[[-2.586868,40.725685],[-2.57686,40.724213],[-2.599526,40.703313],[-2.631023,40.685357],[-2.657663,40.660336],[-2.65884,40.639436],[-2.693428,40.600875],[-2.695341,40.581741],[-2.672969,40.563785],[-2.690631,40.548184],[-2.709176,40.509916],[-2.723894,40.502263],[-2.737582,40.511977],[-2.732431,40.532877],[-2.714033,40.563785],[-2.727132,40.583802],[-2.715064,40.611472],[-2.692692,40.636198],[-2.676207,40.646796],[-2.654866,40.676821],[-2.602028,40.718915],[-2.586868,40.725685]]]}},{"type":"Feature","properties":{"name":"Embalse de Garc\u00eda de Sola"},"geometry":{"type":"Polygon","coordinates":[[[-5.059232,39.303612],[-5.023467,39.36013],[-5.002567,39.357186],[-5.02906,39.310088],[-5.064089,39.280946],[-5.064972,39.272998],[-5.087344,39.287128],[-5.059232,39.303612]]]}},{"type":"Feature","properties":{"name":"Embalse de Orellana"},"geometry":{"type":"Polygon","coordinates":[[[-5.064972,39.272998],[-5.067033,39.261812],[-5.084989,39.262107],[-5.110746,39.252981],[-5.136061,39.23738],[-5.163584,39.215597],[-5.169766,39.17733],[-5.180657,39.16585],[-5.180657,39.159079],[-5.192579,39.172914],[-5.192726,39.18881],[-5.168589,39.269171],[-5.160199,39.282712],[-5.117958,39.268877],[-5.087344,39.287128],[-5.064972,39.272998]]]}},{"type":"Feature","properties":{"name":"Embalse de Cala"},"geometry":{"type":"Polygon","coordinates":[[[-5.050254,39.412527],[-5.050254,39.419886],[-5.043484,39.419886],[-5.016402,39.405462],[-4.988143,39.39928],[-4.956499,39.42489],[-4.844788,39.39251],[-4.844788,39.385151],[-4.8729,39.388389],[-4.918673,39.402813],[-4.944136,39.406051],[-4.95959,39.40193],[-4.871869,39.361896],[-4.862008,39.330105],[-4.834338,39.290954],[-4.785032,39.266522],[-4.769725,39.248566],[-4.832572,39.266817],[-4.84832,39.278885],[-4.879817,39.333048],[-4.892622,39.344234],[-4.926768,39.351005],[-4.944872,39.368961],[-4.990498,39.385445],[-5.011398,39.375437],[-5.002567,39.357186],[-5.023467,39.36013],[-5.050254,39.412527]]]}},{"type":"Feature","properties":{"name":"Tsimlyansk Reservoir"},"geometry":{"type":"Polygon","coordinates":[[[44.022012,49.184533],[44.024661,49.1601],[43.984628,49.146854],[43.968143,49.105349],[43.944006,49.090631],[43.963728,49.05619],[43.971381,49.053246],[43.972559,49.040589],[43.959901,49.027637],[43.946655,48.994079],[43.907504,48.952279],[43.870709,48.93138],[43.820961,48.917544],[43.793585,48.91519],[43.742955,48.926375],[43.709103,48.927553],[43.651996,48.917544],[43.641694,48.902237],[43.621088,48.841893],[43.588708,48.823642],[43.580466,48.80598],[43.572224,48.799799],[43.510702,48.781548],[43.478027,48.753289],[43.473023,48.742986],[43.472729,48.725913],[43.483914,48.704425],[43.552207,48.653794],[43.574579,48.642314],[43.665831,48.649967],[43.697623,48.657915],[43.760028,48.683525],[43.788876,48.677932],[43.723527,48.650851],[43.702038,48.627007],[43.62462,48.615821],[43.586942,48.58874],[43.534839,48.585207],[43.529835,48.570783],[43.494512,48.519858],[43.523065,48.512499],[43.617556,48.51927],[43.614318,48.511616],[43.576345,48.500725],[43.466547,48.492483],[43.427985,48.477764],[43.361753,48.437437],[43.353805,48.426839],[43.370879,48.41742],[43.359104,48.39652],[43.316716,48.367378],[43.301997,48.348539],[43.303175,48.332054],[43.350567,48.287016],[43.328785,48.288194],[43.295521,48.309094],[43.27786,48.314392],[43.182191,48.290254],[43.159525,48.268177],[43.137448,48.221962],[43.151577,48.195469],[43.151872,48.184578],[43.123907,48.171037],[43.111249,48.140129],[43.086817,48.101861],[43.088878,48.087732],[43.11802,48.079195],[43.127734,48.057707],[43.137153,48.051525],[43.246951,48.020028],[43.22458,48.003544],[43.110072,48.012669],[43.086228,48.000011],[43.064151,47.975285],[43.048256,47.944082],[43.042074,47.913763],[43.070922,47.886093],[43.080341,47.855184],[43.103302,47.82457],[43.08093,47.777178],[43.088583,47.752451],[43.088289,47.718599],[43.09712,47.704175],[43.087995,47.693873],[43.062974,47.682098],[43.048844,47.68357],[43.036775,47.697994],[43.033537,47.706825],[43.043251,47.716539],[43.041485,47.728902],[43.027061,47.763637],[43.048844,47.779827],[43.046195,47.801021],[43.035009,47.823393],[43.017936,47.841055],[42.997331,47.84812],[42.932276,47.787481],[42.90961,47.775706],[42.88871,47.771879],[42.836313,47.773057],[42.725927,47.759516],[42.680889,47.746858],[42.590225,47.670618],[42.521932,47.634411],[42.518989,47.630584],[42.534884,47.609096],[42.521049,47.609685],[42.459233,47.63971],[42.438039,47.64177],[42.413018,47.635],[42.390352,47.622931],[42.376517,47.609096],[42.389174,47.594672],[42.39094,47.571123],[42.384759,47.564941],[42.353262,47.588196],[42.265247,47.588785],[42.239932,47.581131],[42.202547,47.538743],[42.174877,47.533444],[42.137493,47.592611],[42.109823,47.601737],[42.115121,47.614689],[42.116593,47.667086],[42.124247,47.679155],[42.16428,47.700349],[42.216382,47.716833],[42.234633,47.73008],[42.239932,47.74627],[42.211673,47.758927],[42.202842,47.775117],[42.17105,47.779827],[42.175172,47.787481],[42.20343,47.794251],[42.248763,47.779533],[42.288502,47.801021],[42.273195,47.820155],[42.255533,47.832224],[42.206668,47.84812],[42.234633,47.852829],[42.307635,47.833696],[42.332656,47.838111],[42.341782,47.850474],[42.349729,47.882855],[42.370924,47.930836],[42.284675,47.958212],[42.257299,47.988826],[42.212261,48.012669],[42.279082,47.989414],[42.299982,47.960272],[42.326769,47.952619],[42.356205,47.95203],[42.376517,47.958212],[42.391529,47.978228],[42.397416,47.994713],[42.405953,47.998834],[42.428325,47.98235],[42.435389,47.941139],[42.460705,47.92436],[42.466003,47.91023],[42.456878,47.843704],[42.469536,47.834579],[42.493379,47.830163],[42.538711,47.810735],[42.56226,47.807203],[42.585809,47.812501],[42.627904,47.830458],[42.654691,47.834579],[42.676179,47.846059],[42.700023,47.849591],[42.766843,47.874024],[42.791864,47.878439],[42.854858,47.965865],[42.857213,47.979112],[42.809232,47.938195],[42.801284,47.953502],[42.842495,47.99854],[42.835725,48.020028],[42.843084,48.034158],[42.835725,48.070953],[42.863984,48.122467],[42.859568,48.156613],[42.83337,48.163384],[42.760367,48.156613],[42.760367,48.163384],[42.878113,48.190759],[42.918441,48.190759],[42.904606,48.218135],[43.022351,48.21843],[43.035303,48.221962],[43.07622,48.266411],[43.087995,48.317336],[43.09712,48.335292],[43.088583,48.348539],[43.102419,48.384745],[43.103302,48.403585],[43.07622,48.42419],[43.069155,48.458336],[43.041191,48.48895],[43.002923,48.509261],[42.925211,48.54017],[42.925211,48.54694],[42.966422,48.554593],[43.027356,48.508673],[43.051494,48.506318],[43.09712,48.519858],[43.125968,48.53546],[43.137448,48.533988],[43.143924,48.526629],[43.141863,48.517504],[43.110955,48.499547],[43.115371,48.483357],[43.131855,48.466873],[43.151872,48.458336],[43.15717,48.465695],[43.172183,48.472466],[43.186018,48.465107],[43.243713,48.472466],[43.32172,48.462752],[43.342914,48.465107],[43.401492,48.510439],[43.411501,48.523096],[43.415328,48.54017],[43.42563,48.556654],[43.439171,48.571078],[43.495395,48.608462],[43.513645,48.62583],[43.521299,48.646729],[43.51129,48.665863],[43.44653,48.712078],[43.436227,48.755055],[43.453889,48.783903],[43.521299,48.821287],[43.588708,48.849546],[43.616378,48.906947],[43.644637,48.937561],[43.686143,48.945803],[43.798001,48.94492],[43.850103,48.951691],[43.890137,48.972296],[43.910448,49.00291],[43.921634,49.097107],[43.94636,49.10947],[43.952542,49.143616],[43.986983,49.173347],[43.989043,49.185121],[43.920162,49.202489],[43.874241,49.205727],[43.851281,49.201311],[43.808009,49.182472],[43.763855,49.178645],[43.732063,49.186888],[43.696151,49.210731],[43.682316,49.225744],[43.68055,49.240462],[43.699978,49.253414],[43.688792,49.262539],[43.665243,49.269604],[43.659061,49.280201],[43.677017,49.309932],[43.693796,49.32465],[43.692619,49.346727],[43.679372,49.383817],[43.622266,49.453287],[43.588708,49.482724],[43.548969,49.506567],[43.586647,49.496264],[43.623737,49.466239],[43.700566,49.380285],[43.713224,49.359974],[43.718228,49.338485],[43.709986,49.318468],[43.692619,49.295508],[43.695857,49.286088],[43.708809,49.278435],[43.720878,49.260184],[43.713518,49.232808],[43.751491,49.19513],[43.77298,49.186005],[43.794763,49.19513],[43.836563,49.225449],[43.88425,49.232808],[43.983156,49.207493],[44.022012,49.184533]]]}},{"type":"Feature","properties":{"name":"Embalse de Buend\u00eda"},"geometry":{"type":"Polygon","coordinates":[[[-2.482957,40.433676],[-2.466915,40.43397],[-2.487226,40.4272],[-2.509745,40.430732],[-2.561405,40.45487],[-2.669143,40.442212],[-2.679887,40.432204],[-2.691514,40.398352],[-2.682978,40.382751],[-2.658546,40.365089],[-2.65884,40.351548],[-2.671203,40.366561],[-2.672969,40.324172],[-2.714769,40.351843],[-2.724336,40.402768],[-2.735963,40.407183],[-2.753331,40.403356],[-2.775408,40.4063],[-2.749946,40.428377],[-2.728604,40.439858],[-2.672969,40.447805],[-2.651922,40.471355],[-2.56067,40.462818],[-2.535207,40.468117],[-2.510186,40.443979],[-2.482957,40.433676]]]}},{"type":"Feature","properties":{"name":"Kauno marios"},"geometry":{"type":"Polygon","coordinates":[[[24.224847,54.834558],[24.233678,54.814247],[24.217782,54.797468],[24.16774,54.810126],[24.141248,54.809242],[24.13536,54.783633],[24.130651,54.783044],[24.125646,54.813658],[24.153905,54.820428],[24.217782,54.824844],[24.192173,54.845155],[24.163031,54.838384],[24.148901,54.850159],[24.119759,54.85428],[24.121525,54.872531],[24.110045,54.885188],[24.066773,54.893136],[24.004957,54.85899],[23.992888,54.873708],[23.993771,54.880184],[23.998775,54.886071],[24.015849,54.884305],[24.090617,54.913447],[24.112989,54.904911],[24.154788,54.867232],[24.203358,54.851631],[24.224847,54.834558]]]}},{"type":"Feature","properties":{"name":"IJsselmeer"},"geometry":{"type":"Polygon","coordinates":[[[5.874482,52.521444],[5.872716,52.501428],[5.860647,52.478173],[5.800891,52.422832],[5.746728,52.393396],[5.654003,52.371613],[5.623683,52.356306],[5.577763,52.322749],[5.545383,52.27565],[5.533314,52.267997],[5.447359,52.255045],[5.404677,52.2574],[5.361111,52.270057],[5.268386,52.311563],[5.181254,52.311563],[5.112373,52.337761],[5.03054,52.34777],[4.968135,52.371024],[4.98197,52.378089],[4.98197,52.385448],[5.009346,52.378089],[5.009346,52.385448],[5.024947,52.378089],[5.041726,52.403993],[5.075283,52.420183],[5.091768,52.439317],[5.075577,52.444321],[5.061742,52.461394],[5.050262,52.467281],[5.078227,52.473463],[5.070573,52.487887],[5.090884,52.500839],[5.083231,52.525566],[5.050262,52.570309],[5.036427,52.599745],[5.034955,52.625061],[5.049673,52.641839],[5.084997,52.645372],[5.111784,52.63919],[5.136511,52.625061],[5.165653,52.630065],[5.227175,52.65332],[5.243071,52.664505],[5.256317,52.688643],[5.304004,52.706894],[5.293996,52.743101],[5.286931,52.748399],[5.22011,52.762823],[5.194501,52.758113],[5.170363,52.746044],[5.136511,52.762234],[5.122676,52.775481],[5.120321,52.839358],[5.115022,52.861141],[5.065275,52.922957],[5.044081,52.933554],[5.129152,52.960047],[5.287814,53.044529],[5.372297,53.07691],[5.389958,53.046296],[5.409386,53.032166],[5.413802,53.019803],[5.406443,52.995076],[5.416157,52.98389],[5.420278,52.9677],[5.416157,52.95151],[5.399672,52.940325],[5.413213,52.924429],[5.366115,52.894993],[5.369059,52.878508],[5.410858,52.857314],[5.505938,52.850838],[5.557452,52.837297],[5.637519,52.854959],[5.721707,52.837297],[5.685794,52.832587],[5.656358,52.819635],[5.631926,52.799913],[5.611909,52.775186],[5.596308,52.70866],[5.597779,52.66951],[5.628099,52.646255],[5.660479,52.61152],[5.676669,52.608576],[5.808839,52.612992],[5.84063,52.604161],[5.857703,52.576785],[5.874482,52.521444]],[[5.85888,52.526154],[5.839158,52.570309],[5.68079,52.593564],[5.653709,52.61152],[5.635752,52.602689],[5.577763,52.590914],[5.516241,52.556768],[5.486215,52.557062],[5.478562,52.552941],[5.454424,52.515263],[5.441178,52.508492],[5.403499,52.499073],[5.358461,52.473463],[5.283693,52.455213],[5.24101,52.429308],[5.178605,52.408409],[5.132978,52.385448],[5.152995,52.343943],[5.173895,52.336878],[5.236006,52.336878],[5.304593,52.320982],[5.396434,52.280655],[5.423222,52.273884],[5.489159,52.27565],[5.524777,52.284187],[5.545677,52.302438],[5.551859,52.327458],[5.543616,52.358072],[5.616619,52.37544],[5.637813,52.394573],[5.649882,52.398989],[5.781168,52.425776],[5.807367,52.441377],[5.84534,52.480822],[5.858292,52.506432],[5.85888,52.526154]]]}},{"type":"Feature","properties":{"name":"Syvash"},"geometry":{"type":"Polygon","coordinates":[[[35.387723,45.30658],[35.441003,45.292156],[35.455427,45.279204],[35.433644,45.261248],[35.404502,45.251239],[35.386546,45.256538],[35.34975,45.285385],[35.234948,45.314528],[35.193443,45.336605],[35.161652,45.340432],[35.122796,45.332484],[35.051854,45.374872],[35.024184,45.412845],[35.010349,45.422559],[35.010349,45.429918],[35.055975,45.439632],[35.087766,45.457883],[35.095714,45.474367],[35.089238,45.480549],[35.066867,45.561499],[35.043023,45.577689],[35.033898,45.604771],[35.003284,45.621844],[34.976791,45.663055],[34.965605,45.668942],[34.914975,45.66541],[34.900256,45.668942],[34.872292,45.696907],[34.839029,45.703677],[34.872292,45.731641],[34.872292,45.737234],[34.851098,45.734879],[34.814008,45.719573],[34.791636,45.717218],[34.737179,45.728403],[34.715985,45.724282],[34.753369,45.761961],[34.764849,45.783744],[34.750131,45.806116],[34.724227,45.81318],[34.647103,45.78551],[34.665648,45.816124],[34.67183,45.840556],[34.680366,45.84821],[34.70892,45.855863],[34.747187,45.858218],[34.756901,45.877646],[34.750131,45.902373],[34.707154,45.871464],[34.664765,45.865577],[34.647692,45.858807],[34.546431,45.792575],[34.506103,45.777857],[34.461654,45.771969],[34.461654,45.77874],[34.503159,45.799934],[34.520821,45.829665],[34.541132,45.839379],[34.546136,45.862928],[34.591469,45.877057],[34.622671,45.903844],[34.632679,45.925039],[34.626792,45.94741],[34.544076,45.970665],[34.544076,45.964484],[34.575278,45.939168],[34.578811,45.929749],[34.569097,45.918268],[34.537306,45.922978],[34.530535,45.91974],[34.499921,45.878529],[34.488147,45.875586],[34.461654,45.909732],[34.482554,45.929749],[34.465481,45.936225],[34.444875,45.932398],[34.427802,45.919151],[34.417794,45.874114],[34.411612,45.864694],[34.406902,45.87117],[34.406902,45.895602],[34.400721,45.895602],[34.39395,45.885005],[34.379526,45.881767],[34.386002,45.888832],[34.386591,45.902373],[34.359215,45.881767],[34.372756,45.91974],[34.406902,45.936519],[34.410729,45.956241],[34.359215,45.984795],[34.386591,45.991565],[34.349796,46.026006],[34.331251,46.025123],[34.318299,45.998041],[34.297693,45.999218],[34.28062,46.008638],[34.277088,46.046022],[34.239703,46.007461],[34.226751,46.004517],[34.21586,46.018352],[34.228518,46.029244],[34.16729,46.046317],[34.161108,46.038663],[34.150217,46.047789],[34.11607,46.059857],[34.113127,46.048377],[34.184657,46.008638],[34.195254,46.000396],[34.200847,45.988621],[34.202025,45.967427],[34.196137,45.95006],[34.165818,45.944467],[34.153749,45.936519],[34.128139,45.954769],[34.117248,45.96831],[34.112832,45.984795],[34.144624,45.978907],[34.16729,45.991565],[34.16729,45.998041],[34.112244,46.033365],[34.078981,46.045434],[34.037475,46.087233],[33.998914,46.100774],[33.939746,46.098714],[33.961824,46.080463],[33.99126,46.076931],[33.99597,46.066922],[33.976542,46.060741],[33.975953,46.052204],[33.989199,46.028949],[33.981546,46.017469],[33.949755,46.028066],[33.937097,46.036897],[33.9265,46.055736],[33.913548,46.059857],[33.882934,46.039252],[33.865567,46.038663],[33.87322,46.046317],[33.865567,46.059857],[33.885583,46.065156],[33.876458,46.08164],[33.838485,46.115198],[33.848788,46.122263],[33.85232,46.132565],[33.852026,46.159353],[33.845844,46.164945],[33.804339,46.17672],[33.804339,46.143457],[33.799629,46.127856],[33.786971,46.12138],[33.73222,46.145517],[33.687771,46.202918],[33.667754,46.217637],[33.667754,46.223818],[33.713969,46.219108],[33.755769,46.245601],[33.77137,46.247367],[33.810226,46.238242],[33.822884,46.224113],[33.855558,46.223818],[33.893826,46.231177],[33.972126,46.210866],[34.006861,46.159058],[34.025995,46.147284],[34.033943,46.135803],[34.067206,46.150816],[34.077803,46.149344],[34.085457,46.12815],[34.138148,46.124323],[34.12343,46.16524],[34.077803,46.18349],[34.077803,46.190261],[34.104885,46.185845],[34.115482,46.189083],[34.124313,46.209689],[34.135204,46.207923],[34.153749,46.190261],[34.147567,46.162296],[34.159048,46.146989],[34.161108,46.152877],[34.202025,46.18349],[34.166995,46.206745],[34.15316,46.219992],[34.147567,46.23471],[34.152572,46.276215],[34.162874,46.282691],[34.181714,46.279159],[34.213211,46.260614],[34.237348,46.234415],[34.289745,46.161413],[34.297104,46.141985],[34.298576,46.106367],[34.307996,46.101657],[34.318299,46.112549],[34.331251,46.162885],[34.331251,46.17672],[34.298576,46.184079],[34.290923,46.190261],[34.2921,46.197326],[34.311234,46.214399],[34.379526,46.190261],[34.448702,46.152288],[34.484614,46.145517],[34.517289,46.162296],[34.527297,46.186434],[34.533773,46.190261],[34.54437,46.187317],[34.568214,46.169361],[34.572629,46.159353],[34.570569,46.120791],[34.56056,46.107839],[34.552318,46.085173],[34.539072,46.098125],[34.524059,46.12815],[34.512285,46.121674],[34.492857,46.094592],[34.489619,46.111666],[34.494328,46.126972],[34.482554,46.12815],[34.448702,46.107839],[34.439577,46.090766],[34.439871,46.07281],[34.449585,46.057208],[34.469013,46.046317],[34.46136,46.034248],[34.427508,46.046317],[34.405725,46.024828],[34.401309,46.011287],[34.410729,46.0054],[34.461654,46.003045],[34.472545,45.993037],[34.461654,45.970665],[34.482848,45.966838],[34.514345,45.994803],[34.555262,45.98244],[34.575573,45.996864],[34.629441,46.071338],[34.633268,46.083995],[34.616489,46.141396],[34.620316,46.162296],[34.652108,46.184374],[34.697734,46.180547],[34.742183,46.162296],[34.770736,46.141985],[34.787221,46.111371],[34.788104,46.094592],[34.774269,46.087233],[34.746893,46.107839],[34.721872,46.109605],[34.683016,46.101952],[34.660938,46.087233],[34.698028,46.066039],[34.71098,46.050143],[34.715985,46.03572],[34.753663,46.011582],[34.763083,46.016292],[34.770736,46.036014],[34.784571,46.038663],[34.795168,46.029244],[34.810181,45.984795],[34.81548,45.935636],[34.82225,45.926511],[34.84786,45.91297],[34.841384,45.902373],[34.825488,45.895602],[34.827843,45.884122],[34.832847,45.881767],[34.811359,45.81789],[34.815774,45.813475],[34.827254,45.814652],[34.845799,45.821423],[34.859045,45.835258],[34.864638,45.849976],[34.872292,45.854391],[34.894664,45.846443],[34.910854,45.830253],[34.942056,45.759017],[34.977086,45.717806],[34.999752,45.674829],[35.023889,45.66276],[35.051854,45.621844],[35.084528,45.587109],[35.126917,45.552962],[35.33827,45.340137],[35.366824,45.330423],[35.387723,45.30658]]]}},{"type":"Feature","properties":{"name":"Kaliningradskiy Zaliv"},"geometry":{"type":"Polygon","coordinates":[[[19.793195,54.543432],[19.920655,54.632918],[19.95539,54.635568],[19.961571,54.646459],[19.947736,54.653229],[19.944498,54.669125],[19.954801,54.701211],[19.966281,54.711808],[20.000133,54.720933],[20.02015,54.721816],[20.039872,54.716518],[20.04576,54.686493],[20.054002,54.670597],[20.072841,54.657351],[20.085793,54.656467],[20.11258,54.673835],[20.176752,54.695618],[20.40665,54.68767],[20.40665,54.680017],[20.333648,54.660294],[20.280368,54.629092],[20.092269,54.574634],[20.079023,54.560505],[20.068131,54.557267],[20.048703,54.560505],[20.030453,54.570807],[19.991008,54.572574],[19.966576,54.546964],[19.943026,54.512523],[19.906525,54.488386],[19.839999,54.470724],[19.793195,54.543432]]]}},{"type":"Feature","properties":{"name":"Zalew Wislany"},"geometry":{"type":"Polygon","coordinates":[[[19.82116,54.468369],[19.803498,54.445408],[19.743153,54.433634],[19.749335,54.413911],[19.733734,54.411851],[19.720487,54.390951],[19.711656,54.385947],[19.683986,54.381531],[19.619226,54.353567],[19.563297,54.346502],[19.459975,54.310884],[19.43466,54.297049],[19.396098,54.263197],[19.378436,54.235821],[19.36519,54.228168],[19.369899,54.254955],[19.386384,54.269084],[19.386384,54.276738],[19.273937,54.281742],[19.248916,54.290278],[19.251859,54.304408],[19.262751,54.310295],[19.229193,54.331784],[19.229193,54.337965],[19.270404,54.347091],[19.357242,54.351506],[19.442313,54.371817],[19.741093,54.50487],[19.793195,54.543432],[19.839999,54.470724],[19.82116,54.468369]]]}},{"type":"Feature","properties":{"name":"Lake Razazah"},"geometry":{"type":"Polygon","coordinates":[[[43.898085,32.703968],[43.891903,32.662463],[43.891903,32.618308],[43.88631,32.601824],[43.873358,32.587989],[43.834208,32.561496],[43.802122,32.546189],[43.768859,32.505273],[43.757379,32.517341],[43.740894,32.511749],[43.748842,32.526172],[43.734713,32.560613],[43.727354,32.560613],[43.720878,32.546189],[43.713518,32.546189],[43.706748,32.566795],[43.699978,32.560613],[43.682316,32.5665],[43.677017,32.540891],[43.669069,32.533237],[43.656412,32.538241],[43.651702,32.55031],[43.651996,32.58063],[43.679372,32.58063],[43.663771,32.587989],[43.61108,32.574154],[43.631096,32.594759],[43.583704,32.607711],[43.573695,32.590932],[43.537783,32.595642],[43.498927,32.612421],[43.445058,32.679242],[43.429163,32.710444],[43.439171,32.731344],[43.42563,32.738115],[43.42563,32.744885],[43.434756,32.752833],[43.411501,32.806996],[43.42563,32.799637],[43.449474,32.836727],[43.44653,32.847912],[43.432106,32.842319],[43.419449,32.862925],[43.405025,32.868518],[43.405025,32.875877],[43.439171,32.888829],[43.472729,32.875877],[43.472729,32.882059],[43.455655,32.883825],[43.455361,32.889123],[43.469785,32.909729],[43.48362,32.90914],[43.486858,32.912967],[43.494512,32.944169],[43.453006,32.985086],[43.457716,32.997449],[43.486858,33.026003],[43.50452,33.018055],[43.517766,33.021882],[43.526008,33.033067],[43.529246,33.046608],[43.521593,33.104598],[43.534839,33.114901],[43.535134,33.07369],[43.555445,33.039838],[43.571046,33.030124],[43.62462,33.012462],[43.616084,32.99009],[43.624032,32.972723],[43.644637,32.947407],[43.666126,32.890006],[43.732063,32.775499],[43.754435,32.752244],[43.795646,32.744885],[43.82626,32.724574],[43.898085,32.703968]]]}},{"type":"Feature","properties":{"name":"Dead Sea"},"geometry":{"type":"Polygon","coordinates":[[[35.586419,31.752878],[35.588185,31.730506],[35.578471,31.701364],[35.554628,31.538286],[35.568463,31.496781],[35.571995,31.468228],[35.54462,31.354014],[35.547563,31.331937],[35.52372,31.310154],[35.512828,31.304856],[35.503703,31.306327],[35.501348,31.318102],[35.512534,31.354309],[35.510473,31.367555],[35.49134,31.366966],[35.442181,31.322223],[35.414805,31.326639],[35.405974,31.344889],[35.393611,31.435848],[35.400675,31.472349],[35.392728,31.514149],[35.414805,31.566251],[35.408035,31.614821],[35.476621,31.730506],[35.506941,31.755821],[35.559043,31.765535],[35.586419,31.752878]]]}},{"type":"Feature","properties":{"name":"Lake Urmia"},"geometry":{"type":"Polygon","coordinates":[[[45.910358,37.388773],[45.913302,37.374055],[45.908886,37.362869],[45.886514,37.37435],[45.875623,37.374055],[45.834706,37.356099],[45.823815,37.349917],[45.814101,37.32313],[45.748458,37.284863],[45.717549,37.285452],[45.702537,37.294283],[45.695178,37.307235],[45.700476,37.32313],[45.65956,37.309589],[45.623647,37.263963],[45.618349,37.192727],[45.600098,37.14975],[45.585086,37.131499],[45.566835,37.123846],[45.554766,37.127084],[45.532394,37.144451],[45.512083,37.144451],[45.503841,37.142685],[45.501781,37.130027],[45.477643,37.120902],[45.462924,37.121196],[45.404935,37.180952],[45.395809,37.196259],[45.371966,37.199497],[45.356365,37.210683],[45.344884,37.227756],[45.338408,37.251894],[45.327517,37.254249],[45.31692,37.26514],[45.303085,37.336082],[45.282479,37.363458],[45.307206,37.371995],[45.324279,37.390834],[45.3075,37.437343],[45.295431,37.457655],[45.292488,37.474728],[45.262168,37.504458],[45.282479,37.555972],[45.282185,37.573634],[45.276003,37.584231],[45.248627,37.604248],[45.262757,37.614845],[45.234792,37.669008],[45.239208,37.680194],[45.262168,37.695795],[45.253043,37.760261],[45.224195,37.794113],[45.220663,37.805887],[45.183279,37.82296],[45.168855,37.838562],[45.1456,37.829731],[45.05994,37.857695],[45.062884,37.868587],[45.047871,37.953953],[45.05994,37.987804],[45.073481,38.004289],[45.091437,38.01518],[45.138535,38.023128],[45.181218,38.038435],[45.189755,38.046383],[45.193287,38.059335],[45.193876,38.092598],[45.20094,38.102606],[45.199469,38.113498],[45.193287,38.13116],[45.172976,38.152354],[45.172681,38.165895],[45.165911,38.165895],[45.154431,38.141168],[45.140007,38.129982],[45.124994,38.134986],[45.111454,38.159124],[45.073481,38.134986],[45.05052,38.12645],[45.028737,38.124389],[45.003716,38.13793],[44.997535,38.159419],[45.003716,38.175609],[45.015197,38.172371],[45.033153,38.203279],[45.049343,38.207106],[45.047282,38.250377],[45.094086,38.268039],[45.308383,38.272454],[45.361663,38.265978],[45.417298,38.225062],[45.465279,38.176197],[45.484707,38.165895],[45.493538,38.156475],[45.497954,38.104078],[45.502664,38.095542],[45.473816,38.042556],[45.486179,38.033431],[45.47676,38.003406],[45.487945,37.987804],[45.453799,37.973675],[45.467634,37.960134],[45.434077,37.935996],[45.406112,37.900967],[45.412883,37.815896],[45.421713,37.798234],[45.453505,37.761438],[45.479114,37.750547],[45.494127,37.727292],[45.507079,37.729058],[45.517971,37.737595],[45.523858,37.749369],[45.522092,37.761438],[45.549467,37.766148],[45.64543,37.767326],[45.66633,37.757906],[45.711073,37.724643],[45.741982,37.711691],[45.755522,37.727292],[45.760527,37.699622],[45.776128,37.678722],[45.796733,37.665181],[45.789669,37.641338],[45.77289,37.634273],[45.662798,37.644576],[45.659854,37.640455],[45.678105,37.621615],[45.705186,37.613373],[45.714017,37.576283],[45.725792,37.56392],[45.765825,37.53154],[45.792907,37.525947],[45.800266,37.506519],[45.810274,37.500632],[45.811452,37.479732],[45.831468,37.450001],[45.857078,37.423508],[45.875623,37.412028],[45.890341,37.409085],[45.910358,37.388773]],[[45.55771,37.340498],[45.556532,37.351978],[45.529745,37.397016],[45.529745,37.407024],[45.542697,37.412028],[45.538282,37.42292],[45.510611,37.439404],[45.496776,37.43646],[45.494127,37.426158],[45.508551,37.412028],[45.48824,37.407024],[45.483824,37.400254],[45.501781,37.384652],[45.532394,37.374055],[45.542697,37.343736],[45.55771,37.340498]],[[45.66633,37.480321],[45.663975,37.501809],[45.647491,37.507991],[45.604219,37.507991],[45.589207,37.528302],[45.58067,37.52477],[45.566835,37.506813],[45.570073,37.49445],[45.563891,37.487091],[45.58067,37.48503],[45.604219,37.472078],[45.611578,37.459715],[45.618349,37.459715],[45.62453,37.468546],[45.652495,37.487091],[45.66633,37.480321]]]}},{"type":"Feature","properties":{"name":"Sarygamysh K\u00f6li"},"geometry":{"type":"Polygon","coordinates":[[[57.883619,41.816893],[57.886268,41.807473],[57.854771,41.775682],[57.85065,41.75596],[57.853888,41.682663],[57.801491,41.668239],[57.708472,41.658819],[57.687867,41.648222],[57.664318,41.615842],[57.618397,41.595237],[57.599263,41.595237],[57.558641,41.608189],[57.513897,41.581402],[57.494469,41.575514],[57.482106,41.578752],[57.454436,41.597297],[57.435597,41.599358],[57.42029,41.589938],[57.387615,41.555203],[57.36907,41.542546],[57.352292,41.540485],[57.335807,41.546372],[57.241611,41.612899],[57.228659,41.657053],[57.236606,41.692083],[57.232191,41.706801],[57.162427,41.750072],[57.152713,41.760669],[57.137111,41.796582],[57.127103,41.800114],[57.117978,41.794227],[57.079416,41.720636],[57.080299,41.68855],[57.074706,41.667356],[57.067347,41.665295],[57.045564,41.693849],[57.033495,41.739475],[57.058222,41.796876],[57.072057,41.947002],[57.197162,42.240483],[57.229247,42.288464],[57.264571,42.31378],[57.307254,42.331441],[57.364655,42.345277],[57.407043,42.344099],[57.453258,42.30436],[57.475336,42.296118],[57.517724,42.292585],[57.570415,42.270802],[57.613981,42.239894],[57.628111,42.219583],[57.636942,42.194562],[57.645184,42.122149],[57.639297,42.117439],[57.615747,42.118911],[57.604562,42.113906],[57.596025,42.094773],[57.597791,42.069752],[57.621929,42.052679],[57.665201,42.041787],[57.726723,42.008818],[57.7279,41.98939],[57.723779,41.983503],[57.68404,41.964958],[57.678447,41.954655],[57.675503,41.920509],[57.680213,41.903142],[57.695226,41.896077],[57.746739,41.894311],[57.762341,41.889601],[57.84123,41.838382],[57.883619,41.816893]]]}},{"type":"Feature","properties":{"name":"Lake Tuz"},"geometry":{"type":"Polygon","coordinates":[[[33.420488,38.954496],[33.420488,38.940367],[33.434323,38.913285],[33.413718,38.867659],[33.426081,38.850586],[33.54677,38.752857],[33.555307,38.761099],[33.547359,38.803782],[33.571497,38.891797],[33.578267,38.891797],[33.584154,38.846465],[33.629487,38.786414],[33.64391,38.731368],[33.686299,38.659543],[33.698662,38.646886],[33.71603,38.64041],[33.742817,38.638349],[33.742817,38.63099],[33.711025,38.62157],[33.629487,38.615094],[33.598873,38.597432],[33.590042,38.550629],[33.568259,38.531789],[33.541472,38.484397],[33.517039,38.498232],[33.497906,38.528846],[33.462582,38.538854],[33.420782,38.563286],[33.354845,38.582714],[33.296561,38.638349],[33.264769,38.657777],[33.187352,38.688097],[33.153205,38.70723],[33.138487,38.738139],[33.146729,38.77935],[33.20207,38.904749],[33.219437,38.92035],[33.245636,38.926532],[33.298916,38.929475],[33.322465,38.938306],[33.332473,38.95744],[33.332473,38.995413],[33.30392,39.049281],[33.305097,39.061056],[33.317461,39.079307],[33.317755,39.090787],[33.309807,39.102856],[33.289202,39.117868],[33.28302,39.131703],[33.32482,39.150837],[33.338066,39.152309],[33.366031,39.118163],[33.442271,39.044866],[33.47259,38.980989],[33.420488,38.954496]]]}},{"type":"Feature","properties":{"name":"Lake Van"},"geometry":{"type":"Polygon","coordinates":[[[43.104185,38.314254],[43.019113,38.316609],[42.994387,38.335448],[42.945522,38.336626],[42.93522,38.343985],[42.953176,38.377542],[42.936103,38.392849],[42.928449,38.396382],[42.918441,38.391966],[42.911376,38.40168],[42.897835,38.405801],[42.9049,38.432883],[42.911671,38.432883],[42.925211,38.418753],[42.924328,38.427879],[42.939046,38.432883],[42.925211,38.453488],[42.910787,38.446718],[42.870165,38.453488],[42.877524,38.460848],[42.872226,38.471739],[42.891065,38.474094],[42.878996,38.480864],[42.870165,38.494405],[42.879879,38.500587],[42.876347,38.505885],[42.868399,38.504708],[42.856624,38.4738],[42.839257,38.469678],[42.801873,38.481453],[42.798046,38.456432],[42.791276,38.446718],[42.773908,38.440242],[42.764488,38.444069],[42.691781,38.43877],[42.663227,38.472328],[42.651747,38.478804],[42.598761,38.485574],[42.583749,38.493522],[42.575801,38.507946],[42.541655,38.494405],[42.520755,38.474094],[42.501327,38.47115],[42.474834,38.484102],[42.466003,38.494405],[42.46983,38.508829],[42.466003,38.515011],[42.457172,38.516777],[42.40978,38.496171],[42.39565,38.495877],[42.38417,38.507946],[42.369746,38.497643],[42.327946,38.48734],[42.308224,38.487635],[42.299688,38.507651],[42.309696,38.517954],[42.349729,38.528551],[42.361798,38.537971],[42.39094,38.577121],[42.420082,38.581242],[42.425087,38.586835],[42.408014,38.607441],[42.410663,38.618038],[42.423909,38.622748],[42.493968,38.624808],[42.472774,38.638349],[42.466003,38.658955],[42.435389,38.703698],[42.438333,38.720771],[42.467769,38.736667],[42.600822,38.778466],[42.709148,38.793185],[42.733286,38.803487],[42.801873,38.792596],[42.809821,38.785531],[42.91638,38.796717],[42.941696,38.785237],[42.956414,38.784354],[43.09241,38.804076],[43.175715,38.844404],[43.183663,38.850586],[43.195143,38.880611],[43.206918,38.891797],[43.177776,38.900333],[43.145101,38.899156],[43.142158,38.905926],[43.137448,38.905926],[43.131266,38.893563],[43.110072,38.877962],[43.143924,38.880316],[43.147751,38.865304],[43.1295,38.851763],[43.09712,38.858239],[43.072099,38.892974],[43.065917,38.925648],[43.072099,38.930947],[43.110661,38.933891],[43.145101,38.946843],[43.16188,38.94802],[43.203385,38.940072],[43.219575,38.942722],[43.25431,38.960383],[43.271089,38.962444],[43.315538,38.954202],[43.308768,38.980989],[43.315538,38.980989],[43.327313,38.968331],[43.350567,38.967448],[43.353511,38.984816],[43.37706,38.987759],[43.401492,39.001594],[43.41209,38.996002],[43.477733,38.993058],[43.542199,38.980989],[43.59018,38.980989],[43.61314,38.965093],[43.62462,38.960383],[43.632274,38.963916],[43.659061,38.946843],[43.644637,38.940072],[43.659061,38.932713],[43.59695,38.919761],[43.547497,38.917995],[43.534839,38.913285],[43.521299,38.885321],[43.501282,38.871191],[43.457127,38.86707],[43.44653,38.858239],[43.428868,38.858828],[43.412678,38.850291],[43.390012,38.822621],[43.384419,38.822621],[43.369701,38.840872],[43.339087,38.845876],[43.308768,38.835573],[43.295227,38.806725],[43.296699,38.787297],[43.291989,38.779055],[43.244596,38.76993],[43.219575,38.754917],[43.211039,38.720771],[43.192788,38.70723],[43.176304,38.685742],[43.155993,38.637466],[43.133032,38.624808],[43.08299,38.611856],[43.08299,38.604203],[43.089761,38.604203],[43.100652,38.613328],[43.123907,38.61951],[43.175715,38.624808],[43.190728,38.620687],[43.216632,38.586835],[43.242536,38.575061],[43.271089,38.569468],[43.316127,38.542386],[43.325252,38.486457],[43.306413,38.439653],[43.267262,38.440242],[43.219575,38.415515],[43.184252,38.389023],[43.162469,38.382841],[43.147456,38.365474],[43.145101,38.35105],[43.153049,38.326617],[43.150694,38.322202],[43.104185,38.314254]]]}},{"type":"Feature","properties":{"name":"Dead Sea"},"geometry":{"type":"Polygon","coordinates":[[[35.526369,31.188876],[35.531079,31.169742],[35.503703,31.139129],[35.517832,31.110281],[35.485452,31.088498],[35.459254,31.087321],[35.415982,31.093797],[35.400675,31.100861],[35.393022,31.112636],[35.388312,31.141778],[35.363586,31.17563],[35.358581,31.210365],[35.369767,31.235386],[35.400675,31.230381],[35.421281,31.251576],[35.461314,31.219196],[35.511062,31.199473],[35.526369,31.188876]]]}},{"type":"Feature","properties":{"name":"South Aral Sea"},"geometry":{"type":"Polygon","coordinates":[[[58.326844,45.076779],[58.357029,45.103283],[58.37249,45.130523],[58.386478,45.202673],[58.410037,45.23433],[58.407152,45.252121],[58.417007,45.290684],[58.455988,45.328925],[58.469119,45.348444],[58.499304,45.364273],[58.523599,45.389673],[58.549367,45.40771],[58.552552,45.464575],[58.570349,45.507468],[58.57403,45.532132],[58.592644,45.548691],[58.604361,45.57914],[58.638358,45.590201],[58.635781,45.639528],[58.647192,45.668977],[58.652714,45.721985],[58.668911,45.741863],[58.669205,45.763605],[58.677009,45.784932],[58.695712,45.818054],[58.711704,45.834903],[58.745938,45.851468],[58.758454,45.844105],[58.7787,45.848155],[58.838334,45.834166],[58.839438,45.841897],[58.821401,45.861407],[58.81367,45.881653],[58.822505,45.903371],[58.849377,45.918096],[58.870728,45.921409],[58.892814,45.91147],[58.945822,45.903371],[58.9657,45.904844],[58.989259,45.898218],[58.99883,45.898218],[59.006192,45.906316],[59.017236,45.907788],[59.041531,45.895641],[59.059936,45.894536],[59.065458,45.899322],[59.069139,45.931716],[59.079078,45.943495],[59.116257,45.951225],[59.149019,45.946808],[59.172578,45.937237],[59.179204,45.925826],[59.196873,45.956011],[59.224482,45.975153],[59.240311,45.993926],[59.280066,46.006074],[59.302889,46.002393],[59.309793,45.993752],[59.309515,45.977361],[59.301417,45.95822],[59.283379,45.929139],[59.243992,45.892328],[59.224744,45.882957],[59.172578,45.874843],[59.150328,45.877714],[59.104846,45.896745],[59.098588,45.88607],[59.077883,45.878081],[59.045212,45.875027],[59.031592,45.863615],[59.019215,45.843657],[58.986656,45.819603],[58.930152,45.796223],[58.914165,45.794779],[58.909747,45.790729],[58.903121,45.739378],[58.901649,45.689315],[58.869437,45.596097],[58.807413,45.570047],[58.766184,45.562685],[58.75146,45.546488],[58.735263,45.506732],[58.671948,45.459614],[58.661641,45.439],[58.638082,45.353598],[58.629247,45.302063],[58.629247,45.263779],[58.663113,45.204881],[58.683727,45.148929],[58.682255,45.129787],[58.670475,45.103283],[58.643971,45.072362],[58.54679,45.007574],[58.568877,45.004629],[58.588019,44.989905],[58.592436,44.973708],[58.588019,44.950149],[58.568877,44.929535],[58.567036,44.915178],[58.578816,44.896037],[58.609737,44.876895],[58.622989,44.854808],[58.624462,44.817997],[58.61121,44.790021],[58.595013,44.772352],[58.562619,44.772352],[58.578816,44.756155],[58.54495,44.657501],[58.524336,44.569155],[58.483107,44.504367],[58.416847,44.443997],[58.364275,44.42472],[58.344299,44.423487],[58.304574,44.423751],[58.260032,44.431481],[58.244572,44.441788],[58.235001,44.46093],[58.236776,44.524463],[58.262241,44.557375],[58.276229,44.564737],[58.302733,44.56032],[58.313776,44.570627],[58.321139,44.603021],[58.316163,44.630032],[58.237946,44.765726],[58.221012,44.84671],[58.222485,44.869533],[58.236509,44.908195],[58.281383,44.963769],[58.2858,44.988064],[58.300157,45.015631],[58.304942,45.049539],[58.326844,45.076779]]]}},{"type":"Feature","properties":{"name":"Barsakelmes Lake"},"geometry":{"type":"Polygon","coordinates":[[[59.591672,46.209087],[59.504062,46.318784],[59.547499,46.326882],[59.570322,46.323937],[59.583574,46.315839],[59.589463,46.304059],[59.660141,46.31952],[59.730822,46.321671],[59.75953,46.309213],[59.784562,46.284181],[59.800759,46.256941],[59.80545,46.243873],[59.802231,46.195835],[59.817692,46.139882],[59.813275,46.123685],[59.797814,46.109697],[59.728654,46.082839],[59.591672,46.209087]]]}},{"type":"Feature","properties":{"name":"North Aral Sea"},"geometry":{"type":"Polygon","coordinates":[[[60.752342,46.117724],[60.807538,46.158764],[60.82255,46.184668],[60.824808,46.201046],[60.810026,46.233566],[60.728305,46.349889],[60.722416,46.374185],[60.705814,46.375191],[60.684868,46.339582],[60.672353,46.335901],[60.66499,46.327066],[60.655419,46.324121],[60.637014,46.329275],[60.634805,46.318232],[60.615664,46.327803],[60.605356,46.321177],[60.587687,46.296145],[60.579589,46.2932],[60.560447,46.295409],[60.471364,46.330747],[60.41762,46.368295],[60.348415,46.402897],[60.331482,46.405106],[60.287309,46.382283],[60.196754,46.374921],[60.169882,46.354675],[60.133439,46.356515],[60.077118,46.381915],[60.049878,46.403633],[60.054663,46.408419],[59.995029,46.428297],[59.988403,46.437868],[59.97736,46.481305],[59.989876,46.550509],[60.001655,46.57186],[60.011045,46.584255],[60.03635,46.601125],[60.115861,46.619162],[60.132426,46.634255],[60.199054,46.665544],[60.237338,46.695729],[60.270468,46.703091],[60.286665,46.700146],[60.332942,46.669227],[60.367649,46.616953],[60.394889,46.544068],[60.405447,46.489148],[60.410868,46.482523],[60.421025,46.519312],[60.453921,46.573614],[60.450658,46.618426],[60.459309,46.627537],[60.476978,46.618426],[60.472929,46.606094],[60.558698,46.565602],[60.580049,46.563025],[60.606185,46.56597],[60.670604,46.589161],[60.696595,46.612944],[60.758214,46.634439],[60.765577,46.642537],[60.764435,46.64729],[60.69858,46.677139],[60.635265,46.715423],[60.525568,46.750762],[60.519679,46.769903],[60.524832,46.777266],[60.580049,46.783892],[60.605817,46.775793],[60.632321,46.775793],[60.674285,46.761805],[60.717722,46.755179],[60.788399,46.755179],[60.810767,46.747149],[60.822266,46.727203],[60.819321,46.712478],[60.794289,46.663887],[60.787663,46.619714],[60.77583,46.59282],[60.776068,46.581431],[60.784166,46.566706],[60.812879,46.547565],[60.839383,46.508545],[60.892391,46.473206],[60.946871,46.459954],[61.083808,46.459954],[61.133871,46.449647],[61.197709,46.468053],[61.226635,46.468053],[61.244304,46.476151],[61.267127,46.49971],[61.267863,46.513698],[61.256084,46.527687],[61.239151,46.535049],[61.230316,46.547565],[61.236206,46.569651],[61.220009,46.566706],[61.206021,46.570387],[61.206757,46.579958],[61.216328,46.588057],[61.233261,46.580695],[61.296576,46.61088],[61.30173,46.632966],[61.314981,46.647691],[61.366517,46.649163],[61.384186,46.663887],[61.409218,46.672722],[61.426887,46.657998],[61.456336,46.672722],[61.528486,46.677139],[61.506399,46.638856],[61.479895,46.627076],[61.453391,46.602045],[61.450446,46.584376],[61.326761,46.498974],[61.310564,46.475415],[61.279643,46.479832],[61.276985,46.429339],[61.296576,46.409155],[61.300257,46.38486],[61.290256,46.386439],[61.28995,46.364246],[61.280379,46.329643],[61.265655,46.30682],[61.25724,46.306454],[61.231789,46.250867],[61.217064,46.236879],[61.165713,46.215529],[61.120067,46.217001],[61.095035,46.19197],[61.040555,46.18019],[61.003233,46.18019],[60.976685,46.16988],[60.946319,46.140434],[60.896256,46.118348],[60.868279,46.112458],[60.862482,46.090003],[60.782878,46.085954],[60.752342,46.117724]]]}},{"type":"Feature","properties":{},"geometry":{"type":"Polygon","coordinates":[[[59.808581,46.013804],[59.865776,46.04017],[59.981748,46.060336],[60.006395,46.050477],[60.023466,46.031105],[60.026411,46.017117],[60.022729,45.994294],[60.011318,45.970551],[59.97009,45.944415],[59.960151,45.943311],[59.953157,45.95141],[59.962165,45.961878],[59.945656,45.977775],[59.943448,46.007592],[59.934613,46.016427],[59.921729,46.022869],[59.892786,46.000184],[59.860761,45.987208],[59.808581,46.013804]]]}}]}